method,initial,meta_lr,env,seed,score,step,aggregate,episodes,selected,candidate_runs,branch,backend,run_id,code_commit,log_commit,rel_path,source_path,eval_file,eval_line,score_field,evaluated_at
td3_amo,1,0.002,halfcheetah-medium-v2,0,57.073538099551115,1000000,True,50,True,1,svcho,jax,hcm_s0_alr0p002__c336444a,1e34514ddf70bfc8a78757d9a78b82306627164c,71b619508a9395147ac00ec9ed5e0377079fc56a,main/td3_amo/halfcheetah-medium-v2/2e-3/seed_0/hcm_s0_alr0p002__c336444a,/home/svcho/amo/results/td3_amo_bootrms_maincand_seeds03/jobs/a1_hc-m_r2e3_s0/run,final_eval_50.json,1,normalized_score,2026-09-19T19:15:09.113527+00:00
td3_amo,1,0.002,halfcheetah-medium-v2,1,55.901993939371664,1000000,True,50,True,1,svcho,jax,hcm_s1_alr0p002__b9f7221f,1e34514ddf70bfc8a78757d9a78b82306627164c,71b619508a9395147ac00ec9ed5e0377079fc56a,main/td3_amo/halfcheetah-medium-v2/2e-3/seed_1/hcm_s1_alr0p002__b9f7221f,/home/svcho/amo/results/td3_amo_bootrms_maincand_seeds03/jobs/a1_hc-m_r2e3_s1/run,final_eval_50.json,1,normalized_score,2026-09-20T01:06:20.947404+00:00
td3_amo,1,0.002,halfcheetah-medium-v2,2,56.12404260473055,1000000,True,50,True,1,svcho,jax,hcm_s2_alr0p002__69b183e0,1e34514ddf70bfc8a78757d9a78b82306627164c,71b619508a9395147ac00ec9ed5e0377079fc56a,main/td3_amo/halfcheetah-medium-v2/2e-3/seed_2/hcm_s2_alr0p002__69b183e0,/home/svcho/amo/results/td3_amo_bootrms_maincand_seeds03/jobs/a1_hc-m_r2e3_s2/run,final_eval_50.json,1,normalized_score,2026-09-20T13:32:30.536778+00:00
td3_amo,1,0.002,halfcheetah-medium-v2,3,57.71959422214075,1000000,True,50,True,1,svcho,jax,hcm_s3_alr0p002__17e8f96c,1e34514ddf70bfc8a78757d9a78b82306627164c,71b619508a9395147ac00ec9ed5e0377079fc56a,main/td3_amo/halfcheetah-medium-v2/2e-3/seed_3/hcm_s3_alr0p002__17e8f96c,/home/svcho/amo/results/td3_amo_bootrms_maincand_seeds03/jobs/a1_hc-m_r2e3_s3/run,final_eval_50.json,1,normalized_score,2026-09-21T05:10:57.030673+00:00
td3_amo,1,0.001,halfcheetah-medium-v2,0,52.94845015163057,1000000,True,50,True,1,svcho,jax,hcm_s0_alr0p001__a738628b,1e34514ddf70bfc8a78757d9a78b82306627164c,71b619508a9395147ac00ec9ed5e0377079fc56a,main/td3_amo/halfcheetah-medium-v2/1e-3/seed_0/hcm_s0_alr0p001__a738628b,/home/svcho/amo/results/td3_amo_bootrms_maincand_seeds03/jobs/a1_hc-m_r1e3_s0/run,final_eval_50.json,1,normalized_score,2026-09-19T19:01:33.066589+00:00
td3_amo,1,0.001,halfcheetah-medium-v2,1,52.84931581134836,1000000,True,50,True,1,svcho,jax,hcm_s1_alr0p001__77a4c1a0,1e34514ddf70bfc8a78757d9a78b82306627164c,71b619508a9395147ac00ec9ed5e0377079fc56a,main/td3_amo/halfcheetah-medium-v2/1e-3/seed_1/hcm_s1_alr0p001__77a4c1a0,/home/svcho/amo/results/td3_amo_bootrms_maincand_seeds03/jobs/a1_hc-m_r1e3_s1/run,final_eval_50.json,1,normalized_score,2026-09-20T00:49:46.350627+00:00
td3_amo,1,0.001,halfcheetah-medium-v2,2,52.4152645660869,1000000,True,50,True,1,svcho,jax,hcm_s2_alr0p001__5eff8352,1e34514ddf70bfc8a78757d9a78b82306627164c,71b619508a9395147ac00ec9ed5e0377079fc56a,main/td3_amo/halfcheetah-medium-v2/1e-3/seed_2/hcm_s2_alr0p001__5eff8352,/home/svcho/amo/results/td3_amo_bootrms_maincand_seeds03/jobs/a1_hc-m_r1e3_s2/run,final_eval_50.json,1,normalized_score,2026-09-20T13:08:09.021407+00:00
td3_amo,1,0.001,halfcheetah-medium-v2,3,52.87767378756717,1000000,True,50,True,1,svcho,jax,hcm_s3_alr0p001__229e179b,1e34514ddf70bfc8a78757d9a78b82306627164c,71b619508a9395147ac00ec9ed5e0377079fc56a,main/td3_amo/halfcheetah-medium-v2/1e-3/seed_3/hcm_s3_alr0p001__229e179b,/home/svcho/amo/results/td3_amo_bootrms_maincand_seeds03/jobs/a1_hc-m_r1e3_s3/run,final_eval_50.json,1,normalized_score,2026-09-21T05:07:25.653666+00:00
td3_amo,1,0.0003,halfcheetah-medium-v2,0,48.3710615994233,1000000,True,50,True,1,svcho,jax,hcm_s0_alr0p0003__f7faa56f,1e34514ddf70bfc8a78757d9a78b82306627164c,71b619508a9395147ac00ec9ed5e0377079fc56a,main/td3_amo/halfcheetah-medium-v2/3e-4/seed_0/hcm_s0_alr0p0003__f7faa56f,/home/svcho/amo/results/td3_amo_bootrms_maincand_seeds03/jobs/a1_hc-m_r3e4_s0/run,final_eval_50.json,1,normalized_score,2026-09-19T18:59:28.926991+00:00
td3_amo,1,0.0003,halfcheetah-medium-v2,1,47.91819687065017,1000000,True,50,True,1,svcho,jax,hcm_s1_alr0p0003__8d7ed5b6,1e34514ddf70bfc8a78757d9a78b82306627164c,71b619508a9395147ac00ec9ed5e0377079fc56a,main/td3_amo/halfcheetah-medium-v2/3e-4/seed_1/hcm_s1_alr0p0003__8d7ed5b6,/home/svcho/amo/results/td3_amo_bootrms_maincand_seeds03/jobs/a1_hc-m_r3e4_s1/run,final_eval_50.json,1,normalized_score,2026-09-20T00:47:13.690915+00:00
td3_amo,1,0.0003,halfcheetah-medium-v2,2,48.280062373204316,1000000,True,50,True,1,svcho,jax,hcm_s2_alr0p0003__c6df5c5d,1e34514ddf70bfc8a78757d9a78b82306627164c,71b619508a9395147ac00ec9ed5e0377079fc56a,main/td3_amo/halfcheetah-medium-v2/3e-4/seed_2/hcm_s2_alr0p0003__c6df5c5d,/home/svcho/amo/results/td3_amo_bootrms_maincand_seeds03/jobs/a1_hc-m_r3e4_s2/run,final_eval_50.json,1,normalized_score,2026-09-20T12:43:21.321919+00:00
td3_amo,1,0.0003,halfcheetah-medium-v2,3,48.25562167819281,1000000,True,50,True,1,svcho,jax,hcm_s3_alr0p0003__5025a60b,1e34514ddf70bfc8a78757d9a78b82306627164c,71b619508a9395147ac00ec9ed5e0377079fc56a,main/td3_amo/halfcheetah-medium-v2/3e-4/seed_3/hcm_s3_alr0p0003__5025a60b,/home/svcho/amo/results/td3_amo_bootrms_maincand_seeds03/jobs/a1_hc-m_r3e4_s3/run,final_eval_50.json,1,normalized_score,2026-09-21T04:55:04.653926+00:00
td3_amo,1,0.002,halfcheetah-medium-replay-v2,0,47.745778518268814,1000000,True,50,True,1,svcho,jax,hcmr_s0_alr0p002__cfc66137,1e34514ddf70bfc8a78757d9a78b82306627164c,71b619508a9395147ac00ec9ed5e0377079fc56a,main/td3_amo/halfcheetah-medium-replay-v2/2e-3/seed_0/hcmr_s0_alr0p002__cfc66137,/home/svcho/amo/results/td3_amo_bootrms_maincand_seeds03/jobs/a1_hc-mr_r2e3_s0/run,final_eval_50.json,1,normalized_score,2026-09-19T19:31:40.406932+00:00
td3_amo,1,0.002,halfcheetah-medium-replay-v2,1,48.133887634793496,1000000,True,50,True,1,svcho,jax,hcmr_s1_alr0p002__b949616e,1e34514ddf70bfc8a78757d9a78b82306627164c,71b619508a9395147ac00ec9ed5e0377079fc56a,main/td3_amo/halfcheetah-medium-replay-v2/2e-3/seed_1/hcmr_s1_alr0p002__b949616e,/home/svcho/amo/results/td3_amo_bootrms_maincand_seeds03/jobs/a1_hc-mr_r2e3_s1/run,final_eval_50.json,1,normalized_score,2026-09-20T01:28:54.354109+00:00
td3_amo,1,0.002,halfcheetah-medium-replay-v2,2,48.727751166187154,1000000,True,50,True,1,svcho,jax,hcmr_s2_alr0p002__c389cf8e,1e34514ddf70bfc8a78757d9a78b82306627164c,71b619508a9395147ac00ec9ed5e0377079fc56a,main/td3_amo/halfcheetah-medium-replay-v2/2e-3/seed_2/hcmr_s2_alr0p002__c389cf8e,/home/svcho/amo/results/td3_amo_bootrms_maincand_seeds03/jobs/a1_hc-mr_r2e3_s2/run,final_eval_50.json,1,normalized_score,2026-09-20T14:44:49.745220+00:00
td3_amo,1,0.002,halfcheetah-medium-replay-v2,3,47.82270900236276,1000000,True,50,True,1,svcho,jax,hcmr_s3_alr0p002__5f43bc64,1e34514ddf70bfc8a78757d9a78b82306627164c,71b619508a9395147ac00ec9ed5e0377079fc56a,main/td3_amo/halfcheetah-medium-replay-v2/2e-3/seed_3/hcmr_s3_alr0p002__5f43bc64,/home/svcho/amo/results/td3_amo_bootrms_maincand_seeds03/jobs/a1_hc-mr_r2e3_s3/run,final_eval_50.json,1,normalized_score,2026-09-21T05:38:20.827525+00:00
td3_amo,1,0.001,halfcheetah-medium-replay-v2,0,47.47151165222638,1000000,True,50,True,1,svcho,jax,hcmr_s0_alr0p001__c87fe2c8,1e34514ddf70bfc8a78757d9a78b82306627164c,71b619508a9395147ac00ec9ed5e0377079fc56a,main/td3_amo/halfcheetah-medium-replay-v2/1e-3/seed_0/hcmr_s0_alr0p001__c87fe2c8,/home/svcho/amo/results/td3_amo_bootrms_maincand_seeds03/jobs/a1_hc-mr_r1e3_s0/run,final_eval_50.json,1,normalized_score,2026-09-19T19:30:01.001814+00:00
td3_amo,1,0.001,halfcheetah-medium-replay-v2,1,46.312917486244274,1000000,True,50,True,1,svcho,jax,hcmr_s1_alr0p001__08cecb73,1e34514ddf70bfc8a78757d9a78b82306627164c,71b619508a9395147ac00ec9ed5e0377079fc56a,main/td3_amo/halfcheetah-medium-replay-v2/1e-3/seed_1/hcmr_s1_alr0p001__08cecb73,/home/svcho/amo/results/td3_amo_bootrms_maincand_seeds03/jobs/a1_hc-mr_r1e3_s1/run,final_eval_50.json,1,normalized_score,2026-09-20T01:13:09.204900+00:00
td3_amo,1,0.001,halfcheetah-medium-replay-v2,2,46.390066350902906,1000000,True,50,True,1,svcho,jax,hcmr_s2_alr0p001__147f1613,1e34514ddf70bfc8a78757d9a78b82306627164c,71b619508a9395147ac00ec9ed5e0377079fc56a,main/td3_amo/halfcheetah-medium-replay-v2/1e-3/seed_2/hcmr_s2_alr0p001__147f1613,/home/svcho/amo/results/td3_amo_bootrms_maincand_seeds03/jobs/a1_hc-mr_r1e3_s2/run,final_eval_50.json,1,normalized_score,2026-09-20T14:20:24.782336+00:00
td3_amo,1,0.001,halfcheetah-medium-replay-v2,3,45.72842920192925,1000000,True,50,True,1,svcho,jax,hcmr_s3_alr0p001__47c90449,1e34514ddf70bfc8a78757d9a78b82306627164c,71b619508a9395147ac00ec9ed5e0377079fc56a,main/td3_amo/halfcheetah-medium-replay-v2/1e-3/seed_3/hcmr_s3_alr0p001__47c90449,/home/svcho/amo/results/td3_amo_bootrms_maincand_seeds03/jobs/a1_hc-mr_r1e3_s3/run,final_eval_50.json,1,normalized_score,2026-09-21T05:26:50.852546+00:00
td3_amo,1,0.0003,halfcheetah-medium-replay-v2,0,44.12427421654272,1000000,True,50,True,1,svcho,jax,hcmr_s0_alr0p0003__1fbdf069,1e34514ddf70bfc8a78757d9a78b82306627164c,71b619508a9395147ac00ec9ed5e0377079fc56a,main/td3_amo/halfcheetah-medium-replay-v2/3e-4/seed_0/hcmr_s0_alr0p0003__1fbdf069,/home/svcho/amo/results/td3_amo_bootrms_maincand_seeds03/jobs/a1_hc-mr_r3e4_s0/run,final_eval_50.json,1,normalized_score,2026-09-19T19:16:48.534812+00:00
td3_amo,1,0.0003,halfcheetah-medium-replay-v2,1,44.2394806027151,1000000,True,50,True,1,svcho,jax,hcmr_s1_alr0p0003__b5c1b310,1e34514ddf70bfc8a78757d9a78b82306627164c,71b619508a9395147ac00ec9ed5e0377079fc56a,main/td3_amo/halfcheetah-medium-replay-v2/3e-4/seed_1/hcmr_s1_alr0p0003__b5c1b310,/home/svcho/amo/results/td3_amo_bootrms_maincand_seeds03/jobs/a1_hc-mr_r3e4_s1/run,final_eval_50.json,1,normalized_score,2026-09-20T01:10:10.851795+00:00
td3_amo,1,0.0003,halfcheetah-medium-replay-v2,2,44.10951778401778,1000000,True,50,True,1,svcho,jax,hcmr_s2_alr0p0003__fb8198d2,1e34514ddf70bfc8a78757d9a78b82306627164c,71b619508a9395147ac00ec9ed5e0377079fc56a,main/td3_amo/halfcheetah-medium-replay-v2/3e-4/seed_2/hcmr_s2_alr0p0003__fb8198d2,/home/svcho/amo/results/td3_amo_bootrms_maincand_seeds03/jobs/a1_hc-mr_r3e4_s2/run,final_eval_50.json,1,normalized_score,2026-09-20T13:56:26.935411+00:00
td3_amo,1,0.0003,halfcheetah-medium-replay-v2,3,43.660395203773554,1000000,True,50,True,1,svcho,jax,hcmr_s3_alr0p0003__2cf264d4,1e34514ddf70bfc8a78757d9a78b82306627164c,71b619508a9395147ac00ec9ed5e0377079fc56a,main/td3_amo/halfcheetah-medium-replay-v2/3e-4/seed_3/hcmr_s3_alr0p0003__2cf264d4,/home/svcho/amo/results/td3_amo_bootrms_maincand_seeds03/jobs/a1_hc-mr_r3e4_s3/run,final_eval_50.json,1,normalized_score,2026-09-21T05:22:52.047148+00:00
td3_amo,1,0.002,halfcheetah-medium-expert-v2,0,98.2382002024535,1000000,True,50,True,1,svcho,jax,hme_s0_alr0p002__bfb21bb5,1e34514ddf70bfc8a78757d9a78b82306627164c,71b619508a9395147ac00ec9ed5e0377079fc56a,main/td3_amo/halfcheetah-medium-expert-v2/2e-3/seed_0/hme_s0_alr0p002__bfb21bb5,/home/svcho/amo/results/td3_amo_bootrms_maincand_seeds03/jobs/a1_hc-me_r2e3_s0/run,final_eval_50.json,1,normalized_score,2026-09-19T20:00:36.930414+00:00
td3_amo,1,0.002,halfcheetah-medium-expert-v2,1,101.11644746434318,1000000,True,50,True,1,svcho,jax,hme_s1_alr0p002__e9a5878b,1e34514ddf70bfc8a78757d9a78b82306627164c,71b619508a9395147ac00ec9ed5e0377079fc56a,main/td3_amo/halfcheetah-medium-expert-v2/2e-3/seed_1/hme_s1_alr0p002__e9a5878b,/home/svcho/amo/results/td3_amo_bootrms_maincand_seeds03/jobs/a1_hc-me_r2e3_s1/run,final_eval_50.json,1,normalized_score,2026-09-20T01:51:55.815743+00:00
td3_amo,1,0.002,halfcheetah-medium-expert-v2,2,85.52625970549701,1000000,True,50,True,1,svcho,jax,hme_s2_alr0p002__20c923d8,1e34514ddf70bfc8a78757d9a78b82306627164c,71b619508a9395147ac00ec9ed5e0377079fc56a,main/td3_amo/halfcheetah-medium-expert-v2/2e-3/seed_2/hme_s2_alr0p002__20c923d8,/home/svcho/amo/results/td3_amo_bootrms_maincand_seeds03/jobs/a1_hc-me_r2e3_s2/run,final_eval_50.json,1,normalized_score,2026-09-20T16:07:07.455675+00:00
td3_amo,1,0.002,halfcheetah-medium-expert-v2,3,97.59267336180122,1000000,True,50,True,1,svcho,jax,hme_s3_alr0p002__0e2b0c24,1e34514ddf70bfc8a78757d9a78b82306627164c,71b619508a9395147ac00ec9ed5e0377079fc56a,main/td3_amo/halfcheetah-medium-expert-v2/2e-3/seed_3/hme_s3_alr0p002__0e2b0c24,/home/svcho/amo/results/td3_amo_bootrms_maincand_seeds03/jobs/a1_hc-me_r2e3_s3/run,final_eval_50.json,1,normalized_score,2026-09-21T05:56:53.413627+00:00
td3_amo,1,0.001,halfcheetah-medium-expert-v2,0,100.71118891029379,1000000,True,50,True,1,svcho,jax,hme_s0_alr0p001__f334a940,1e34514ddf70bfc8a78757d9a78b82306627164c,71b619508a9395147ac00ec9ed5e0377079fc56a,main/td3_amo/halfcheetah-medium-expert-v2/1e-3/seed_0/hme_s0_alr0p001__f334a940,/home/svcho/amo/results/td3_amo_bootrms_maincand_seeds03/jobs/a1_hc-me_r1e3_s0/run,final_eval_50.json,1,normalized_score,2026-09-19T19:46:57.776861+00:00
td3_amo,1,0.001,halfcheetah-medium-expert-v2,1,98.72991256975003,1000000,True,50,True,1,svcho,jax,hme_s1_alr0p001__0cd0fda8,1e34514ddf70bfc8a78757d9a78b82306627164c,71b619508a9395147ac00ec9ed5e0377079fc56a,main/td3_amo/halfcheetah-medium-expert-v2/1e-3/seed_1/hme_s1_alr0p001__0cd0fda8,/home/svcho/amo/results/td3_amo_bootrms_maincand_seeds03/jobs/a1_hc-me_r1e3_s1/run,final_eval_50.json,1,normalized_score,2026-09-20T01:35:42.882385+00:00
td3_amo,1,0.001,halfcheetah-medium-expert-v2,2,102.25901503498352,1000000,True,50,True,1,svcho,jax,hme_s2_alr0p001__95a75402,1e34514ddf70bfc8a78757d9a78b82306627164c,71b619508a9395147ac00ec9ed5e0377079fc56a,main/td3_amo/halfcheetah-medium-expert-v2/1e-3/seed_2/hme_s2_alr0p001__95a75402,/home/svcho/amo/results/td3_amo_bootrms_maincand_seeds03/jobs/a1_hc-me_r1e3_s2/run,final_eval_50.json,1,normalized_score,2026-09-20T15:42:44.552417+00:00
td3_amo,1,0.001,halfcheetah-medium-expert-v2,3,100.10859478695812,1000000,True,50,True,1,svcho,jax,hme_s3_alr0p001__1c64e52d,1e34514ddf70bfc8a78757d9a78b82306627164c,71b619508a9395147ac00ec9ed5e0377079fc56a,main/td3_amo/halfcheetah-medium-expert-v2/1e-3/seed_3/hme_s3_alr0p001__1c64e52d,/home/svcho/amo/results/td3_amo_bootrms_maincand_seeds03/jobs/a1_hc-me_r1e3_s3/run,final_eval_50.json,1,normalized_score,2026-09-21T05:54:15.390597+00:00
td3_amo,1,0.0003,halfcheetah-medium-expert-v2,0,97.25305692975174,1000000,True,50,True,1,svcho,jax,hme_s0_alr0p0003__cb9d5a4a,1e34514ddf70bfc8a78757d9a78b82306627164c,71b619508a9395147ac00ec9ed5e0377079fc56a,main/td3_amo/halfcheetah-medium-expert-v2/3e-4/seed_0/hme_s0_alr0p0003__cb9d5a4a,/home/svcho/amo/results/td3_amo_bootrms_maincand_seeds03/jobs/a1_hc-me_r3e4_s0/run,final_eval_50.json,1,normalized_score,2026-09-19T19:45:43.406150+00:00
td3_amo,1,0.0003,halfcheetah-medium-expert-v2,1,97.858070678598,1000000,True,50,True,1,svcho,jax,hme_s1_alr0p0003__89a2c0f0,1e34514ddf70bfc8a78757d9a78b82306627164c,71b619508a9395147ac00ec9ed5e0377079fc56a,main/td3_amo/halfcheetah-medium-expert-v2/3e-4/seed_1/hme_s1_alr0p0003__89a2c0f0,/home/svcho/amo/results/td3_amo_bootrms_maincand_seeds03/jobs/a1_hc-me_r3e4_s1/run,final_eval_50.json,1,normalized_score,2026-09-20T01:33:09.553257+00:00
td3_amo,1,0.0003,halfcheetah-medium-expert-v2,2,96.41583241195599,1000000,True,50,True,1,svcho,jax,hme_s2_alr0p0003__d026ace6,1e34514ddf70bfc8a78757d9a78b82306627164c,71b619508a9395147ac00ec9ed5e0377079fc56a,main/td3_amo/halfcheetah-medium-expert-v2/3e-4/seed_2/hme_s2_alr0p0003__d026ace6,/home/svcho/amo/results/td3_amo_bootrms_maincand_seeds03/jobs/a1_hc-me_r3e4_s2/run,final_eval_50.json,1,normalized_score,2026-09-20T15:18:19.641372+00:00
td3_amo,1,0.0003,halfcheetah-medium-expert-v2,3,97.09376387751114,1000000,True,50,True,1,svcho,jax,hme_s3_alr0p0003__06ed3afd,1e34514ddf70bfc8a78757d9a78b82306627164c,71b619508a9395147ac00ec9ed5e0377079fc56a,main/td3_amo/halfcheetah-medium-expert-v2/3e-4/seed_3/hme_s3_alr0p0003__06ed3afd,/home/svcho/amo/results/td3_amo_bootrms_maincand_seeds03/jobs/a1_hc-me_r3e4_s3/run,final_eval_50.json,1,normalized_score,2026-09-21T05:42:19.812505+00:00
td3_amo,1,0.002,hopper-medium-v2,0,68.34944878998046,1000000,True,50,True,1,svcho,jax,hopm_s0_alr0p002__b77155bf,1e34514ddf70bfc8a78757d9a78b82306627164c,71b619508a9395147ac00ec9ed5e0377079fc56a,main/td3_amo/hopper-medium-v2/2e-3/seed_0/hopm_s0_alr0p002__b77155bf,/home/svcho/amo/results/td3_amo_bootrms_maincand_seeds03/jobs/a1_h-m_r2e3_s0/run,final_eval_50.json,1,normalized_score,2026-09-19T14:39:46.405426+00:00
td3_amo,1,0.002,hopper-medium-v2,1,98.16779439448075,1000000,True,50,True,1,svcho,jax,hopm_s1_alr0p002__481d0e00,1e34514ddf70bfc8a78757d9a78b82306627164c,71b619508a9395147ac00ec9ed5e0377079fc56a,main/td3_amo/hopper-medium-v2/2e-3/seed_1/hopm_s1_alr0p002__481d0e00,/home/svcho/amo/results/td3_amo_bootrms_maincand_seeds03/jobs/a1_h-m_r2e3_s1/run,final_eval_50.json,1,normalized_score,2026-09-19T20:18:02.312034+00:00
td3_amo,1,0.002,hopper-medium-v2,2,68.66754882012731,1000000,True,50,True,1,svcho,jax,hopm_s2_alr0p002__f7a7f448,1e34514ddf70bfc8a78757d9a78b82306627164c,71b619508a9395147ac00ec9ed5e0377079fc56a,main/td3_amo/hopper-medium-v2/2e-3/seed_2/hopm_s2_alr0p002__f7a7f448,/home/svcho/amo/results/td3_amo_bootrms_maincand_seeds03/jobs/a1_h-m_r2e3_s2/run,final_eval_50.json,1,normalized_score,2026-09-20T02:14:31.427069+00:00
td3_amo,1,0.002,hopper-medium-v2,3,79.13398486258993,1000000,True,50,True,1,svcho,jax,hopm_s3_alr0p002__868ed337,1e34514ddf70bfc8a78757d9a78b82306627164c,71b619508a9395147ac00ec9ed5e0377079fc56a,main/td3_amo/hopper-medium-v2/2e-3/seed_3/hopm_s3_alr0p002__868ed337,/home/svcho/amo/results/td3_amo_bootrms_maincand_seeds03/jobs/a1_h-m_r2e3_s3/run,final_eval_50.json,1,normalized_score,2026-09-20T17:18:37.893032+00:00
td3_amo,1,0.001,hopper-medium-v2,0,64.75172265529568,1000000,True,50,True,1,svcho,jax,hopm_s0_alr0p001__cae2830b,1e34514ddf70bfc8a78757d9a78b82306627164c,71b619508a9395147ac00ec9ed5e0377079fc56a,main/td3_amo/hopper-medium-v2/1e-3/seed_0/hopm_s0_alr0p001__cae2830b,/home/svcho/amo/results/td3_amo_bootrms_maincand_seeds03/jobs/a1_h-m_r1e3_s0/run,final_eval_50.json,1,normalized_score,2026-09-19T14:25:11.395660+00:00
td3_amo,1,0.001,hopper-medium-v2,1,72.24648156352865,1000000,True,50,True,1,svcho,jax,hopm_s1_alr0p001__64f6286c,1e34514ddf70bfc8a78757d9a78b82306627164c,71b619508a9395147ac00ec9ed5e0377079fc56a,main/td3_amo/hopper-medium-v2/1e-3/seed_1/hopm_s1_alr0p001__64f6286c,/home/svcho/amo/results/td3_amo_bootrms_maincand_seeds03/jobs/a1_h-m_r1e3_s1/run,final_eval_50.json,1,normalized_score,2026-09-19T20:15:56.855660+00:00
td3_amo,1,0.001,hopper-medium-v2,2,62.240427760841555,1000000,True,50,True,1,svcho,jax,hopm_s2_alr0p001__e3e98bbb,1e34514ddf70bfc8a78757d9a78b82306627164c,71b619508a9395147ac00ec9ed5e0377079fc56a,main/td3_amo/hopper-medium-v2/1e-3/seed_2/hopm_s2_alr0p001__e3e98bbb,/home/svcho/amo/results/td3_amo_bootrms_maincand_seeds03/jobs/a1_h-m_r1e3_s2/run,final_eval_50.json,1,normalized_score,2026-09-20T01:58:44.327271+00:00
td3_amo,1,0.001,hopper-medium-v2,3,59.387554891498176,1000000,True,50,True,1,svcho,jax,hopm_s3_alr0p001__08b23516,1e34514ddf70bfc8a78757d9a78b82306627164c,71b619508a9395147ac00ec9ed5e0377079fc56a,main/td3_amo/hopper-medium-v2/1e-3/seed_3/hopm_s3_alr0p001__08b23516,/home/svcho/amo/results/td3_amo_bootrms_maincand_seeds03/jobs/a1_h-m_r1e3_s3/run,final_eval_50.json,1,normalized_score,2026-09-20T16:54:37.536777+00:00
td3_amo,1,0.0003,hopper-medium-v2,0,54.28926417081558,1000000,True,50,True,1,svcho,jax,hopm_s0_alr0p0003__98621523,1e34514ddf70bfc8a78757d9a78b82306627164c,71b619508a9395147ac00ec9ed5e0377079fc56a,main/td3_amo/hopper-medium-v2/3e-4/seed_0/hopm_s0_alr0p0003__98621523,/home/svcho/amo/results/td3_amo_bootrms_maincand_seeds03/jobs/a1_h-m_r3e4_s0/run,final_eval_50.json,1,normalized_score,2026-09-19T14:24:46.680992+00:00
td3_amo,1,0.0003,hopper-medium-v2,1,64.69790259346266,1000000,True,50,True,1,svcho,jax,hopm_s1_alr0p0003__8752ead9,1e34514ddf70bfc8a78757d9a78b82306627164c,71b619508a9395147ac00ec9ed5e0377079fc56a,main/td3_amo/hopper-medium-v2/3e-4/seed_1/hopm_s1_alr0p0003__8752ead9,/home/svcho/amo/results/td3_amo_bootrms_maincand_seeds03/jobs/a1_h-m_r3e4_s1/run,final_eval_50.json,1,normalized_score,2026-09-19T20:02:40.586083+00:00
td3_amo,1,0.0003,hopper-medium-v2,2,57.397906949394375,1000000,True,50,True,1,svcho,jax,hopm_s2_alr0p0003__1ee8e702,1e34514ddf70bfc8a78757d9a78b82306627164c,71b619508a9395147ac00ec9ed5e0377079fc56a,main/td3_amo/hopper-medium-v2/3e-4/seed_2/hopm_s2_alr0p0003__1ee8e702,/home/svcho/amo/results/td3_amo_bootrms_maincand_seeds03/jobs/a1_h-m_r3e4_s2/run,final_eval_50.json,1,normalized_score,2026-09-20T01:56:10.614876+00:00
td3_amo,1,0.0003,hopper-medium-v2,3,54.644637224219736,1000000,True,50,True,1,svcho,jax,hopm_s3_alr0p0003__4a269366,1e34514ddf70bfc8a78757d9a78b82306627164c,71b619508a9395147ac00ec9ed5e0377079fc56a,main/td3_amo/hopper-medium-v2/3e-4/seed_3/hopm_s3_alr0p0003__4a269366,/home/svcho/amo/results/td3_amo_bootrms_maincand_seeds03/jobs/a1_h-m_r3e4_s3/run,final_eval_50.json,1,normalized_score,2026-09-20T16:30:38.237805+00:00
td3_amo,1,0.002,hopper-medium-replay-v2,0,101.03481572633709,1000000,True,50,True,1,svcho,jax,hopmr_s0_alr0p002__a5e9c2b7,1e34514ddf70bfc8a78757d9a78b82306627164c,71b619508a9395147ac00ec9ed5e0377079fc56a,main/td3_amo/hopper-medium-replay-v2/2e-3/seed_0/hopmr_s0_alr0p002__a5e9c2b7,/home/svcho/amo/results/td3_amo_bootrms_maincand_seeds03/jobs/a1_h-mr_r2e3_s0/run,final_eval_50.json,1,normalized_score,2026-09-19T14:55:37.870568+00:00
td3_amo,1,0.002,hopper-medium-replay-v2,1,97.30747502497789,1000000,True,50,True,1,svcho,jax,hopmr_s1_alr0p002__3d4719cf,1e34514ddf70bfc8a78757d9a78b82306627164c,71b619508a9395147ac00ec9ed5e0377079fc56a,main/td3_amo/hopper-medium-replay-v2/2e-3/seed_1/hopmr_s1_alr0p002__3d4719cf,/home/svcho/amo/results/td3_amo_bootrms_maincand_seeds03/jobs/a1_h-mr_r2e3_s1/run,final_eval_50.json,1,normalized_score,2026-09-19T20:46:15.580698+00:00
td3_amo,1,0.002,hopper-medium-replay-v2,2,100.11182067683006,1000000,True,50,True,1,svcho,jax,hopmr_s2_alr0p002__6cc19730,1e34514ddf70bfc8a78757d9a78b82306627164c,71b619508a9395147ac00ec9ed5e0377079fc56a,main/td3_amo/hopper-medium-replay-v2/2e-3/seed_2/hopmr_s2_alr0p002__6cc19730,/home/svcho/amo/results/td3_amo_bootrms_maincand_seeds03/jobs/a1_h-mr_r2e3_s2/run,final_eval_50.json,1,normalized_score,2026-09-20T02:37:13.683217+00:00
td3_amo,1,0.002,hopper-medium-replay-v2,3,102.40414214075004,1000000,True,50,True,1,svcho,jax,hopmr_s3_alr0p002__feaf929d,1e34514ddf70bfc8a78757d9a78b82306627164c,71b619508a9395147ac00ec9ed5e0377079fc56a,main/td3_amo/hopper-medium-replay-v2/2e-3/seed_3/hopmr_s3_alr0p002__feaf929d,/home/svcho/amo/results/td3_amo_bootrms_maincand_seeds03/jobs/a1_h-mr_r2e3_s3/run,final_eval_50.json,1,normalized_score,2026-09-20T18:30:14.862787+00:00
td3_amo,1,0.001,hopper-medium-replay-v2,0,101.37397493778828,1000000,True,50,True,1,svcho,jax,hopmr_s0_alr0p001__1093a7a0,1e34514ddf70bfc8a78757d9a78b82306627164c,71b619508a9395147ac00ec9ed5e0377079fc56a,main/td3_amo/hopper-medium-replay-v2/1e-3/seed_0/hopmr_s0_alr0p001__1093a7a0,/home/svcho/amo/results/td3_amo_bootrms_maincand_seeds03/jobs/a1_h-mr_r1e3_s0/run,final_eval_50.json,1,normalized_score,2026-09-19T14:55:13.215616+00:00
td3_amo,1,0.001,hopper-medium-replay-v2,1,62.82654445564603,1000000,True,50,True,1,svcho,jax,hopmr_s1_alr0p001__104a7706,1e34514ddf70bfc8a78757d9a78b82306627164c,71b619508a9395147ac00ec9ed5e0377079fc56a,main/td3_amo/hopper-medium-replay-v2/1e-3/seed_1/hopmr_s1_alr0p001__104a7706,/home/svcho/amo/results/td3_amo_bootrms_maincand_seeds03/jobs/a1_h-mr_r1e3_s1/run,final_eval_50.json,1,normalized_score,2026-09-19T20:33:21.377242+00:00
td3_amo,1,0.001,hopper-medium-replay-v2,2,100.39374618976031,1000000,True,50,True,1,svcho,jax,hopmr_s2_alr0p001__ea1756f7,1e34514ddf70bfc8a78757d9a78b82306627164c,71b619508a9395147ac00ec9ed5e0377079fc56a,main/td3_amo/hopper-medium-replay-v2/1e-3/seed_2/hopmr_s2_alr0p001__ea1756f7,/home/svcho/amo/results/td3_amo_bootrms_maincand_seeds03/jobs/a1_h-mr_r1e3_s2/run,final_eval_50.json,1,normalized_score,2026-09-20T02:21:49.076048+00:00
td3_amo,1,0.001,hopper-medium-replay-v2,3,87.46779687618668,1000000,True,50,True,1,svcho,jax,hopmr_s3_alr0p001__cc46ba1a,1e34514ddf70bfc8a78757d9a78b82306627164c,71b619508a9395147ac00ec9ed5e0377079fc56a,main/td3_amo/hopper-medium-replay-v2/1e-3/seed_3/hopmr_s3_alr0p001__cc46ba1a,/home/svcho/amo/results/td3_amo_bootrms_maincand_seeds03/jobs/a1_h-mr_r1e3_s3/run,final_eval_50.json,1,normalized_score,2026-09-20T18:06:12.020998+00:00
td3_amo,1,0.0003,hopper-medium-replay-v2,0,85.4992390364455,1000000,True,50,True,1,svcho,jax,hopmr_s0_alr0p0003__b3e5ee39,1e34514ddf70bfc8a78757d9a78b82306627164c,71b619508a9395147ac00ec9ed5e0377079fc56a,main/td3_amo/hopper-medium-replay-v2/3e-4/seed_0/hopmr_s0_alr0p0003__b3e5ee39,/home/svcho/amo/results/td3_amo_bootrms_maincand_seeds03/jobs/a1_h-mr_r3e4_s0/run,final_eval_50.json,1,normalized_score,2026-09-19T14:40:11.807320+00:00
td3_amo,1,0.0003,hopper-medium-replay-v2,1,40.69670471263862,1000000,True,50,True,1,svcho,jax,hopmr_s1_alr0p0003__0f42730e,1e34514ddf70bfc8a78757d9a78b82306627164c,71b619508a9395147ac00ec9ed5e0377079fc56a,main/td3_amo/hopper-medium-replay-v2/3e-4/seed_1/hopmr_s1_alr0p0003__0f42730e,/home/svcho/amo/results/td3_amo_bootrms_maincand_seeds03/jobs/a1_h-mr_r3e4_s1/run,final_eval_50.json,1,normalized_score,2026-09-19T20:30:51.069808+00:00
td3_amo,1,0.0003,hopper-medium-replay-v2,2,98.34528085643926,1000000,True,50,True,1,svcho,jax,hopmr_s2_alr0p0003__ab1e6264,1e34514ddf70bfc8a78757d9a78b82306627164c,71b619508a9395147ac00ec9ed5e0377079fc56a,main/td3_amo/hopper-medium-replay-v2/3e-4/seed_2/hopmr_s2_alr0p0003__ab1e6264,/home/svcho/amo/results/td3_amo_bootrms_maincand_seeds03/jobs/a1_h-mr_r3e4_s2/run,final_eval_50.json,1,normalized_score,2026-09-20T02:19:15.658293+00:00
td3_amo,1,0.0003,hopper-medium-replay-v2,3,75.62611209321828,1000000,True,50,True,1,svcho,jax,hopmr_s3_alr0p0003__cdbc7fe0,1e34514ddf70bfc8a78757d9a78b82306627164c,71b619508a9395147ac00ec9ed5e0377079fc56a,main/td3_amo/hopper-medium-replay-v2/3e-4/seed_3/hopmr_s3_alr0p0003__cdbc7fe0,/home/svcho/amo/results/td3_amo_bootrms_maincand_seeds03/jobs/a1_h-mr_r3e4_s3/run,final_eval_50.json,1,normalized_score,2026-09-20T17:42:11.257387+00:00
td3_amo,1,0.002,hopper-medium-expert-v2,0,112.0982563910449,1000000,True,50,True,1,svcho,jax,hopme_s0_alr0p002__77d38da5,1e34514ddf70bfc8a78757d9a78b82306627164c,71b619508a9395147ac00ec9ed5e0377079fc56a,main/td3_amo/hopper-medium-expert-v2/2e-3/seed_0/hopme_s0_alr0p002__77d38da5,/home/svcho/amo/results/td3_amo_bootrms_maincand_seeds03/jobs/a1_h-me_r2e3_s0/run,final_eval_50.json,1,normalized_score,2026-09-19T15:25:17.312814+00:00
td3_amo,1,0.002,hopper-medium-expert-v2,1,85.74188670168218,1000000,True,50,True,1,svcho,jax,hopme_s1_alr0p002__1cc10528,1e34514ddf70bfc8a78757d9a78b82306627164c,71b619508a9395147ac00ec9ed5e0377079fc56a,main/td3_amo/hopper-medium-expert-v2/2e-3/seed_1/hopme_s1_alr0p002__1cc10528,/home/svcho/amo/results/td3_amo_bootrms_maincand_seeds03/jobs/a1_h-me_r2e3_s1/run,final_eval_50.json,1,normalized_score,2026-09-19T21:04:06.583654+00:00
td3_amo,1,0.002,hopper-medium-expert-v2,2,82.90482576558756,1000000,True,50,True,1,svcho,jax,hopme_s2_alr0p002__0eb7ecc3,1e34514ddf70bfc8a78757d9a78b82306627164c,71b619508a9395147ac00ec9ed5e0377079fc56a,main/td3_amo/hopper-medium-expert-v2/2e-3/seed_2/hopme_s2_alr0p002__0eb7ecc3,/home/svcho/amo/results/td3_amo_bootrms_maincand_seeds03/jobs/a1_h-me_r2e3_s2/run,final_eval_50.json,1,normalized_score,2026-09-20T02:59:35.650385+00:00
td3_amo,1,0.002,hopper-medium-expert-v2,3,108.46767460976193,1000000,True,50,True,1,svcho,jax,hopme_s3_alr0p002__681768a4,1e34514ddf70bfc8a78757d9a78b82306627164c,71b619508a9395147ac00ec9ed5e0377079fc56a,main/td3_amo/hopper-medium-expert-v2/2e-3/seed_3/hopme_s3_alr0p002__681768a4,/home/svcho/amo/results/td3_amo_bootrms_maincand_seeds03/jobs/a1_h-me_r2e3_s3/run,final_eval_50.json,1,normalized_score,2026-09-20T19:41:31.758444+00:00
td3_amo,1,0.001,hopper-medium-expert-v2,0,104.43807927305784,1000000,True,50,True,1,svcho,jax,hopme_s0_alr0p001__711abbbb,1e34514ddf70bfc8a78757d9a78b82306627164c,71b619508a9395147ac00ec9ed5e0377079fc56a,main/td3_amo/hopper-medium-expert-v2/1e-3/seed_0/hopme_s0_alr0p001__711abbbb,/home/svcho/amo/results/td3_amo_bootrms_maincand_seeds03/jobs/a1_h-me_r1e3_s0/run,final_eval_50.json,1,normalized_score,2026-09-19T15:10:39.544846+00:00
td3_amo,1,0.001,hopper-medium-expert-v2,1,80.49844239913949,1000000,True,50,True,1,svcho,jax,hopme_s1_alr0p001__96eb94eb,1e34514ddf70bfc8a78757d9a78b82306627164c,71b619508a9395147ac00ec9ed5e0377079fc56a,main/td3_amo/hopper-medium-expert-v2/1e-3/seed_1/hopme_s1_alr0p001__96eb94eb,/home/svcho/amo/results/td3_amo_bootrms_maincand_seeds03/jobs/a1_h-me_r1e3_s1/run,final_eval_50.json,1,normalized_score,2026-09-19T21:01:11.855171+00:00
td3_amo,1,0.001,hopper-medium-expert-v2,2,95.55808867229274,1000000,True,50,True,1,svcho,jax,hopme_s2_alr0p001__336449d8,1e34514ddf70bfc8a78757d9a78b82306627164c,71b619508a9395147ac00ec9ed5e0377079fc56a,main/td3_amo/hopper-medium-expert-v2/1e-3/seed_2/hopme_s2_alr0p001__336449d8,/home/svcho/amo/results/td3_amo_bootrms_maincand_seeds03/jobs/a1_h-me_r1e3_s2/run,final_eval_50.json,1,normalized_score,2026-09-20T02:44:55.509280+00:00
td3_amo,1,0.001,hopper-medium-expert-v2,3,101.90900717260251,1000000,True,50,True,1,svcho,jax,hopme_s3_alr0p001__92268b79,1e34514ddf70bfc8a78757d9a78b82306627164c,71b619508a9395147ac00ec9ed5e0377079fc56a,main/td3_amo/hopper-medium-expert-v2/1e-3/seed_3/hopme_s3_alr0p001__92268b79,/home/svcho/amo/results/td3_amo_bootrms_maincand_seeds03/jobs/a1_h-me_r1e3_s3/run,final_eval_50.json,1,normalized_score,2026-09-20T19:17:53.575120+00:00
td3_amo,1,0.0003,hopper-medium-expert-v2,0,84.43731931384832,1000000,True,50,True,1,svcho,jax,hopme_s0_alr0p0003__390edc3e,1e34514ddf70bfc8a78757d9a78b82306627164c,71b619508a9395147ac00ec9ed5e0377079fc56a,main/td3_amo/hopper-medium-expert-v2/3e-4/seed_0/hopme_s0_alr0p0003__390edc3e,/home/svcho/amo/results/td3_amo_bootrms_maincand_seeds03/jobs/a1_h-me_r3e4_s0/run,final_eval_50.json,1,normalized_score,2026-09-19T15:10:14.204832+00:00
td3_amo,1,0.0003,hopper-medium-expert-v2,1,79.89670155397756,1000000,True,50,True,1,svcho,jax,hopme_s1_alr0p0003__fac4a507,1e34514ddf70bfc8a78757d9a78b82306627164c,71b619508a9395147ac00ec9ed5e0377079fc56a,main/td3_amo/hopper-medium-expert-v2/3e-4/seed_1/hopme_s1_alr0p0003__fac4a507,/home/svcho/amo/results/td3_amo_bootrms_maincand_seeds03/jobs/a1_h-me_r3e4_s1/run,final_eval_50.json,1,normalized_score,2026-09-19T20:48:43.512380+00:00
td3_amo,1,0.0003,hopper-medium-expert-v2,2,97.80496202312227,1000000,True,50,True,1,svcho,jax,hopme_s2_alr0p0003__d0372ac3,1e34514ddf70bfc8a78757d9a78b82306627164c,71b619508a9395147ac00ec9ed5e0377079fc56a,main/td3_amo/hopper-medium-expert-v2/3e-4/seed_2/hopme_s2_alr0p0003__d0372ac3,/home/svcho/amo/results/td3_amo_bootrms_maincand_seeds03/jobs/a1_h-me_r3e4_s2/run,final_eval_50.json,1,normalized_score,2026-09-20T02:41:55.498821+00:00
td3_amo,1,0.0003,hopper-medium-expert-v2,3,66.89729775502416,1000000,True,50,True,1,svcho,jax,hopme_s3_alr0p0003__4e57576c,1e34514ddf70bfc8a78757d9a78b82306627164c,71b619508a9395147ac00ec9ed5e0377079fc56a,main/td3_amo/hopper-medium-expert-v2/3e-4/seed_3/hopme_s3_alr0p0003__4e57576c,/home/svcho/amo/results/td3_amo_bootrms_maincand_seeds03/jobs/a1_h-me_r3e4_s3/run,final_eval_50.json,1,normalized_score,2026-09-20T18:54:15.019907+00:00
td3_amo,1,0.002,walker2d-medium-v2,0,93.85539910338328,1000000,True,50,True,1,svcho,jax,wm_s0_alr0p002__b74f927e,1e34514ddf70bfc8a78757d9a78b82306627164c,71b619508a9395147ac00ec9ed5e0377079fc56a,main/td3_amo/walker2d-medium-v2/2e-3/seed_0/wm_s0_alr0p002__b74f927e,/home/svcho/amo/results/td3_amo_bootrms_maincand_seeds03/jobs/a1_w-m_r2e3_s0/run,final_eval_50.json,1,normalized_score,2026-09-19T15:41:09.847114+00:00
td3_amo,1,0.002,walker2d-medium-v2,1,91.36319685451313,1000000,True,50,True,1,svcho,jax,wm_s1_alr0p002__dd01341c,1e34514ddf70bfc8a78757d9a78b82306627164c,71b619508a9395147ac00ec9ed5e0377079fc56a,main/td3_amo/walker2d-medium-v2/2e-3/seed_1/wm_s1_alr0p002__dd01341c,/home/svcho/amo/results/td3_amo_bootrms_maincand_seeds03/jobs/a1_w-m_r2e3_s1/run,final_eval_50.json,1,normalized_score,2026-09-19T21:32:01.206571+00:00
td3_amo,1,0.002,walker2d-medium-v2,2,90.61446314309437,1000000,True,50,True,1,svcho,jax,wm_s2_alr0p002__3d328fa8,1e34514ddf70bfc8a78757d9a78b82306627164c,71b619508a9395147ac00ec9ed5e0377079fc56a,main/td3_amo/walker2d-medium-v2/2e-3/seed_2/wm_s2_alr0p002__3d328fa8,/home/svcho/amo/results/td3_amo_bootrms_maincand_seeds03/jobs/a1_w-m_r2e3_s2/run,final_eval_50.json,1,normalized_score,2026-09-20T03:22:52.659926+00:00
td3_amo,1,0.002,walker2d-medium-v2,3,97.23843207900308,1000000,True,50,True,1,svcho,jax,wm_s3_alr0p002__7d99abf6,1e34514ddf70bfc8a78757d9a78b82306627164c,71b619508a9395147ac00ec9ed5e0377079fc56a,main/td3_amo/walker2d-medium-v2/2e-3/seed_3/wm_s3_alr0p002__7d99abf6,/home/svcho/amo/results/td3_amo_bootrms_maincand_seeds03/jobs/a1_w-m_r2e3_s3/run,final_eval_50.json,1,normalized_score,2026-09-20T20:53:19.881988+00:00
td3_amo,1,0.001,walker2d-medium-v2,0,85.01897865965672,1000000,True,50,True,1,svcho,jax,wm_s0_alr0p001__d2340815,1e34514ddf70bfc8a78757d9a78b82306627164c,71b619508a9395147ac00ec9ed5e0377079fc56a,main/td3_amo/walker2d-medium-v2/1e-3/seed_0/wm_s0_alr0p001__d2340815,/home/svcho/amo/results/td3_amo_bootrms_maincand_seeds03/jobs/a1_w-m_r1e3_s0/run,final_eval_50.json,1,normalized_score,2026-09-19T15:40:20.823391+00:00
td3_amo,1,0.001,walker2d-medium-v2,1,89.18144749799526,1000000,True,50,True,1,svcho,jax,wm_s1_alr0p001__bfb08393,1e34514ddf70bfc8a78757d9a78b82306627164c,71b619508a9395147ac00ec9ed5e0377079fc56a,main/td3_amo/walker2d-medium-v2/1e-3/seed_1/wm_s1_alr0p001__bfb08393,/home/svcho/amo/results/td3_amo_bootrms_maincand_seeds03/jobs/a1_w-m_r1e3_s1/run,final_eval_50.json,1,normalized_score,2026-09-19T21:19:06.983561+00:00
td3_amo,1,0.001,walker2d-medium-v2,2,86.4480880098594,1000000,True,50,True,1,svcho,jax,wm_s2_alr0p001__7297133f,1e34514ddf70bfc8a78757d9a78b82306627164c,71b619508a9395147ac00ec9ed5e0377079fc56a,main/td3_amo/walker2d-medium-v2/1e-3/seed_2/wm_s2_alr0p001__7297133f,/home/svcho/amo/results/td3_amo_bootrms_maincand_seeds03/jobs/a1_w-m_r1e3_s2/run,final_eval_50.json,1,normalized_score,2026-09-20T03:07:52.654579+00:00
td3_amo,1,0.001,walker2d-medium-v2,3,89.87298304455365,1000000,True,50,True,1,svcho,jax,wm_s3_alr0p001__7e8a4b22,1e34514ddf70bfc8a78757d9a78b82306627164c,71b619508a9395147ac00ec9ed5e0377079fc56a,main/td3_amo/walker2d-medium-v2/1e-3/seed_3/wm_s3_alr0p001__7e8a4b22,/home/svcho/amo/results/td3_amo_bootrms_maincand_seeds03/jobs/a1_w-m_r1e3_s3/run,final_eval_50.json,1,normalized_score,2026-09-20T20:29:15.288562+00:00
td3_amo,1,0.0003,walker2d-medium-v2,0,84.43597869443349,1000000,True,50,True,1,svcho,jax,wm_s0_alr0p0003__ae861ef2,1e34514ddf70bfc8a78757d9a78b82306627164c,71b619508a9395147ac00ec9ed5e0377079fc56a,main/td3_amo/walker2d-medium-v2/3e-4/seed_0/wm_s0_alr0p0003__ae861ef2,/home/svcho/amo/results/td3_amo_bootrms_maincand_seeds03/jobs/a1_w-m_r3e4_s0/run,final_eval_50.json,1,normalized_score,2026-09-19T15:25:42.113099+00:00
td3_amo,1,0.0003,walker2d-medium-v2,1,83.75239478519187,1000000,True,50,True,1,svcho,jax,wm_s1_alr0p0003__f261f772,1e34514ddf70bfc8a78757d9a78b82306627164c,71b619508a9395147ac00ec9ed5e0377079fc56a,main/td3_amo/walker2d-medium-v2/3e-4/seed_1/wm_s1_alr0p0003__f261f772,/home/svcho/amo/results/td3_amo_bootrms_maincand_seeds03/jobs/a1_w-m_r3e4_s1/run,final_eval_50.json,1,normalized_score,2026-09-19T21:16:37.930714+00:00
td3_amo,1,0.0003,walker2d-medium-v2,2,84.39439318877258,1000000,True,50,True,1,svcho,jax,wm_s2_alr0p0003__53a69264,1e34514ddf70bfc8a78757d9a78b82306627164c,71b619508a9395147ac00ec9ed5e0377079fc56a,main/td3_amo/walker2d-medium-v2/3e-4/seed_2/wm_s2_alr0p0003__53a69264,/home/svcho/amo/results/td3_amo_bootrms_maincand_seeds03/jobs/a1_w-m_r3e4_s2/run,final_eval_50.json,1,normalized_score,2026-09-20T03:04:51.563778+00:00
td3_amo,1,0.0003,walker2d-medium-v2,3,83.21614979689129,1000000,True,50,True,1,svcho,jax,wm_s3_alr0p0003__0150a0b5,1e34514ddf70bfc8a78757d9a78b82306627164c,71b619508a9395147ac00ec9ed5e0377079fc56a,main/td3_amo/walker2d-medium-v2/3e-4/seed_3/wm_s3_alr0p0003__0150a0b5,/home/svcho/amo/results/td3_amo_bootrms_maincand_seeds03/jobs/a1_w-m_r3e4_s3/run,final_eval_50.json,1,normalized_score,2026-09-20T20:05:10.199470+00:00
td3_amo,1,0.002,walker2d-medium-replay-v2,0,93.32016852516854,1000000,True,50,True,1,svcho,jax,wmr_s0_alr0p002__8563eb0d,1e34514ddf70bfc8a78757d9a78b82306627164c,71b619508a9395147ac00ec9ed5e0377079fc56a,main/td3_amo/walker2d-medium-replay-v2/2e-3/seed_0/wmr_s0_alr0p002__8563eb0d,/home/svcho/amo/results/td3_amo_bootrms_maincand_seeds03/jobs/a1_w-mr_r2e3_s0/run,final_eval_50.json,1,normalized_score,2026-09-19T16:10:55.521740+00:00
td3_amo,1,0.002,walker2d-medium-replay-v2,1,93.57978611904359,1000000,True,50,True,1,svcho,jax,wmr_s1_alr0p002__0418e9e8,1e34514ddf70bfc8a78757d9a78b82306627164c,71b619508a9395147ac00ec9ed5e0377079fc56a,main/td3_amo/walker2d-medium-replay-v2/2e-3/seed_1/wmr_s1_alr0p002__0418e9e8,/home/svcho/amo/results/td3_amo_bootrms_maincand_seeds03/jobs/a1_w-mr_r2e3_s1/run,final_eval_50.json,1,normalized_score,2026-09-19T21:49:54.918812+00:00
td3_amo,1,0.002,walker2d-medium-replay-v2,2,100.78884787732972,1000000,True,50,True,1,svcho,jax,wmr_s2_alr0p002__f5b7fb04,1e34514ddf70bfc8a78757d9a78b82306627164c,71b619508a9395147ac00ec9ed5e0377079fc56a,main/td3_amo/walker2d-medium-replay-v2/2e-3/seed_2/wmr_s2_alr0p002__f5b7fb04,/home/svcho/amo/results/td3_amo_bootrms_maincand_seeds03/jobs/a1_w-mr_r2e3_s2/run,final_eval_50.json,1,normalized_score,2026-09-20T03:54:39.600870+00:00
td3_amo,1,0.002,walker2d-medium-replay-v2,3,85.46618365046584,1000000,True,50,True,1,svcho,jax,wmr_s3_alr0p002__992ebb65,1e34514ddf70bfc8a78757d9a78b82306627164c,71b619508a9395147ac00ec9ed5e0377079fc56a,main/td3_amo/walker2d-medium-replay-v2/2e-3/seed_3/wmr_s3_alr0p002__992ebb65,/home/svcho/amo/results/td3_amo_bootrms_maincand_seeds03/jobs/a1_w-mr_r2e3_s3/run,final_eval_50.json,1,normalized_score,2026-09-20T22:04:44.762593+00:00
td3_amo,1,0.001,walker2d-medium-replay-v2,0,94.10552129686694,1000000,True,50,True,1,svcho,jax,wmr_s0_alr0p001__9360b402,1e34514ddf70bfc8a78757d9a78b82306627164c,71b619508a9395147ac00ec9ed5e0377079fc56a,main/td3_amo/walker2d-medium-replay-v2/1e-3/seed_0/wmr_s0_alr0p001__9360b402,/home/svcho/amo/results/td3_amo_bootrms_maincand_seeds03/jobs/a1_w-mr_r1e3_s0/run,final_eval_50.json,1,normalized_score,2026-09-19T15:56:38.836805+00:00
td3_amo,1,0.001,walker2d-medium-replay-v2,1,93.88069359768588,1000000,True,50,True,1,svcho,jax,wmr_s1_alr0p001__ee5eaec7,1e34514ddf70bfc8a78757d9a78b82306627164c,71b619508a9395147ac00ec9ed5e0377079fc56a,main/td3_amo/walker2d-medium-replay-v2/1e-3/seed_1/wmr_s1_alr0p001__ee5eaec7,/home/svcho/amo/results/td3_amo_bootrms_maincand_seeds03/jobs/a1_w-mr_r1e3_s1/run,final_eval_50.json,1,normalized_score,2026-09-19T21:47:00.078417+00:00
td3_amo,1,0.001,walker2d-medium-replay-v2,2,95.01774202341822,1000000,True,50,True,1,svcho,jax,wmr_s2_alr0p001__38aad2e6,1e34514ddf70bfc8a78757d9a78b82306627164c,71b619508a9395147ac00ec9ed5e0377079fc56a,main/td3_amo/walker2d-medium-replay-v2/1e-3/seed_2/wmr_s2_alr0p001__38aad2e6,/home/svcho/amo/results/td3_amo_bootrms_maincand_seeds03/jobs/a1_w-mr_r1e3_s2/run,final_eval_50.json,1,normalized_score,2026-09-20T03:30:36.185530+00:00
td3_amo,1,0.001,walker2d-medium-replay-v2,3,87.68929773696794,1000000,True,50,True,1,svcho,jax,wmr_s3_alr0p001__bc161a79,1e34514ddf70bfc8a78757d9a78b82306627164c,71b619508a9395147ac00ec9ed5e0377079fc56a,main/td3_amo/walker2d-medium-replay-v2/1e-3/seed_3/wmr_s3_alr0p001__bc161a79,/home/svcho/amo/results/td3_amo_bootrms_maincand_seeds03/jobs/a1_w-mr_r1e3_s3/run,final_eval_50.json,1,normalized_score,2026-09-20T21:41:05.447769+00:00
td3_amo,1,0.0003,walker2d-medium-replay-v2,0,88.5092274443974,1000000,True,50,True,1,svcho,jax,wmr_s0_alr0p0003__4e004516,1e34514ddf70bfc8a78757d9a78b82306627164c,71b619508a9395147ac00ec9ed5e0377079fc56a,main/td3_amo/walker2d-medium-replay-v2/3e-4/seed_0/wmr_s0_alr0p0003__4e004516,/home/svcho/amo/results/td3_amo_bootrms_maincand_seeds03/jobs/a1_w-mr_r3e4_s0/run,final_eval_50.json,1,normalized_score,2026-09-19T15:55:49.749280+00:00
td3_amo,1,0.0003,walker2d-medium-replay-v2,1,88.2657095772791,1000000,True,50,True,1,svcho,jax,wmr_s1_alr0p0003__e7cc0a46,1e34514ddf70bfc8a78757d9a78b82306627164c,71b619508a9395147ac00ec9ed5e0377079fc56a,main/td3_amo/walker2d-medium-replay-v2/3e-4/seed_1/wmr_s1_alr0p0003__e7cc0a46,/home/svcho/amo/results/td3_amo_bootrms_maincand_seeds03/jobs/a1_w-mr_r3e4_s1/run,final_eval_50.json,1,normalized_score,2026-09-19T21:34:30.611948+00:00
td3_amo,1,0.0003,walker2d-medium-replay-v2,2,84.76991786768392,1000000,True,50,True,1,svcho,jax,wmr_s2_alr0p0003__d2eeb3bb,1e34514ddf70bfc8a78757d9a78b82306627164c,71b619508a9395147ac00ec9ed5e0377079fc56a,main/td3_amo/walker2d-medium-replay-v2/3e-4/seed_2/wmr_s2_alr0p0003__d2eeb3bb,/home/svcho/amo/results/td3_amo_bootrms_maincand_seeds03/jobs/a1_w-mr_r3e4_s2/run,final_eval_50.json,1,normalized_score,2026-09-20T03:27:35.420380+00:00
td3_amo,1,0.0003,walker2d-medium-replay-v2,3,90.34180524353471,1000000,True,50,True,1,svcho,jax,wmr_s3_alr0p0003__325e7b0e,1e34514ddf70bfc8a78757d9a78b82306627164c,71b619508a9395147ac00ec9ed5e0377079fc56a,main/td3_amo/walker2d-medium-replay-v2/3e-4/seed_3/wmr_s3_alr0p0003__325e7b0e,/home/svcho/amo/results/td3_amo_bootrms_maincand_seeds03/jobs/a1_w-mr_r3e4_s3/run,final_eval_50.json,1,normalized_score,2026-09-20T21:16:59.551512+00:00
td3_amo,1,0.002,walker2d-medium-expert-v2,0,110.733251328107,1000000,True,50,True,1,svcho,jax,wme_s0_alr0p002__0daec221,1e34514ddf70bfc8a78757d9a78b82306627164c,71b619508a9395147ac00ec9ed5e0377079fc56a,main/td3_amo/walker2d-medium-expert-v2/2e-3/seed_0/wme_s0_alr0p002__0daec221,/home/svcho/amo/results/td3_amo_bootrms_maincand_seeds03/jobs/a1_w-me_r2e3_s0/run,final_eval_50.json,1,normalized_score,2026-09-19T16:27:39.245640+00:00
td3_amo,1,0.002,walker2d-medium-expert-v2,1,110.37524198449225,1000000,True,50,True,1,svcho,jax,wme_s1_alr0p002__701eaf42,1e34514ddf70bfc8a78757d9a78b82306627164c,71b619508a9395147ac00ec9ed5e0377079fc56a,main/td3_amo/walker2d-medium-expert-v2/2e-3/seed_1/wme_s1_alr0p002__701eaf42,/home/svcho/amo/results/td3_amo_bootrms_maincand_seeds03/jobs/a1_w-me_r2e3_s1/run,final_eval_50.json,1,normalized_score,2026-09-19T22:23:02.514215+00:00
td3_amo,1,0.002,walker2d-medium-expert-v2,2,110.93115883084738,1000000,True,50,True,1,svcho,jax,wme_s2_alr0p002__0a8e68f2,1e34514ddf70bfc8a78757d9a78b82306627164c,71b619508a9395147ac00ec9ed5e0377079fc56a,main/td3_amo/walker2d-medium-expert-v2/2e-3/seed_2/wme_s2_alr0p002__0a8e68f2,/home/svcho/amo/results/td3_amo_bootrms_maincand_seeds03/jobs/a1_w-me_r2e3_s2/run,final_eval_50.json,1,normalized_score,2026-09-20T05:05:35.966812+00:00
td3_amo,1,0.002,walker2d-medium-expert-v2,3,110.46885067109147,1000000,True,50,True,1,svcho,jax,wme_s3_alr0p002__2fd13681,1e34514ddf70bfc8a78757d9a78b82306627164c,71b619508a9395147ac00ec9ed5e0377079fc56a,main/td3_amo/walker2d-medium-expert-v2/2e-3/seed_3/wme_s3_alr0p002__2fd13681,/home/svcho/amo/results/td3_amo_bootrms_maincand_seeds03/jobs/a1_w-me_r2e3_s3/run,final_eval_50.json,1,normalized_score,2026-09-20T23:15:47.995815+00:00
td3_amo,1,0.001,walker2d-medium-expert-v2,0,109.7656910031034,1000000,True,50,True,1,svcho,jax,wme_s0_alr0p001__168a7bd8,1e34514ddf70bfc8a78757d9a78b82306627164c,71b619508a9395147ac00ec9ed5e0377079fc56a,main/td3_amo/walker2d-medium-expert-v2/1e-3/seed_0/wme_s0_alr0p001__168a7bd8,/home/svcho/amo/results/td3_amo_bootrms_maincand_seeds03/jobs/a1_w-me_r1e3_s0/run,final_eval_50.json,1,normalized_score,2026-09-19T16:26:25.483621+00:00
td3_amo,1,0.001,walker2d-medium-expert-v2,1,109.77452170485942,1000000,True,50,True,1,svcho,jax,wme_s1_alr0p001__da3e73fd,1e34514ddf70bfc8a78757d9a78b82306627164c,71b619508a9395147ac00ec9ed5e0377079fc56a,main/td3_amo/walker2d-medium-expert-v2/1e-3/seed_1/wme_s1_alr0p001__da3e73fd,/home/svcho/amo/results/td3_amo_bootrms_maincand_seeds03/jobs/a1_w-me_r1e3_s1/run,final_eval_50.json,1,normalized_score,2026-09-19T22:05:21.897111+00:00
td3_amo,1,0.001,walker2d-medium-expert-v2,2,110.81516039752275,1000000,True,50,True,1,svcho,jax,wme_s2_alr0p001__4516c58d,1e34514ddf70bfc8a78757d9a78b82306627164c,71b619508a9395147ac00ec9ed5e0377079fc56a,main/td3_amo/walker2d-medium-expert-v2/1e-3/seed_2/wme_s2_alr0p001__4516c58d,/home/svcho/amo/results/td3_amo_bootrms_maincand_seeds03/jobs/a1_w-me_r1e3_s2/run,final_eval_50.json,1,normalized_score,2026-09-20T04:41:57.066877+00:00
td3_amo,1,0.001,walker2d-medium-expert-v2,3,109.94389671047549,1000000,True,50,True,1,svcho,jax,wme_s3_alr0p001__28d6b0e7,1e34514ddf70bfc8a78757d9a78b82306627164c,71b619508a9395147ac00ec9ed5e0377079fc56a,main/td3_amo/walker2d-medium-expert-v2/1e-3/seed_3/wme_s3_alr0p001__28d6b0e7,/home/svcho/amo/results/td3_amo_bootrms_maincand_seeds03/jobs/a1_w-me_r1e3_s3/run,final_eval_50.json,1,normalized_score,2026-09-20T22:52:06.458968+00:00
td3_amo,1,0.0003,walker2d-medium-expert-v2,0,108.51454899639921,1000000,True,50,True,1,svcho,jax,wme_s0_alr0p0003__61577d45,1e34514ddf70bfc8a78757d9a78b82306627164c,71b619508a9395147ac00ec9ed5e0377079fc56a,main/td3_amo/walker2d-medium-expert-v2/3e-4/seed_0/wme_s0_alr0p0003__61577d45,/home/svcho/amo/results/td3_amo_bootrms_maincand_seeds03/jobs/a1_w-me_r3e4_s0/run,final_eval_50.json,1,normalized_score,2026-09-19T16:11:44.226952+00:00
td3_amo,1,0.0003,walker2d-medium-expert-v2,1,108.74933713326568,1000000,True,50,True,1,svcho,jax,wme_s1_alr0p0003__f77c35f0,1e34514ddf70bfc8a78757d9a78b82306627164c,71b619508a9395147ac00ec9ed5e0377079fc56a,main/td3_amo/walker2d-medium-expert-v2/3e-4/seed_1/wme_s1_alr0p0003__f77c35f0,/home/svcho/amo/results/td3_amo_bootrms_maincand_seeds03/jobs/a1_w-me_r3e4_s1/run,final_eval_50.json,1,normalized_score,2026-09-19T22:02:26.586678+00:00
td3_amo,1,0.0003,walker2d-medium-expert-v2,2,109.40563496444004,1000000,True,50,True,1,svcho,jax,wme_s2_alr0p0003__2f9bcc7c,1e34514ddf70bfc8a78757d9a78b82306627164c,71b619508a9395147ac00ec9ed5e0377079fc56a,main/td3_amo/walker2d-medium-expert-v2/3e-4/seed_2/wme_s2_alr0p0003__2f9bcc7c,/home/svcho/amo/results/td3_amo_bootrms_maincand_seeds03/jobs/a1_w-me_r3e4_s2/run,final_eval_50.json,1,normalized_score,2026-09-20T04:18:19.209419+00:00
td3_amo,1,0.0003,walker2d-medium-expert-v2,3,108.63889934852453,1000000,True,50,True,1,svcho,jax,wme_s3_alr0p0003__9e7d4c05,1e34514ddf70bfc8a78757d9a78b82306627164c,71b619508a9395147ac00ec9ed5e0377079fc56a,main/td3_amo/walker2d-medium-expert-v2/3e-4/seed_3/wme_s3_alr0p0003__9e7d4c05,/home/svcho/amo/results/td3_amo_bootrms_maincand_seeds03/jobs/a1_w-me_r3e4_s3/run,final_eval_50.json,1,normalized_score,2026-09-20T22:28:24.361614+00:00
td3_amo,1,0.002,antmaze-umaze-v2,0,84.0,1000000,True,50,True,1,svcho,jax,amu_s0_alr0p002__b3b64cd1,1e34514ddf70bfc8a78757d9a78b82306627164c,71b619508a9395147ac00ec9ed5e0377079fc56a,main/td3_amo/antmaze-umaze-v2/2e-3/seed_0/amu_s0_alr0p002__b3b64cd1,/home/svcho/amo/results/td3_amo_bootrms_maincand_seeds03/jobs/a1_am-u_r2e3_s0/run,final_eval_50.json,1,normalized_score,2026-09-19T16:57:02.408047+00:00
td3_amo,1,0.002,antmaze-umaze-v2,1,86.0,1000000,True,50,True,1,svcho,jax,amu_s1_alr0p002__5173d8e4,1e34514ddf70bfc8a78757d9a78b82306627164c,71b619508a9395147ac00ec9ed5e0377079fc56a,main/td3_amo/antmaze-umaze-v2/2e-3/seed_1/amu_s1_alr0p002__5173d8e4,/home/svcho/amo/results/td3_amo_bootrms_maincand_seeds03/jobs/a1_am-u_r2e3_s1/run,final_eval_50.json,1,normalized_score,2026-09-19T22:46:09.538541+00:00
td3_amo,1,0.002,antmaze-umaze-v2,2,78.0,1000000,True,50,True,1,svcho,jax,amu_s2_alr0p002__fbb89582,1e34514ddf70bfc8a78757d9a78b82306627164c,71b619508a9395147ac00ec9ed5e0377079fc56a,main/td3_amo/antmaze-umaze-v2/2e-3/seed_2/amu_s2_alr0p002__fbb89582,/home/svcho/amo/results/td3_amo_bootrms_maincand_seeds03/jobs/a1_am-u_r2e3_s2/run,final_eval_50.json,1,normalized_score,2026-09-20T06:16:35.665644+00:00
td3_amo,1,0.002,antmaze-umaze-v2,3,82.0,1000000,True,50,True,1,svcho,jax,amu_s3_alr0p002__e58f6041,1e34514ddf70bfc8a78757d9a78b82306627164c,71b619508a9395147ac00ec9ed5e0377079fc56a,main/td3_amo/antmaze-umaze-v2/2e-3/seed_3/amu_s3_alr0p002__e58f6041,/home/svcho/amo/results/td3_amo_bootrms_maincand_seeds03/jobs/a1_am-u_r2e3_s3/run,final_eval_50.json,1,normalized_score,2026-09-21T00:26:35.073097+00:00
td3_amo,1,0.001,antmaze-umaze-v2,0,82.0,1000000,True,50,True,1,svcho,jax,amu_s0_alr0p001__ac0b0deb,1e34514ddf70bfc8a78757d9a78b82306627164c,71b619508a9395147ac00ec9ed5e0377079fc56a,main/td3_amo/antmaze-umaze-v2/1e-3/seed_0/amu_s0_alr0p001__ac0b0deb,/home/svcho/amo/results/td3_amo_bootrms_maincand_seeds03/jobs/a1_am-u_r1e3_s0/run,final_eval_50.json,1,normalized_score,2026-09-19T16:43:08.061561+00:00
td3_amo,1,0.001,antmaze-umaze-v2,1,94.0,1000000,True,50,True,1,svcho,jax,amu_s1_alr0p001__111d73bf,1e34514ddf70bfc8a78757d9a78b82306627164c,71b619508a9395147ac00ec9ed5e0377079fc56a,main/td3_amo/antmaze-umaze-v2/1e-3/seed_1/amu_s1_alr0p001__111d73bf,/home/svcho/amo/results/td3_amo_bootrms_maincand_seeds03/jobs/a1_am-u_r1e3_s1/run,final_eval_50.json,1,normalized_score,2026-09-19T22:30:58.072197+00:00
td3_amo,1,0.001,antmaze-umaze-v2,2,92.0,1000000,True,50,True,1,svcho,jax,amu_s2_alr0p001__052c7bdc,1e34514ddf70bfc8a78757d9a78b82306627164c,71b619508a9395147ac00ec9ed5e0377079fc56a,main/td3_amo/antmaze-umaze-v2/1e-3/seed_2/amu_s2_alr0p001__052c7bdc,/home/svcho/amo/results/td3_amo_bootrms_maincand_seeds03/jobs/a1_am-u_r1e3_s2/run,final_eval_50.json,1,normalized_score,2026-09-20T05:52:53.482960+00:00
td3_amo,1,0.001,antmaze-umaze-v2,3,92.0,1000000,True,50,True,1,svcho,jax,amu_s3_alr0p001__7287388e,1e34514ddf70bfc8a78757d9a78b82306627164c,71b619508a9395147ac00ec9ed5e0377079fc56a,main/td3_amo/antmaze-umaze-v2/1e-3/seed_3/amu_s3_alr0p001__7287388e,/home/svcho/amo/results/td3_amo_bootrms_maincand_seeds03/jobs/a1_am-u_r1e3_s3/run,final_eval_50.json,1,normalized_score,2026-09-21T00:02:47.497146+00:00
td3_amo,1,0.0003,antmaze-umaze-v2,0,98.0,1000000,True,50,True,1,svcho,jax,amu_s0_alr0p0003__682a9cfe,1e34514ddf70bfc8a78757d9a78b82306627164c,71b619508a9395147ac00ec9ed5e0377079fc56a,main/td3_amo/antmaze-umaze-v2/3e-4/seed_0/amu_s0_alr0p0003__682a9cfe,/home/svcho/amo/results/td3_amo_bootrms_maincand_seeds03/jobs/a1_am-u_r3e4_s0/run,final_eval_50.json,1,normalized_score,2026-09-19T16:41:53.204055+00:00
td3_amo,1,0.0003,antmaze-umaze-v2,1,94.0,1000000,True,50,True,1,svcho,jax,amu_s1_alr0p0003__282e9927,1e34514ddf70bfc8a78757d9a78b82306627164c,71b619508a9395147ac00ec9ed5e0377079fc56a,main/td3_amo/antmaze-umaze-v2/3e-4/seed_1/amu_s1_alr0p0003__282e9927,/home/svcho/amo/results/td3_amo_bootrms_maincand_seeds03/jobs/a1_am-u_r3e4_s1/run,final_eval_50.json,1,normalized_score,2026-09-19T22:28:01.275510+00:00
td3_amo,1,0.0003,antmaze-umaze-v2,2,90.0,1000000,True,50,True,1,svcho,jax,amu_s2_alr0p0003__8bec84b6,1e34514ddf70bfc8a78757d9a78b82306627164c,71b619508a9395147ac00ec9ed5e0377079fc56a,main/td3_amo/antmaze-umaze-v2/3e-4/seed_2/amu_s2_alr0p0003__8bec84b6,/home/svcho/amo/results/td3_amo_bootrms_maincand_seeds03/jobs/a1_am-u_r3e4_s2/run,final_eval_50.json,1,normalized_score,2026-09-20T05:29:12.652141+00:00
td3_amo,1,0.0003,antmaze-umaze-v2,3,96.0,1000000,True,50,True,1,svcho,jax,amu_s3_alr0p0003__21c59f71,1e34514ddf70bfc8a78757d9a78b82306627164c,71b619508a9395147ac00ec9ed5e0377079fc56a,main/td3_amo/antmaze-umaze-v2/3e-4/seed_3/amu_s3_alr0p0003__21c59f71,/home/svcho/amo/results/td3_amo_bootrms_maincand_seeds03/jobs/a1_am-u_r3e4_s3/run,final_eval_50.json,1,normalized_score,2026-09-20T23:39:28.187062+00:00
td3_amo,1,0.002,antmaze-umaze-diverse-v2,0,66.0,1000000,True,50,True,1,svcho,jax,amud_s0_alr0p002__594f2d1c,1e34514ddf70bfc8a78757d9a78b82306627164c,71b619508a9395147ac00ec9ed5e0377079fc56a,main/td3_amo/antmaze-umaze-diverse-v2/2e-3/seed_0/amud_s0_alr0p002__594f2d1c,/home/svcho/amo/results/td3_amo_bootrms_maincand_seeds03/jobs/a1_am-ud_r2e3_s0/run,final_eval_50.json,1,normalized_score,2026-09-19T17:14:16.564929+00:00
td3_amo,1,0.002,antmaze-umaze-diverse-v2,1,74.0,1000000,True,50,True,1,svcho,jax,amud_s1_alr0p002__3e6e13ff,1e34514ddf70bfc8a78757d9a78b82306627164c,71b619508a9395147ac00ec9ed5e0377079fc56a,main/td3_amo/antmaze-umaze-diverse-v2/2e-3/seed_1/amud_s1_alr0p002__3e6e13ff,/home/svcho/amo/results/td3_amo_bootrms_maincand_seeds03/jobs/a1_am-ud_r2e3_s1/run,final_eval_50.json,1,normalized_score,2026-09-19T23:09:22.735027+00:00
td3_amo,1,0.002,antmaze-umaze-diverse-v2,2,92.0,1000000,True,50,True,1,svcho,jax,amud_s2_alr0p002__04dd7b6b,1e34514ddf70bfc8a78757d9a78b82306627164c,71b619508a9395147ac00ec9ed5e0377079fc56a,main/td3_amo/antmaze-umaze-diverse-v2/2e-3/seed_2/amud_s2_alr0p002__04dd7b6b,/home/svcho/amo/results/td3_amo_bootrms_maincand_seeds03/jobs/a1_am-ud_r2e3_s2/run,final_eval_50.json,1,normalized_score,2026-09-20T07:28:31.286578+00:00
td3_amo,1,0.002,antmaze-umaze-diverse-v2,3,80.0,1000000,True,50,True,1,svcho,jax,amud_s3_alr0p002__7fceca99,1e34514ddf70bfc8a78757d9a78b82306627164c,71b619508a9395147ac00ec9ed5e0377079fc56a,main/td3_amo/antmaze-umaze-diverse-v2/2e-3/seed_3/amud_s3_alr0p002__7fceca99,/home/svcho/amo/results/td3_amo_bootrms_maincand_seeds03/jobs/a1_am-ud_r2e3_s3/run,final_eval_50.json,1,normalized_score,2026-09-21T01:37:38.417772+00:00
td3_amo,1,0.001,antmaze-umaze-diverse-v2,0,98.0,1000000,True,50,True,1,svcho,jax,amud_s0_alr0p001__85146646,1e34514ddf70bfc8a78757d9a78b82306627164c,71b619508a9395147ac00ec9ed5e0377079fc56a,main/td3_amo/antmaze-umaze-diverse-v2/1e-3/seed_0/amud_s0_alr0p001__85146646,/home/svcho/amo/results/td3_amo_bootrms_maincand_seeds03/jobs/a1_am-ud_r1e3_s0/run,final_eval_50.json,1,normalized_score,2026-09-19T17:11:45.561869+00:00
td3_amo,1,0.001,antmaze-umaze-diverse-v2,1,92.0,1000000,True,50,True,1,svcho,jax,amud_s1_alr0p001__753ba044,1e34514ddf70bfc8a78757d9a78b82306627164c,71b619508a9395147ac00ec9ed5e0377079fc56a,main/td3_amo/antmaze-umaze-diverse-v2/1e-3/seed_1/amud_s1_alr0p001__753ba044,/home/svcho/amo/results/td3_amo_bootrms_maincand_seeds03/jobs/a1_am-ud_r1e3_s1/run,final_eval_50.json,1,normalized_score,2026-09-19T22:54:35.708544+00:00
td3_amo,1,0.001,antmaze-umaze-diverse-v2,2,94.0,1000000,True,50,True,1,svcho,jax,amud_s2_alr0p001__86d4cc63,1e34514ddf70bfc8a78757d9a78b82306627164c,71b619508a9395147ac00ec9ed5e0377079fc56a,main/td3_amo/antmaze-umaze-diverse-v2/1e-3/seed_2/amud_s2_alr0p001__86d4cc63,/home/svcho/amo/results/td3_amo_bootrms_maincand_seeds03/jobs/a1_am-ud_r1e3_s2/run,final_eval_50.json,1,normalized_score,2026-09-20T07:04:23.426494+00:00
td3_amo,1,0.001,antmaze-umaze-diverse-v2,3,66.0,1000000,True,50,True,1,svcho,jax,amud_s3_alr0p001__22240dad,1e34514ddf70bfc8a78757d9a78b82306627164c,71b619508a9395147ac00ec9ed5e0377079fc56a,main/td3_amo/antmaze-umaze-diverse-v2/1e-3/seed_3/amud_s3_alr0p001__22240dad,/home/svcho/amo/results/td3_amo_bootrms_maincand_seeds03/jobs/a1_am-ud_r1e3_s3/run,final_eval_50.json,1,normalized_score,2026-09-21T01:14:13.861858+00:00
td3_amo,1,0.0003,antmaze-umaze-diverse-v2,0,64.0,1000000,True,50,True,1,svcho,jax,amud_s0_alr0p0003__94f38488,1e34514ddf70bfc8a78757d9a78b82306627164c,71b619508a9395147ac00ec9ed5e0377079fc56a,main/td3_amo/antmaze-umaze-diverse-v2/3e-4/seed_0/amud_s0_alr0p0003__94f38488,/home/svcho/amo/results/td3_amo_bootrms_maincand_seeds03/jobs/a1_am-ud_r3e4_s0/run,final_eval_50.json,1,normalized_score,2026-09-19T16:58:42.857539+00:00
td3_amo,1,0.0003,antmaze-umaze-diverse-v2,1,86.0,1000000,True,50,True,1,svcho,jax,amud_s1_alr0p0003__547621aa,1e34514ddf70bfc8a78757d9a78b82306627164c,71b619508a9395147ac00ec9ed5e0377079fc56a,main/td3_amo/antmaze-umaze-diverse-v2/3e-4/seed_1/amud_s1_alr0p0003__547621aa,/home/svcho/amo/results/td3_amo_bootrms_maincand_seeds03/jobs/a1_am-ud_r3e4_s1/run,final_eval_50.json,1,normalized_score,2026-09-19T22:51:13.675084+00:00
td3_amo,1,0.0003,antmaze-umaze-diverse-v2,2,98.0,1000000,True,50,True,1,svcho,jax,amud_s2_alr0p0003__4b78514f,1e34514ddf70bfc8a78757d9a78b82306627164c,71b619508a9395147ac00ec9ed5e0377079fc56a,main/td3_amo/antmaze-umaze-diverse-v2/3e-4/seed_2/amud_s2_alr0p0003__4b78514f,/home/svcho/amo/results/td3_amo_bootrms_maincand_seeds03/jobs/a1_am-ud_r3e4_s2/run,final_eval_50.json,1,normalized_score,2026-09-20T06:40:43.419116+00:00
td3_amo,1,0.0003,antmaze-umaze-diverse-v2,3,84.0,1000000,True,50,True,1,svcho,jax,amud_s3_alr0p0003__0fceae1a,1e34514ddf70bfc8a78757d9a78b82306627164c,71b619508a9395147ac00ec9ed5e0377079fc56a,main/td3_amo/antmaze-umaze-diverse-v2/3e-4/seed_3/amud_s3_alr0p0003__0fceae1a,/home/svcho/amo/results/td3_amo_bootrms_maincand_seeds03/jobs/a1_am-ud_r3e4_s3/run,final_eval_50.json,1,normalized_score,2026-09-21T00:50:23.644157+00:00
td3_amo,1,0.002,antmaze-medium-play-v2,0,62.0,1000000,True,50,True,1,svcho,jax,ammp_s0_alr0p002__5328b469,1e34514ddf70bfc8a78757d9a78b82306627164c,71b619508a9395147ac00ec9ed5e0377079fc56a,main/td3_amo/antmaze-medium-play-v2/2e-3/seed_0/ammp_s0_alr0p002__5328b469,/home/svcho/amo/results/td3_amo_bootrms_maincand_seeds03/jobs/a1_am-mp_r2e3_s0/run,final_eval_50.json,1,normalized_score,2026-09-19T17:42:14.125215+00:00
td3_amo,1,0.002,antmaze-medium-play-v2,1,80.0,1000000,True,50,True,1,svcho,jax,ammp_s1_alr0p002__95880e86,1e34514ddf70bfc8a78757d9a78b82306627164c,71b619508a9395147ac00ec9ed5e0377079fc56a,main/td3_amo/antmaze-medium-play-v2/2e-3/seed_1/ammp_s1_alr0p002__95880e86,/home/svcho/amo/results/td3_amo_bootrms_maincand_seeds03/jobs/a1_am-mp_r2e3_s1/run,final_eval_50.json,1,normalized_score,2026-09-19T23:32:40.023211+00:00
td3_amo,1,0.002,antmaze-medium-play-v2,2,98.0,1000000,True,50,True,1,svcho,jax,ammp_s2_alr0p002__9977b584,1e34514ddf70bfc8a78757d9a78b82306627164c,71b619508a9395147ac00ec9ed5e0377079fc56a,main/td3_amo/antmaze-medium-play-v2/2e-3/seed_2/ammp_s2_alr0p002__9977b584,/home/svcho/amo/results/td3_amo_bootrms_maincand_seeds03/jobs/a1_am-mp_r2e3_s2/run,final_eval_50.json,1,normalized_score,2026-09-20T08:41:08.752939+00:00
td3_amo,1,0.002,antmaze-medium-play-v2,3,78.0,1000000,True,50,True,1,svcho,jax,ammp_s3_alr0p002__11e027ad,1e34514ddf70bfc8a78757d9a78b82306627164c,71b619508a9395147ac00ec9ed5e0377079fc56a,main/td3_amo/antmaze-medium-play-v2/2e-3/seed_3/ammp_s3_alr0p002__11e027ad,/home/svcho/amo/results/td3_amo_bootrms_maincand_seeds03/jobs/a1_am-mp_r2e3_s3/run,final_eval_50.json,1,normalized_score,2026-09-21T02:30:24.099097+00:00
td3_amo,1,0.001,antmaze-medium-play-v2,0,48.0,1000000,True,50,True,1,svcho,jax,ammp_s0_alr0p001__75d95ab0,1e34514ddf70bfc8a78757d9a78b82306627164c,71b619508a9395147ac00ec9ed5e0377079fc56a,main/td3_amo/antmaze-medium-play-v2/1e-3/seed_0/ammp_s0_alr0p001__75d95ab0,/home/svcho/amo/results/td3_amo_bootrms_maincand_seeds03/jobs/a1_am-mp_r1e3_s0/run,final_eval_50.json,1,normalized_score,2026-09-19T17:29:57.416554+00:00
td3_amo,1,0.001,antmaze-medium-play-v2,1,44.0,1000000,True,50,True,1,svcho,jax,ammp_s1_alr0p001__5d541d61,1e34514ddf70bfc8a78757d9a78b82306627164c,71b619508a9395147ac00ec9ed5e0377079fc56a,main/td3_amo/antmaze-medium-play-v2/1e-3/seed_1/ammp_s1_alr0p001__5d541d61,/home/svcho/amo/results/td3_amo_bootrms_maincand_seeds03/jobs/a1_am-mp_r1e3_s1/run,final_eval_50.json,1,normalized_score,2026-09-19T23:17:58.149087+00:00
td3_amo,1,0.001,antmaze-medium-play-v2,2,22.0,1000000,True,50,True,1,svcho,jax,ammp_s2_alr0p001__f4d1e964,1e34514ddf70bfc8a78757d9a78b82306627164c,71b619508a9395147ac00ec9ed5e0377079fc56a,main/td3_amo/antmaze-medium-play-v2/1e-3/seed_2/ammp_s2_alr0p001__f4d1e964,/home/svcho/amo/results/td3_amo_bootrms_maincand_seeds03/jobs/a1_am-mp_r1e3_s2/run,final_eval_50.json,1,normalized_score,2026-09-20T08:17:07.185861+00:00
td3_amo,1,0.001,antmaze-medium-play-v2,3,42.0,1000000,True,50,True,1,svcho,jax,ammp_s3_alr0p001__4c294bdd,1e34514ddf70bfc8a78757d9a78b82306627164c,71b619508a9395147ac00ec9ed5e0377079fc56a,main/td3_amo/antmaze-medium-play-v2/1e-3/seed_3/ammp_s3_alr0p001__4c294bdd,/home/svcho/amo/results/td3_amo_bootrms_maincand_seeds03/jobs/a1_am-mp_r1e3_s3/run,final_eval_50.json,1,normalized_score,2026-09-21T02:15:25.387892+00:00
td3_amo,1,0.0003,antmaze-medium-play-v2,0,12.0,1000000,True,50,True,1,svcho,jax,ammp_s0_alr0p0003__af1ff060,1e34514ddf70bfc8a78757d9a78b82306627164c,71b619508a9395147ac00ec9ed5e0377079fc56a,main/td3_amo/antmaze-medium-play-v2/3e-4/seed_0/ammp_s0_alr0p0003__af1ff060,/home/svcho/amo/results/td3_amo_bootrms_maincand_seeds03/jobs/a1_am-mp_r3e4_s0/run,final_eval_50.json,1,normalized_score,2026-09-19T17:27:10.864234+00:00
td3_amo,1,0.0003,antmaze-medium-play-v2,1,2.0,1000000,True,50,True,1,svcho,jax,ammp_s1_alr0p0003__1141e46e,1e34514ddf70bfc8a78757d9a78b82306627164c,71b619508a9395147ac00ec9ed5e0377079fc56a,main/td3_amo/antmaze-medium-play-v2/3e-4/seed_1/ammp_s1_alr0p0003__1141e46e,/home/svcho/amo/results/td3_amo_bootrms_maincand_seeds03/jobs/a1_am-mp_r3e4_s1/run,final_eval_50.json,1,normalized_score,2026-09-19T23:14:39.880481+00:00
td3_amo,1,0.0003,antmaze-medium-play-v2,2,6.0,1000000,True,50,True,1,svcho,jax,ammp_s2_alr0p0003__fd6116a1,1e34514ddf70bfc8a78757d9a78b82306627164c,71b619508a9395147ac00ec9ed5e0377079fc56a,main/td3_amo/antmaze-medium-play-v2/3e-4/seed_2/ammp_s2_alr0p0003__fd6116a1,/home/svcho/amo/results/td3_amo_bootrms_maincand_seeds03/jobs/a1_am-mp_r3e4_s2/run,final_eval_50.json,1,normalized_score,2026-09-20T07:52:58.592383+00:00
td3_amo,1,0.0003,antmaze-medium-play-v2,3,0.0,1000000,True,50,True,1,svcho,jax,ammp_s3_alr0p0003__99eb79db,1e34514ddf70bfc8a78757d9a78b82306627164c,71b619508a9395147ac00ec9ed5e0377079fc56a,main/td3_amo/antmaze-medium-play-v2/3e-4/seed_3/ammp_s3_alr0p0003__99eb79db,/home/svcho/amo/results/td3_amo_bootrms_maincand_seeds03/jobs/a1_am-mp_r3e4_s3/run,final_eval_50.json,1,normalized_score,2026-09-21T01:59:07.135486+00:00
td3_amo,1,0.002,antmaze-medium-diverse-v2,0,22.0,1000000,True,50,True,1,svcho,jax,ammd_s0_alr0p002__9af7270f,1e34514ddf70bfc8a78757d9a78b82306627164c,71b619508a9395147ac00ec9ed5e0377079fc56a,main/td3_amo/antmaze-medium-diverse-v2/2e-3/seed_0/ammd_s0_alr0p002__9af7270f,/home/svcho/amo/results/td3_amo_bootrms_maincand_seeds03/jobs/a1_am-md_r2e3_s0/run,final_eval_50.json,1,normalized_score,2026-09-19T18:00:48.274161+00:00
td3_amo,1,0.002,antmaze-medium-diverse-v2,1,74.0,1000000,True,50,True,1,svcho,jax,ammd_s1_alr0p002__2615c1eb,1e34514ddf70bfc8a78757d9a78b82306627164c,71b619508a9395147ac00ec9ed5e0377079fc56a,main/td3_amo/antmaze-medium-diverse-v2/2e-3/seed_1/ammd_s1_alr0p002__2615c1eb,/home/svcho/amo/results/td3_amo_bootrms_maincand_seeds03/jobs/a1_am-md_r2e3_s1/run,final_eval_50.json,1,normalized_score,2026-09-19T23:55:56.955562+00:00
td3_amo,1,0.002,antmaze-medium-diverse-v2,2,20.0,1000000,True,50,True,1,svcho,jax,ammd_s2_alr0p002__61946f10,1e34514ddf70bfc8a78757d9a78b82306627164c,71b619508a9395147ac00ec9ed5e0377079fc56a,main/td3_amo/antmaze-medium-diverse-v2/2e-3/seed_2/ammd_s2_alr0p002__61946f10,/home/svcho/amo/results/td3_amo_bootrms_maincand_seeds03/jobs/a1_am-md_r2e3_s2/run,final_eval_50.json,1,normalized_score,2026-09-20T09:53:32.699655+00:00
td3_amo,1,0.002,antmaze-medium-diverse-v2,3,70.0,1000000,True,50,True,1,svcho,jax,ammd_s3_alr0p002__da94946d,1e34514ddf70bfc8a78757d9a78b82306627164c,71b619508a9395147ac00ec9ed5e0377079fc56a,main/td3_amo/antmaze-medium-diverse-v2/2e-3/seed_3/ammd_s3_alr0p002__da94946d,/home/svcho/amo/results/td3_amo_bootrms_maincand_seeds03/jobs/a1_am-md_r2e3_s3/run,final_eval_50.json,1,normalized_score,2026-09-21T03:13:26.634202+00:00
td3_amo,1,0.001,antmaze-medium-diverse-v2,0,60.0,1000000,True,50,True,1,svcho,jax,ammd_s0_alr0p001__b13fff03,1e34514ddf70bfc8a78757d9a78b82306627164c,71b619508a9395147ac00ec9ed5e0377079fc56a,main/td3_amo/antmaze-medium-diverse-v2/1e-3/seed_0/ammd_s0_alr0p001__b13fff03,/home/svcho/amo/results/td3_amo_bootrms_maincand_seeds03/jobs/a1_am-md_r1e3_s0/run,final_eval_50.json,1,normalized_score,2026-09-19T17:57:27.132660+00:00
td3_amo,1,0.001,antmaze-medium-diverse-v2,1,54.0,1000000,True,50,True,1,svcho,jax,ammd_s1_alr0p001__96333ea4,1e34514ddf70bfc8a78757d9a78b82306627164c,71b619508a9395147ac00ec9ed5e0377079fc56a,main/td3_amo/antmaze-medium-diverse-v2/1e-3/seed_1/ammd_s1_alr0p001__96333ea4,/home/svcho/amo/results/td3_amo_bootrms_maincand_seeds03/jobs/a1_am-md_r1e3_s1/run,final_eval_50.json,1,normalized_score,2026-09-19T23:40:46.347023+00:00
td3_amo,1,0.001,antmaze-medium-diverse-v2,2,28.000000000000004,1000000,True,50,True,1,svcho,jax,ammd_s2_alr0p001__be8d780e,1e34514ddf70bfc8a78757d9a78b82306627164c,71b619508a9395147ac00ec9ed5e0377079fc56a,main/td3_amo/antmaze-medium-diverse-v2/1e-3/seed_2/ammd_s2_alr0p001__be8d780e,/home/svcho/amo/results/td3_amo_bootrms_maincand_seeds03/jobs/a1_am-md_r1e3_s2/run,final_eval_50.json,1,normalized_score,2026-09-20T09:29:45.482319+00:00
td3_amo,1,0.001,antmaze-medium-diverse-v2,3,42.0,1000000,True,50,True,1,svcho,jax,ammd_s3_alr0p001__1c6ee3cc,1e34514ddf70bfc8a78757d9a78b82306627164c,71b619508a9395147ac00ec9ed5e0377079fc56a,main/td3_amo/antmaze-medium-diverse-v2/1e-3/seed_3/ammd_s3_alr0p001__1c6ee3cc,/home/svcho/amo/results/td3_amo_bootrms_maincand_seeds03/jobs/a1_am-md_r1e3_s3/run,final_eval_50.json,1,normalized_score,2026-09-21T02:59:17.800745+00:00
td3_amo,1,0.0003,antmaze-medium-diverse-v2,0,12.0,1000000,True,50,True,1,svcho,jax,ammd_s0_alr0p0003__53a745d8,1e34514ddf70bfc8a78757d9a78b82306627164c,71b619508a9395147ac00ec9ed5e0377079fc56a,main/td3_amo/antmaze-medium-diverse-v2/3e-4/seed_0/ammd_s0_alr0p0003__53a745d8,/home/svcho/amo/results/td3_amo_bootrms_maincand_seeds03/jobs/a1_am-md_r3e4_s0/run,final_eval_50.json,1,normalized_score,2026-09-19T17:45:38.436331+00:00
td3_amo,1,0.0003,antmaze-medium-diverse-v2,1,0.0,1000000,True,50,True,1,svcho,jax,ammd_s1_alr0p0003__383c69e4,1e34514ddf70bfc8a78757d9a78b82306627164c,71b619508a9395147ac00ec9ed5e0377079fc56a,main/td3_amo/antmaze-medium-diverse-v2/3e-4/seed_1/ammd_s1_alr0p0003__383c69e4,/home/svcho/amo/results/td3_amo_bootrms_maincand_seeds03/jobs/a1_am-md_r3e4_s1/run,final_eval_50.json,1,normalized_score,2026-09-19T23:37:29.501632+00:00
td3_amo,1,0.0003,antmaze-medium-diverse-v2,2,2.0,1000000,True,50,True,1,svcho,jax,ammd_s2_alr0p0003__e18b8f6c,1e34514ddf70bfc8a78757d9a78b82306627164c,71b619508a9395147ac00ec9ed5e0377079fc56a,main/td3_amo/antmaze-medium-diverse-v2/3e-4/seed_2/ammd_s2_alr0p0003__e18b8f6c,/home/svcho/amo/results/td3_amo_bootrms_maincand_seeds03/jobs/a1_am-md_r3e4_s2/run,final_eval_50.json,1,normalized_score,2026-09-20T09:05:33.660925+00:00
td3_amo,1,0.0003,antmaze-medium-diverse-v2,3,6.0,1000000,True,50,True,1,svcho,jax,ammd_s3_alr0p0003__d6d7c42b,1e34514ddf70bfc8a78757d9a78b82306627164c,71b619508a9395147ac00ec9ed5e0377079fc56a,main/td3_amo/antmaze-medium-diverse-v2/3e-4/seed_3/ammd_s3_alr0p0003__d6d7c42b,/home/svcho/amo/results/td3_amo_bootrms_maincand_seeds03/jobs/a1_am-md_r3e4_s3/run,final_eval_50.json,1,normalized_score,2026-09-21T02:42:05.082754+00:00
td3_amo,1,0.002,antmaze-large-play-v2,0,24.0,1000000,True,50,True,1,svcho,jax,amlp_s0_alr0p002__d5f5abfc,1e34514ddf70bfc8a78757d9a78b82306627164c,71b619508a9395147ac00ec9ed5e0377079fc56a,main/td3_amo/antmaze-large-play-v2/2e-3/seed_0/amlp_s0_alr0p002__d5f5abfc,/home/svcho/amo/results/td3_amo_bootrms_maincand_seeds03/jobs/a1_am-lp_r2e3_s0/run,final_eval_50.json,1,normalized_score,2026-09-19T18:28:25.150738+00:00
td3_amo,1,0.002,antmaze-large-play-v2,1,24.0,1000000,True,50,True,1,svcho,jax,amlp_s1_alr0p002__be63dc37,1e34514ddf70bfc8a78757d9a78b82306627164c,71b619508a9395147ac00ec9ed5e0377079fc56a,main/td3_amo/antmaze-large-play-v2/2e-3/seed_1/amlp_s1_alr0p002__be63dc37,/home/svcho/amo/results/td3_amo_bootrms_maincand_seeds03/jobs/a1_am-lp_r2e3_s1/run,final_eval_50.json,1,normalized_score,2026-09-20T00:19:26.311202+00:00
td3_amo,1,0.002,antmaze-large-play-v2,2,54.0,1000000,True,50,True,1,svcho,jax,amlp_s2_alr0p002__277a96d9,1e34514ddf70bfc8a78757d9a78b82306627164c,71b619508a9395147ac00ec9ed5e0377079fc56a,main/td3_amo/antmaze-large-play-v2/2e-3/seed_2/amlp_s2_alr0p002__277a96d9,/home/svcho/amo/results/td3_amo_bootrms_maincand_seeds03/jobs/a1_am-lp_r2e3_s2/run,final_eval_50.json,1,normalized_score,2026-09-20T11:06:22.081743+00:00
td3_amo,1,0.002,antmaze-large-play-v2,3,46.0,1000000,True,50,True,1,svcho,jax,amlp_s3_alr0p002__9b791d20,1e34514ddf70bfc8a78757d9a78b82306627164c,71b619508a9395147ac00ec9ed5e0377079fc56a,main/td3_amo/antmaze-large-play-v2/2e-3/seed_3/amlp_s3_alr0p002__9b791d20,/home/svcho/amo/results/td3_amo_bootrms_maincand_seeds03/jobs/a1_am-lp_r2e3_s3/run,final_eval_50.json,1,normalized_score,2026-09-21T03:56:39.660443+00:00
td3_amo,1,0.001,antmaze-large-play-v2,0,20.0,1000000,True,50,True,1,svcho,jax,amlp_s0_alr0p001__f0ebb620,1e34514ddf70bfc8a78757d9a78b82306627164c,71b619508a9395147ac00ec9ed5e0377079fc56a,main/td3_amo/antmaze-large-play-v2/1e-3/seed_0/amlp_s0_alr0p001__f0ebb620,/home/svcho/amo/results/td3_amo_bootrms_maincand_seeds03/jobs/a1_am-lp_r1e3_s0/run,final_eval_50.json,1,normalized_score,2026-09-19T18:16:30.104915+00:00
td3_amo,1,0.001,antmaze-large-play-v2,1,30.0,1000000,True,50,True,1,svcho,jax,amlp_s1_alr0p001__21b82f41,1e34514ddf70bfc8a78757d9a78b82306627164c,71b619508a9395147ac00ec9ed5e0377079fc56a,main/td3_amo/antmaze-large-play-v2/1e-3/seed_1/amlp_s1_alr0p001__21b82f41,/home/svcho/amo/results/td3_amo_bootrms_maincand_seeds03/jobs/a1_am-lp_r1e3_s1/run,final_eval_50.json,1,normalized_score,2026-09-20T00:04:11.604111+00:00
td3_amo,1,0.001,antmaze-large-play-v2,2,28.000000000000004,1000000,True,50,True,1,svcho,jax,amlp_s2_alr0p001__9ed0ce06,1e34514ddf70bfc8a78757d9a78b82306627164c,71b619508a9395147ac00ec9ed5e0377079fc56a,main/td3_amo/antmaze-large-play-v2/1e-3/seed_2/amlp_s2_alr0p001__9ed0ce06,/home/svcho/amo/results/td3_amo_bootrms_maincand_seeds03/jobs/a1_am-lp_r1e3_s2/run,final_eval_50.json,1,normalized_score,2026-09-20T10:42:08.115676+00:00
td3_amo,1,0.001,antmaze-large-play-v2,3,18.0,1000000,True,50,True,1,svcho,jax,amlp_s3_alr0p001__d11b2e0f,1e34514ddf70bfc8a78757d9a78b82306627164c,71b619508a9395147ac00ec9ed5e0377079fc56a,main/td3_amo/antmaze-large-play-v2/1e-3/seed_3/amlp_s3_alr0p001__d11b2e0f,/home/svcho/amo/results/td3_amo_bootrms_maincand_seeds03/jobs/a1_am-lp_r1e3_s3/run,final_eval_50.json,1,normalized_score,2026-09-21T03:42:28.239846+00:00
td3_amo,1,0.0003,antmaze-large-play-v2,0,0.0,1000000,True,50,True,1,svcho,jax,amlp_s0_alr0p0003__bf5ff46f,1e34514ddf70bfc8a78757d9a78b82306627164c,71b619508a9395147ac00ec9ed5e0377079fc56a,main/td3_amo/antmaze-large-play-v2/3e-4/seed_0/amlp_s0_alr0p0003__bf5ff46f,/home/svcho/amo/results/td3_amo_bootrms_maincand_seeds03/jobs/a1_am-lp_r3e4_s0/run,final_eval_50.json,1,normalized_score,2026-09-19T18:12:49.071550+00:00
td3_amo,1,0.0003,antmaze-large-play-v2,1,0.0,1000000,True,50,True,1,svcho,jax,amlp_s1_alr0p0003__5d6a483b,1e34514ddf70bfc8a78757d9a78b82306627164c,71b619508a9395147ac00ec9ed5e0377079fc56a,main/td3_amo/antmaze-large-play-v2/3e-4/seed_1/amlp_s1_alr0p0003__5d6a483b,/home/svcho/amo/results/td3_amo_bootrms_maincand_seeds03/jobs/a1_am-lp_r3e4_s1/run,final_eval_50.json,1,normalized_score,2026-09-20T00:01:14.805297+00:00
td3_amo,1,0.0003,antmaze-large-play-v2,2,2.0,1000000,True,50,True,1,svcho,jax,amlp_s2_alr0p0003__7e6eafb1,1e34514ddf70bfc8a78757d9a78b82306627164c,71b619508a9395147ac00ec9ed5e0377079fc56a,main/td3_amo/antmaze-large-play-v2/3e-4/seed_2/amlp_s2_alr0p0003__7e6eafb1,/home/svcho/amo/results/td3_amo_bootrms_maincand_seeds03/jobs/a1_am-lp_r3e4_s2/run,final_eval_50.json,1,normalized_score,2026-09-20T10:17:53.815687+00:00
td3_amo,1,0.0003,antmaze-large-play-v2,3,0.0,1000000,True,50,True,1,svcho,jax,amlp_s3_alr0p0003__373e8e15,1e34514ddf70bfc8a78757d9a78b82306627164c,71b619508a9395147ac00ec9ed5e0377079fc56a,main/td3_amo/antmaze-large-play-v2/3e-4/seed_3/amlp_s3_alr0p0003__373e8e15,/home/svcho/amo/results/td3_amo_bootrms_maincand_seeds03/jobs/a1_am-lp_r3e4_s3/run,final_eval_50.json,1,normalized_score,2026-09-21T03:25:37.849518+00:00
td3_amo,1,0.002,antmaze-large-diverse-v2,0,30.0,1000000,True,50,True,1,svcho,jax,amld_s0_alr0p002__e1e2097b,1e34514ddf70bfc8a78757d9a78b82306627164c,71b619508a9395147ac00ec9ed5e0377079fc56a,main/td3_amo/antmaze-large-diverse-v2/2e-3/seed_0/amld_s0_alr0p002__e1e2097b,/home/svcho/amo/results/td3_amo_bootrms_maincand_seeds03/jobs/a1_am-ld_r2e3_s0/run,final_eval_50.json,1,normalized_score,2026-09-19T18:46:32.733448+00:00
td3_amo,1,0.002,antmaze-large-diverse-v2,1,66.0,1000000,True,50,True,1,svcho,jax,amld_s1_alr0p002__c8d2e214,1e34514ddf70bfc8a78757d9a78b82306627164c,71b619508a9395147ac00ec9ed5e0377079fc56a,main/td3_amo/antmaze-large-diverse-v2/2e-3/seed_1/amld_s1_alr0p002__c8d2e214,/home/svcho/amo/results/td3_amo_bootrms_maincand_seeds03/jobs/a1_am-ld_r2e3_s1/run,final_eval_50.json,1,normalized_score,2026-09-20T00:43:10.060561+00:00
td3_amo,1,0.002,antmaze-large-diverse-v2,2,30.0,1000000,True,50,True,1,svcho,jax,amld_s2_alr0p002__4d663d30,1e34514ddf70bfc8a78757d9a78b82306627164c,71b619508a9395147ac00ec9ed5e0377079fc56a,main/td3_amo/antmaze-large-diverse-v2/2e-3/seed_2/amld_s2_alr0p002__4d663d30,/home/svcho/amo/results/td3_amo_bootrms_maincand_seeds03/jobs/a1_am-ld_r2e3_s2/run,final_eval_50.json,1,normalized_score,2026-09-20T12:19:42.310006+00:00
td3_amo,1,0.002,antmaze-large-diverse-v2,3,44.0,1000000,True,50,True,1,svcho,jax,amld_s3_alr0p002__8579d6ea,1e34514ddf70bfc8a78757d9a78b82306627164c,71b619508a9395147ac00ec9ed5e0377079fc56a,main/td3_amo/antmaze-large-diverse-v2/2e-3/seed_3/amld_s3_alr0p002__8579d6ea,/home/svcho/amo/results/td3_amo_bootrms_maincand_seeds03/jobs/a1_am-ld_r2e3_s3/run,final_eval_50.json,1,normalized_score,2026-09-21T04:40:14.799362+00:00
td3_amo,1,0.001,antmaze-large-diverse-v2,0,22.0,1000000,True,50,True,1,svcho,jax,amld_s0_alr0p001__642105c7,1e34514ddf70bfc8a78757d9a78b82306627164c,71b619508a9395147ac00ec9ed5e0377079fc56a,main/td3_amo/antmaze-large-diverse-v2/1e-3/seed_0/amld_s0_alr0p001__642105c7,/home/svcho/amo/results/td3_amo_bootrms_maincand_seeds03/jobs/a1_am-ld_r1e3_s0/run,final_eval_50.json,1,normalized_score,2026-09-19T18:44:03.811647+00:00
td3_amo,1,0.001,antmaze-large-diverse-v2,1,14.000000000000002,1000000,True,50,True,1,svcho,jax,amld_s1_alr0p001__67996ab4,1e34514ddf70bfc8a78757d9a78b82306627164c,71b619508a9395147ac00ec9ed5e0377079fc56a,main/td3_amo/antmaze-large-diverse-v2/1e-3/seed_1/amld_s1_alr0p001__67996ab4,/home/svcho/amo/results/td3_amo_bootrms_maincand_seeds03/jobs/a1_am-ld_r1e3_s1/run,final_eval_50.json,1,normalized_score,2026-09-20T00:27:07.586762+00:00
td3_amo,1,0.001,antmaze-large-diverse-v2,2,10.0,1000000,True,50,True,1,svcho,jax,amld_s2_alr0p001__405baf3a,1e34514ddf70bfc8a78757d9a78b82306627164c,71b619508a9395147ac00ec9ed5e0377079fc56a,main/td3_amo/antmaze-large-diverse-v2/1e-3/seed_2/amld_s2_alr0p001__405baf3a,/home/svcho/amo/results/td3_amo_bootrms_maincand_seeds03/jobs/a1_am-ld_r1e3_s2/run,final_eval_50.json,1,normalized_score,2026-09-20T11:55:25.018784+00:00
td3_amo,1,0.001,antmaze-large-diverse-v2,3,12.0,1000000,True,50,True,1,svcho,jax,amld_s3_alr0p001__5efd9028,1e34514ddf70bfc8a78757d9a78b82306627164c,71b619508a9395147ac00ec9ed5e0377079fc56a,main/td3_amo/antmaze-large-diverse-v2/1e-3/seed_3/amld_s3_alr0p001__5efd9028,/home/svcho/amo/results/td3_amo_bootrms_maincand_seeds03/jobs/a1_am-ld_r1e3_s3/run,final_eval_50.json,1,normalized_score,2026-09-21T04:25:11.379839+00:00
td3_amo,1,0.0003,antmaze-large-diverse-v2,0,0.0,1000000,True,50,True,1,svcho,jax,amld_s0_alr0p0003__fa1e8cb8,1e34514ddf70bfc8a78757d9a78b82306627164c,71b619508a9395147ac00ec9ed5e0377079fc56a,main/td3_amo/antmaze-large-diverse-v2/3e-4/seed_0/amld_s0_alr0p0003__fa1e8cb8,/home/svcho/amo/results/td3_amo_bootrms_maincand_seeds03/jobs/a1_am-ld_r3e4_s0/run,final_eval_50.json,1,normalized_score,2026-09-19T18:31:20.764604+00:00
td3_amo,1,0.0003,antmaze-large-diverse-v2,1,0.0,1000000,True,50,True,1,svcho,jax,amld_s1_alr0p0003__403d507d,1e34514ddf70bfc8a78757d9a78b82306627164c,71b619508a9395147ac00ec9ed5e0377079fc56a,main/td3_amo/antmaze-large-diverse-v2/3e-4/seed_1/amld_s1_alr0p0003__403d507d,/home/svcho/amo/results/td3_amo_bootrms_maincand_seeds03/jobs/a1_am-ld_r3e4_s1/run,final_eval_50.json,1,normalized_score,2026-09-20T00:24:35.675965+00:00
td3_amo,1,0.0003,antmaze-large-diverse-v2,2,0.0,1000000,True,50,True,1,svcho,jax,amld_s2_alr0p0003__193a922f,1e34514ddf70bfc8a78757d9a78b82306627164c,71b619508a9395147ac00ec9ed5e0377079fc56a,main/td3_amo/antmaze-large-diverse-v2/3e-4/seed_2/amld_s2_alr0p0003__193a922f,/home/svcho/amo/results/td3_amo_bootrms_maincand_seeds03/jobs/a1_am-ld_r3e4_s2/run,final_eval_50.json,1,normalized_score,2026-09-20T11:30:42.337272+00:00
td3_amo,1,0.0003,antmaze-large-diverse-v2,3,0.0,1000000,True,50,True,1,svcho,jax,amld_s3_alr0p0003__338497ec,1e34514ddf70bfc8a78757d9a78b82306627164c,71b619508a9395147ac00ec9ed5e0377079fc56a,main/td3_amo/antmaze-large-diverse-v2/3e-4/seed_3/amld_s3_alr0p0003__338497ec,/home/svcho/amo/results/td3_amo_bootrms_maincand_seeds03/jobs/a1_am-ld_r3e4_s3/run,final_eval_50.json,1,normalized_score,2026-09-21T04:09:10.295657+00:00
td3_amo,2,0.002,halfcheetah-medium-v2,0,57.7570095727028,1000000,True,50,True,1,svcho,jax,hcm_s0_alr0p002__8b3526ac,1e34514ddf70bfc8a78757d9a78b82306627164c,71b619508a9395147ac00ec9ed5e0377079fc56a,main/td3_amo/halfcheetah-medium-v2/2e-3/seed_0/hcm_s0_alr0p002__8b3526ac,/home/svcho/amo/results/td3_amo_bootrms_maincand_seeds03/jobs/a2_hc-m_r2e3_s0/run,final_eval_50.json,1,normalized_score,2026-09-18T17:26:23.939407+00:00
td3_amo,2,0.002,halfcheetah-medium-v2,1,57.26407154150404,1000000,True,50,True,1,svcho,jax,hcm_s1_alr0p002__57a0d6d8,1e34514ddf70bfc8a78757d9a78b82306627164c,71b619508a9395147ac00ec9ed5e0377079fc56a,main/td3_amo/halfcheetah-medium-v2/2e-3/seed_1/hcm_s1_alr0p002__57a0d6d8,/home/svcho/amo/results/td3_amo_bootrms_maincand_seeds03/jobs/a2_hc-m_r2e3_s1/run,final_eval_50.json,1,normalized_score,2026-09-19T01:48:09.407765+00:00
td3_amo,2,0.002,halfcheetah-medium-v2,2,57.15937949412655,1000000,True,50,True,1,svcho,jax,hcm_s2_alr0p002__67878f74,1e34514ddf70bfc8a78757d9a78b82306627164c,71b619508a9395147ac00ec9ed5e0377079fc56a,main/td3_amo/halfcheetah-medium-v2/2e-3/seed_2/hcm_s2_alr0p002__67878f74,/home/svcho/amo/results/td3_amo_bootrms_maincand_seeds03/jobs/a2_hc-m_r2e3_s2/run,final_eval_50.json,1,normalized_score,2026-09-19T07:43:07.125247+00:00
td3_amo,2,0.002,halfcheetah-medium-v2,3,57.99378441459289,1000000,True,50,True,1,svcho,jax,hcm_s3_alr0p002__44c79203,1e34514ddf70bfc8a78757d9a78b82306627164c,71b619508a9395147ac00ec9ed5e0377079fc56a,main/td3_amo/halfcheetah-medium-v2/2e-3/seed_3/hcm_s3_alr0p002__44c79203,/home/svcho/amo/results/td3_amo_bootrms_maincand_seeds03/jobs/a2_hc-m_r2e3_s3/run,final_eval_50.json,1,normalized_score,2026-09-19T13:22:58.742563+00:00
td3_amo,2,0.001,halfcheetah-medium-v2,0,54.384393136865484,1000000,True,50,True,1,svcho,jax,hcm_s0_alr0p001__2a109d0e,1e34514ddf70bfc8a78757d9a78b82306627164c,71b619508a9395147ac00ec9ed5e0377079fc56a,main/td3_amo/halfcheetah-medium-v2/1e-3/seed_0/hcm_s0_alr0p001__2a109d0e,/home/svcho/amo/results/td3_amo_bootrms_maincand_seeds03/jobs/a2_hc-m_r1e3_s0/run,final_eval_50.json,1,normalized_score,2026-09-18T17:15:08.427498+00:00
td3_amo,2,0.001,halfcheetah-medium-v2,1,54.49399634823927,1000000,True,50,True,1,svcho,jax,hcm_s1_alr0p001__4d0bd1d6,1e34514ddf70bfc8a78757d9a78b82306627164c,71b619508a9395147ac00ec9ed5e0377079fc56a,main/td3_amo/halfcheetah-medium-v2/1e-3/seed_1/hcm_s1_alr0p001__4d0bd1d6,/home/svcho/amo/results/td3_amo_bootrms_maincand_seeds03/jobs/a2_hc-m_r1e3_s1/run,final_eval_50.json,1,normalized_score,2026-09-19T01:47:56.405648+00:00
td3_amo,2,0.001,halfcheetah-medium-v2,2,55.43229125390402,1000000,True,50,True,1,svcho,jax,hcm_s2_alr0p001__0f5e5ef0,1e34514ddf70bfc8a78757d9a78b82306627164c,71b619508a9395147ac00ec9ed5e0377079fc56a,main/td3_amo/halfcheetah-medium-v2/1e-3/seed_2/hcm_s2_alr0p001__0f5e5ef0,/home/svcho/amo/results/td3_amo_bootrms_maincand_seeds03/jobs/a2_hc-m_r1e3_s2/run,final_eval_50.json,1,normalized_score,2026-09-19T07:28:02.566404+00:00
td3_amo,2,0.001,halfcheetah-medium-v2,3,56.04041083278627,1000000,True,50,True,1,svcho,jax,hcm_s3_alr0p001__a14b5818,1e34514ddf70bfc8a78757d9a78b82306627164c,71b619508a9395147ac00ec9ed5e0377079fc56a,main/td3_amo/halfcheetah-medium-v2/1e-3/seed_3/hcm_s3_alr0p001__a14b5818,/home/svcho/amo/results/td3_amo_bootrms_maincand_seeds03/jobs/a2_hc-m_r1e3_s3/run,final_eval_50.json,1,normalized_score,2026-09-19T13:22:58.670143+00:00
td3_amo,2,0.0003,halfcheetah-medium-v2,0,51.01698683431827,1000000,True,50,True,1,svcho,jax,hcm_s0_alr0p0003__cd5c8e11,1e34514ddf70bfc8a78757d9a78b82306627164c,71b619508a9395147ac00ec9ed5e0377079fc56a,main/td3_amo/halfcheetah-medium-v2/3e-4/seed_0/hcm_s0_alr0p0003__cd5c8e11,/home/svcho/amo/results/td3_amo_bootrms_maincand_seeds03/jobs/a2_hc-m_r3e4_s0/run,final_eval_50.json,1,normalized_score,2026-09-18T17:15:08.556394+00:00
td3_amo,2,0.0003,halfcheetah-medium-v2,1,50.380552686478865,1000000,True,50,True,1,svcho,jax,hcm_s1_alr0p0003__09ebeb59,1e34514ddf70bfc8a78757d9a78b82306627164c,71b619508a9395147ac00ec9ed5e0377079fc56a,main/td3_amo/halfcheetah-medium-v2/3e-4/seed_1/hcm_s1_alr0p0003__09ebeb59,/home/svcho/amo/results/td3_amo_bootrms_maincand_seeds03/jobs/a2_hc-m_r3e4_s1/run,final_eval_50.json,1,normalized_score,2026-09-19T01:32:37.351977+00:00
td3_amo,2,0.0003,halfcheetah-medium-v2,2,50.8170561346959,1000000,True,50,True,1,svcho,jax,hcm_s2_alr0p0003__73bf50e8,1e34514ddf70bfc8a78757d9a78b82306627164c,71b619508a9395147ac00ec9ed5e0377079fc56a,main/td3_amo/halfcheetah-medium-v2/3e-4/seed_2/hcm_s2_alr0p0003__73bf50e8,/home/svcho/amo/results/td3_amo_bootrms_maincand_seeds03/jobs/a2_hc-m_r3e4_s2/run,final_eval_50.json,1,normalized_score,2026-09-19T07:27:35.241400+00:00
td3_amo,2,0.0003,halfcheetah-medium-v2,3,51.15737898459221,1000000,True,50,True,1,svcho,jax,hcm_s3_alr0p0003__3faedbb9,1e34514ddf70bfc8a78757d9a78b82306627164c,71b619508a9395147ac00ec9ed5e0377079fc56a,main/td3_amo/halfcheetah-medium-v2/3e-4/seed_3/hcm_s3_alr0p0003__3faedbb9,/home/svcho/amo/results/td3_amo_bootrms_maincand_seeds03/jobs/a2_hc-m_r3e4_s3/run,final_eval_50.json,1,normalized_score,2026-09-19T13:07:40.674959+00:00
td3_amo,2,0.002,halfcheetah-medium-replay-v2,0,49.827652862007795,1000000,True,50,True,1,svcho,jax,hcmr_s0_alr0p002__4117073a,1e34514ddf70bfc8a78757d9a78b82306627164c,71b619508a9395147ac00ec9ed5e0377079fc56a,main/td3_amo/halfcheetah-medium-replay-v2/2e-3/seed_0/hcmr_s0_alr0p002__4117073a,/home/svcho/amo/results/td3_amo_bootrms_maincand_seeds03/jobs/a2_hc-mr_r2e3_s0/run,final_eval_50.json,1,normalized_score,2026-09-18T17:53:14.245381+00:00
td3_amo,2,0.002,halfcheetah-medium-replay-v2,1,48.89530919442891,1000000,True,50,True,1,svcho,jax,hcmr_s1_alr0p002__f3040077,1e34514ddf70bfc8a78757d9a78b82306627164c,71b619508a9395147ac00ec9ed5e0377079fc56a,main/td3_amo/halfcheetah-medium-replay-v2/2e-3/seed_1/hcmr_s1_alr0p002__f3040077,/home/svcho/amo/results/td3_amo_bootrms_maincand_seeds03/jobs/a2_hc-mr_r2e3_s1/run,final_eval_50.json,1,normalized_score,2026-09-19T02:19:08.029218+00:00
td3_amo,2,0.002,halfcheetah-medium-replay-v2,2,48.812788209976446,1000000,True,50,True,1,svcho,jax,hcmr_s2_alr0p002__1a5a3da8,1e34514ddf70bfc8a78757d9a78b82306627164c,71b619508a9395147ac00ec9ed5e0377079fc56a,main/td3_amo/halfcheetah-medium-replay-v2/2e-3/seed_2/hcmr_s2_alr0p002__1a5a3da8,/home/svcho/amo/results/td3_amo_bootrms_maincand_seeds03/jobs/a2_hc-mr_r2e3_s2/run,final_eval_50.json,1,normalized_score,2026-09-19T07:58:54.647120+00:00
td3_amo,2,0.002,halfcheetah-medium-replay-v2,3,47.733020074603274,1000000,True,50,True,1,svcho,jax,hcmr_s3_alr0p002__34c801f7,1e34514ddf70bfc8a78757d9a78b82306627164c,71b619508a9395147ac00ec9ed5e0377079fc56a,main/td3_amo/halfcheetah-medium-replay-v2/2e-3/seed_3/hcmr_s3_alr0p002__34c801f7,/home/svcho/amo/results/td3_amo_bootrms_maincand_seeds03/jobs/a2_hc-mr_r2e3_s3/run,final_eval_50.json,1,normalized_score,2026-09-19T13:53:40.569826+00:00
td3_amo,2,0.001,halfcheetah-medium-replay-v2,0,48.17655710966188,1000000,True,50,True,1,svcho,jax,hcmr_s0_alr0p001__e61d5ce7,1e34514ddf70bfc8a78757d9a78b82306627164c,71b619508a9395147ac00ec9ed5e0377079fc56a,main/td3_amo/halfcheetah-medium-replay-v2/1e-3/seed_0/hcmr_s0_alr0p001__e61d5ce7,/home/svcho/amo/results/td3_amo_bootrms_maincand_seeds03/jobs/a2_hc-mr_r1e3_s0/run,final_eval_50.json,1,normalized_score,2026-09-18T17:41:44.371884+00:00
td3_amo,2,0.001,halfcheetah-medium-replay-v2,1,47.34280906379729,1000000,True,50,True,1,svcho,jax,hcmr_s1_alr0p001__0f3f3af4,1e34514ddf70bfc8a78757d9a78b82306627164c,71b619508a9395147ac00ec9ed5e0377079fc56a,main/td3_amo/halfcheetah-medium-replay-v2/1e-3/seed_1/hcmr_s1_alr0p001__0f3f3af4,/home/svcho/amo/results/td3_amo_bootrms_maincand_seeds03/jobs/a2_hc-mr_r1e3_s1/run,final_eval_50.json,1,normalized_score,2026-09-19T02:03:30.735978+00:00
td3_amo,2,0.001,halfcheetah-medium-replay-v2,2,47.7985755692008,1000000,True,50,True,1,svcho,jax,hcmr_s2_alr0p001__3d551a59,1e34514ddf70bfc8a78757d9a78b82306627164c,71b619508a9395147ac00ec9ed5e0377079fc56a,main/td3_amo/halfcheetah-medium-replay-v2/1e-3/seed_2/hcmr_s2_alr0p001__3d551a59,/home/svcho/amo/results/td3_amo_bootrms_maincand_seeds03/jobs/a2_hc-mr_r1e3_s2/run,final_eval_50.json,1,normalized_score,2026-09-19T07:58:27.101209+00:00
td3_amo,2,0.001,halfcheetah-medium-replay-v2,3,47.066260061953194,1000000,True,50,True,1,svcho,jax,hcmr_s3_alr0p001__3d822841,1e34514ddf70bfc8a78757d9a78b82306627164c,71b619508a9395147ac00ec9ed5e0377079fc56a,main/td3_amo/halfcheetah-medium-replay-v2/1e-3/seed_3/hcmr_s3_alr0p001__3d822841,/home/svcho/amo/results/td3_amo_bootrms_maincand_seeds03/jobs/a2_hc-mr_r1e3_s3/run,final_eval_50.json,1,normalized_score,2026-09-19T13:38:19.078744+00:00
td3_amo,2,0.0003,halfcheetah-medium-replay-v2,0,46.337851621411,1000000,True,50,True,1,svcho,jax,hcmr_s0_alr0p0003__a724592f,1e34514ddf70bfc8a78757d9a78b82306627164c,71b619508a9395147ac00ec9ed5e0377079fc56a,main/td3_amo/halfcheetah-medium-replay-v2/3e-4/seed_0/hcmr_s0_alr0p0003__a724592f,/home/svcho/amo/results/td3_amo_bootrms_maincand_seeds03/jobs/a2_hc-mr_r3e4_s0/run,final_eval_50.json,1,normalized_score,2026-09-18T17:41:31.540634+00:00
td3_amo,2,0.0003,halfcheetah-medium-replay-v2,1,45.959001732127405,1000000,True,50,True,1,svcho,jax,hcmr_s1_alr0p0003__c89c8c08,1e34514ddf70bfc8a78757d9a78b82306627164c,71b619508a9395147ac00ec9ed5e0377079fc56a,main/td3_amo/halfcheetah-medium-replay-v2/3e-4/seed_1/hcmr_s1_alr0p0003__c89c8c08,/home/svcho/amo/results/td3_amo_bootrms_maincand_seeds03/jobs/a2_hc-mr_r3e4_s1/run,final_eval_50.json,1,normalized_score,2026-09-19T02:03:30.846185+00:00
td3_amo,2,0.0003,halfcheetah-medium-replay-v2,2,45.94412460913783,1000000,True,50,True,1,svcho,jax,hcmr_s2_alr0p0003__c9452e53,1e34514ddf70bfc8a78757d9a78b82306627164c,71b619508a9395147ac00ec9ed5e0377079fc56a,main/td3_amo/halfcheetah-medium-replay-v2/3e-4/seed_2/hcmr_s2_alr0p0003__c9452e53,/home/svcho/amo/results/td3_amo_bootrms_maincand_seeds03/jobs/a2_hc-mr_r3e4_s2/run,final_eval_50.json,1,normalized_score,2026-09-19T07:43:20.905553+00:00
td3_amo,2,0.0003,halfcheetah-medium-replay-v2,3,46.30344733846036,1000000,True,50,True,1,svcho,jax,hcmr_s3_alr0p0003__f8231a15,1e34514ddf70bfc8a78757d9a78b82306627164c,71b619508a9395147ac00ec9ed5e0377079fc56a,main/td3_amo/halfcheetah-medium-replay-v2/3e-4/seed_3/hcmr_s3_alr0p0003__f8231a15,/home/svcho/amo/results/td3_amo_bootrms_maincand_seeds03/jobs/a2_hc-mr_r3e4_s3/run,final_eval_50.json,1,normalized_score,2026-09-19T13:38:19.231684+00:00
td3_amo,2,0.002,halfcheetah-medium-expert-v2,0,92.09857893733752,1000000,True,50,True,1,svcho,jax,hme_s0_alr0p002__bd0fadb6,1e34514ddf70bfc8a78757d9a78b82306627164c,71b619508a9395147ac00ec9ed5e0377079fc56a,main/td3_amo/halfcheetah-medium-expert-v2/2e-3/seed_0/hme_s0_alr0p002__bd0fadb6,/home/svcho/amo/results/td3_amo_bootrms_maincand_seeds03/jobs/a2_hc-me_r2e3_s0/run,final_eval_50.json,1,normalized_score,2026-09-18T18:20:07.866862+00:00
td3_amo,2,0.002,halfcheetah-medium-expert-v2,1,101.50058346650697,1000000,True,50,True,1,svcho,jax,hme_s1_alr0p002__b765fffb,1e34514ddf70bfc8a78757d9a78b82306627164c,71b619508a9395147ac00ec9ed5e0377079fc56a,main/td3_amo/halfcheetah-medium-expert-v2/2e-3/seed_1/hme_s1_alr0p002__b765fffb,/home/svcho/amo/results/td3_amo_bootrms_maincand_seeds03/jobs/a2_hc-me_r2e3_s1/run,final_eval_50.json,1,normalized_score,2026-09-19T02:34:19.262033+00:00
td3_amo,2,0.002,halfcheetah-medium-expert-v2,2,96.78688921062145,1000000,True,50,True,1,svcho,jax,hme_s2_alr0p002__23bad4d3,1e34514ddf70bfc8a78757d9a78b82306627164c,71b619508a9395147ac00ec9ed5e0377079fc56a,main/td3_amo/halfcheetah-medium-expert-v2/2e-3/seed_2/hme_s2_alr0p002__23bad4d3,/home/svcho/amo/results/td3_amo_bootrms_maincand_seeds03/jobs/a2_hc-me_r2e3_s2/run,final_eval_50.json,1,normalized_score,2026-09-19T08:29:09.085761+00:00
td3_amo,2,0.002,halfcheetah-medium-expert-v2,3,102.52598017208818,1000000,True,50,True,1,svcho,jax,hme_s3_alr0p002__0c4ddf07,1e34514ddf70bfc8a78757d9a78b82306627164c,71b619508a9395147ac00ec9ed5e0377079fc56a,main/td3_amo/halfcheetah-medium-expert-v2/2e-3/seed_3/hme_s3_alr0p002__0c4ddf07,/home/svcho/amo/results/td3_amo_bootrms_maincand_seeds03/jobs/a2_hc-me_r2e3_s3/run,final_eval_50.json,1,normalized_score,2026-09-19T14:09:26.808777+00:00
td3_amo,2,0.001,halfcheetah-medium-expert-v2,0,98.80873371258546,1000000,True,50,True,1,svcho,jax,hme_s0_alr0p001__88ac18d8,1e34514ddf70bfc8a78757d9a78b82306627164c,71b619508a9395147ac00ec9ed5e0377079fc56a,main/td3_amo/halfcheetah-medium-expert-v2/1e-3/seed_0/hme_s0_alr0p001__88ac18d8,/home/svcho/amo/results/td3_amo_bootrms_maincand_seeds03/jobs/a2_hc-me_r1e3_s0/run,final_eval_50.json,1,normalized_score,2026-09-18T18:08:49.508872+00:00
td3_amo,2,0.001,halfcheetah-medium-expert-v2,1,98.70890192188365,1000000,True,50,True,1,svcho,jax,hme_s1_alr0p001__bb56158f,1e34514ddf70bfc8a78757d9a78b82306627164c,71b619508a9395147ac00ec9ed5e0377079fc56a,main/td3_amo/halfcheetah-medium-expert-v2/1e-3/seed_1/hme_s1_alr0p001__bb56158f,/home/svcho/amo/results/td3_amo_bootrms_maincand_seeds03/jobs/a2_hc-me_r1e3_s1/run,final_eval_50.json,1,normalized_score,2026-09-19T02:34:33.223430+00:00
td3_amo,2,0.001,halfcheetah-medium-expert-v2,2,96.74322746222897,1000000,True,50,True,1,svcho,jax,hme_s2_alr0p001__c2027493,1e34514ddf70bfc8a78757d9a78b82306627164c,71b619508a9395147ac00ec9ed5e0377079fc56a,main/td3_amo/halfcheetah-medium-expert-v2/1e-3/seed_2/hme_s2_alr0p001__c2027493,/home/svcho/amo/results/td3_amo_bootrms_maincand_seeds03/jobs/a2_hc-me_r1e3_s2/run,final_eval_50.json,1,normalized_score,2026-09-19T08:14:13.701474+00:00
td3_amo,2,0.001,halfcheetah-medium-expert-v2,3,102.57553586585244,1000000,True,50,True,1,svcho,jax,hme_s3_alr0p001__ad3d8e84,1e34514ddf70bfc8a78757d9a78b82306627164c,71b619508a9395147ac00ec9ed5e0377079fc56a,main/td3_amo/halfcheetah-medium-expert-v2/1e-3/seed_3/hme_s3_alr0p001__ad3d8e84,/home/svcho/amo/results/td3_amo_bootrms_maincand_seeds03/jobs/a2_hc-me_r1e3_s3/run,final_eval_50.json,1,normalized_score,2026-09-19T14:09:26.804060+00:00
td3_amo,2,0.0003,halfcheetah-medium-expert-v2,0,100.24069962924322,1000000,True,50,True,1,svcho,jax,hme_s0_alr0p0003__38b78832,1e34514ddf70bfc8a78757d9a78b82306627164c,71b619508a9395147ac00ec9ed5e0377079fc56a,main/td3_amo/halfcheetah-medium-expert-v2/3e-4/seed_0/hme_s0_alr0p0003__38b78832,/home/svcho/amo/results/td3_amo_bootrms_maincand_seeds03/jobs/a2_hc-me_r3e4_s0/run,final_eval_50.json,1,normalized_score,2026-09-18T18:08:49.552315+00:00
td3_amo,2,0.0003,halfcheetah-medium-expert-v2,1,94.83325769121123,1000000,True,50,True,1,svcho,jax,hme_s1_alr0p0003__dc77349f,1e34514ddf70bfc8a78757d9a78b82306627164c,71b619508a9395147ac00ec9ed5e0377079fc56a,main/td3_amo/halfcheetah-medium-expert-v2/3e-4/seed_1/hme_s1_alr0p0003__dc77349f,/home/svcho/amo/results/td3_amo_bootrms_maincand_seeds03/jobs/a2_hc-me_r3e4_s1/run,final_eval_50.json,1,normalized_score,2026-09-19T02:19:07.901400+00:00
td3_amo,2,0.0003,halfcheetah-medium-expert-v2,2,99.81369715295635,1000000,True,50,True,1,svcho,jax,hme_s2_alr0p0003__dcd09f10,1e34514ddf70bfc8a78757d9a78b82306627164c,71b619508a9395147ac00ec9ed5e0377079fc56a,main/td3_amo/halfcheetah-medium-expert-v2/3e-4/seed_2/hme_s2_alr0p0003__dcd09f10,/home/svcho/amo/results/td3_amo_bootrms_maincand_seeds03/jobs/a2_hc-me_r3e4_s2/run,final_eval_50.json,1,normalized_score,2026-09-19T08:13:46.234750+00:00
td3_amo,2,0.0003,halfcheetah-medium-expert-v2,3,101.536441029429,1000000,True,50,True,1,svcho,jax,hme_s3_alr0p0003__92278f18,1e34514ddf70bfc8a78757d9a78b82306627164c,71b619508a9395147ac00ec9ed5e0377079fc56a,main/td3_amo/halfcheetah-medium-expert-v2/3e-4/seed_3/hme_s3_alr0p0003__92278f18,/home/svcho/amo/results/td3_amo_bootrms_maincand_seeds03/jobs/a2_hc-me_r3e4_s3/run,final_eval_50.json,1,normalized_score,2026-09-19T13:53:40.403295+00:00
td3_amo,2,0.002,hopper-medium-v2,0,97.31194192455432,1000000,True,50,True,1,svcho,jax,hopm_s0_alr0p002__d50dea53,1e34514ddf70bfc8a78757d9a78b82306627164c,71b619508a9395147ac00ec9ed5e0377079fc56a,main/td3_amo/hopper-medium-v2/2e-3/seed_0/hopm_s0_alr0p002__d50dea53,/home/svcho/amo/results/td3_amo_bootrms_maincand_seeds03/jobs/a2_h-m_r2e3_s0/run,final_eval_50.json,1,normalized_score,2026-09-18T12:01:30.767594+00:00
td3_amo,2,0.002,hopper-medium-v2,1,100.69833587416126,1000000,True,50,True,1,svcho,jax,hopm_s1_alr0p002__0ea9b445,1e34514ddf70bfc8a78757d9a78b82306627164c,71b619508a9395147ac00ec9ed5e0377079fc56a,main/td3_amo/hopper-medium-v2/2e-3/seed_1/hopm_s1_alr0p002__0ea9b445,/home/svcho/amo/results/td3_amo_bootrms_maincand_seeds03/jobs/a2_h-m_r2e3_s1/run,final_eval_50.json,1,normalized_score,2026-09-18T18:46:30.492720+00:00
td3_amo,2,0.002,hopper-medium-v2,2,101.84420447290276,1000000,True,50,True,1,svcho,jax,hopm_s2_alr0p002__164fa831,1e34514ddf70bfc8a78757d9a78b82306627164c,71b619508a9395147ac00ec9ed5e0377079fc56a,main/td3_amo/hopper-medium-v2/2e-3/seed_2/hopm_s2_alr0p002__164fa831,/home/svcho/amo/results/td3_amo_bootrms_maincand_seeds03/jobs/a2_h-m_r2e3_s2/run,final_eval_50.json,1,normalized_score,2026-09-19T03:05:13.405898+00:00
td3_amo,2,0.002,hopper-medium-v2,3,98.29059995614928,1000000,True,50,True,1,svcho,jax,hopm_s3_alr0p002__e7a64d0f,1e34514ddf70bfc8a78757d9a78b82306627164c,71b619508a9395147ac00ec9ed5e0377079fc56a,main/td3_amo/hopper-medium-v2/2e-3/seed_3/hopm_s3_alr0p002__e7a64d0f,/home/svcho/amo/results/td3_amo_bootrms_maincand_seeds03/jobs/a2_h-m_r2e3_s3/run,final_eval_50.json,1,normalized_score,2026-09-19T08:45:16.463444+00:00
td3_amo,2,0.001,hopper-medium-v2,0,82.76432086789806,1000000,True,50,True,1,svcho,jax,hopm_s0_alr0p001__17dc1821,1e34514ddf70bfc8a78757d9a78b82306627164c,71b619508a9395147ac00ec9ed5e0377079fc56a,main/td3_amo/hopper-medium-v2/1e-3/seed_0/hopm_s0_alr0p001__17dc1821,/home/svcho/amo/results/td3_amo_bootrms_maincand_seeds03/jobs/a2_h-m_r1e3_s0/run,final_eval_50.json,1,normalized_score,2026-09-18T11:50:12.004039+00:00
td3_amo,2,0.001,hopper-medium-v2,1,97.99719576669764,1000000,True,50,True,1,svcho,jax,hopm_s1_alr0p001__6a2b6e15,1e34514ddf70bfc8a78757d9a78b82306627164c,71b619508a9395147ac00ec9ed5e0377079fc56a,main/td3_amo/hopper-medium-v2/1e-3/seed_1/hopm_s1_alr0p001__6a2b6e15,/home/svcho/amo/results/td3_amo_bootrms_maincand_seeds03/jobs/a2_h-m_r1e3_s1/run,final_eval_50.json,1,normalized_score,2026-09-18T18:35:33.453898+00:00
td3_amo,2,0.001,hopper-medium-v2,2,66.23248178076996,1000000,True,50,True,1,svcho,jax,hopm_s2_alr0p001__8f0c6640,1e34514ddf70bfc8a78757d9a78b82306627164c,71b619508a9395147ac00ec9ed5e0377079fc56a,main/td3_amo/hopper-medium-v2/1e-3/seed_2/hopm_s2_alr0p001__8f0c6640,/home/svcho/amo/results/td3_amo_bootrms_maincand_seeds03/jobs/a2_h-m_r1e3_s2/run,final_eval_50.json,1,normalized_score,2026-09-19T02:49:44.153994+00:00
td3_amo,2,0.001,hopper-medium-v2,3,81.03434460504899,1000000,True,50,True,1,svcho,jax,hopm_s3_alr0p001__7ca4d8cb,1e34514ddf70bfc8a78757d9a78b82306627164c,71b619508a9395147ac00ec9ed5e0377079fc56a,main/td3_amo/hopper-medium-v2/1e-3/seed_3/hopm_s3_alr0p001__7ca4d8cb,/home/svcho/amo/results/td3_amo_bootrms_maincand_seeds03/jobs/a2_h-m_r1e3_s3/run,final_eval_50.json,1,normalized_score,2026-09-19T08:44:48.093756+00:00
td3_amo,2,0.0003,hopper-medium-v2,0,62.19764968457602,1000000,True,50,True,1,svcho,jax,hopm_s0_alr0p0003__7f1c5746,1e34514ddf70bfc8a78757d9a78b82306627164c,71b619508a9395147ac00ec9ed5e0377079fc56a,main/td3_amo/hopper-medium-v2/3e-4/seed_0/hopm_s0_alr0p0003__7f1c5746,/home/svcho/amo/results/td3_amo_bootrms_maincand_seeds03/jobs/a2_h-m_r3e4_s0/run,final_eval_50.json,1,normalized_score,2026-09-18T11:50:11.079453+00:00
td3_amo,2,0.0003,hopper-medium-v2,1,69.14983573101645,1000000,True,50,True,1,svcho,jax,hopm_s1_alr0p0003__d8c1cf7f,1e34514ddf70bfc8a78757d9a78b82306627164c,71b619508a9395147ac00ec9ed5e0377079fc56a,main/td3_amo/hopper-medium-v2/3e-4/seed_1/hopm_s1_alr0p0003__d8c1cf7f,/home/svcho/amo/results/td3_amo_bootrms_maincand_seeds03/jobs/a2_h-m_r3e4_s1/run,final_eval_50.json,1,normalized_score,2026-09-18T18:35:19.520824+00:00
td3_amo,2,0.0003,hopper-medium-v2,2,59.63925217665427,1000000,True,50,True,1,svcho,jax,hopm_s2_alr0p0003__9f4a3086,1e34514ddf70bfc8a78757d9a78b82306627164c,71b619508a9395147ac00ec9ed5e0377079fc56a,main/td3_amo/hopper-medium-v2/3e-4/seed_2/hopm_s2_alr0p0003__9f4a3086,/home/svcho/amo/results/td3_amo_bootrms_maincand_seeds03/jobs/a2_h-m_r3e4_s2/run,final_eval_50.json,1,normalized_score,2026-09-19T02:49:30.754747+00:00
td3_amo,2,0.0003,hopper-medium-v2,3,58.76542146556102,1000000,True,50,True,1,svcho,jax,hopm_s3_alr0p0003__249fb9fc,1e34514ddf70bfc8a78757d9a78b82306627164c,71b619508a9395147ac00ec9ed5e0377079fc56a,main/td3_amo/hopper-medium-v2/3e-4/seed_3/hopm_s3_alr0p0003__249fb9fc,/home/svcho/amo/results/td3_amo_bootrms_maincand_seeds03/jobs/a2_h-m_r3e4_s3/run,final_eval_50.json,1,normalized_score,2026-09-19T08:29:49.196218+00:00
td3_amo,2,0.002,hopper-medium-replay-v2,0,101.37382314211325,1000000,True,50,True,1,svcho,jax,hopmr_s0_alr0p002__37485d61,1e34514ddf70bfc8a78757d9a78b82306627164c,71b619508a9395147ac00ec9ed5e0377079fc56a,main/td3_amo/hopper-medium-replay-v2/2e-3/seed_0/hopmr_s0_alr0p002__37485d61,/home/svcho/amo/results/td3_amo_bootrms_maincand_seeds03/jobs/a2_h-mr_r2e3_s0/run,final_eval_50.json,1,normalized_score,2026-09-18T12:28:17.579098+00:00
td3_amo,2,0.002,hopper-medium-replay-v2,1,98.72103780431955,1000000,True,50,True,1,svcho,jax,hopmr_s1_alr0p002__c9c1772c,1e34514ddf70bfc8a78757d9a78b82306627164c,71b619508a9395147ac00ec9ed5e0377079fc56a,main/td3_amo/hopper-medium-replay-v2/2e-3/seed_1/hopmr_s1_alr0p002__c9c1772c,/home/svcho/amo/results/td3_amo_bootrms_maincand_seeds03/jobs/a2_h-mr_r2e3_s1/run,final_eval_50.json,1,normalized_score,2026-09-18T19:12:40.337139+00:00
td3_amo,2,0.002,hopper-medium-replay-v2,2,101.86215353294206,1000000,True,50,True,1,svcho,jax,hopmr_s2_alr0p002__a209172e,1e34514ddf70bfc8a78757d9a78b82306627164c,71b619508a9395147ac00ec9ed5e0377079fc56a,main/td3_amo/hopper-medium-replay-v2/2e-3/seed_2/hopmr_s2_alr0p002__a209172e,/home/svcho/amo/results/td3_amo_bootrms_maincand_seeds03/jobs/a2_h-mr_r2e3_s2/run,final_eval_50.json,1,normalized_score,2026-09-19T03:20:29.666439+00:00
td3_amo,2,0.002,hopper-medium-replay-v2,3,103.34111832552281,1000000,True,50,True,1,svcho,jax,hopmr_s3_alr0p002__2966cfee,1e34514ddf70bfc8a78757d9a78b82306627164c,71b619508a9395147ac00ec9ed5e0377079fc56a,main/td3_amo/hopper-medium-replay-v2/2e-3/seed_3/hopmr_s3_alr0p002__2966cfee,/home/svcho/amo/results/td3_amo_bootrms_maincand_seeds03/jobs/a2_h-mr_r2e3_s3/run,final_eval_50.json,1,normalized_score,2026-09-19T09:15:28.622571+00:00
td3_amo,2,0.001,hopper-medium-replay-v2,0,101.66899985503468,1000000,True,50,True,1,svcho,jax,hopmr_s0_alr0p001__0965b9eb,1e34514ddf70bfc8a78757d9a78b82306627164c,71b619508a9395147ac00ec9ed5e0377079fc56a,main/td3_amo/hopper-medium-replay-v2/1e-3/seed_0/hopmr_s0_alr0p001__0965b9eb,/home/svcho/amo/results/td3_amo_bootrms_maincand_seeds03/jobs/a2_h-mr_r1e3_s0/run,final_eval_50.json,1,normalized_score,2026-09-18T12:16:45.588173+00:00
td3_amo,2,0.001,hopper-medium-replay-v2,1,99.61905080870437,1000000,True,50,True,1,svcho,jax,hopmr_s1_alr0p001__b83df12c,1e34514ddf70bfc8a78757d9a78b82306627164c,71b619508a9395147ac00ec9ed5e0377079fc56a,main/td3_amo/hopper-medium-replay-v2/1e-3/seed_1/hopmr_s1_alr0p001__b83df12c,/home/svcho/amo/results/td3_amo_bootrms_maincand_seeds03/jobs/a2_h-mr_r1e3_s1/run,final_eval_50.json,1,normalized_score,2026-09-18T19:01:17.623733+00:00
td3_amo,2,0.001,hopper-medium-replay-v2,2,100.22616396583788,1000000,True,50,True,1,svcho,jax,hopmr_s2_alr0p001__3293dbb1,1e34514ddf70bfc8a78757d9a78b82306627164c,71b619508a9395147ac00ec9ed5e0377079fc56a,main/td3_amo/hopper-medium-replay-v2/1e-3/seed_2/hopmr_s2_alr0p001__3293dbb1,/home/svcho/amo/results/td3_amo_bootrms_maincand_seeds03/jobs/a2_h-mr_r1e3_s2/run,final_eval_50.json,1,normalized_score,2026-09-19T03:20:29.622921+00:00
td3_amo,2,0.001,hopper-medium-replay-v2,3,101.42886009601541,1000000,True,50,True,1,svcho,jax,hopmr_s3_alr0p001__bc16ee05,1e34514ddf70bfc8a78757d9a78b82306627164c,71b619508a9395147ac00ec9ed5e0377079fc56a,main/td3_amo/hopper-medium-replay-v2/1e-3/seed_3/hopmr_s3_alr0p001__bc16ee05,/home/svcho/amo/results/td3_amo_bootrms_maincand_seeds03/jobs/a2_h-mr_r1e3_s3/run,final_eval_50.json,1,normalized_score,2026-09-19T09:00:29.424623+00:00
td3_amo,2,0.0003,hopper-medium-replay-v2,0,100.20374487419872,1000000,True,50,True,1,svcho,jax,hopmr_s0_alr0p0003__f447da89,1e34514ddf70bfc8a78757d9a78b82306627164c,71b619508a9395147ac00ec9ed5e0377079fc56a,main/td3_amo/hopper-medium-replay-v2/3e-4/seed_0/hopmr_s0_alr0p0003__f447da89,/home/svcho/amo/results/td3_amo_bootrms_maincand_seeds03/jobs/a2_h-mr_r3e4_s0/run,final_eval_50.json,1,normalized_score,2026-09-18T12:16:33.075030+00:00
td3_amo,2,0.0003,hopper-medium-replay-v2,1,61.307735582270794,1000000,True,50,True,1,svcho,jax,hopmr_s1_alr0p0003__81f1419e,1e34514ddf70bfc8a78757d9a78b82306627164c,71b619508a9395147ac00ec9ed5e0377079fc56a,main/td3_amo/hopper-medium-replay-v2/3e-4/seed_1/hopmr_s1_alr0p0003__81f1419e,/home/svcho/amo/results/td3_amo_bootrms_maincand_seeds03/jobs/a2_h-mr_r3e4_s1/run,final_eval_50.json,1,normalized_score,2026-09-18T19:01:15.744226+00:00
td3_amo,2,0.0003,hopper-medium-replay-v2,2,99.35021286034123,1000000,True,50,True,1,svcho,jax,hopmr_s2_alr0p0003__1b40dfa8,1e34514ddf70bfc8a78757d9a78b82306627164c,71b619508a9395147ac00ec9ed5e0377079fc56a,main/td3_amo/hopper-medium-replay-v2/3e-4/seed_2/hopmr_s2_alr0p0003__1b40dfa8,/home/svcho/amo/results/td3_amo_bootrms_maincand_seeds03/jobs/a2_h-mr_r3e4_s2/run,final_eval_50.json,1,normalized_score,2026-09-19T03:05:00.668355+00:00
td3_amo,2,0.0003,hopper-medium-replay-v2,3,100.60495546339365,1000000,True,50,True,1,svcho,jax,hopmr_s3_alr0p0003__19da519c,1e34514ddf70bfc8a78757d9a78b82306627164c,71b619508a9395147ac00ec9ed5e0377079fc56a,main/td3_amo/hopper-medium-replay-v2/3e-4/seed_3/hopmr_s3_alr0p0003__19da519c,/home/svcho/amo/results/td3_amo_bootrms_maincand_seeds03/jobs/a2_h-mr_r3e4_s3/run,final_eval_50.json,1,normalized_score,2026-09-19T09:00:01.797814+00:00
td3_amo,2,0.002,hopper-medium-expert-v2,0,113.32400917239973,1000000,True,50,True,1,svcho,jax,hopme_s0_alr0p002__d5133c6e,1e34514ddf70bfc8a78757d9a78b82306627164c,71b619508a9395147ac00ec9ed5e0377079fc56a,main/td3_amo/hopper-medium-expert-v2/2e-3/seed_0/hopme_s0_alr0p002__d5133c6e,/home/svcho/amo/results/td3_amo_bootrms_maincand_seeds03/jobs/a2_h-me_r2e3_s0/run,final_eval_50.json,1,normalized_score,2026-09-18T12:54:55.935890+00:00
td3_amo,2,0.002,hopper-medium-expert-v2,1,112.31332095754615,1000000,True,50,True,1,svcho,jax,hopme_s1_alr0p002__898191a0,1e34514ddf70bfc8a78757d9a78b82306627164c,71b619508a9395147ac00ec9ed5e0377079fc56a,main/td3_amo/hopper-medium-expert-v2/2e-3/seed_1/hopme_s1_alr0p002__898191a0,/home/svcho/amo/results/td3_amo_bootrms_maincand_seeds03/jobs/a2_h-me_r2e3_s1/run,final_eval_50.json,1,normalized_score,2026-09-18T19:39:34.252077+00:00
td3_amo,2,0.002,hopper-medium-expert-v2,2,112.27975349706219,1000000,True,50,True,1,svcho,jax,hopme_s2_alr0p002__8d4627d6,1e34514ddf70bfc8a78757d9a78b82306627164c,71b619508a9395147ac00ec9ed5e0377079fc56a,main/td3_amo/hopper-medium-expert-v2/2e-3/seed_2/hopme_s2_alr0p002__8d4627d6,/home/svcho/amo/results/td3_amo_bootrms_maincand_seeds03/jobs/a2_h-me_r2e3_s2/run,final_eval_50.json,1,normalized_score,2026-09-19T03:51:20.653567+00:00
td3_amo,2,0.002,hopper-medium-expert-v2,3,94.46010526710005,1000000,True,50,True,1,svcho,jax,hopme_s3_alr0p002__694b8376,1e34514ddf70bfc8a78757d9a78b82306627164c,71b619508a9395147ac00ec9ed5e0377079fc56a,main/td3_amo/hopper-medium-expert-v2/2e-3/seed_3/hopme_s3_alr0p002__694b8376,/home/svcho/amo/results/td3_amo_bootrms_maincand_seeds03/jobs/a2_h-me_r2e3_s3/run,final_eval_50.json,1,normalized_score,2026-09-19T09:31:38.036803+00:00
td3_amo,2,0.001,hopper-medium-expert-v2,0,110.46505112918297,1000000,True,50,True,1,svcho,jax,hopme_s0_alr0p001__b9b3c657,1e34514ddf70bfc8a78757d9a78b82306627164c,71b619508a9395147ac00ec9ed5e0377079fc56a,main/td3_amo/hopper-medium-expert-v2/1e-3/seed_0/hopme_s0_alr0p001__b9b3c657,/home/svcho/amo/results/td3_amo_bootrms_maincand_seeds03/jobs/a2_h-me_r1e3_s0/run,final_eval_50.json,1,normalized_score,2026-09-18T12:43:33.698238+00:00
td3_amo,2,0.001,hopper-medium-expert-v2,1,107.31746125919086,1000000,True,50,True,1,svcho,jax,hopme_s1_alr0p001__65a8b8c9,1e34514ddf70bfc8a78757d9a78b82306627164c,71b619508a9395147ac00ec9ed5e0377079fc56a,main/td3_amo/hopper-medium-expert-v2/1e-3/seed_1/hopme_s1_alr0p001__65a8b8c9,/home/svcho/amo/results/td3_amo_bootrms_maincand_seeds03/jobs/a2_h-me_r1e3_s1/run,final_eval_50.json,1,normalized_score,2026-09-18T19:27:56.824629+00:00
td3_amo,2,0.001,hopper-medium-expert-v2,2,111.62920632617069,1000000,True,50,True,1,svcho,jax,hopme_s2_alr0p001__79270e9c,1e34514ddf70bfc8a78757d9a78b82306627164c,71b619508a9395147ac00ec9ed5e0377079fc56a,main/td3_amo/hopper-medium-expert-v2/1e-3/seed_2/hopme_s2_alr0p001__79270e9c,/home/svcho/amo/results/td3_amo_bootrms_maincand_seeds03/jobs/a2_h-me_r1e3_s2/run,final_eval_50.json,1,normalized_score,2026-09-19T03:36:14.957665+00:00
td3_amo,2,0.001,hopper-medium-expert-v2,3,103.12401145306521,1000000,True,50,True,1,svcho,jax,hopme_s3_alr0p001__32a45274,1e34514ddf70bfc8a78757d9a78b82306627164c,71b619508a9395147ac00ec9ed5e0377079fc56a,main/td3_amo/hopper-medium-expert-v2/1e-3/seed_3/hopme_s3_alr0p001__32a45274,/home/svcho/amo/results/td3_amo_bootrms_maincand_seeds03/jobs/a2_h-me_r1e3_s3/run,final_eval_50.json,1,normalized_score,2026-09-19T09:30:56.500946+00:00
td3_amo,2,0.0003,hopper-medium-expert-v2,0,103.92449703762657,1000000,True,50,True,1,svcho,jax,hopme_s0_alr0p0003__523e439e,1e34514ddf70bfc8a78757d9a78b82306627164c,71b619508a9395147ac00ec9ed5e0377079fc56a,main/td3_amo/hopper-medium-expert-v2/3e-4/seed_0/hopme_s0_alr0p0003__523e439e,/home/svcho/amo/results/td3_amo_bootrms_maincand_seeds03/jobs/a2_h-me_r3e4_s0/run,final_eval_50.json,1,normalized_score,2026-09-18T12:43:21.193764+00:00
td3_amo,2,0.0003,hopper-medium-expert-v2,1,106.97179131649237,1000000,True,50,True,1,svcho,jax,hopme_s1_alr0p0003__18da81b1,1e34514ddf70bfc8a78757d9a78b82306627164c,71b619508a9395147ac00ec9ed5e0377079fc56a,main/td3_amo/hopper-medium-expert-v2/3e-4/seed_1/hopme_s1_alr0p0003__18da81b1,/home/svcho/amo/results/td3_amo_bootrms_maincand_seeds03/jobs/a2_h-me_r3e4_s1/run,final_eval_50.json,1,normalized_score,2026-09-18T19:27:56.878511+00:00
td3_amo,2,0.0003,hopper-medium-expert-v2,2,105.54590328412775,1000000,True,50,True,1,svcho,jax,hopme_s2_alr0p0003__81b14f5a,1e34514ddf70bfc8a78757d9a78b82306627164c,71b619508a9395147ac00ec9ed5e0377079fc56a,main/td3_amo/hopper-medium-expert-v2/3e-4/seed_2/hopme_s2_alr0p0003__81b14f5a,/home/svcho/amo/results/td3_amo_bootrms_maincand_seeds03/jobs/a2_h-me_r3e4_s2/run,final_eval_50.json,1,normalized_score,2026-09-19T03:36:01.216065+00:00
td3_amo,2,0.0003,hopper-medium-expert-v2,3,97.21232871105722,1000000,True,50,True,1,svcho,jax,hopme_s3_alr0p0003__cc6f4255,1e34514ddf70bfc8a78757d9a78b82306627164c,71b619508a9395147ac00ec9ed5e0377079fc56a,main/td3_amo/hopper-medium-expert-v2/3e-4/seed_3/hopme_s3_alr0p0003__cc6f4255,/home/svcho/amo/results/td3_amo_bootrms_maincand_seeds03/jobs/a2_h-me_r3e4_s3/run,final_eval_50.json,1,normalized_score,2026-09-19T09:15:55.502944+00:00
td3_amo,2,0.002,walker2d-medium-v2,0,91.14427455268064,1000000,True,50,True,1,svcho,jax,wm_s0_alr0p002__1c618af6,1e34514ddf70bfc8a78757d9a78b82306627164c,71b619508a9395147ac00ec9ed5e0377079fc56a,main/td3_amo/walker2d-medium-v2/2e-3/seed_0/wm_s0_alr0p002__1c618af6,/home/svcho/amo/results/td3_amo_bootrms_maincand_seeds03/jobs/a2_w-m_r2e3_s0/run,final_eval_50.json,1,normalized_score,2026-09-18T13:22:15.514764+00:00
td3_amo,2,0.002,walker2d-medium-v2,1,97.06459970064071,1000000,True,50,True,1,svcho,jax,wm_s1_alr0p002__6963e4a7,1e34514ddf70bfc8a78757d9a78b82306627164c,71b619508a9395147ac00ec9ed5e0377079fc56a,main/td3_amo/walker2d-medium-v2/2e-3/seed_1/wm_s1_alr0p002__6963e4a7,/home/svcho/amo/results/td3_amo_bootrms_maincand_seeds03/jobs/a2_w-m_r2e3_s1/run,final_eval_50.json,1,normalized_score,2026-09-18T20:06:08.770046+00:00
td3_amo,2,0.002,walker2d-medium-v2,2,97.7224589356269,1000000,True,50,True,1,svcho,jax,wm_s2_alr0p002__d1609414,1e34514ddf70bfc8a78757d9a78b82306627164c,71b619508a9395147ac00ec9ed5e0377079fc56a,main/td3_amo/walker2d-medium-v2/2e-3/seed_2/wm_s2_alr0p002__d1609414,/home/svcho/amo/results/td3_amo_bootrms_maincand_seeds03/jobs/a2_w-m_r2e3_s2/run,final_eval_50.json,1,normalized_score,2026-09-19T04:06:55.912370+00:00
td3_amo,2,0.002,walker2d-medium-v2,3,92.7393798577495,1000000,True,50,True,1,svcho,jax,wm_s3_alr0p002__4887ac75,1e34514ddf70bfc8a78757d9a78b82306627164c,71b619508a9395147ac00ec9ed5e0377079fc56a,main/td3_amo/walker2d-medium-v2/2e-3/seed_3/wm_s3_alr0p002__4887ac75,/home/svcho/amo/results/td3_amo_bootrms_maincand_seeds03/jobs/a2_w-m_r2e3_s3/run,final_eval_50.json,1,normalized_score,2026-09-19T10:02:27.974591+00:00
td3_amo,2,0.001,walker2d-medium-v2,0,88.98299559290517,1000000,True,50,True,1,svcho,jax,wm_s0_alr0p001__f8712cee,1e34514ddf70bfc8a78757d9a78b82306627164c,71b619508a9395147ac00ec9ed5e0377079fc56a,main/td3_amo/walker2d-medium-v2/1e-3/seed_0/wm_s0_alr0p001__f8712cee,/home/svcho/amo/results/td3_amo_bootrms_maincand_seeds03/jobs/a2_w-m_r1e3_s0/run,final_eval_50.json,1,normalized_score,2026-09-18T13:10:04.164681+00:00
td3_amo,2,0.001,walker2d-medium-v2,1,88.65895701668953,1000000,True,50,True,1,svcho,jax,wm_s1_alr0p001__c6d2f35a,1e34514ddf70bfc8a78757d9a78b82306627164c,71b619508a9395147ac00ec9ed5e0377079fc56a,main/td3_amo/walker2d-medium-v2/1e-3/seed_1/wm_s1_alr0p001__c6d2f35a,/home/svcho/amo/results/td3_amo_bootrms_maincand_seeds03/jobs/a2_w-m_r1e3_s1/run,final_eval_50.json,1,normalized_score,2026-09-18T19:54:55.148152+00:00
td3_amo,2,0.001,walker2d-medium-v2,2,88.50947890248304,1000000,True,50,True,1,svcho,jax,wm_s2_alr0p001__e2bbae63,1e34514ddf70bfc8a78757d9a78b82306627164c,71b619508a9395147ac00ec9ed5e0377079fc56a,main/td3_amo/walker2d-medium-v2/1e-3/seed_2/wm_s2_alr0p001__e2bbae63,/home/svcho/amo/results/td3_amo_bootrms_maincand_seeds03/jobs/a2_w-m_r1e3_s2/run,final_eval_50.json,1,normalized_score,2026-09-19T04:06:56.009017+00:00
td3_amo,2,0.001,walker2d-medium-v2,3,91.30081456332361,1000000,True,50,True,1,svcho,jax,wm_s3_alr0p001__8e214355,1e34514ddf70bfc8a78757d9a78b82306627164c,71b619508a9395147ac00ec9ed5e0377079fc56a,main/td3_amo/walker2d-medium-v2/1e-3/seed_3/wm_s3_alr0p001__8e214355,/home/svcho/amo/results/td3_amo_bootrms_maincand_seeds03/jobs/a2_w-m_r1e3_s3/run,final_eval_50.json,1,normalized_score,2026-09-19T09:47:10.555948+00:00
td3_amo,2,0.0003,walker2d-medium-v2,0,85.98050358525593,1000000,True,50,True,1,svcho,jax,wm_s0_alr0p0003__6f450a5b,1e34514ddf70bfc8a78757d9a78b82306627164c,71b619508a9395147ac00ec9ed5e0377079fc56a,main/td3_amo/walker2d-medium-v2/3e-4/seed_0/wm_s0_alr0p0003__6f450a5b,/home/svcho/amo/results/td3_amo_bootrms_maincand_seeds03/jobs/a2_w-m_r3e4_s0/run,final_eval_50.json,1,normalized_score,2026-09-18T13:10:04.386311+00:00
td3_amo,2,0.0003,walker2d-medium-v2,1,84.71061575626526,1000000,True,50,True,1,svcho,jax,wm_s1_alr0p0003__fa97cdc6,1e34514ddf70bfc8a78757d9a78b82306627164c,71b619508a9395147ac00ec9ed5e0377079fc56a,main/td3_amo/walker2d-medium-v2/3e-4/seed_1/wm_s1_alr0p0003__fa97cdc6,/home/svcho/amo/results/td3_amo_bootrms_maincand_seeds03/jobs/a2_w-m_r3e4_s1/run,final_eval_50.json,1,normalized_score,2026-09-18T19:54:42.708367+00:00
td3_amo,2,0.0003,walker2d-medium-v2,2,85.4448605414479,1000000,True,50,True,1,svcho,jax,wm_s2_alr0p0003__eb50aed3,1e34514ddf70bfc8a78757d9a78b82306627164c,71b619508a9395147ac00ec9ed5e0377079fc56a,main/td3_amo/walker2d-medium-v2/3e-4/seed_2/wm_s2_alr0p0003__eb50aed3,/home/svcho/amo/results/td3_amo_bootrms_maincand_seeds03/jobs/a2_w-m_r3e4_s2/run,final_eval_50.json,1,normalized_score,2026-09-19T03:51:35.187430+00:00
td3_amo,2,0.0003,walker2d-medium-v2,3,81.72004614099649,1000000,True,50,True,1,svcho,jax,wm_s3_alr0p0003__4caa6864,1e34514ddf70bfc8a78757d9a78b82306627164c,71b619508a9395147ac00ec9ed5e0377079fc56a,main/td3_amo/walker2d-medium-v2/3e-4/seed_3/wm_s3_alr0p0003__4caa6864,/home/svcho/amo/results/td3_amo_bootrms_maincand_seeds03/jobs/a2_w-m_r3e4_s3/run,final_eval_50.json,1,normalized_score,2026-09-19T09:46:41.939326+00:00
td3_amo,2,0.002,walker2d-medium-replay-v2,0,93.95330184106734,1000000,True,50,True,1,svcho,jax,wmr_s0_alr0p002__16d843f7,1e34514ddf70bfc8a78757d9a78b82306627164c,71b619508a9395147ac00ec9ed5e0377079fc56a,main/td3_amo/walker2d-medium-replay-v2/2e-3/seed_0/wmr_s0_alr0p002__16d843f7,/home/svcho/amo/results/td3_amo_bootrms_maincand_seeds03/jobs/a2_w-mr_r2e3_s0/run,final_eval_50.json,1,normalized_score,2026-09-18T13:49:03.273434+00:00
td3_amo,2,0.002,walker2d-medium-replay-v2,1,96.01310360202656,1000000,True,50,True,1,svcho,jax,wmr_s1_alr0p002__c2c2f614,1e34514ddf70bfc8a78757d9a78b82306627164c,71b619508a9395147ac00ec9ed5e0377079fc56a,main/td3_amo/walker2d-medium-replay-v2/2e-3/seed_1/wmr_s1_alr0p002__c2c2f614,/home/svcho/amo/results/td3_amo_bootrms_maincand_seeds03/jobs/a2_w-mr_r2e3_s1/run,final_eval_50.json,1,normalized_score,2026-09-18T20:32:47.939364+00:00
td3_amo,2,0.002,walker2d-medium-replay-v2,2,97.79717750877356,1000000,True,50,True,1,svcho,jax,wmr_s2_alr0p002__19edd11f,1e34514ddf70bfc8a78757d9a78b82306627164c,71b619508a9395147ac00ec9ed5e0377079fc56a,main/td3_amo/walker2d-medium-replay-v2/2e-3/seed_2/wmr_s2_alr0p002__19edd11f,/home/svcho/amo/results/td3_amo_bootrms_maincand_seeds03/jobs/a2_w-mr_r2e3_s2/run,final_eval_50.json,1,normalized_score,2026-09-19T04:37:44.092613+00:00
td3_amo,2,0.002,walker2d-medium-replay-v2,3,97.68495517372543,1000000,True,50,True,1,svcho,jax,wmr_s3_alr0p002__3565d068,1e34514ddf70bfc8a78757d9a78b82306627164c,71b619508a9395147ac00ec9ed5e0377079fc56a,main/td3_amo/walker2d-medium-replay-v2/2e-3/seed_3/wmr_s3_alr0p002__3565d068,/home/svcho/amo/results/td3_amo_bootrms_maincand_seeds03/jobs/a2_w-mr_r2e3_s3/run,final_eval_50.json,1,normalized_score,2026-09-19T10:17:49.658285+00:00
td3_amo,2,0.001,walker2d-medium-replay-v2,0,97.2843655529632,1000000,True,50,True,1,svcho,jax,wmr_s0_alr0p001__f1606aba,1e34514ddf70bfc8a78757d9a78b82306627164c,71b619508a9395147ac00ec9ed5e0377079fc56a,main/td3_amo/walker2d-medium-replay-v2/1e-3/seed_0/wmr_s0_alr0p001__f1606aba,/home/svcho/amo/results/td3_amo_bootrms_maincand_seeds03/jobs/a2_w-mr_r1e3_s0/run,final_eval_50.json,1,normalized_score,2026-09-18T13:37:37.869482+00:00
td3_amo,2,0.001,walker2d-medium-replay-v2,1,94.53399881042075,1000000,True,50,True,1,svcho,jax,wmr_s1_alr0p001__6c84874f,1e34514ddf70bfc8a78757d9a78b82306627164c,71b619508a9395147ac00ec9ed5e0377079fc56a,main/td3_amo/walker2d-medium-replay-v2/1e-3/seed_1/wmr_s1_alr0p001__6c84874f,/home/svcho/amo/results/td3_amo_bootrms_maincand_seeds03/jobs/a2_w-mr_r1e3_s1/run,final_eval_50.json,1,normalized_score,2026-09-18T20:21:19.489728+00:00
td3_amo,2,0.001,walker2d-medium-replay-v2,2,86.6355652910175,1000000,True,50,True,1,svcho,jax,wmr_s2_alr0p001__044f9e24,1e34514ddf70bfc8a78757d9a78b82306627164c,71b619508a9395147ac00ec9ed5e0377079fc56a,main/td3_amo/walker2d-medium-replay-v2/1e-3/seed_2/wmr_s2_alr0p001__044f9e24,/home/svcho/amo/results/td3_amo_bootrms_maincand_seeds03/jobs/a2_w-mr_r1e3_s2/run,final_eval_50.json,1,normalized_score,2026-09-19T04:22:18.661116+00:00
td3_amo,2,0.001,walker2d-medium-replay-v2,3,93.22842492524897,1000000,True,50,True,1,svcho,jax,wmr_s3_alr0p001__c1158686,1e34514ddf70bfc8a78757d9a78b82306627164c,71b619508a9395147ac00ec9ed5e0377079fc56a,main/td3_amo/walker2d-medium-replay-v2/1e-3/seed_3/wmr_s3_alr0p001__c1158686,/home/svcho/amo/results/td3_amo_bootrms_maincand_seeds03/jobs/a2_w-mr_r1e3_s3/run,final_eval_50.json,1,normalized_score,2026-09-19T10:17:49.535799+00:00
td3_amo,2,0.0003,walker2d-medium-replay-v2,0,83.67009331072957,1000000,True,50,True,1,svcho,jax,wmr_s0_alr0p0003__3f501a8e,1e34514ddf70bfc8a78757d9a78b82306627164c,71b619508a9395147ac00ec9ed5e0377079fc56a,main/td3_amo/walker2d-medium-replay-v2/3e-4/seed_0/wmr_s0_alr0p0003__3f501a8e,/home/svcho/amo/results/td3_amo_bootrms_maincand_seeds03/jobs/a2_w-mr_r3e4_s0/run,final_eval_50.json,1,normalized_score,2026-09-18T13:37:25.216503+00:00
td3_amo,2,0.0003,walker2d-medium-replay-v2,1,90.21036247232223,1000000,True,50,True,1,svcho,jax,wmr_s1_alr0p0003__debf206d,1e34514ddf70bfc8a78757d9a78b82306627164c,71b619508a9395147ac00ec9ed5e0377079fc56a,main/td3_amo/walker2d-medium-replay-v2/3e-4/seed_1/wmr_s1_alr0p0003__debf206d,/home/svcho/amo/results/td3_amo_bootrms_maincand_seeds03/jobs/a2_w-mr_r3e4_s1/run,final_eval_50.json,1,normalized_score,2026-09-18T20:21:06.506065+00:00
td3_amo,2,0.0003,walker2d-medium-replay-v2,2,91.48652019305598,1000000,True,50,True,1,svcho,jax,wmr_s2_alr0p0003__13d4ece7,1e34514ddf70bfc8a78757d9a78b82306627164c,71b619508a9395147ac00ec9ed5e0377079fc56a,main/td3_amo/walker2d-medium-replay-v2/3e-4/seed_2/wmr_s2_alr0p0003__13d4ece7,/home/svcho/amo/results/td3_amo_bootrms_maincand_seeds03/jobs/a2_w-mr_r3e4_s2/run,final_eval_50.json,1,normalized_score,2026-09-19T04:22:06.225639+00:00
td3_amo,2,0.0003,walker2d-medium-replay-v2,3,91.73537419170528,1000000,True,50,True,1,svcho,jax,wmr_s3_alr0p0003__080c17d8,1e34514ddf70bfc8a78757d9a78b82306627164c,71b619508a9395147ac00ec9ed5e0377079fc56a,main/td3_amo/walker2d-medium-replay-v2/3e-4/seed_3/wmr_s3_alr0p0003__080c17d8,/home/svcho/amo/results/td3_amo_bootrms_maincand_seeds03/jobs/a2_w-mr_r3e4_s3/run,final_eval_50.json,1,normalized_score,2026-09-19T10:02:28.824113+00:00
td3_amo,2,0.002,walker2d-medium-expert-v2,0,110.74534447236894,1000000,True,50,True,1,svcho,jax,wme_s0_alr0p002__f5cfe022,1e34514ddf70bfc8a78757d9a78b82306627164c,71b619508a9395147ac00ec9ed5e0377079fc56a,main/td3_amo/walker2d-medium-expert-v2/2e-3/seed_0/wme_s0_alr0p002__f5cfe022,/home/svcho/amo/results/td3_amo_bootrms_maincand_seeds03/jobs/a2_w-me_r2e3_s0/run,final_eval_50.json,1,normalized_score,2026-09-18T14:16:32.630996+00:00
td3_amo,2,0.002,walker2d-medium-expert-v2,1,110.19752511280664,1000000,True,50,True,1,svcho,jax,wme_s1_alr0p002__1cc4d6a1,1e34514ddf70bfc8a78757d9a78b82306627164c,71b619508a9395147ac00ec9ed5e0377079fc56a,main/td3_amo/walker2d-medium-expert-v2/2e-3/seed_1/wme_s1_alr0p002__1cc4d6a1,/home/svcho/amo/results/td3_amo_bootrms_maincand_seeds03/jobs/a2_w-me_r2e3_s1/run,final_eval_50.json,1,normalized_score,2026-09-18T20:59:31.318522+00:00
td3_amo,2,0.002,walker2d-medium-expert-v2,2,111.67320542956418,1000000,True,50,True,1,svcho,jax,wme_s2_alr0p002__e280792d,1e34514ddf70bfc8a78757d9a78b82306627164c,71b619508a9395147ac00ec9ed5e0377079fc56a,main/td3_amo/walker2d-medium-expert-v2/2e-3/seed_2/wme_s2_alr0p002__e280792d,/home/svcho/amo/results/td3_amo_bootrms_maincand_seeds03/jobs/a2_w-me_r2e3_s2/run,final_eval_50.json,1,normalized_score,2026-09-19T04:53:10.788326+00:00
td3_amo,2,0.002,walker2d-medium-expert-v2,3,111.12402854516834,1000000,True,50,True,1,svcho,jax,wme_s3_alr0p002__8b8c8182,1e34514ddf70bfc8a78757d9a78b82306627164c,71b619508a9395147ac00ec9ed5e0377079fc56a,main/td3_amo/walker2d-medium-expert-v2/2e-3/seed_3/wme_s3_alr0p002__8b8c8182,/home/svcho/amo/results/td3_amo_bootrms_maincand_seeds03/jobs/a2_w-me_r2e3_s3/run,final_eval_50.json,1,normalized_score,2026-09-19T10:48:48.579500+00:00
td3_amo,2,0.001,walker2d-medium-expert-v2,0,110.60987676071437,1000000,True,50,True,1,svcho,jax,wme_s0_alr0p001__791b3b4c,1e34514ddf70bfc8a78757d9a78b82306627164c,71b619508a9395147ac00ec9ed5e0377079fc56a,main/td3_amo/walker2d-medium-expert-v2/1e-3/seed_0/wme_s0_alr0p001__791b3b4c,/home/svcho/amo/results/td3_amo_bootrms_maincand_seeds03/jobs/a2_w-me_r1e3_s0/run,final_eval_50.json,1,normalized_score,2026-09-18T14:04:27.589370+00:00
td3_amo,2,0.001,walker2d-medium-expert-v2,1,109.89864032514669,1000000,True,50,True,1,svcho,jax,wme_s1_alr0p001__79d2b0de,1e34514ddf70bfc8a78757d9a78b82306627164c,71b619508a9395147ac00ec9ed5e0377079fc56a,main/td3_amo/walker2d-medium-expert-v2/1e-3/seed_1/wme_s1_alr0p001__79d2b0de,/home/svcho/amo/results/td3_amo_bootrms_maincand_seeds03/jobs/a2_w-me_r1e3_s1/run,final_eval_50.json,1,normalized_score,2026-09-18T20:48:00.895246+00:00
td3_amo,2,0.001,walker2d-medium-expert-v2,2,110.64809410173169,1000000,True,50,True,1,svcho,jax,wme_s2_alr0p001__d17280c2,1e34514ddf70bfc8a78757d9a78b82306627164c,71b619508a9395147ac00ec9ed5e0377079fc56a,main/td3_amo/walker2d-medium-expert-v2/1e-3/seed_2/wme_s2_alr0p001__d17280c2,/home/svcho/amo/results/td3_amo_bootrms_maincand_seeds03/jobs/a2_w-me_r1e3_s2/run,final_eval_50.json,1,normalized_score,2026-09-19T04:53:10.747120+00:00
td3_amo,2,0.001,walker2d-medium-expert-v2,3,110.27650579142892,1000000,True,50,True,1,svcho,jax,wme_s3_alr0p001__fed63eaf,1e34514ddf70bfc8a78757d9a78b82306627164c,71b619508a9395147ac00ec9ed5e0377079fc56a,main/td3_amo/walker2d-medium-expert-v2/1e-3/seed_3/wme_s3_alr0p001__fed63eaf,/home/svcho/amo/results/td3_amo_bootrms_maincand_seeds03/jobs/a2_w-me_r1e3_s3/run,final_eval_50.json,1,normalized_score,2026-09-19T10:33:26.596060+00:00
td3_amo,2,0.0003,walker2d-medium-expert-v2,0,109.18431055005561,1000000,True,50,True,1,svcho,jax,wme_s0_alr0p0003__9f8ef452,1e34514ddf70bfc8a78757d9a78b82306627164c,71b619508a9395147ac00ec9ed5e0377079fc56a,main/td3_amo/walker2d-medium-expert-v2/3e-4/seed_0/wme_s0_alr0p0003__9f8ef452,/home/svcho/amo/results/td3_amo_bootrms_maincand_seeds03/jobs/a2_w-me_r3e4_s0/run,final_eval_50.json,1,normalized_score,2026-09-18T14:04:27.657779+00:00
td3_amo,2,0.0003,walker2d-medium-expert-v2,1,109.44798768944379,1000000,True,50,True,1,svcho,jax,wme_s1_alr0p0003__7f84b772,1e34514ddf70bfc8a78757d9a78b82306627164c,71b619508a9395147ac00ec9ed5e0377079fc56a,main/td3_amo/walker2d-medium-expert-v2/3e-4/seed_1/wme_s1_alr0p0003__7f84b772,/home/svcho/amo/results/td3_amo_bootrms_maincand_seeds03/jobs/a2_w-me_r3e4_s1/run,final_eval_50.json,1,normalized_score,2026-09-18T20:48:00.925606+00:00
td3_amo,2,0.0003,walker2d-medium-expert-v2,2,110.44154212329485,1000000,True,50,True,1,svcho,jax,wme_s2_alr0p0003__d5447056,1e34514ddf70bfc8a78757d9a78b82306627164c,71b619508a9395147ac00ec9ed5e0377079fc56a,main/td3_amo/walker2d-medium-expert-v2/3e-4/seed_2/wme_s2_alr0p0003__d5447056,/home/svcho/amo/results/td3_amo_bootrms_maincand_seeds03/jobs/a2_w-me_r3e4_s2/run,final_eval_50.json,1,normalized_score,2026-09-19T04:37:58.295957+00:00
td3_amo,2,0.0003,walker2d-medium-expert-v2,3,109.40713410727396,1000000,True,50,True,1,svcho,jax,wme_s3_alr0p0003__9f833cc8,1e34514ddf70bfc8a78757d9a78b82306627164c,71b619508a9395147ac00ec9ed5e0377079fc56a,main/td3_amo/walker2d-medium-expert-v2/3e-4/seed_3/wme_s3_alr0p0003__9f833cc8,/home/svcho/amo/results/td3_amo_bootrms_maincand_seeds03/jobs/a2_w-me_r3e4_s3/run,final_eval_50.json,1,normalized_score,2026-09-19T10:33:26.823751+00:00
td3_amo,2,0.002,antmaze-umaze-v2,0,80.0,1000000,True,50,True,1,svcho,jax,amu_s0_alr0p002__fbc5bb42,1e34514ddf70bfc8a78757d9a78b82306627164c,71b619508a9395147ac00ec9ed5e0377079fc56a,main/td3_amo/antmaze-umaze-v2/2e-3/seed_0/amu_s0_alr0p002__fbc5bb42,/home/svcho/amo/results/td3_amo_bootrms_maincand_seeds03/jobs/a2_am-u_r2e3_s0/run,final_eval_50.json,1,normalized_score,2026-09-18T14:43:26.044382+00:00
td3_amo,2,0.002,antmaze-umaze-v2,1,94.0,1000000,True,50,True,1,svcho,jax,amu_s1_alr0p002__0f9f5c86,1e34514ddf70bfc8a78757d9a78b82306627164c,71b619508a9395147ac00ec9ed5e0377079fc56a,main/td3_amo/antmaze-umaze-v2/2e-3/seed_1/amu_s1_alr0p002__0f9f5c86,/home/svcho/amo/results/td3_amo_bootrms_maincand_seeds03/jobs/a2_am-u_r2e3_s1/run,final_eval_50.json,1,normalized_score,2026-09-18T23:29:15.694855+00:00
td3_amo,2,0.002,antmaze-umaze-v2,2,88.0,1000000,True,50,True,1,svcho,jax,amu_s2_alr0p002__e5d53b96,1e34514ddf70bfc8a78757d9a78b82306627164c,71b619508a9395147ac00ec9ed5e0377079fc56a,main/td3_amo/antmaze-umaze-v2/2e-3/seed_2/amu_s2_alr0p002__e5d53b96,/home/svcho/amo/results/td3_amo_bootrms_maincand_seeds03/jobs/a2_am-u_r2e3_s2/run,final_eval_50.json,1,normalized_score,2026-09-19T05:24:05.619565+00:00
td3_amo,2,0.002,antmaze-umaze-v2,3,80.0,1000000,True,50,True,1,svcho,jax,amu_s3_alr0p002__5f1680d3,1e34514ddf70bfc8a78757d9a78b82306627164c,71b619508a9395147ac00ec9ed5e0377079fc56a,main/td3_amo/antmaze-umaze-v2/2e-3/seed_3/amu_s3_alr0p002__5f1680d3,/home/svcho/amo/results/td3_amo_bootrms_maincand_seeds03/jobs/a2_am-u_r2e3_s3/run,final_eval_50.json,1,normalized_score,2026-09-19T11:04:10.448881+00:00
td3_amo,2,0.001,antmaze-umaze-v2,0,88.0,1000000,True,50,True,1,svcho,jax,amu_s0_alr0p001__36ee1daa,1e34514ddf70bfc8a78757d9a78b82306627164c,71b619508a9395147ac00ec9ed5e0377079fc56a,main/td3_amo/antmaze-umaze-v2/1e-3/seed_0/amu_s0_alr0p001__36ee1daa,/home/svcho/amo/results/td3_amo_bootrms_maincand_seeds03/jobs/a2_am-u_r1e3_s0/run,final_eval_50.json,1,normalized_score,2026-09-18T14:31:55.543857+00:00
td3_amo,2,0.001,antmaze-umaze-v2,1,96.0,1000000,True,50,True,1,svcho,jax,amu_s1_alr0p001__87e53fbd,1e34514ddf70bfc8a78757d9a78b82306627164c,71b619508a9395147ac00ec9ed5e0377079fc56a,main/td3_amo/antmaze-umaze-v2/1e-3/seed_1/amu_s1_alr0p001__87e53fbd,/home/svcho/amo/results/td3_amo_bootrms_maincand_seeds03/jobs/a2_am-u_r1e3_s1/run,final_eval_50.json,1,normalized_score,2026-09-18T23:18:21.352644+00:00
td3_amo,2,0.001,antmaze-umaze-v2,2,90.0,1000000,True,50,True,1,svcho,jax,amu_s2_alr0p001__1c363699,1e34514ddf70bfc8a78757d9a78b82306627164c,71b619508a9395147ac00ec9ed5e0377079fc56a,main/td3_amo/antmaze-umaze-v2/1e-3/seed_2/amu_s2_alr0p001__1c363699,/home/svcho/amo/results/td3_amo_bootrms_maincand_seeds03/jobs/a2_am-u_r1e3_s2/run,final_eval_50.json,1,normalized_score,2026-09-19T05:08:35.888151+00:00
td3_amo,2,0.001,antmaze-umaze-v2,3,94.0,1000000,True,50,True,1,svcho,jax,amu_s3_alr0p001__ecec64f1,1e34514ddf70bfc8a78757d9a78b82306627164c,71b619508a9395147ac00ec9ed5e0377079fc56a,main/td3_amo/antmaze-umaze-v2/1e-3/seed_3/amu_s3_alr0p001__ecec64f1,/home/svcho/amo/results/td3_amo_bootrms_maincand_seeds03/jobs/a2_am-u_r1e3_s3/run,final_eval_50.json,1,normalized_score,2026-09-19T11:03:55.675068+00:00
td3_amo,2,0.0003,antmaze-umaze-v2,0,90.0,1000000,True,50,True,1,svcho,jax,amu_s0_alr0p0003__ab4b9299,1e34514ddf70bfc8a78757d9a78b82306627164c,71b619508a9395147ac00ec9ed5e0377079fc56a,main/td3_amo/antmaze-umaze-v2/3e-4/seed_0/amu_s0_alr0p0003__ab4b9299,/home/svcho/amo/results/td3_amo_bootrms_maincand_seeds03/jobs/a2_am-u_r3e4_s0/run,final_eval_50.json,1,normalized_score,2026-09-18T14:31:55.439366+00:00
td3_amo,2,0.0003,antmaze-umaze-v2,1,90.0,1000000,True,50,True,1,svcho,jax,amu_s1_alr0p0003__d8c5641e,1e34514ddf70bfc8a78757d9a78b82306627164c,71b619508a9395147ac00ec9ed5e0377079fc56a,main/td3_amo/antmaze-umaze-v2/3e-4/seed_1/amu_s1_alr0p0003__d8c5641e,/home/svcho/amo/results/td3_amo_bootrms_maincand_seeds03/jobs/a2_am-u_r3e4_s1/run,final_eval_50.json,1,normalized_score,2026-09-18T23:18:09.103461+00:00
td3_amo,2,0.0003,antmaze-umaze-v2,2,98.0,1000000,True,50,True,1,svcho,jax,amu_s2_alr0p0003__e8f1757e,1e34514ddf70bfc8a78757d9a78b82306627164c,71b619508a9395147ac00ec9ed5e0377079fc56a,main/td3_amo/antmaze-umaze-v2/3e-4/seed_2/amu_s2_alr0p0003__e8f1757e,/home/svcho/amo/results/td3_amo_bootrms_maincand_seeds03/jobs/a2_am-u_r3e4_s2/run,final_eval_50.json,1,normalized_score,2026-09-19T05:08:35.070596+00:00
td3_amo,2,0.0003,antmaze-umaze-v2,3,88.0,1000000,True,50,True,1,svcho,jax,amu_s3_alr0p0003__367cd261,1e34514ddf70bfc8a78757d9a78b82306627164c,71b619508a9395147ac00ec9ed5e0377079fc56a,main/td3_amo/antmaze-umaze-v2/3e-4/seed_3/amu_s3_alr0p0003__367cd261,/home/svcho/amo/results/td3_amo_bootrms_maincand_seeds03/jobs/a2_am-u_r3e4_s3/run,final_eval_50.json,1,normalized_score,2026-09-19T10:48:30.360315+00:00
td3_amo,2,0.002,antmaze-umaze-diverse-v2,0,66.0,1000000,True,50,True,1,svcho,jax,amud_s0_alr0p002__ef68e8dc,1e34514ddf70bfc8a78757d9a78b82306627164c,71b619508a9395147ac00ec9ed5e0377079fc56a,main/td3_amo/antmaze-umaze-diverse-v2/2e-3/seed_0/amud_s0_alr0p002__ef68e8dc,/home/svcho/amo/results/td3_amo_bootrms_maincand_seeds03/jobs/a2_am-ud_r2e3_s0/run,final_eval_50.json,1,normalized_score,2026-09-18T15:10:28.748773+00:00
td3_amo,2,0.002,antmaze-umaze-diverse-v2,1,4.0,1000000,True,50,True,1,svcho,jax,amud_s1_alr0p002__adc7c2b1,1e34514ddf70bfc8a78757d9a78b82306627164c,71b619508a9395147ac00ec9ed5e0377079fc56a,main/td3_amo/antmaze-umaze-diverse-v2/2e-3/seed_1/amud_s1_alr0p002__adc7c2b1,/home/svcho/amo/results/td3_amo_bootrms_maincand_seeds03/jobs/a2_am-ud_r2e3_s1/run,final_eval_50.json,1,normalized_score,2026-09-19T00:00:15.810344+00:00
td3_amo,2,0.002,antmaze-umaze-diverse-v2,2,74.0,1000000,True,50,True,1,svcho,jax,amud_s2_alr0p002__c20f3b6e,1e34514ddf70bfc8a78757d9a78b82306627164c,71b619508a9395147ac00ec9ed5e0377079fc56a,main/td3_amo/antmaze-umaze-diverse-v2/2e-3/seed_2/amud_s2_alr0p002__c20f3b6e,/home/svcho/amo/results/td3_amo_bootrms_maincand_seeds03/jobs/a2_am-ud_r2e3_s2/run,final_eval_50.json,1,normalized_score,2026-09-19T05:39:25.143454+00:00
td3_amo,2,0.002,antmaze-umaze-diverse-v2,3,76.0,1000000,True,50,True,1,svcho,jax,amud_s3_alr0p002__21ff2291,1e34514ddf70bfc8a78757d9a78b82306627164c,71b619508a9395147ac00ec9ed5e0377079fc56a,main/td3_amo/antmaze-umaze-diverse-v2/2e-3/seed_3/amud_s3_alr0p002__21ff2291,/home/svcho/amo/results/td3_amo_bootrms_maincand_seeds03/jobs/a2_am-ud_r2e3_s3/run,final_eval_50.json,1,normalized_score,2026-09-19T11:34:51.047989+00:00
td3_amo,2,0.001,antmaze-umaze-diverse-v2,0,94.0,1000000,True,50,True,1,svcho,jax,amud_s0_alr0p001__860512e1,1e34514ddf70bfc8a78757d9a78b82306627164c,71b619508a9395147ac00ec9ed5e0377079fc56a,main/td3_amo/antmaze-umaze-diverse-v2/1e-3/seed_0/amud_s0_alr0p001__860512e1,/home/svcho/amo/results/td3_amo_bootrms_maincand_seeds03/jobs/a2_am-ud_r1e3_s0/run,final_eval_50.json,1,normalized_score,2026-09-18T14:58:29.939417+00:00
td3_amo,2,0.001,antmaze-umaze-diverse-v2,1,52.0,1000000,True,50,True,1,svcho,jax,amud_s1_alr0p001__851308c8,1e34514ddf70bfc8a78757d9a78b82306627164c,71b619508a9395147ac00ec9ed5e0377079fc56a,main/td3_amo/antmaze-umaze-diverse-v2/1e-3/seed_1/amud_s1_alr0p001__851308c8,/home/svcho/amo/results/td3_amo_bootrms_maincand_seeds03/jobs/a2_am-ud_r1e3_s1/run,final_eval_50.json,1,normalized_score,2026-09-18T23:44:38.721021+00:00
td3_amo,2,0.001,antmaze-umaze-diverse-v2,2,50.0,1000000,True,50,True,1,svcho,jax,amud_s2_alr0p001__1cfe49d4,1e34514ddf70bfc8a78757d9a78b82306627164c,71b619508a9395147ac00ec9ed5e0377079fc56a,main/td3_amo/antmaze-umaze-diverse-v2/1e-3/seed_2/amud_s2_alr0p001__1cfe49d4,/home/svcho/amo/results/td3_amo_bootrms_maincand_seeds03/jobs/a2_am-ud_r1e3_s2/run,final_eval_50.json,1,normalized_score,2026-09-19T05:39:27.523415+00:00
td3_amo,2,0.001,antmaze-umaze-diverse-v2,3,84.0,1000000,True,50,True,1,svcho,jax,amud_s3_alr0p001__78876694,1e34514ddf70bfc8a78757d9a78b82306627164c,71b619508a9395147ac00ec9ed5e0377079fc56a,main/td3_amo/antmaze-umaze-diverse-v2/1e-3/seed_3/amud_s3_alr0p001__78876694,/home/svcho/amo/results/td3_amo_bootrms_maincand_seeds03/jobs/a2_am-ud_r1e3_s3/run,final_eval_50.json,1,normalized_score,2026-09-19T11:19:37.096208+00:00
td3_amo,2,0.0003,antmaze-umaze-diverse-v2,0,50.0,1000000,True,50,True,1,svcho,jax,amud_s0_alr0p0003__570ac13e,1e34514ddf70bfc8a78757d9a78b82306627164c,71b619508a9395147ac00ec9ed5e0377079fc56a,main/td3_amo/antmaze-umaze-diverse-v2/3e-4/seed_0/amud_s0_alr0p0003__570ac13e,/home/svcho/amo/results/td3_amo_bootrms_maincand_seeds03/jobs/a2_am-ud_r3e4_s0/run,final_eval_50.json,1,normalized_score,2026-09-18T14:58:33.856686+00:00
td3_amo,2,0.0003,antmaze-umaze-diverse-v2,1,78.0,1000000,True,50,True,1,svcho,jax,amud_s1_alr0p0003__89c67743,1e34514ddf70bfc8a78757d9a78b82306627164c,71b619508a9395147ac00ec9ed5e0377079fc56a,main/td3_amo/antmaze-umaze-diverse-v2/3e-4/seed_1/amud_s1_alr0p0003__89c67743,/home/svcho/amo/results/td3_amo_bootrms_maincand_seeds03/jobs/a2_am-ud_r3e4_s1/run,final_eval_50.json,1,normalized_score,2026-09-18T23:44:36.105237+00:00
td3_amo,2,0.0003,antmaze-umaze-diverse-v2,2,84.0,1000000,True,50,True,1,svcho,jax,amud_s2_alr0p0003__9744c549,1e34514ddf70bfc8a78757d9a78b82306627164c,71b619508a9395147ac00ec9ed5e0377079fc56a,main/td3_amo/antmaze-umaze-diverse-v2/3e-4/seed_2/amud_s2_alr0p0003__9744c549,/home/svcho/amo/results/td3_amo_bootrms_maincand_seeds03/jobs/a2_am-ud_r3e4_s2/run,final_eval_50.json,1,normalized_score,2026-09-19T05:24:05.984432+00:00
td3_amo,2,0.0003,antmaze-umaze-diverse-v2,3,92.0,1000000,True,50,True,1,svcho,jax,amud_s3_alr0p0003__8b714c78,1e34514ddf70bfc8a78757d9a78b82306627164c,71b619508a9395147ac00ec9ed5e0377079fc56a,main/td3_amo/antmaze-umaze-diverse-v2/3e-4/seed_3/amud_s3_alr0p0003__8b714c78,/home/svcho/amo/results/td3_amo_bootrms_maincand_seeds03/jobs/a2_am-ud_r3e4_s3/run,final_eval_50.json,1,normalized_score,2026-09-19T11:19:22.276852+00:00
td3_amo,2,0.002,antmaze-medium-play-v2,0,74.0,1000000,True,50,True,1,svcho,jax,ammp_s0_alr0p002__e99ad533,1e34514ddf70bfc8a78757d9a78b82306627164c,71b619508a9395147ac00ec9ed5e0377079fc56a,main/td3_amo/antmaze-medium-play-v2/2e-3/seed_0/ammp_s0_alr0p002__e99ad533,/home/svcho/amo/results/td3_amo_bootrms_maincand_seeds03/jobs/a2_am-mp_r2e3_s0/run,final_eval_50.json,1,normalized_score,2026-09-18T15:38:13.212663+00:00
td3_amo,2,0.002,antmaze-medium-play-v2,1,78.0,1000000,True,50,True,1,svcho,jax,ammp_s1_alr0p002__d11c905c,1e34514ddf70bfc8a78757d9a78b82306627164c,71b619508a9395147ac00ec9ed5e0377079fc56a,main/td3_amo/antmaze-medium-play-v2/2e-3/seed_1/ammp_s1_alr0p002__d11c905c,/home/svcho/amo/results/td3_amo_bootrms_maincand_seeds03/jobs/a2_am-mp_r2e3_s1/run,final_eval_50.json,1,normalized_score,2026-09-19T00:15:48.875600+00:00
td3_amo,2,0.002,antmaze-medium-play-v2,2,76.0,1000000,True,50,True,1,svcho,jax,ammp_s2_alr0p002__c440b679,1e34514ddf70bfc8a78757d9a78b82306627164c,71b619508a9395147ac00ec9ed5e0377079fc56a,main/td3_amo/antmaze-medium-play-v2/2e-3/seed_2/ammp_s2_alr0p002__c440b679,/home/svcho/amo/results/td3_amo_bootrms_maincand_seeds03/jobs/a2_am-mp_r2e3_s2/run,final_eval_50.json,1,normalized_score,2026-09-19T06:10:24.442373+00:00
td3_amo,2,0.002,antmaze-medium-play-v2,3,74.0,1000000,True,50,True,1,svcho,jax,ammp_s3_alr0p002__f0542ad7,1e34514ddf70bfc8a78757d9a78b82306627164c,71b619508a9395147ac00ec9ed5e0377079fc56a,main/td3_amo/antmaze-medium-play-v2/2e-3/seed_3/ammp_s3_alr0p002__f0542ad7,/home/svcho/amo/results/td3_amo_bootrms_maincand_seeds03/jobs/a2_am-mp_r2e3_s3/run,final_eval_50.json,1,normalized_score,2026-09-19T11:50:38.692370+00:00
td3_amo,2,0.001,antmaze-medium-play-v2,0,80.0,1000000,True,50,True,1,svcho,jax,ammp_s0_alr0p001__94eaa0fd,1e34514ddf70bfc8a78757d9a78b82306627164c,71b619508a9395147ac00ec9ed5e0377079fc56a,main/td3_amo/antmaze-medium-play-v2/1e-3/seed_0/ammp_s0_alr0p001__94eaa0fd,/home/svcho/amo/results/td3_amo_bootrms_maincand_seeds03/jobs/a2_am-mp_r1e3_s0/run,final_eval_50.json,1,normalized_score,2026-09-18T15:25:48.954079+00:00
td3_amo,2,0.001,antmaze-medium-play-v2,1,68.0,1000000,True,50,True,1,svcho,jax,ammp_s1_alr0p001__b9a9cb23,1e34514ddf70bfc8a78757d9a78b82306627164c,71b619508a9395147ac00ec9ed5e0377079fc56a,main/td3_amo/antmaze-medium-play-v2/1e-3/seed_1/ammp_s1_alr0p001__b9a9cb23,/home/svcho/amo/results/td3_amo_bootrms_maincand_seeds03/jobs/a2_am-mp_r1e3_s1/run,final_eval_50.json,1,normalized_score,2026-09-19T00:15:50.813079+00:00
td3_amo,2,0.001,antmaze-medium-play-v2,2,60.0,1000000,True,50,True,1,svcho,jax,ammp_s2_alr0p001__4f9fbbc8,1e34514ddf70bfc8a78757d9a78b82306627164c,71b619508a9395147ac00ec9ed5e0377079fc56a,main/td3_amo/antmaze-medium-play-v2/1e-3/seed_2/ammp_s2_alr0p001__4f9fbbc8,/home/svcho/amo/results/td3_amo_bootrms_maincand_seeds03/jobs/a2_am-mp_r1e3_s2/run,final_eval_50.json,1,normalized_score,2026-09-19T05:55:04.541559+00:00
td3_amo,2,0.001,antmaze-medium-play-v2,3,64.0,1000000,True,50,True,1,svcho,jax,ammp_s3_alr0p001__545377c0,1e34514ddf70bfc8a78757d9a78b82306627164c,71b619508a9395147ac00ec9ed5e0377079fc56a,main/td3_amo/antmaze-medium-play-v2/1e-3/seed_3/ammp_s3_alr0p001__545377c0,/home/svcho/amo/results/td3_amo_bootrms_maincand_seeds03/jobs/a2_am-mp_r1e3_s3/run,final_eval_50.json,1,normalized_score,2026-09-19T11:50:26.343407+00:00
td3_amo,2,0.0003,antmaze-medium-play-v2,0,10.0,1000000,True,50,True,1,svcho,jax,ammp_s0_alr0p0003__ba96f064,1e34514ddf70bfc8a78757d9a78b82306627164c,71b619508a9395147ac00ec9ed5e0377079fc56a,main/td3_amo/antmaze-medium-play-v2/3e-4/seed_0/ammp_s0_alr0p0003__ba96f064,/home/svcho/amo/results/td3_amo_bootrms_maincand_seeds03/jobs/a2_am-mp_r3e4_s0/run,final_eval_50.json,1,normalized_score,2026-09-18T15:25:45.787998+00:00
td3_amo,2,0.0003,antmaze-medium-play-v2,1,22.0,1000000,True,50,True,1,svcho,jax,ammp_s1_alr0p0003__68af59b6,1e34514ddf70bfc8a78757d9a78b82306627164c,71b619508a9395147ac00ec9ed5e0377079fc56a,main/td3_amo/antmaze-medium-play-v2/3e-4/seed_1/ammp_s1_alr0p0003__68af59b6,/home/svcho/amo/results/td3_amo_bootrms_maincand_seeds03/jobs/a2_am-mp_r3e4_s1/run,final_eval_50.json,1,normalized_score,2026-09-19T00:00:19.687764+00:00
td3_amo,2,0.0003,antmaze-medium-play-v2,2,12.0,1000000,True,50,True,1,svcho,jax,ammp_s2_alr0p0003__857e2aae,1e34514ddf70bfc8a78757d9a78b82306627164c,71b619508a9395147ac00ec9ed5e0377079fc56a,main/td3_amo/antmaze-medium-play-v2/3e-4/seed_2/ammp_s2_alr0p0003__857e2aae,/home/svcho/amo/results/td3_amo_bootrms_maincand_seeds03/jobs/a2_am-mp_r3e4_s2/run,final_eval_50.json,1,normalized_score,2026-09-19T05:55:11.662242+00:00
td3_amo,2,0.0003,antmaze-medium-play-v2,3,16.0,1000000,True,50,True,1,svcho,jax,ammp_s3_alr0p0003__b7945756,1e34514ddf70bfc8a78757d9a78b82306627164c,71b619508a9395147ac00ec9ed5e0377079fc56a,main/td3_amo/antmaze-medium-play-v2/3e-4/seed_3/ammp_s3_alr0p0003__b7945756,/home/svcho/amo/results/td3_amo_bootrms_maincand_seeds03/jobs/a2_am-mp_r3e4_s3/run,final_eval_50.json,1,normalized_score,2026-09-19T11:35:19.023575+00:00
td3_amo,2,0.002,antmaze-medium-diverse-v2,0,26.0,1000000,True,50,True,1,svcho,jax,ammd_s0_alr0p002__e24d46a6,1e34514ddf70bfc8a78757d9a78b82306627164c,71b619508a9395147ac00ec9ed5e0377079fc56a,main/td3_amo/antmaze-medium-diverse-v2/2e-3/seed_0/ammd_s0_alr0p002__e24d46a6,/home/svcho/amo/results/td3_amo_bootrms_maincand_seeds03/jobs/a2_am-md_r2e3_s0/run,final_eval_50.json,1,normalized_score,2026-09-18T16:05:02.861778+00:00
td3_amo,2,0.002,antmaze-medium-diverse-v2,1,24.0,1000000,True,50,True,1,svcho,jax,ammd_s1_alr0p002__2099e679,1e34514ddf70bfc8a78757d9a78b82306627164c,71b619508a9395147ac00ec9ed5e0377079fc56a,main/td3_amo/antmaze-medium-diverse-v2/2e-3/seed_1/ammd_s1_alr0p002__2099e679,/home/svcho/amo/results/td3_amo_bootrms_maincand_seeds03/jobs/a2_am-md_r2e3_s1/run,final_eval_50.json,1,normalized_score,2026-09-19T00:46:33.193526+00:00
td3_amo,2,0.002,antmaze-medium-diverse-v2,2,50.0,1000000,True,50,True,1,svcho,jax,ammd_s2_alr0p002__9103bf70,1e34514ddf70bfc8a78757d9a78b82306627164c,71b619508a9395147ac00ec9ed5e0377079fc56a,main/td3_amo/antmaze-medium-diverse-v2/2e-3/seed_2/ammd_s2_alr0p002__9103bf70,/home/svcho/amo/results/td3_amo_bootrms_maincand_seeds03/jobs/a2_am-md_r2e3_s2/run,final_eval_50.json,1,normalized_score,2026-09-19T06:26:19.691354+00:00
td3_amo,2,0.002,antmaze-medium-diverse-v2,3,8.0,1000000,True,50,True,1,svcho,jax,ammd_s3_alr0p002__73cb54df,1e34514ddf70bfc8a78757d9a78b82306627164c,71b619508a9395147ac00ec9ed5e0377079fc56a,main/td3_amo/antmaze-medium-diverse-v2/2e-3/seed_3/ammd_s3_alr0p002__73cb54df,/home/svcho/amo/results/td3_amo_bootrms_maincand_seeds03/jobs/a2_am-md_r2e3_s3/run,final_eval_50.json,1,normalized_score,2026-09-19T12:21:34.862820+00:00
td3_amo,2,0.001,antmaze-medium-diverse-v2,0,20.0,1000000,True,50,True,1,svcho,jax,ammd_s0_alr0p001__28d33481,1e34514ddf70bfc8a78757d9a78b82306627164c,71b619508a9395147ac00ec9ed5e0377079fc56a,main/td3_amo/antmaze-medium-diverse-v2/1e-3/seed_0/ammd_s0_alr0p001__28d33481,/home/svcho/amo/results/td3_amo_bootrms_maincand_seeds03/jobs/a2_am-md_r1e3_s0/run,final_eval_50.json,1,normalized_score,2026-09-18T15:53:28.562186+00:00
td3_amo,2,0.001,antmaze-medium-diverse-v2,1,54.0,1000000,True,50,True,1,svcho,jax,ammd_s1_alr0p001__71223cd7,1e34514ddf70bfc8a78757d9a78b82306627164c,71b619508a9395147ac00ec9ed5e0377079fc56a,main/td3_amo/antmaze-medium-diverse-v2/1e-3/seed_1/ammd_s1_alr0p001__71223cd7,/home/svcho/amo/results/td3_amo_bootrms_maincand_seeds03/jobs/a2_am-md_r1e3_s1/run,final_eval_50.json,1,normalized_score,2026-09-19T00:31:17.564282+00:00
td3_amo,2,0.001,antmaze-medium-diverse-v2,2,34.0,1000000,True,50,True,1,svcho,jax,ammd_s2_alr0p001__7757f6cb,1e34514ddf70bfc8a78757d9a78b82306627164c,71b619508a9395147ac00ec9ed5e0377079fc56a,main/td3_amo/antmaze-medium-diverse-v2/1e-3/seed_2/ammd_s2_alr0p001__7757f6cb,/home/svcho/amo/results/td3_amo_bootrms_maincand_seeds03/jobs/a2_am-md_r1e3_s2/run,final_eval_50.json,1,normalized_score,2026-09-19T06:25:52.950757+00:00
td3_amo,2,0.001,antmaze-medium-diverse-v2,3,28.000000000000004,1000000,True,50,True,1,svcho,jax,ammd_s3_alr0p001__64865027,1e34514ddf70bfc8a78757d9a78b82306627164c,71b619508a9395147ac00ec9ed5e0377079fc56a,main/td3_amo/antmaze-medium-diverse-v2/1e-3/seed_3/ammd_s3_alr0p001__64865027,/home/svcho/amo/results/td3_amo_bootrms_maincand_seeds03/jobs/a2_am-md_r1e3_s3/run,final_eval_50.json,1,normalized_score,2026-09-19T12:06:15.014546+00:00
td3_amo,2,0.0003,antmaze-medium-diverse-v2,0,22.0,1000000,True,50,True,1,svcho,jax,ammd_s0_alr0p0003__346bf39f,1e34514ddf70bfc8a78757d9a78b82306627164c,71b619508a9395147ac00ec9ed5e0377079fc56a,main/td3_amo/antmaze-medium-diverse-v2/3e-4/seed_0/ammd_s0_alr0p0003__346bf39f,/home/svcho/amo/results/td3_amo_bootrms_maincand_seeds03/jobs/a2_am-md_r3e4_s0/run,final_eval_50.json,1,normalized_score,2026-09-18T15:53:28.787273+00:00
td3_amo,2,0.0003,antmaze-medium-diverse-v2,1,12.0,1000000,True,50,True,1,svcho,jax,ammd_s1_alr0p0003__048087e8,1e34514ddf70bfc8a78757d9a78b82306627164c,71b619508a9395147ac00ec9ed5e0377079fc56a,main/td3_amo/antmaze-medium-diverse-v2/3e-4/seed_1/ammd_s1_alr0p0003__048087e8,/home/svcho/amo/results/td3_amo_bootrms_maincand_seeds03/jobs/a2_am-md_r3e4_s1/run,final_eval_50.json,1,normalized_score,2026-09-19T00:31:23.361380+00:00
td3_amo,2,0.0003,antmaze-medium-diverse-v2,2,14.000000000000002,1000000,True,50,True,1,svcho,jax,ammd_s2_alr0p0003__e095a6e0,1e34514ddf70bfc8a78757d9a78b82306627164c,71b619508a9395147ac00ec9ed5e0377079fc56a,main/td3_amo/antmaze-medium-diverse-v2/3e-4/seed_2/ammd_s2_alr0p0003__e095a6e0,/home/svcho/amo/results/td3_amo_bootrms_maincand_seeds03/jobs/a2_am-md_r3e4_s2/run,final_eval_50.json,1,normalized_score,2026-09-19T06:10:59.470852+00:00
td3_amo,2,0.0003,antmaze-medium-diverse-v2,3,16.0,1000000,True,50,True,1,svcho,jax,ammd_s3_alr0p0003__900479fe,1e34514ddf70bfc8a78757d9a78b82306627164c,71b619508a9395147ac00ec9ed5e0377079fc56a,main/td3_amo/antmaze-medium-diverse-v2/3e-4/seed_3/ammd_s3_alr0p0003__900479fe,/home/svcho/amo/results/td3_amo_bootrms_maincand_seeds03/jobs/a2_am-md_r3e4_s3/run,final_eval_50.json,1,normalized_score,2026-09-19T12:06:17.761290+00:00
td3_amo,2,0.002,antmaze-large-play-v2,0,54.0,1000000,True,50,True,1,svcho,jax,amlp_s0_alr0p002__fd5fd67c,1e34514ddf70bfc8a78757d9a78b82306627164c,71b619508a9395147ac00ec9ed5e0377079fc56a,main/td3_amo/antmaze-large-play-v2/2e-3/seed_0/amlp_s0_alr0p002__fd5fd67c,/home/svcho/amo/results/td3_amo_bootrms_maincand_seeds03/jobs/a2_am-lp_r2e3_s0/run,final_eval_50.json,1,normalized_score,2026-09-18T16:31:53.823617+00:00
td3_amo,2,0.002,antmaze-large-play-v2,1,14.000000000000002,1000000,True,50,True,1,svcho,jax,amlp_s1_alr0p002__49bcfa33,1e34514ddf70bfc8a78757d9a78b82306627164c,71b619508a9395147ac00ec9ed5e0377079fc56a,main/td3_amo/antmaze-large-play-v2/2e-3/seed_1/amlp_s1_alr0p002__49bcfa33,/home/svcho/amo/results/td3_amo_bootrms_maincand_seeds03/jobs/a2_am-lp_r2e3_s1/run,final_eval_50.json,1,normalized_score,2026-09-19T01:02:05.440205+00:00
td3_amo,2,0.002,antmaze-large-play-v2,2,64.0,1000000,True,50,True,1,svcho,jax,amlp_s2_alr0p002__5cec3c5e,1e34514ddf70bfc8a78757d9a78b82306627164c,71b619508a9395147ac00ec9ed5e0377079fc56a,main/td3_amo/antmaze-large-play-v2/2e-3/seed_2/amlp_s2_alr0p002__5cec3c5e,/home/svcho/amo/results/td3_amo_bootrms_maincand_seeds03/jobs/a2_am-lp_r2e3_s2/run,final_eval_50.json,1,normalized_score,2026-09-19T06:56:46.829185+00:00
td3_amo,2,0.002,antmaze-large-play-v2,3,30.0,1000000,True,50,True,1,svcho,jax,amlp_s3_alr0p002__f4068678,1e34514ddf70bfc8a78757d9a78b82306627164c,71b619508a9395147ac00ec9ed5e0377079fc56a,main/td3_amo/antmaze-large-play-v2/2e-3/seed_3/amlp_s3_alr0p002__f4068678,/home/svcho/amo/results/td3_amo_bootrms_maincand_seeds03/jobs/a2_am-lp_r2e3_s3/run,final_eval_50.json,1,normalized_score,2026-09-19T12:36:52.227983+00:00
td3_amo,2,0.001,antmaze-large-play-v2,0,44.0,1000000,True,50,True,1,svcho,jax,amlp_s0_alr0p001__16c9cbc4,1e34514ddf70bfc8a78757d9a78b82306627164c,71b619508a9395147ac00ec9ed5e0377079fc56a,main/td3_amo/antmaze-large-play-v2/1e-3/seed_0/amlp_s0_alr0p001__16c9cbc4,/home/svcho/amo/results/td3_amo_bootrms_maincand_seeds03/jobs/a2_am-lp_r1e3_s0/run,final_eval_50.json,1,normalized_score,2026-09-18T16:20:30.806928+00:00
td3_amo,2,0.001,antmaze-large-play-v2,1,28.000000000000004,1000000,True,50,True,1,svcho,jax,amlp_s1_alr0p001__44bc8d0a,1e34514ddf70bfc8a78757d9a78b82306627164c,71b619508a9395147ac00ec9ed5e0377079fc56a,main/td3_amo/antmaze-large-play-v2/1e-3/seed_1/amlp_s1_alr0p001__44bc8d0a,/home/svcho/amo/results/td3_amo_bootrms_maincand_seeds03/jobs/a2_am-lp_r1e3_s1/run,final_eval_50.json,1,normalized_score,2026-09-19T01:02:03.890244+00:00
td3_amo,2,0.001,antmaze-large-play-v2,2,14.000000000000002,1000000,True,50,True,1,svcho,jax,amlp_s2_alr0p001__61037d0d,1e34514ddf70bfc8a78757d9a78b82306627164c,71b619508a9395147ac00ec9ed5e0377079fc56a,main/td3_amo/antmaze-large-play-v2/1e-3/seed_2/amlp_s2_alr0p001__61037d0d,/home/svcho/amo/results/td3_amo_bootrms_maincand_seeds03/jobs/a2_am-lp_r1e3_s2/run,final_eval_50.json,1,normalized_score,2026-09-19T06:41:52.505769+00:00
td3_amo,2,0.001,antmaze-large-play-v2,3,14.000000000000002,1000000,True,50,True,1,svcho,jax,amlp_s3_alr0p001__f2493b11,1e34514ddf70bfc8a78757d9a78b82306627164c,71b619508a9395147ac00ec9ed5e0377079fc56a,main/td3_amo/antmaze-large-play-v2/1e-3/seed_3/amlp_s3_alr0p001__f2493b11,/home/svcho/amo/results/td3_amo_bootrms_maincand_seeds03/jobs/a2_am-lp_r1e3_s3/run,final_eval_50.json,1,normalized_score,2026-09-19T12:36:53.621203+00:00
td3_amo,2,0.0003,antmaze-large-play-v2,0,14.000000000000002,1000000,True,50,True,1,svcho,jax,amlp_s0_alr0p0003__2254b0e5,1e34514ddf70bfc8a78757d9a78b82306627164c,71b619508a9395147ac00ec9ed5e0377079fc56a,main/td3_amo/antmaze-large-play-v2/3e-4/seed_0/amlp_s0_alr0p0003__2254b0e5,/home/svcho/amo/results/td3_amo_bootrms_maincand_seeds03/jobs/a2_am-lp_r3e4_s0/run,final_eval_50.json,1,normalized_score,2026-09-18T16:20:33.274528+00:00
td3_amo,2,0.0003,antmaze-large-play-v2,1,8.0,1000000,True,50,True,1,svcho,jax,amlp_s1_alr0p0003__85ea50d5,1e34514ddf70bfc8a78757d9a78b82306627164c,71b619508a9395147ac00ec9ed5e0377079fc56a,main/td3_amo/antmaze-large-play-v2/3e-4/seed_1/amlp_s1_alr0p0003__85ea50d5,/home/svcho/amo/results/td3_amo_bootrms_maincand_seeds03/jobs/a2_am-lp_r3e4_s1/run,final_eval_50.json,1,normalized_score,2026-09-19T00:46:38.900505+00:00
td3_amo,2,0.0003,antmaze-large-play-v2,2,4.0,1000000,True,50,True,1,svcho,jax,amlp_s2_alr0p0003__fa32ef04,1e34514ddf70bfc8a78757d9a78b82306627164c,71b619508a9395147ac00ec9ed5e0377079fc56a,main/td3_amo/antmaze-large-play-v2/3e-4/seed_2/amlp_s2_alr0p0003__fa32ef04,/home/svcho/amo/results/td3_amo_bootrms_maincand_seeds03/jobs/a2_am-lp_r3e4_s2/run,final_eval_50.json,1,normalized_score,2026-09-19T06:41:26.546990+00:00
td3_amo,2,0.0003,antmaze-large-play-v2,3,10.0,1000000,True,50,True,1,svcho,jax,amlp_s3_alr0p0003__fd480ed7,1e34514ddf70bfc8a78757d9a78b82306627164c,71b619508a9395147ac00ec9ed5e0377079fc56a,main/td3_amo/antmaze-large-play-v2/3e-4/seed_3/amlp_s3_alr0p0003__fd480ed7,/home/svcho/amo/results/td3_amo_bootrms_maincand_seeds03/jobs/a2_am-lp_r3e4_s3/run,final_eval_50.json,1,normalized_score,2026-09-19T12:21:38.980620+00:00
td3_amo,2,0.002,antmaze-large-diverse-v2,0,50.0,1000000,True,50,True,1,svcho,jax,amld_s0_alr0p002__24f78540,1e34514ddf70bfc8a78757d9a78b82306627164c,71b619508a9395147ac00ec9ed5e0377079fc56a,main/td3_amo/antmaze-large-diverse-v2/2e-3/seed_0/amld_s0_alr0p002__24f78540,/home/svcho/amo/results/td3_amo_bootrms_maincand_seeds03/jobs/a2_am-ld_r2e3_s0/run,final_eval_50.json,1,normalized_score,2026-09-18T16:59:50.257272+00:00
td3_amo,2,0.002,antmaze-large-diverse-v2,1,50.0,1000000,True,50,True,1,svcho,jax,amld_s1_alr0p002__62593585,1e34514ddf70bfc8a78757d9a78b82306627164c,71b619508a9395147ac00ec9ed5e0377079fc56a,main/td3_amo/antmaze-large-diverse-v2/2e-3/seed_1/amld_s1_alr0p002__62593585,/home/svcho/amo/results/td3_amo_bootrms_maincand_seeds03/jobs/a2_am-ld_r2e3_s1/run,final_eval_50.json,1,normalized_score,2026-09-19T01:32:48.927145+00:00
td3_amo,2,0.002,antmaze-large-diverse-v2,2,16.0,1000000,True,50,True,1,svcho,jax,amld_s2_alr0p002__2ef6377c,1e34514ddf70bfc8a78757d9a78b82306627164c,71b619508a9395147ac00ec9ed5e0377079fc56a,main/td3_amo/antmaze-large-diverse-v2/2e-3/seed_2/amld_s2_alr0p002__2ef6377c,/home/svcho/amo/results/td3_amo_bootrms_maincand_seeds03/jobs/a2_am-ld_r2e3_s2/run,final_eval_50.json,1,normalized_score,2026-09-19T07:12:47.325657+00:00
td3_amo,2,0.002,antmaze-large-diverse-v2,3,50.0,1000000,True,50,True,1,svcho,jax,amld_s3_alr0p002__3e600cf3,1e34514ddf70bfc8a78757d9a78b82306627164c,71b619508a9395147ac00ec9ed5e0377079fc56a,main/td3_amo/antmaze-large-diverse-v2/2e-3/seed_3/amld_s3_alr0p002__3e600cf3,/home/svcho/amo/results/td3_amo_bootrms_maincand_seeds03/jobs/a2_am-ld_r2e3_s3/run,final_eval_50.json,1,normalized_score,2026-09-19T13:07:52.643106+00:00
td3_amo,2,0.001,antmaze-large-diverse-v2,0,28.000000000000004,1000000,True,50,True,1,svcho,jax,amld_s0_alr0p001__00d527dd,1e34514ddf70bfc8a78757d9a78b82306627164c,71b619508a9395147ac00ec9ed5e0377079fc56a,main/td3_amo/antmaze-large-diverse-v2/1e-3/seed_0/amld_s0_alr0p001__00d527dd,/home/svcho/amo/results/td3_amo_bootrms_maincand_seeds03/jobs/a2_am-ld_r1e3_s0/run,final_eval_50.json,1,normalized_score,2026-09-18T16:47:24.015365+00:00
td3_amo,2,0.001,antmaze-large-diverse-v2,1,32.0,1000000,True,50,True,1,svcho,jax,amld_s1_alr0p001__25d6af26,1e34514ddf70bfc8a78757d9a78b82306627164c,71b619508a9395147ac00ec9ed5e0377079fc56a,main/td3_amo/antmaze-large-diverse-v2/1e-3/seed_1/amld_s1_alr0p001__25d6af26,/home/svcho/amo/results/td3_amo_bootrms_maincand_seeds03/jobs/a2_am-ld_r1e3_s1/run,final_eval_50.json,1,normalized_score,2026-09-19T01:17:35.156099+00:00
td3_amo,2,0.001,antmaze-large-diverse-v2,2,32.0,1000000,True,50,True,1,svcho,jax,amld_s2_alr0p001__c90a9f9d,1e34514ddf70bfc8a78757d9a78b82306627164c,71b619508a9395147ac00ec9ed5e0377079fc56a,main/td3_amo/antmaze-large-diverse-v2/1e-3/seed_2/amld_s2_alr0p001__c90a9f9d,/home/svcho/amo/results/td3_amo_bootrms_maincand_seeds03/jobs/a2_am-ld_r1e3_s2/run,final_eval_50.json,1,normalized_score,2026-09-19T07:12:05.273081+00:00
td3_amo,2,0.001,antmaze-large-diverse-v2,3,12.0,1000000,True,50,True,1,svcho,jax,amld_s3_alr0p001__8c5e8daa,1e34514ddf70bfc8a78757d9a78b82306627164c,71b619508a9395147ac00ec9ed5e0377079fc56a,main/td3_amo/antmaze-large-diverse-v2/1e-3/seed_3/amld_s3_alr0p001__8c5e8daa,/home/svcho/amo/results/td3_amo_bootrms_maincand_seeds03/jobs/a2_am-ld_r1e3_s3/run,final_eval_50.json,1,normalized_score,2026-09-19T12:52:37.498816+00:00
td3_amo,2,0.0003,antmaze-large-diverse-v2,0,0.0,1000000,True,50,True,1,svcho,jax,amld_s0_alr0p0003__59437eb7,1e34514ddf70bfc8a78757d9a78b82306627164c,71b619508a9395147ac00ec9ed5e0377079fc56a,main/td3_amo/antmaze-large-diverse-v2/3e-4/seed_0/amld_s0_alr0p0003__59437eb7,/home/svcho/amo/results/td3_amo_bootrms_maincand_seeds03/jobs/a2_am-ld_r3e4_s0/run,final_eval_50.json,1,normalized_score,2026-09-18T16:47:12.837664+00:00
td3_amo,2,0.0003,antmaze-large-diverse-v2,1,4.0,1000000,True,50,True,1,svcho,jax,amld_s1_alr0p0003__74fe53c2,1e34514ddf70bfc8a78757d9a78b82306627164c,71b619508a9395147ac00ec9ed5e0377079fc56a,main/td3_amo/antmaze-large-diverse-v2/3e-4/seed_1/amld_s1_alr0p0003__74fe53c2,/home/svcho/amo/results/td3_amo_bootrms_maincand_seeds03/jobs/a2_am-ld_r3e4_s1/run,final_eval_50.json,1,normalized_score,2026-09-19T01:17:36.268224+00:00
td3_amo,2,0.0003,antmaze-large-diverse-v2,2,2.0,1000000,True,50,True,1,svcho,jax,amld_s2_alr0p0003__31b181c2,1e34514ddf70bfc8a78757d9a78b82306627164c,71b619508a9395147ac00ec9ed5e0377079fc56a,main/td3_amo/antmaze-large-diverse-v2/3e-4/seed_2/amld_s2_alr0p0003__31b181c2,/home/svcho/amo/results/td3_amo_bootrms_maincand_seeds03/jobs/a2_am-ld_r3e4_s2/run,final_eval_50.json,1,normalized_score,2026-09-19T06:57:20.832125+00:00
td3_amo,2,0.0003,antmaze-large-diverse-v2,3,2.0,1000000,True,50,True,1,svcho,jax,amld_s3_alr0p0003__2c9e4bcd,1e34514ddf70bfc8a78757d9a78b82306627164c,71b619508a9395147ac00ec9ed5e0377079fc56a,main/td3_amo/antmaze-large-diverse-v2/3e-4/seed_3/amld_s3_alr0p0003__2c9e4bcd,/home/svcho/amo/results/td3_amo_bootrms_maincand_seeds03/jobs/a2_am-ld_r3e4_s3/run,final_eval_50.json,1,normalized_score,2026-09-19T12:52:38.181815+00:00
td3_amo,5,0.002,halfcheetah-medium-v2,0,58.49765924547234,1000000,True,50,True,1,svcho,jax,hcm_s0_alr0p002__a523e4cc,1e34514ddf70bfc8a78757d9a78b82306627164c,71b619508a9395147ac00ec9ed5e0377079fc56a,main/td3_amo/halfcheetah-medium-v2/2e-3/seed_0/hcm_s0_alr0p002__a523e4cc,/home/svcho/amo/results/td3_amo_bootrms_maincand_seeds03/jobs/a5_hc-m_r2e3_s0/run,final_eval_50.json,1,normalized_score,2026-09-17T16:18:12.441944+00:00
td3_amo,5,0.002,halfcheetah-medium-v2,1,58.3680839890855,1000000,True,50,True,1,svcho,jax,hcm_s1_alr0p002__a21bff4a,1e34514ddf70bfc8a78757d9a78b82306627164c,71b619508a9395147ac00ec9ed5e0377079fc56a,main/td3_amo/halfcheetah-medium-v2/2e-3/seed_1/hcm_s1_alr0p002__a21bff4a,/home/svcho/amo/results/td3_amo_bootrms_maincand_seeds03/jobs/a5_hc-m_r2e3_s1/run,final_eval_50.json,1,normalized_score,2026-09-17T22:24:15.965109+00:00
td3_amo,5,0.002,halfcheetah-medium-v2,2,57.4827516792086,1000000,True,50,True,1,svcho,jax,hcm_s2_alr0p002__3bb80263,1e34514ddf70bfc8a78757d9a78b82306627164c,71b619508a9395147ac00ec9ed5e0377079fc56a,main/td3_amo/halfcheetah-medium-v2/2e-3/seed_2/hcm_s2_alr0p002__3bb80263,/home/svcho/amo/results/td3_amo_bootrms_maincand_seeds03/jobs/a5_hc-m_r2e3_s2/run,final_eval_50.json,1,normalized_score,2026-09-18T04:31:16.098993+00:00
td3_amo,5,0.002,halfcheetah-medium-v2,3,58.53707125915074,1000000,True,50,True,1,svcho,jax,hcm_s3_alr0p002__eaf47954,1e34514ddf70bfc8a78757d9a78b82306627164c,71b619508a9395147ac00ec9ed5e0377079fc56a,main/td3_amo/halfcheetah-medium-v2/2e-3/seed_3/hcm_s3_alr0p002__eaf47954,/home/svcho/amo/results/td3_amo_bootrms_maincand_seeds03/jobs/a5_hc-m_r2e3_s3/run,final_eval_50.json,1,normalized_score,2026-09-18T10:40:53.164054+00:00
td3_amo,5,0.001,halfcheetah-medium-v2,0,56.60598043453822,1000000,True,50,True,1,svcho,jax,hcm_s0_alr0p001__c6116329,1e34514ddf70bfc8a78757d9a78b82306627164c,71b619508a9395147ac00ec9ed5e0377079fc56a,main/td3_amo/halfcheetah-medium-v2/1e-3/seed_0/hcm_s0_alr0p001__c6116329,/home/svcho/amo/results/td3_amo_bootrms_maincand_seeds03/jobs/a5_hc-m_r1e3_s0/run,final_eval_50.json,1,normalized_score,2026-09-17T16:06:04.043613+00:00
td3_amo,5,0.001,halfcheetah-medium-v2,1,55.740193406173255,1000000,True,50,True,1,svcho,jax,hcm_s1_alr0p001__e2daf7ea,1e34514ddf70bfc8a78757d9a78b82306627164c,71b619508a9395147ac00ec9ed5e0377079fc56a,main/td3_amo/halfcheetah-medium-v2/1e-3/seed_1/hcm_s1_alr0p001__e2daf7ea,/home/svcho/amo/results/td3_amo_bootrms_maincand_seeds03/jobs/a5_hc-m_r1e3_s1/run,final_eval_50.json,1,normalized_score,2026-09-17T22:12:51.250910+00:00
td3_amo,5,0.001,halfcheetah-medium-v2,2,56.099988798873504,1000000,True,50,True,1,svcho,jax,hcm_s2_alr0p001__ab13a81b,1e34514ddf70bfc8a78757d9a78b82306627164c,71b619508a9395147ac00ec9ed5e0377079fc56a,main/td3_amo/halfcheetah-medium-v2/1e-3/seed_2/hcm_s2_alr0p001__ab13a81b,/home/svcho/amo/results/td3_amo_bootrms_maincand_seeds03/jobs/a5_hc-m_r1e3_s2/run,final_eval_50.json,1,normalized_score,2026-09-18T04:20:19.959329+00:00
td3_amo,5,0.001,halfcheetah-medium-v2,3,57.32675569453015,1000000,True,50,True,1,svcho,jax,hcm_s3_alr0p001__ed58a7d3,1e34514ddf70bfc8a78757d9a78b82306627164c,71b619508a9395147ac00ec9ed5e0377079fc56a,main/td3_amo/halfcheetah-medium-v2/1e-3/seed_3/hcm_s3_alr0p001__ed58a7d3,/home/svcho/amo/results/td3_amo_bootrms_maincand_seeds03/jobs/a5_hc-m_r1e3_s3/run,final_eval_50.json,1,normalized_score,2026-09-18T10:29:29.623634+00:00
td3_amo,5,0.0003,halfcheetah-medium-v2,0,54.33585763843004,1000000,True,50,True,1,svcho,jax,hcm_s0_alr0p0003__284595eb,1e34514ddf70bfc8a78757d9a78b82306627164c,71b619508a9395147ac00ec9ed5e0377079fc56a,main/td3_amo/halfcheetah-medium-v2/3e-4/seed_0/hcm_s0_alr0p0003__284595eb,/home/svcho/amo/results/td3_amo_bootrms_maincand_seeds03/jobs/a5_hc-m_r3e4_s0/run,final_eval_50.json,1,normalized_score,2026-09-17T16:06:04.182495+00:00
td3_amo,5,0.0003,halfcheetah-medium-v2,1,53.7830938645728,1000000,True,50,True,1,svcho,jax,hcm_s1_alr0p0003__49a5fd07,1e34514ddf70bfc8a78757d9a78b82306627164c,71b619508a9395147ac00ec9ed5e0377079fc56a,main/td3_amo/halfcheetah-medium-v2/3e-4/seed_1/hcm_s1_alr0p0003__49a5fd07,/home/svcho/amo/results/td3_amo_bootrms_maincand_seeds03/jobs/a5_hc-m_r3e4_s1/run,final_eval_50.json,1,normalized_score,2026-09-17T22:12:40.248099+00:00
td3_amo,5,0.0003,halfcheetah-medium-v2,2,53.89642104971,1000000,True,50,True,1,svcho,jax,hcm_s2_alr0p0003__19a94495,1e34514ddf70bfc8a78757d9a78b82306627164c,71b619508a9395147ac00ec9ed5e0377079fc56a,main/td3_amo/halfcheetah-medium-v2/3e-4/seed_2/hcm_s2_alr0p0003__19a94495,/home/svcho/amo/results/td3_amo_bootrms_maincand_seeds03/jobs/a5_hc-m_r3e4_s2/run,final_eval_50.json,1,normalized_score,2026-09-18T04:20:19.970018+00:00
td3_amo,5,0.0003,halfcheetah-medium-v2,3,55.043259663428415,1000000,True,50,True,1,svcho,jax,hcm_s3_alr0p0003__fe34b394,1e34514ddf70bfc8a78757d9a78b82306627164c,71b619508a9395147ac00ec9ed5e0377079fc56a,main/td3_amo/halfcheetah-medium-v2/3e-4/seed_3/hcm_s3_alr0p0003__fe34b394,/home/svcho/amo/results/td3_amo_bootrms_maincand_seeds03/jobs/a5_hc-m_r3e4_s3/run,final_eval_50.json,1,normalized_score,2026-09-18T10:29:18.042021+00:00
td3_amo,5,0.002,halfcheetah-medium-replay-v2,0,50.3958062119881,1000000,True,50,True,1,svcho,jax,hcmr_s0_alr0p002__172a84cc,1e34514ddf70bfc8a78757d9a78b82306627164c,71b619508a9395147ac00ec9ed5e0377079fc56a,main/td3_amo/halfcheetah-medium-replay-v2/2e-3/seed_0/hcmr_s0_alr0p002__172a84cc,/home/svcho/amo/results/td3_amo_bootrms_maincand_seeds03/jobs/a5_hc-mr_r2e3_s0/run,final_eval_50.json,1,normalized_score,2026-09-17T16:44:28.514041+00:00
td3_amo,5,0.002,halfcheetah-medium-replay-v2,1,49.299993037083084,1000000,True,50,True,1,svcho,jax,hcmr_s1_alr0p002__0342d773,1e34514ddf70bfc8a78757d9a78b82306627164c,71b619508a9395147ac00ec9ed5e0377079fc56a,main/td3_amo/halfcheetah-medium-replay-v2/2e-3/seed_1/hcmr_s1_alr0p002__0342d773,/home/svcho/amo/results/td3_amo_bootrms_maincand_seeds03/jobs/a5_hc-mr_r2e3_s1/run,final_eval_50.json,1,normalized_score,2026-09-17T22:51:00.464864+00:00
td3_amo,5,0.002,halfcheetah-medium-replay-v2,2,50.18631811687786,1000000,True,50,True,1,svcho,jax,hcmr_s2_alr0p002__dbbe503a,1e34514ddf70bfc8a78757d9a78b82306627164c,71b619508a9395147ac00ec9ed5e0377079fc56a,main/td3_amo/halfcheetah-medium-replay-v2/2e-3/seed_2/hcmr_s2_alr0p002__dbbe503a,/home/svcho/amo/results/td3_amo_bootrms_maincand_seeds03/jobs/a5_hc-mr_r2e3_s2/run,final_eval_50.json,1,normalized_score,2026-09-18T04:58:03.392301+00:00
td3_amo,5,0.002,halfcheetah-medium-replay-v2,3,48.99178230578738,1000000,True,50,True,1,svcho,jax,hcmr_s3_alr0p002__ff6b08b4,1e34514ddf70bfc8a78757d9a78b82306627164c,71b619508a9395147ac00ec9ed5e0377079fc56a,main/td3_amo/halfcheetah-medium-replay-v2/2e-3/seed_3/hcmr_s3_alr0p002__ff6b08b4,/home/svcho/amo/results/td3_amo_bootrms_maincand_seeds03/jobs/a5_hc-mr_r2e3_s3/run,final_eval_50.json,1,normalized_score,2026-09-18T11:08:25.340257+00:00
td3_amo,5,0.001,halfcheetah-medium-replay-v2,0,49.611857948269524,1000000,True,50,True,1,svcho,jax,hcmr_s0_alr0p001__c5fd057d,1e34514ddf70bfc8a78757d9a78b82306627164c,71b619508a9395147ac00ec9ed5e0377079fc56a,main/td3_amo/halfcheetah-medium-replay-v2/1e-3/seed_0/hcmr_s0_alr0p001__c5fd057d,/home/svcho/amo/results/td3_amo_bootrms_maincand_seeds03/jobs/a5_hc-mr_r1e3_s0/run,final_eval_50.json,1,normalized_score,2026-09-17T16:33:21.792661+00:00
td3_amo,5,0.001,halfcheetah-medium-replay-v2,1,49.352405018949916,1000000,True,50,True,1,svcho,jax,hcmr_s1_alr0p001__c92f163c,1e34514ddf70bfc8a78757d9a78b82306627164c,71b619508a9395147ac00ec9ed5e0377079fc56a,main/td3_amo/halfcheetah-medium-replay-v2/1e-3/seed_1/hcmr_s1_alr0p001__c92f163c,/home/svcho/amo/results/td3_amo_bootrms_maincand_seeds03/jobs/a5_hc-mr_r1e3_s1/run,final_eval_50.json,1,normalized_score,2026-09-17T22:39:24.109359+00:00
td3_amo,5,0.001,halfcheetah-medium-replay-v2,2,49.15413248350362,1000000,True,50,True,1,svcho,jax,hcmr_s2_alr0p001__a8b0ad48,1e34514ddf70bfc8a78757d9a78b82306627164c,71b619508a9395147ac00ec9ed5e0377079fc56a,main/td3_amo/halfcheetah-medium-replay-v2/1e-3/seed_2/hcmr_s2_alr0p001__a8b0ad48,/home/svcho/amo/results/td3_amo_bootrms_maincand_seeds03/jobs/a5_hc-mr_r1e3_s2/run,final_eval_50.json,1,normalized_score,2026-09-18T04:46:53.454486+00:00
td3_amo,5,0.001,halfcheetah-medium-replay-v2,3,48.99271403137195,1000000,True,50,True,1,svcho,jax,hcmr_s3_alr0p001__194c7d12,1e34514ddf70bfc8a78757d9a78b82306627164c,71b619508a9395147ac00ec9ed5e0377079fc56a,main/td3_amo/halfcheetah-medium-replay-v2/1e-3/seed_3/hcmr_s3_alr0p001__194c7d12,/home/svcho/amo/results/td3_amo_bootrms_maincand_seeds03/jobs/a5_hc-mr_r1e3_s3/run,final_eval_50.json,1,normalized_score,2026-09-18T10:56:35.543326+00:00
td3_amo,5,0.0003,halfcheetah-medium-replay-v2,0,48.39023946344991,1000000,True,50,True,1,svcho,jax,hcmr_s0_alr0p0003__d98346dc,1e34514ddf70bfc8a78757d9a78b82306627164c,71b619508a9395147ac00ec9ed5e0377079fc56a,main/td3_amo/halfcheetah-medium-replay-v2/3e-4/seed_0/hcmr_s0_alr0p0003__d98346dc,/home/svcho/amo/results/td3_amo_bootrms_maincand_seeds03/jobs/a5_hc-mr_r3e4_s0/run,final_eval_50.json,1,normalized_score,2026-09-17T16:33:11.421184+00:00
td3_amo,5,0.0003,halfcheetah-medium-replay-v2,1,47.22668575304691,1000000,True,50,True,1,svcho,jax,hcmr_s1_alr0p0003__223e671d,1e34514ddf70bfc8a78757d9a78b82306627164c,71b619508a9395147ac00ec9ed5e0377079fc56a,main/td3_amo/halfcheetah-medium-replay-v2/3e-4/seed_1/hcmr_s1_alr0p0003__223e671d,/home/svcho/amo/results/td3_amo_bootrms_maincand_seeds03/jobs/a5_hc-mr_r3e4_s1/run,final_eval_50.json,1,normalized_score,2026-09-17T22:39:12.747593+00:00
td3_amo,5,0.0003,halfcheetah-medium-replay-v2,2,48.245709768108114,1000000,True,50,True,1,svcho,jax,hcmr_s2_alr0p0003__ec4a5ea4,1e34514ddf70bfc8a78757d9a78b82306627164c,71b619508a9395147ac00ec9ed5e0377079fc56a,main/td3_amo/halfcheetah-medium-replay-v2/3e-4/seed_2/hcmr_s2_alr0p0003__ec4a5ea4,/home/svcho/amo/results/td3_amo_bootrms_maincand_seeds03/jobs/a5_hc-mr_r3e4_s2/run,final_eval_50.json,1,normalized_score,2026-09-18T04:46:42.018822+00:00
td3_amo,5,0.0003,halfcheetah-medium-replay-v2,3,47.7487379837831,1000000,True,50,True,1,svcho,jax,hcmr_s3_alr0p0003__268156a6,1e34514ddf70bfc8a78757d9a78b82306627164c,71b619508a9395147ac00ec9ed5e0377079fc56a,main/td3_amo/halfcheetah-medium-replay-v2/3e-4/seed_3/hcmr_s3_alr0p0003__268156a6,/home/svcho/amo/results/td3_amo_bootrms_maincand_seeds03/jobs/a5_hc-mr_r3e4_s3/run,final_eval_50.json,1,normalized_score,2026-09-18T10:56:23.828435+00:00
td3_amo,5,0.002,halfcheetah-medium-expert-v2,0,98.14693940527607,1000000,True,50,True,1,svcho,jax,hme_s0_alr0p002__195670de,1e34514ddf70bfc8a78757d9a78b82306627164c,71b619508a9395147ac00ec9ed5e0377079fc56a,main/td3_amo/halfcheetah-medium-expert-v2/2e-3/seed_0/hme_s0_alr0p002__195670de,/home/svcho/amo/results/td3_amo_bootrms_maincand_seeds03/jobs/a5_hc-me_r2e3_s0/run,final_eval_50.json,1,normalized_score,2026-09-17T17:11:11.969721+00:00
td3_amo,5,0.002,halfcheetah-medium-expert-v2,1,93.77738385343413,1000000,True,50,True,1,svcho,jax,hme_s1_alr0p002__cdec3203,1e34514ddf70bfc8a78757d9a78b82306627164c,71b619508a9395147ac00ec9ed5e0377079fc56a,main/td3_amo/halfcheetah-medium-expert-v2/2e-3/seed_1/hme_s1_alr0p002__cdec3203,/home/svcho/amo/results/td3_amo_bootrms_maincand_seeds03/jobs/a5_hc-me_r2e3_s1/run,final_eval_50.json,1,normalized_score,2026-09-17T23:17:51.017368+00:00
td3_amo,5,0.002,halfcheetah-medium-expert-v2,2,97.0233413126918,1000000,True,50,True,1,svcho,jax,hme_s2_alr0p002__2d6bb81d,1e34514ddf70bfc8a78757d9a78b82306627164c,71b619508a9395147ac00ec9ed5e0377079fc56a,main/td3_amo/halfcheetah-medium-expert-v2/2e-3/seed_2/hme_s2_alr0p002__2d6bb81d,/home/svcho/amo/results/td3_amo_bootrms_maincand_seeds03/jobs/a5_hc-me_r2e3_s2/run,final_eval_50.json,1,normalized_score,2026-09-18T05:25:19.076348+00:00
td3_amo,5,0.002,halfcheetah-medium-expert-v2,3,103.23677407581032,1000000,True,50,True,1,svcho,jax,hme_s3_alr0p002__19a4c0e1,1e34514ddf70bfc8a78757d9a78b82306627164c,71b619508a9395147ac00ec9ed5e0377079fc56a,main/td3_amo/halfcheetah-medium-expert-v2/2e-3/seed_3/hme_s3_alr0p002__19a4c0e1,/home/svcho/amo/results/td3_amo_bootrms_maincand_seeds03/jobs/a5_hc-me_r2e3_s3/run,final_eval_50.json,1,normalized_score,2026-09-18T11:34:37.074340+00:00
td3_amo,5,0.001,halfcheetah-medium-expert-v2,0,99.90284983646667,1000000,True,50,True,1,svcho,jax,hme_s0_alr0p001__21695d01,1e34514ddf70bfc8a78757d9a78b82306627164c,71b619508a9395147ac00ec9ed5e0377079fc56a,main/td3_amo/halfcheetah-medium-expert-v2/1e-3/seed_0/hme_s0_alr0p001__21695d01,/home/svcho/amo/results/td3_amo_bootrms_maincand_seeds03/jobs/a5_hc-me_r1e3_s0/run,final_eval_50.json,1,normalized_score,2026-09-17T16:59:41.429716+00:00
td3_amo,5,0.001,halfcheetah-medium-expert-v2,1,103.97885469321024,1000000,True,50,True,1,svcho,jax,hme_s1_alr0p001__b4ee5f81,1e34514ddf70bfc8a78757d9a78b82306627164c,71b619508a9395147ac00ec9ed5e0377079fc56a,main/td3_amo/halfcheetah-medium-expert-v2/1e-3/seed_1/hme_s1_alr0p001__b4ee5f81,/home/svcho/amo/results/td3_amo_bootrms_maincand_seeds03/jobs/a5_hc-me_r1e3_s1/run,final_eval_50.json,1,normalized_score,2026-09-17T23:06:33.779038+00:00
td3_amo,5,0.001,halfcheetah-medium-expert-v2,2,101.49482707613492,1000000,True,50,True,1,svcho,jax,hme_s2_alr0p001__425c9d3f,1e34514ddf70bfc8a78757d9a78b82306627164c,71b619508a9395147ac00ec9ed5e0377079fc56a,main/td3_amo/halfcheetah-medium-expert-v2/1e-3/seed_2/hme_s2_alr0p001__425c9d3f,/home/svcho/amo/results/td3_amo_bootrms_maincand_seeds03/jobs/a5_hc-me_r1e3_s2/run,final_eval_50.json,1,normalized_score,2026-09-18T05:13:31.617972+00:00
td3_amo,5,0.001,halfcheetah-medium-expert-v2,3,96.88522755852873,1000000,True,50,True,1,svcho,jax,hme_s3_alr0p001__f972addc,1e34514ddf70bfc8a78757d9a78b82306627164c,71b619508a9395147ac00ec9ed5e0377079fc56a,main/td3_amo/halfcheetah-medium-expert-v2/1e-3/seed_3/hme_s3_alr0p001__f972addc,/home/svcho/amo/results/td3_amo_bootrms_maincand_seeds03/jobs/a5_hc-me_r1e3_s3/run,final_eval_50.json,1,normalized_score,2026-09-18T11:23:45.308891+00:00
td3_amo,5,0.0003,halfcheetah-medium-expert-v2,0,96.95935159166999,1000000,True,50,True,1,svcho,jax,hme_s0_alr0p0003__7d2a9542,1e34514ddf70bfc8a78757d9a78b82306627164c,71b619508a9395147ac00ec9ed5e0377079fc56a,main/td3_amo/halfcheetah-medium-expert-v2/3e-4/seed_0/hme_s0_alr0p0003__7d2a9542,/home/svcho/amo/results/td3_amo_bootrms_maincand_seeds03/jobs/a5_hc-me_r3e4_s0/run,final_eval_50.json,1,normalized_score,2026-09-17T16:59:41.542322+00:00
td3_amo,5,0.0003,halfcheetah-medium-expert-v2,1,101.39689021897425,1000000,True,50,True,1,svcho,jax,hme_s1_alr0p0003__05c50c06,1e34514ddf70bfc8a78757d9a78b82306627164c,71b619508a9395147ac00ec9ed5e0377079fc56a,main/td3_amo/halfcheetah-medium-expert-v2/3e-4/seed_1/hme_s1_alr0p0003__05c50c06,/home/svcho/amo/results/td3_amo_bootrms_maincand_seeds03/jobs/a5_hc-me_r3e4_s1/run,final_eval_50.json,1,normalized_score,2026-09-17T23:06:11.440543+00:00
td3_amo,5,0.0003,halfcheetah-medium-expert-v2,2,99.22224401150405,1000000,True,50,True,1,svcho,jax,hme_s2_alr0p0003__fc52a3b3,1e34514ddf70bfc8a78757d9a78b82306627164c,71b619508a9395147ac00ec9ed5e0377079fc56a,main/td3_amo/halfcheetah-medium-expert-v2/3e-4/seed_2/hme_s2_alr0p0003__fc52a3b3,/home/svcho/amo/results/td3_amo_bootrms_maincand_seeds03/jobs/a5_hc-me_r3e4_s2/run,final_eval_50.json,1,normalized_score,2026-09-18T05:13:43.227031+00:00
td3_amo,5,0.0003,halfcheetah-medium-expert-v2,3,94.91755603329366,1000000,True,50,True,1,svcho,jax,hme_s3_alr0p0003__274fc495,1e34514ddf70bfc8a78757d9a78b82306627164c,71b619508a9395147ac00ec9ed5e0377079fc56a,main/td3_amo/halfcheetah-medium-expert-v2/3e-4/seed_3/hme_s3_alr0p0003__274fc495,/home/svcho/amo/results/td3_amo_bootrms_maincand_seeds03/jobs/a5_hc-me_r3e4_s3/run,final_eval_50.json,1,normalized_score,2026-09-18T11:23:33.533687+00:00
td3_amo,5,0.002,hopper-medium-v2,0,101.68565844658897,1000000,True,50,True,1,svcho,jax,hopm_s0_alr0p002__cde31769,1e34514ddf70bfc8a78757d9a78b82306627164c,71b619508a9395147ac00ec9ed5e0377079fc56a,main/td3_amo/hopper-medium-v2/2e-3/seed_0/hopm_s0_alr0p002__cde31769,/home/svcho/amo/results/td3_amo_bootrms_maincand_seeds03/jobs/a5_h-m_r2e3_s0/run,final_eval_50.json,1,normalized_score,2026-09-17T11:30:05.711404+00:00
td3_amo,5,0.002,hopper-medium-v2,1,101.93626959577986,1000000,True,50,True,1,svcho,jax,hopm_s1_alr0p002__cd5c1801,1e34514ddf70bfc8a78757d9a78b82306627164c,71b619508a9395147ac00ec9ed5e0377079fc56a,main/td3_amo/hopper-medium-v2/2e-3/seed_1/hopm_s1_alr0p002__cd5c1801,/home/svcho/amo/results/td3_amo_bootrms_maincand_seeds03/jobs/a5_h-m_r2e3_s1/run,final_eval_50.json,1,normalized_score,2026-09-17T17:37:40.548069+00:00
td3_amo,5,0.002,hopper-medium-v2,2,102.10128470901326,1000000,True,50,True,1,svcho,jax,hopm_s2_alr0p002__88ee5e4c,1e34514ddf70bfc8a78757d9a78b82306627164c,71b619508a9395147ac00ec9ed5e0377079fc56a,main/td3_amo/hopper-medium-v2/2e-3/seed_2/hopm_s2_alr0p002__88ee5e4c,/home/svcho/amo/results/td3_amo_bootrms_maincand_seeds03/jobs/a5_h-m_r2e3_s2/run,final_eval_50.json,1,normalized_score,2026-09-17T23:44:13.369523+00:00
td3_amo,5,0.002,hopper-medium-v2,3,101.6063067179864,1000000,True,50,True,1,svcho,jax,hopm_s3_alr0p002__0cafbcce,1e34514ddf70bfc8a78757d9a78b82306627164c,71b619508a9395147ac00ec9ed5e0377079fc56a,main/td3_amo/hopper-medium-v2/2e-3/seed_3/hopm_s3_alr0p002__0cafbcce,/home/svcho/amo/results/td3_amo_bootrms_maincand_seeds03/jobs/a5_h-m_r2e3_s3/run,final_eval_50.json,1,normalized_score,2026-09-18T05:51:42.884938+00:00
td3_amo,5,0.001,hopper-medium-v2,0,100.49131508312632,1000000,True,50,True,1,svcho,jax,hopm_s0_alr0p001__4488a62c,1e34514ddf70bfc8a78757d9a78b82306627164c,71b619508a9395147ac00ec9ed5e0377079fc56a,main/td3_amo/hopper-medium-v2/1e-3/seed_0/hopm_s0_alr0p001__4488a62c,/home/svcho/amo/results/td3_amo_bootrms_maincand_seeds03/jobs/a5_h-m_r1e3_s0/run,final_eval_50.json,1,normalized_score,2026-09-17T11:19:14.572329+00:00
td3_amo,5,0.001,hopper-medium-v2,1,100.6200463289115,1000000,True,50,True,1,svcho,jax,hopm_s1_alr0p001__d1571398,1e34514ddf70bfc8a78757d9a78b82306627164c,71b619508a9395147ac00ec9ed5e0377079fc56a,main/td3_amo/hopper-medium-v2/1e-3/seed_1/hopm_s1_alr0p001__d1571398,/home/svcho/amo/results/td3_amo_bootrms_maincand_seeds03/jobs/a5_h-m_r1e3_s1/run,final_eval_50.json,1,normalized_score,2026-09-17T17:26:29.664550+00:00
td3_amo,5,0.001,hopper-medium-v2,2,88.57401494609479,1000000,True,50,True,1,svcho,jax,hopm_s2_alr0p001__6efba06d,1e34514ddf70bfc8a78757d9a78b82306627164c,71b619508a9395147ac00ec9ed5e0377079fc56a,main/td3_amo/hopper-medium-v2/1e-3/seed_2/hopm_s2_alr0p001__6efba06d,/home/svcho/amo/results/td3_amo_bootrms_maincand_seeds03/jobs/a5_h-m_r1e3_s2/run,final_eval_50.json,1,normalized_score,2026-09-17T23:32:53.720717+00:00
td3_amo,5,0.001,hopper-medium-v2,3,95.79811309252523,1000000,True,50,True,1,svcho,jax,hopm_s3_alr0p001__8f50fca7,1e34514ddf70bfc8a78757d9a78b82306627164c,71b619508a9395147ac00ec9ed5e0377079fc56a,main/td3_amo/hopper-medium-v2/1e-3/seed_3/hopm_s3_alr0p001__8f50fca7,/home/svcho/amo/results/td3_amo_bootrms_maincand_seeds03/jobs/a5_h-m_r1e3_s3/run,final_eval_50.json,1,normalized_score,2026-09-18T05:40:28.428209+00:00
td3_amo,5,0.0003,hopper-medium-v2,0,70.05084240884638,1000000,True,50,True,1,svcho,jax,hopm_s0_alr0p0003__4d6a91d9,1e34514ddf70bfc8a78757d9a78b82306627164c,71b619508a9395147ac00ec9ed5e0377079fc56a,main/td3_amo/hopper-medium-v2/3e-4/seed_0/hopm_s0_alr0p0003__4d6a91d9,/home/svcho/amo/results/td3_amo_bootrms_maincand_seeds03/jobs/a5_h-m_r3e4_s0/run,final_eval_50.json,1,normalized_score,2026-09-17T11:19:12.888100+00:00
td3_amo,5,0.0003,hopper-medium-v2,1,92.64717568941,1000000,True,50,True,1,svcho,jax,hopm_s1_alr0p0003__37fa263e,1e34514ddf70bfc8a78757d9a78b82306627164c,71b619508a9395147ac00ec9ed5e0377079fc56a,main/td3_amo/hopper-medium-v2/3e-4/seed_1/hopm_s1_alr0p0003__37fa263e,/home/svcho/amo/results/td3_amo_bootrms_maincand_seeds03/jobs/a5_h-m_r3e4_s1/run,final_eval_50.json,1,normalized_score,2026-09-17T17:26:29.180564+00:00
td3_amo,5,0.0003,hopper-medium-v2,2,79.56397850922518,1000000,True,50,True,1,svcho,jax,hopm_s2_alr0p0003__3d169f97,1e34514ddf70bfc8a78757d9a78b82306627164c,71b619508a9395147ac00ec9ed5e0377079fc56a,main/td3_amo/hopper-medium-v2/3e-4/seed_2/hopm_s2_alr0p0003__3d169f97,/home/svcho/amo/results/td3_amo_bootrms_maincand_seeds03/jobs/a5_h-m_r3e4_s2/run,final_eval_50.json,1,normalized_score,2026-09-17T23:32:53.290149+00:00
td3_amo,5,0.0003,hopper-medium-v2,3,93.45843811471497,1000000,True,50,True,1,svcho,jax,hopm_s3_alr0p0003__a71e5625,1e34514ddf70bfc8a78757d9a78b82306627164c,71b619508a9395147ac00ec9ed5e0377079fc56a,main/td3_amo/hopper-medium-v2/3e-4/seed_3/hopm_s3_alr0p0003__a71e5625,/home/svcho/amo/results/td3_amo_bootrms_maincand_seeds03/jobs/a5_h-m_r3e4_s3/run,final_eval_50.json,1,normalized_score,2026-09-18T05:40:28.365898+00:00
td3_amo,5,0.002,hopper-medium-replay-v2,0,101.19946624195475,1000000,True,50,True,1,svcho,jax,hopmr_s0_alr0p002__997ccb3e,1e34514ddf70bfc8a78757d9a78b82306627164c,71b619508a9395147ac00ec9ed5e0377079fc56a,main/td3_amo/hopper-medium-replay-v2/2e-3/seed_0/hopmr_s0_alr0p002__997ccb3e,/home/svcho/amo/results/td3_amo_bootrms_maincand_seeds03/jobs/a5_h-mr_r2e3_s0/run,final_eval_50.json,1,normalized_score,2026-09-17T07:11:46.279336+00:00
td3_amo,5,0.002,hopper-medium-replay-v2,1,100.85252972878318,1000000,True,50,True,1,svcho,jax,hopmr_s1_alr0p002__b4f2e4b5,1e34514ddf70bfc8a78757d9a78b82306627164c,71b619508a9395147ac00ec9ed5e0377079fc56a,main/td3_amo/hopper-medium-replay-v2/2e-3/seed_1/hopmr_s1_alr0p002__b4f2e4b5,/home/svcho/amo/results/td3_amo_bootrms_maincand_seeds03/jobs/a5_h-mr_r2e3_s1/run,final_eval_50.json,1,normalized_score,2026-09-17T07:11:46.050072+00:00
td3_amo,5,0.002,hopper-medium-replay-v2,2,102.08340161980594,1000000,True,50,True,1,svcho,jax,hopmr_s2_alr0p002__956635a7,1e34514ddf70bfc8a78757d9a78b82306627164c,71b619508a9395147ac00ec9ed5e0377079fc56a,main/td3_amo/hopper-medium-replay-v2/2e-3/seed_2/hopmr_s2_alr0p002__956635a7,/home/svcho/amo/results/td3_amo_bootrms_maincand_seeds03/jobs/a5_h-mr_r2e3_s2/run,final_eval_50.json,1,normalized_score,2026-09-17T07:11:46.044700+00:00
td3_amo,5,0.002,hopper-medium-replay-v2,3,101.9482668602954,1000000,True,50,True,1,svcho,jax,hopmr_s3_alr0p002__eed8338e,1e34514ddf70bfc8a78757d9a78b82306627164c,71b619508a9395147ac00ec9ed5e0377079fc56a,main/td3_amo/hopper-medium-replay-v2/2e-3/seed_3/hopmr_s3_alr0p002__eed8338e,/home/svcho/amo/results/td3_amo_bootrms_maincand_seeds03/jobs/a5_h-mr_r2e3_s3/run,final_eval_50.json,1,normalized_score,2026-09-17T07:11:46.156766+00:00
td3_amo,5,0.001,hopper-medium-replay-v2,0,101.00676788891407,1000000,True,50,True,1,svcho,jax,hopmr_s0_alr0p001__f71738e2,1e34514ddf70bfc8a78757d9a78b82306627164c,71b619508a9395147ac00ec9ed5e0377079fc56a,main/td3_amo/hopper-medium-replay-v2/1e-3/seed_0/hopmr_s0_alr0p001__f71738e2,/home/svcho/amo/results/td3_amo_bootrms_maincand_seeds03/jobs/a5_h-mr_r1e3_s0/run,final_eval_50.json,1,normalized_score,2026-09-17T11:45:23.418649+00:00
td3_amo,5,0.001,hopper-medium-replay-v2,1,96.15638668481404,1000000,True,50,True,1,svcho,jax,hopmr_s1_alr0p001__7c9f03e8,1e34514ddf70bfc8a78757d9a78b82306627164c,71b619508a9395147ac00ec9ed5e0377079fc56a,main/td3_amo/hopper-medium-replay-v2/1e-3/seed_1/hopmr_s1_alr0p001__7c9f03e8,/home/svcho/amo/results/td3_amo_bootrms_maincand_seeds03/jobs/a5_h-mr_r1e3_s1/run,final_eval_50.json,1,normalized_score,2026-09-17T17:52:49.162471+00:00
td3_amo,5,0.001,hopper-medium-replay-v2,2,99.97356663990257,1000000,True,50,True,1,svcho,jax,hopmr_s2_alr0p001__d96533bc,1e34514ddf70bfc8a78757d9a78b82306627164c,71b619508a9395147ac00ec9ed5e0377079fc56a,main/td3_amo/hopper-medium-replay-v2/1e-3/seed_2/hopmr_s2_alr0p001__d96533bc,/home/svcho/amo/results/td3_amo_bootrms_maincand_seeds03/jobs/a5_h-mr_r1e3_s2/run,final_eval_50.json,1,normalized_score,2026-09-17T23:59:30.981362+00:00
td3_amo,5,0.001,hopper-medium-replay-v2,3,102.02080678801224,1000000,True,50,True,1,svcho,jax,hopmr_s3_alr0p001__c7e9007c,1e34514ddf70bfc8a78757d9a78b82306627164c,71b619508a9395147ac00ec9ed5e0377079fc56a,main/td3_amo/hopper-medium-replay-v2/1e-3/seed_3/hopmr_s3_alr0p001__c7e9007c,/home/svcho/amo/results/td3_amo_bootrms_maincand_seeds03/jobs/a5_h-mr_r1e3_s3/run,final_eval_50.json,1,normalized_score,2026-09-18T06:07:19.308607+00:00
td3_amo,5,0.0003,hopper-medium-replay-v2,0,98.79989157710585,1000000,True,50,True,1,svcho,jax,hopmr_s0_alr0p0003__10cb0035,1e34514ddf70bfc8a78757d9a78b82306627164c,71b619508a9395147ac00ec9ed5e0377079fc56a,main/td3_amo/hopper-medium-replay-v2/3e-4/seed_0/hopmr_s0_alr0p0003__10cb0035,/home/svcho/amo/results/td3_amo_bootrms_maincand_seeds03/jobs/a5_h-mr_r3e4_s0/run,final_eval_50.json,1,normalized_score,2026-09-17T11:45:13.115005+00:00
td3_amo,5,0.0003,hopper-medium-replay-v2,1,87.15529240143967,1000000,True,50,True,1,svcho,jax,hopmr_s1_alr0p0003__fc7d61c1,1e34514ddf70bfc8a78757d9a78b82306627164c,71b619508a9395147ac00ec9ed5e0377079fc56a,main/td3_amo/hopper-medium-replay-v2/3e-4/seed_1/hopmr_s1_alr0p0003__fc7d61c1,/home/svcho/amo/results/td3_amo_bootrms_maincand_seeds03/jobs/a5_h-mr_r3e4_s1/run,final_eval_50.json,1,normalized_score,2026-09-17T17:52:37.964792+00:00
td3_amo,5,0.0003,hopper-medium-replay-v2,2,99.23607505566052,1000000,True,50,True,1,svcho,jax,hopmr_s2_alr0p0003__654adbb3,1e34514ddf70bfc8a78757d9a78b82306627164c,71b619508a9395147ac00ec9ed5e0377079fc56a,main/td3_amo/hopper-medium-replay-v2/3e-4/seed_2/hopmr_s2_alr0p0003__654adbb3,/home/svcho/amo/results/td3_amo_bootrms_maincand_seeds03/jobs/a5_h-mr_r3e4_s2/run,final_eval_50.json,1,normalized_score,2026-09-17T23:59:20.082214+00:00
td3_amo,5,0.0003,hopper-medium-replay-v2,3,101.44454804573022,1000000,True,50,True,1,svcho,jax,hopmr_s3_alr0p0003__1e3dce82,1e34514ddf70bfc8a78757d9a78b82306627164c,71b619508a9395147ac00ec9ed5e0377079fc56a,main/td3_amo/hopper-medium-replay-v2/3e-4/seed_3/hopmr_s3_alr0p0003__1e3dce82,/home/svcho/amo/results/td3_amo_bootrms_maincand_seeds03/jobs/a5_h-mr_r3e4_s3/run,final_eval_50.json,1,normalized_score,2026-09-18T06:07:06.542249+00:00
td3_amo,5,0.002,hopper-medium-expert-v2,0,53.53726808002215,1000000,True,50,True,1,svcho,jax,hopme_s0_alr0p002__9e56e581,1e34514ddf70bfc8a78757d9a78b82306627164c,71b619508a9395147ac00ec9ed5e0377079fc56a,main/td3_amo/hopper-medium-expert-v2/2e-3/seed_0/hopme_s0_alr0p002__9e56e581,/home/svcho/amo/results/td3_amo_bootrms_maincand_seeds03/jobs/a5_h-me_r2e3_s0/run,final_eval_50.json,1,normalized_score,2026-09-17T12:11:45.099966+00:00
td3_amo,5,0.002,hopper-medium-expert-v2,1,42.70046231345129,1000000,True,50,True,1,svcho,jax,hopme_s1_alr0p002__78d8df0d,1e34514ddf70bfc8a78757d9a78b82306627164c,71b619508a9395147ac00ec9ed5e0377079fc56a,main/td3_amo/hopper-medium-expert-v2/2e-3/seed_1/hopme_s1_alr0p002__78d8df0d,/home/svcho/amo/results/td3_amo_bootrms_maincand_seeds03/jobs/a5_h-me_r2e3_s1/run,final_eval_50.json,1,normalized_score,2026-09-17T18:19:11.839855+00:00
td3_amo,5,0.002,hopper-medium-expert-v2,2,43.66243861464223,1000000,True,50,True,1,svcho,jax,hopme_s2_alr0p002__7775b55a,1e34514ddf70bfc8a78757d9a78b82306627164c,71b619508a9395147ac00ec9ed5e0377079fc56a,main/td3_amo/hopper-medium-expert-v2/2e-3/seed_2/hopme_s2_alr0p002__7775b55a,/home/svcho/amo/results/td3_amo_bootrms_maincand_seeds03/jobs/a5_h-me_r2e3_s2/run,final_eval_50.json,1,normalized_score,2026-09-18T00:25:58.233167+00:00
td3_amo,5,0.002,hopper-medium-expert-v2,3,41.80004721623631,1000000,True,50,True,1,svcho,jax,hopme_s3_alr0p002__bb6acfb8,1e34514ddf70bfc8a78757d9a78b82306627164c,71b619508a9395147ac00ec9ed5e0377079fc56a,main/td3_amo/hopper-medium-expert-v2/2e-3/seed_3/hopme_s3_alr0p002__bb6acfb8,/home/svcho/amo/results/td3_amo_bootrms_maincand_seeds03/jobs/a5_h-me_r2e3_s3/run,final_eval_50.json,1,normalized_score,2026-09-18T06:33:45.398055+00:00
td3_amo,5,0.001,hopper-medium-expert-v2,0,75.50815243039119,1000000,True,50,True,1,svcho,jax,hopme_s0_alr0p001__e20a5783,1e34514ddf70bfc8a78757d9a78b82306627164c,71b619508a9395147ac00ec9ed5e0377079fc56a,main/td3_amo/hopper-medium-expert-v2/1e-3/seed_0/hopme_s0_alr0p001__e20a5783,/home/svcho/amo/results/td3_amo_bootrms_maincand_seeds03/jobs/a5_h-me_r1e3_s0/run,final_eval_50.json,1,normalized_score,2026-09-17T12:00:31.044246+00:00
td3_amo,5,0.001,hopper-medium-expert-v2,1,83.33306952196095,1000000,True,50,True,1,svcho,jax,hopme_s1_alr0p001__9ca2c893,1e34514ddf70bfc8a78757d9a78b82306627164c,71b619508a9395147ac00ec9ed5e0377079fc56a,main/td3_amo/hopper-medium-expert-v2/1e-3/seed_1/hopme_s1_alr0p001__9ca2c893,/home/svcho/amo/results/td3_amo_bootrms_maincand_seeds03/jobs/a5_h-me_r1e3_s1/run,final_eval_50.json,1,normalized_score,2026-09-17T18:07:58.077213+00:00
td3_amo,5,0.001,hopper-medium-expert-v2,2,103.22690075157314,1000000,True,50,True,1,svcho,jax,hopme_s2_alr0p001__83c2866d,1e34514ddf70bfc8a78757d9a78b82306627164c,71b619508a9395147ac00ec9ed5e0377079fc56a,main/td3_amo/hopper-medium-expert-v2/1e-3/seed_2/hopme_s2_alr0p001__83c2866d,/home/svcho/amo/results/td3_amo_bootrms_maincand_seeds03/jobs/a5_h-me_r1e3_s2/run,final_eval_50.json,1,normalized_score,2026-09-18T00:14:38.174442+00:00
td3_amo,5,0.001,hopper-medium-expert-v2,3,54.21490618529923,1000000,True,50,True,1,svcho,jax,hopme_s3_alr0p001__e823605b,1e34514ddf70bfc8a78757d9a78b82306627164c,71b619508a9395147ac00ec9ed5e0377079fc56a,main/td3_amo/hopper-medium-expert-v2/1e-3/seed_3/hopme_s3_alr0p001__e823605b,/home/svcho/amo/results/td3_amo_bootrms_maincand_seeds03/jobs/a5_h-me_r1e3_s3/run,final_eval_50.json,1,normalized_score,2026-09-18T06:22:16.950498+00:00
td3_amo,5,0.0003,hopper-medium-expert-v2,0,110.32933585368392,1000000,True,50,True,1,svcho,jax,hopme_s0_alr0p0003__660f619f,1e34514ddf70bfc8a78757d9a78b82306627164c,71b619508a9395147ac00ec9ed5e0377079fc56a,main/td3_amo/hopper-medium-expert-v2/3e-4/seed_0/hopme_s0_alr0p0003__660f619f,/home/svcho/amo/results/td3_amo_bootrms_maincand_seeds03/jobs/a5_h-me_r3e4_s0/run,final_eval_50.json,1,normalized_score,2026-09-17T12:00:32.749127+00:00
td3_amo,5,0.0003,hopper-medium-expert-v2,1,109.58688006363566,1000000,True,50,True,1,svcho,jax,hopme_s1_alr0p0003__f89fcf54,1e34514ddf70bfc8a78757d9a78b82306627164c,71b619508a9395147ac00ec9ed5e0377079fc56a,main/td3_amo/hopper-medium-expert-v2/3e-4/seed_1/hopme_s1_alr0p0003__f89fcf54,/home/svcho/amo/results/td3_amo_bootrms_maincand_seeds03/jobs/a5_h-me_r3e4_s1/run,final_eval_50.json,1,normalized_score,2026-09-17T18:07:59.357392+00:00
td3_amo,5,0.0003,hopper-medium-expert-v2,2,111.41042441537815,1000000,True,50,True,1,svcho,jax,hopme_s2_alr0p0003__9608b66e,1e34514ddf70bfc8a78757d9a78b82306627164c,71b619508a9395147ac00ec9ed5e0377079fc56a,main/td3_amo/hopper-medium-expert-v2/3e-4/seed_2/hopme_s2_alr0p0003__9608b66e,/home/svcho/amo/results/td3_amo_bootrms_maincand_seeds03/jobs/a5_h-me_r3e4_s2/run,final_eval_50.json,1,normalized_score,2026-09-18T00:14:27.349329+00:00
td3_amo,5,0.0003,hopper-medium-expert-v2,3,112.68493924284249,1000000,True,50,True,1,svcho,jax,hopme_s3_alr0p0003__3bae24b3,1e34514ddf70bfc8a78757d9a78b82306627164c,71b619508a9395147ac00ec9ed5e0377079fc56a,main/td3_amo/hopper-medium-expert-v2/3e-4/seed_3/hopme_s3_alr0p0003__3bae24b3,/home/svcho/amo/results/td3_amo_bootrms_maincand_seeds03/jobs/a5_h-me_r3e4_s3/run,final_eval_50.json,1,normalized_score,2026-09-18T06:22:07.782770+00:00
td3_amo,5,0.002,walker2d-medium-v2,0,95.2338233694939,1000000,True,50,True,1,svcho,jax,wm_s0_alr0p002__d0f2c300,1e34514ddf70bfc8a78757d9a78b82306627164c,71b619508a9395147ac00ec9ed5e0377079fc56a,main/td3_amo/walker2d-medium-v2/2e-3/seed_0/wm_s0_alr0p002__d0f2c300,/home/svcho/amo/results/td3_amo_bootrms_maincand_seeds03/jobs/a5_w-m_r2e3_s0/run,final_eval_50.json,1,normalized_score,2026-09-17T12:38:28.779463+00:00
td3_amo,5,0.002,walker2d-medium-v2,1,94.8071275571863,1000000,True,50,True,1,svcho,jax,wm_s1_alr0p002__b85d3382,1e34514ddf70bfc8a78757d9a78b82306627164c,71b619508a9395147ac00ec9ed5e0377079fc56a,main/td3_amo/walker2d-medium-v2/2e-3/seed_1/wm_s1_alr0p002__b85d3382,/home/svcho/amo/results/td3_amo_bootrms_maincand_seeds03/jobs/a5_w-m_r2e3_s1/run,final_eval_50.json,1,normalized_score,2026-09-17T18:45:12.855789+00:00
td3_amo,5,0.002,walker2d-medium-v2,2,69.53805807344511,1000000,True,50,True,1,svcho,jax,wm_s2_alr0p002__6f6b1786,1e34514ddf70bfc8a78757d9a78b82306627164c,71b619508a9395147ac00ec9ed5e0377079fc56a,main/td3_amo/walker2d-medium-v2/2e-3/seed_2/wm_s2_alr0p002__6f6b1786,/home/svcho/amo/results/td3_amo_bootrms_maincand_seeds03/jobs/a5_w-m_r2e3_s2/run,final_eval_50.json,1,normalized_score,2026-09-18T00:52:14.027318+00:00
td3_amo,5,0.002,walker2d-medium-v2,3,95.04435323853183,1000000,True,50,True,1,svcho,jax,wm_s3_alr0p002__df312eae,1e34514ddf70bfc8a78757d9a78b82306627164c,71b619508a9395147ac00ec9ed5e0377079fc56a,main/td3_amo/walker2d-medium-v2/2e-3/seed_3/wm_s3_alr0p002__df312eae,/home/svcho/amo/results/td3_amo_bootrms_maincand_seeds03/jobs/a5_w-m_r2e3_s3/run,final_eval_50.json,1,normalized_score,2026-09-18T07:00:36.637844+00:00
td3_amo,5,0.001,walker2d-medium-v2,0,91.7726264692745,1000000,True,50,True,1,svcho,jax,wm_s0_alr0p001__30bccedd,1e34514ddf70bfc8a78757d9a78b82306627164c,71b619508a9395147ac00ec9ed5e0377079fc56a,main/td3_amo/walker2d-medium-v2/1e-3/seed_0/wm_s0_alr0p001__30bccedd,/home/svcho/amo/results/td3_amo_bootrms_maincand_seeds03/jobs/a5_w-m_r1e3_s0/run,final_eval_50.json,1,normalized_score,2026-09-17T12:27:11.854452+00:00
td3_amo,5,0.001,walker2d-medium-v2,1,93.75863649629133,1000000,True,50,True,1,svcho,jax,wm_s1_alr0p001__f183e753,1e34514ddf70bfc8a78757d9a78b82306627164c,71b619508a9395147ac00ec9ed5e0377079fc56a,main/td3_amo/walker2d-medium-v2/1e-3/seed_1/wm_s1_alr0p001__f183e753,/home/svcho/amo/results/td3_amo_bootrms_maincand_seeds03/jobs/a5_w-m_r1e3_s1/run,final_eval_50.json,1,normalized_score,2026-09-17T18:34:18.002874+00:00
td3_amo,5,0.001,walker2d-medium-v2,2,94.58300333354998,1000000,True,50,True,1,svcho,jax,wm_s2_alr0p001__fce9711b,1e34514ddf70bfc8a78757d9a78b82306627164c,71b619508a9395147ac00ec9ed5e0377079fc56a,main/td3_amo/walker2d-medium-v2/1e-3/seed_2/wm_s2_alr0p001__fce9711b,/home/svcho/amo/results/td3_amo_bootrms_maincand_seeds03/jobs/a5_w-m_r1e3_s2/run,final_eval_50.json,1,normalized_score,2026-09-18T00:41:25.042056+00:00
td3_amo,5,0.001,walker2d-medium-v2,3,94.89785996831068,1000000,True,50,True,1,svcho,jax,wm_s3_alr0p001__1c1d12e3,1e34514ddf70bfc8a78757d9a78b82306627164c,71b619508a9395147ac00ec9ed5e0377079fc56a,main/td3_amo/walker2d-medium-v2/1e-3/seed_3/wm_s3_alr0p001__1c1d12e3,/home/svcho/amo/results/td3_amo_bootrms_maincand_seeds03/jobs/a5_w-m_r1e3_s3/run,final_eval_50.json,1,normalized_score,2026-09-18T06:48:54.357881+00:00
td3_amo,5,0.0003,walker2d-medium-v2,0,89.79249608330517,1000000,True,50,True,1,svcho,jax,wm_s0_alr0p0003__2864956f,1e34514ddf70bfc8a78757d9a78b82306627164c,71b619508a9395147ac00ec9ed5e0377079fc56a,main/td3_amo/walker2d-medium-v2/3e-4/seed_0/wm_s0_alr0p0003__2864956f,/home/svcho/amo/results/td3_amo_bootrms_maincand_seeds03/jobs/a5_w-m_r3e4_s0/run,final_eval_50.json,1,normalized_score,2026-09-17T12:27:12.053740+00:00
td3_amo,5,0.0003,walker2d-medium-v2,1,90.58741405550033,1000000,True,50,True,1,svcho,jax,wm_s1_alr0p0003__0ea9462f,1e34514ddf70bfc8a78757d9a78b82306627164c,71b619508a9395147ac00ec9ed5e0377079fc56a,main/td3_amo/walker2d-medium-v2/3e-4/seed_1/wm_s1_alr0p0003__0ea9462f,/home/svcho/amo/results/td3_amo_bootrms_maincand_seeds03/jobs/a5_w-m_r3e4_s1/run,final_eval_50.json,1,normalized_score,2026-09-17T18:34:06.942661+00:00
td3_amo,5,0.0003,walker2d-medium-v2,2,90.74755308400584,1000000,True,50,True,1,svcho,jax,wm_s2_alr0p0003__c368e11e,1e34514ddf70bfc8a78757d9a78b82306627164c,71b619508a9395147ac00ec9ed5e0377079fc56a,main/td3_amo/walker2d-medium-v2/3e-4/seed_2/wm_s2_alr0p0003__c368e11e,/home/svcho/amo/results/td3_amo_bootrms_maincand_seeds03/jobs/a5_w-m_r3e4_s2/run,final_eval_50.json,1,normalized_score,2026-09-18T00:41:13.704925+00:00
td3_amo,5,0.0003,walker2d-medium-v2,3,87.09260777041113,1000000,True,50,True,1,svcho,jax,wm_s3_alr0p0003__3f839d98,1e34514ddf70bfc8a78757d9a78b82306627164c,71b619508a9395147ac00ec9ed5e0377079fc56a,main/td3_amo/walker2d-medium-v2/3e-4/seed_3/wm_s3_alr0p0003__3f839d98,/home/svcho/amo/results/td3_amo_bootrms_maincand_seeds03/jobs/a5_w-m_r3e4_s3/run,final_eval_50.json,1,normalized_score,2026-09-18T06:48:54.155463+00:00
td3_amo,5,0.002,walker2d-medium-replay-v2,0,96.06154592096794,1000000,True,50,True,1,svcho,jax,wmr_s0_alr0p002__051d70e1,1e34514ddf70bfc8a78757d9a78b82306627164c,71b619508a9395147ac00ec9ed5e0377079fc56a,main/td3_amo/walker2d-medium-replay-v2/2e-3/seed_0/wmr_s0_alr0p002__051d70e1,/home/svcho/amo/results/td3_amo_bootrms_maincand_seeds03/jobs/a5_w-mr_r2e3_s0/run,final_eval_50.json,1,normalized_score,2026-09-17T07:31:43.996382+00:00
td3_amo,5,0.002,walker2d-medium-replay-v2,1,99.04722819319953,1000000,True,50,True,1,svcho,jax,wmr_s1_alr0p002__d91218bc,1e34514ddf70bfc8a78757d9a78b82306627164c,71b619508a9395147ac00ec9ed5e0377079fc56a,main/td3_amo/walker2d-medium-replay-v2/2e-3/seed_1/wmr_s1_alr0p002__d91218bc,/home/svcho/amo/results/td3_amo_bootrms_maincand_seeds03/jobs/a5_w-mr_r2e3_s1/run,final_eval_50.json,1,normalized_score,2026-09-17T07:31:43.933929+00:00
td3_amo,5,0.002,walker2d-medium-replay-v2,2,98.10510160035057,1000000,True,50,True,1,svcho,jax,wmr_s2_alr0p002__74fcc4e8,1e34514ddf70bfc8a78757d9a78b82306627164c,71b619508a9395147ac00ec9ed5e0377079fc56a,main/td3_amo/walker2d-medium-replay-v2/2e-3/seed_2/wmr_s2_alr0p002__74fcc4e8,/home/svcho/amo/results/td3_amo_bootrms_maincand_seeds03/jobs/a5_w-mr_r2e3_s2/run,final_eval_50.json,1,normalized_score,2026-09-17T07:46:37.589634+00:00
td3_amo,5,0.002,walker2d-medium-replay-v2,3,98.9062941556532,1000000,True,50,True,1,svcho,jax,wmr_s3_alr0p002__c63f846d,1e34514ddf70bfc8a78757d9a78b82306627164c,71b619508a9395147ac00ec9ed5e0377079fc56a,main/td3_amo/walker2d-medium-replay-v2/2e-3/seed_3/wmr_s3_alr0p002__c63f846d,/home/svcho/amo/results/td3_amo_bootrms_maincand_seeds03/jobs/a5_w-mr_r2e3_s3/run,final_eval_50.json,1,normalized_score,2026-09-17T07:46:59.019282+00:00
td3_amo,5,0.001,walker2d-medium-replay-v2,0,93.30020855199886,1000000,True,50,True,1,svcho,jax,wmr_s0_alr0p001__0ad588e2,1e34514ddf70bfc8a78757d9a78b82306627164c,71b619508a9395147ac00ec9ed5e0377079fc56a,main/td3_amo/walker2d-medium-replay-v2/1e-3/seed_0/wmr_s0_alr0p001__0ad588e2,/home/svcho/amo/results/td3_amo_bootrms_maincand_seeds03/jobs/a5_w-mr_r1e3_s0/run,final_eval_50.json,1,normalized_score,2026-09-17T12:53:44.682979+00:00
td3_amo,5,0.001,walker2d-medium-replay-v2,1,99.13320386778987,1000000,True,50,True,1,svcho,jax,wmr_s1_alr0p001__001927e0,1e34514ddf70bfc8a78757d9a78b82306627164c,71b619508a9395147ac00ec9ed5e0377079fc56a,main/td3_amo/walker2d-medium-replay-v2/1e-3/seed_1/wmr_s1_alr0p001__001927e0,/home/svcho/amo/results/td3_amo_bootrms_maincand_seeds03/jobs/a5_w-mr_r1e3_s1/run,final_eval_50.json,1,normalized_score,2026-09-17T19:00:07.727184+00:00
td3_amo,5,0.001,walker2d-medium-replay-v2,2,88.2955438321994,1000000,True,50,True,1,svcho,jax,wmr_s2_alr0p001__2ce839fa,1e34514ddf70bfc8a78757d9a78b82306627164c,71b619508a9395147ac00ec9ed5e0377079fc56a,main/td3_amo/walker2d-medium-replay-v2/1e-3/seed_2/wmr_s2_alr0p001__2ce839fa,/home/svcho/amo/results/td3_amo_bootrms_maincand_seeds03/jobs/a5_w-mr_r1e3_s2/run,final_eval_50.json,1,normalized_score,2026-09-18T01:07:40.774889+00:00
td3_amo,5,0.001,walker2d-medium-replay-v2,3,95.24390460387566,1000000,True,50,True,1,svcho,jax,wmr_s3_alr0p001__130a96b7,1e34514ddf70bfc8a78757d9a78b82306627164c,71b619508a9395147ac00ec9ed5e0377079fc56a,main/td3_amo/walker2d-medium-replay-v2/1e-3/seed_3/wmr_s3_alr0p001__130a96b7,/home/svcho/amo/results/td3_amo_bootrms_maincand_seeds03/jobs/a5_w-mr_r1e3_s3/run,final_eval_50.json,1,normalized_score,2026-09-18T07:16:08.327599+00:00
td3_amo,5,0.0003,walker2d-medium-replay-v2,0,91.61472543170433,1000000,True,50,True,1,svcho,jax,wmr_s0_alr0p0003__07eca08b,1e34514ddf70bfc8a78757d9a78b82306627164c,71b619508a9395147ac00ec9ed5e0377079fc56a,main/td3_amo/walker2d-medium-replay-v2/3e-4/seed_0/wmr_s0_alr0p0003__07eca08b,/home/svcho/amo/results/td3_amo_bootrms_maincand_seeds03/jobs/a5_w-mr_r3e4_s0/run,final_eval_50.json,1,normalized_score,2026-09-17T12:53:44.755784+00:00
td3_amo,5,0.0003,walker2d-medium-replay-v2,1,95.4508091177656,1000000,True,50,True,1,svcho,jax,wmr_s1_alr0p0003__bbd49312,1e34514ddf70bfc8a78757d9a78b82306627164c,71b619508a9395147ac00ec9ed5e0377079fc56a,main/td3_amo/walker2d-medium-replay-v2/3e-4/seed_1/wmr_s1_alr0p0003__bbd49312,/home/svcho/amo/results/td3_amo_bootrms_maincand_seeds03/jobs/a5_w-mr_r3e4_s1/run,final_eval_50.json,1,normalized_score,2026-09-17T19:00:07.753736+00:00
td3_amo,5,0.0003,walker2d-medium-replay-v2,2,97.43832402460949,1000000,True,50,True,1,svcho,jax,wmr_s2_alr0p0003__62d12fd8,1e34514ddf70bfc8a78757d9a78b82306627164c,71b619508a9395147ac00ec9ed5e0377079fc56a,main/td3_amo/walker2d-medium-replay-v2/3e-4/seed_2/wmr_s2_alr0p0003__62d12fd8,/home/svcho/amo/results/td3_amo_bootrms_maincand_seeds03/jobs/a5_w-mr_r3e4_s2/run,final_eval_50.json,1,normalized_score,2026-09-18T01:07:30.304944+00:00
td3_amo,5,0.0003,walker2d-medium-replay-v2,3,95.64638743125275,1000000,True,50,True,1,svcho,jax,wmr_s3_alr0p0003__3bbddba0,1e34514ddf70bfc8a78757d9a78b82306627164c,71b619508a9395147ac00ec9ed5e0377079fc56a,main/td3_amo/walker2d-medium-replay-v2/3e-4/seed_3/wmr_s3_alr0p0003__3bbddba0,/home/svcho/amo/results/td3_amo_bootrms_maincand_seeds03/jobs/a5_w-mr_r3e4_s3/run,final_eval_50.json,1,normalized_score,2026-09-18T07:15:55.642341+00:00
td3_amo,5,0.002,walker2d-medium-expert-v2,0,110.6058223970599,1000000,True,50,True,1,svcho,jax,wme_s0_alr0p002__27629272,1e34514ddf70bfc8a78757d9a78b82306627164c,71b619508a9395147ac00ec9ed5e0377079fc56a,main/td3_amo/walker2d-medium-expert-v2/2e-3/seed_0/wme_s0_alr0p002__27629272,/home/svcho/amo/results/td3_amo_bootrms_maincand_seeds03/jobs/a5_w-me_r2e3_s0/run,final_eval_50.json,1,normalized_score,2026-09-17T13:20:33.698198+00:00
td3_amo,5,0.002,walker2d-medium-expert-v2,1,109.7589308834233,1000000,True,50,True,1,svcho,jax,wme_s1_alr0p002__2bba0e45,1e34514ddf70bfc8a78757d9a78b82306627164c,71b619508a9395147ac00ec9ed5e0377079fc56a,main/td3_amo/walker2d-medium-expert-v2/2e-3/seed_1/wme_s1_alr0p002__2bba0e45,/home/svcho/amo/results/td3_amo_bootrms_maincand_seeds03/jobs/a5_w-me_r2e3_s1/run,final_eval_50.json,1,normalized_score,2026-09-17T19:26:46.615012+00:00
td3_amo,5,0.002,walker2d-medium-expert-v2,2,111.3269678617112,1000000,True,50,True,1,svcho,jax,wme_s2_alr0p002__e1d704d8,1e34514ddf70bfc8a78757d9a78b82306627164c,71b619508a9395147ac00ec9ed5e0377079fc56a,main/td3_amo/walker2d-medium-expert-v2/2e-3/seed_2/wme_s2_alr0p002__e1d704d8,/home/svcho/amo/results/td3_amo_bootrms_maincand_seeds03/jobs/a5_w-me_r2e3_s2/run,final_eval_50.json,1,normalized_score,2026-09-18T01:34:25.602606+00:00
td3_amo,5,0.002,walker2d-medium-expert-v2,3,112.50777336660167,1000000,True,50,True,1,svcho,jax,wme_s3_alr0p002__1c742c2f,1e34514ddf70bfc8a78757d9a78b82306627164c,71b619508a9395147ac00ec9ed5e0377079fc56a,main/td3_amo/walker2d-medium-expert-v2/2e-3/seed_3/wme_s3_alr0p002__1c742c2f,/home/svcho/amo/results/td3_amo_bootrms_maincand_seeds03/jobs/a5_w-me_r2e3_s3/run,final_eval_50.json,1,normalized_score,2026-09-18T07:42:26.814496+00:00
td3_amo,5,0.001,walker2d-medium-expert-v2,0,110.39096868266454,1000000,True,50,True,1,svcho,jax,wme_s0_alr0p001__2bfed50d,1e34514ddf70bfc8a78757d9a78b82306627164c,71b619508a9395147ac00ec9ed5e0377079fc56a,main/td3_amo/walker2d-medium-expert-v2/1e-3/seed_0/wme_s0_alr0p001__2bfed50d,/home/svcho/amo/results/td3_amo_bootrms_maincand_seeds03/jobs/a5_w-me_r1e3_s0/run,final_eval_50.json,1,normalized_score,2026-09-17T13:08:52.009147+00:00
td3_amo,5,0.001,walker2d-medium-expert-v2,1,110.06266966126623,1000000,True,50,True,1,svcho,jax,wme_s1_alr0p001__b72a34c8,1e34514ddf70bfc8a78757d9a78b82306627164c,71b619508a9395147ac00ec9ed5e0377079fc56a,main/td3_amo/walker2d-medium-expert-v2/1e-3/seed_1/wme_s1_alr0p001__b72a34c8,/home/svcho/amo/results/td3_amo_bootrms_maincand_seeds03/jobs/a5_w-me_r1e3_s1/run,final_eval_50.json,1,normalized_score,2026-09-17T19:15:26.389943+00:00
td3_amo,5,0.001,walker2d-medium-expert-v2,2,111.72317096983255,1000000,True,50,True,1,svcho,jax,wme_s2_alr0p001__c8d0b949,1e34514ddf70bfc8a78757d9a78b82306627164c,71b619508a9395147ac00ec9ed5e0377079fc56a,main/td3_amo/walker2d-medium-expert-v2/1e-3/seed_2/wme_s2_alr0p001__c8d0b949,/home/svcho/amo/results/td3_amo_bootrms_maincand_seeds03/jobs/a5_w-me_r1e3_s2/run,final_eval_50.json,1,normalized_score,2026-09-18T01:23:08.846289+00:00
td3_amo,5,0.001,walker2d-medium-expert-v2,3,110.83328999367279,1000000,True,50,True,1,svcho,jax,wme_s3_alr0p001__1876a47c,1e34514ddf70bfc8a78757d9a78b82306627164c,71b619508a9395147ac00ec9ed5e0377079fc56a,main/td3_amo/walker2d-medium-expert-v2/1e-3/seed_3/wme_s3_alr0p001__1876a47c,/home/svcho/amo/results/td3_amo_bootrms_maincand_seeds03/jobs/a5_w-me_r1e3_s3/run,final_eval_50.json,1,normalized_score,2026-09-18T07:31:16.004513+00:00
td3_amo,5,0.0003,walker2d-medium-expert-v2,0,109.56443304836554,1000000,True,50,True,1,svcho,jax,wme_s0_alr0p0003__68c60101,1e34514ddf70bfc8a78757d9a78b82306627164c,71b619508a9395147ac00ec9ed5e0377079fc56a,main/td3_amo/walker2d-medium-expert-v2/3e-4/seed_0/wme_s0_alr0p0003__68c60101,/home/svcho/amo/results/td3_amo_bootrms_maincand_seeds03/jobs/a5_w-me_r3e4_s0/run,final_eval_50.json,1,normalized_score,2026-09-17T13:08:52.298643+00:00
td3_amo,5,0.0003,walker2d-medium-expert-v2,1,109.54818040281671,1000000,True,50,True,1,svcho,jax,wme_s1_alr0p0003__727e8f34,1e34514ddf70bfc8a78757d9a78b82306627164c,71b619508a9395147ac00ec9ed5e0377079fc56a,main/td3_amo/walker2d-medium-expert-v2/3e-4/seed_1/wme_s1_alr0p0003__727e8f34,/home/svcho/amo/results/td3_amo_bootrms_maincand_seeds03/jobs/a5_w-me_r3e4_s1/run,final_eval_50.json,1,normalized_score,2026-09-17T19:15:26.528842+00:00
td3_amo,5,0.0003,walker2d-medium-expert-v2,2,110.54662423945436,1000000,True,50,True,1,svcho,jax,wme_s2_alr0p0003__141c61c5,1e34514ddf70bfc8a78757d9a78b82306627164c,71b619508a9395147ac00ec9ed5e0377079fc56a,main/td3_amo/walker2d-medium-expert-v2/3e-4/seed_2/wme_s2_alr0p0003__141c61c5,/home/svcho/amo/results/td3_amo_bootrms_maincand_seeds03/jobs/a5_w-me_r3e4_s2/run,final_eval_50.json,1,normalized_score,2026-09-18T01:23:08.696706+00:00
td3_amo,5,0.0003,walker2d-medium-expert-v2,3,110.40470653548284,1000000,True,50,True,1,svcho,jax,wme_s3_alr0p0003__8a855f20,1e34514ddf70bfc8a78757d9a78b82306627164c,71b619508a9395147ac00ec9ed5e0377079fc56a,main/td3_amo/walker2d-medium-expert-v2/3e-4/seed_3/wme_s3_alr0p0003__8a855f20,/home/svcho/amo/results/td3_amo_bootrms_maincand_seeds03/jobs/a5_w-me_r3e4_s3/run,final_eval_50.json,1,normalized_score,2026-09-18T07:31:04.250843+00:00
td3_amo,5,0.002,antmaze-umaze-v2,0,94.0,1000000,True,50,True,1,svcho,jax,amu_s0_alr0p002__7ec0a114,1e34514ddf70bfc8a78757d9a78b82306627164c,71b619508a9395147ac00ec9ed5e0377079fc56a,main/td3_amo/antmaze-umaze-v2/2e-3/seed_0/amu_s0_alr0p002__7ec0a114,/home/svcho/amo/results/td3_amo_bootrms_maincand_seeds03/jobs/a5_am-u_r2e3_s0/run,final_eval_50.json,1,normalized_score,2026-09-17T13:47:25.291386+00:00
td3_amo,5,0.002,antmaze-umaze-v2,1,86.0,1000000,True,50,True,1,svcho,jax,amu_s1_alr0p002__d71ac0bb,1e34514ddf70bfc8a78757d9a78b82306627164c,71b619508a9395147ac00ec9ed5e0377079fc56a,main/td3_amo/antmaze-umaze-v2/2e-3/seed_1/amu_s1_alr0p002__d71ac0bb,/home/svcho/amo/results/td3_amo_bootrms_maincand_seeds03/jobs/a5_am-u_r2e3_s1/run,final_eval_50.json,1,normalized_score,2026-09-17T19:55:05.258455+00:00
td3_amo,5,0.002,antmaze-umaze-v2,2,84.0,1000000,True,50,True,1,svcho,jax,amu_s2_alr0p002__532207fb,1e34514ddf70bfc8a78757d9a78b82306627164c,71b619508a9395147ac00ec9ed5e0377079fc56a,main/td3_amo/antmaze-umaze-v2/2e-3/seed_2/amu_s2_alr0p002__532207fb,/home/svcho/amo/results/td3_amo_bootrms_maincand_seeds03/jobs/a5_am-u_r2e3_s2/run,final_eval_50.json,1,normalized_score,2026-09-18T02:01:12.802640+00:00
td3_amo,5,0.002,antmaze-umaze-v2,3,76.0,1000000,True,50,True,1,svcho,jax,amu_s3_alr0p002__570d8628,1e34514ddf70bfc8a78757d9a78b82306627164c,71b619508a9395147ac00ec9ed5e0377079fc56a,main/td3_amo/antmaze-umaze-v2/2e-3/seed_3/amu_s3_alr0p002__570d8628,/home/svcho/amo/results/td3_amo_bootrms_maincand_seeds03/jobs/a5_am-u_r2e3_s3/run,final_eval_50.json,1,normalized_score,2026-09-18T08:10:12.218473+00:00
td3_amo,5,0.001,antmaze-umaze-v2,0,88.0,1000000,True,50,True,1,svcho,jax,amu_s0_alr0p001__6a88fbfe,1e34514ddf70bfc8a78757d9a78b82306627164c,71b619508a9395147ac00ec9ed5e0377079fc56a,main/td3_amo/antmaze-umaze-v2/1e-3/seed_0/amu_s0_alr0p001__6a88fbfe,/home/svcho/amo/results/td3_amo_bootrms_maincand_seeds03/jobs/a5_am-u_r1e3_s0/run,final_eval_50.json,1,normalized_score,2026-09-17T13:36:02.059646+00:00
td3_amo,5,0.001,antmaze-umaze-v2,1,86.0,1000000,True,50,True,1,svcho,jax,amu_s1_alr0p001__6659d40c,1e34514ddf70bfc8a78757d9a78b82306627164c,71b619508a9395147ac00ec9ed5e0377079fc56a,main/td3_amo/antmaze-umaze-v2/1e-3/seed_1/amu_s1_alr0p001__6659d40c,/home/svcho/amo/results/td3_amo_bootrms_maincand_seeds03/jobs/a5_am-u_r1e3_s1/run,final_eval_50.json,1,normalized_score,2026-09-17T19:42:04.744272+00:00
td3_amo,5,0.001,antmaze-umaze-v2,2,94.0,1000000,True,50,True,1,svcho,jax,amu_s2_alr0p001__fd917cac,1e34514ddf70bfc8a78757d9a78b82306627164c,71b619508a9395147ac00ec9ed5e0377079fc56a,main/td3_amo/antmaze-umaze-v2/1e-3/seed_2/amu_s2_alr0p001__fd917cac,/home/svcho/amo/results/td3_amo_bootrms_maincand_seeds03/jobs/a5_am-u_r1e3_s2/run,final_eval_50.json,1,normalized_score,2026-09-18T01:49:51.868450+00:00
td3_amo,5,0.001,antmaze-umaze-v2,3,84.0,1000000,True,50,True,1,svcho,jax,amu_s3_alr0p001__d3086ee0,1e34514ddf70bfc8a78757d9a78b82306627164c,71b619508a9395147ac00ec9ed5e0377079fc56a,main/td3_amo/antmaze-umaze-v2/1e-3/seed_3/amu_s3_alr0p001__d3086ee0,/home/svcho/amo/results/td3_amo_bootrms_maincand_seeds03/jobs/a5_am-u_r1e3_s3/run,final_eval_50.json,1,normalized_score,2026-09-18T07:57:47.300208+00:00
td3_amo,5,0.0003,antmaze-umaze-v2,0,88.0,1000000,True,50,True,1,svcho,jax,amu_s0_alr0p0003__59276489,1e34514ddf70bfc8a78757d9a78b82306627164c,71b619508a9395147ac00ec9ed5e0377079fc56a,main/td3_amo/antmaze-umaze-v2/3e-4/seed_0/amu_s0_alr0p0003__59276489,/home/svcho/amo/results/td3_amo_bootrms_maincand_seeds03/jobs/a5_am-u_r3e4_s0/run,final_eval_50.json,1,normalized_score,2026-09-17T13:36:02.262780+00:00
td3_amo,5,0.0003,antmaze-umaze-v2,1,98.0,1000000,True,50,True,1,svcho,jax,amu_s1_alr0p0003__e0b38b20,1e34514ddf70bfc8a78757d9a78b82306627164c,71b619508a9395147ac00ec9ed5e0377079fc56a,main/td3_amo/antmaze-umaze-v2/3e-4/seed_1/amu_s1_alr0p0003__e0b38b20,/home/svcho/amo/results/td3_amo_bootrms_maincand_seeds03/jobs/a5_am-u_r3e4_s1/run,final_eval_50.json,1,normalized_score,2026-09-17T19:41:52.902512+00:00
td3_amo,5,0.0003,antmaze-umaze-v2,2,98.0,1000000,True,50,True,1,svcho,jax,amu_s2_alr0p0003__b27d0309,1e34514ddf70bfc8a78757d9a78b82306627164c,71b619508a9395147ac00ec9ed5e0377079fc56a,main/td3_amo/antmaze-umaze-v2/3e-4/seed_2/amu_s2_alr0p0003__b27d0309,/home/svcho/amo/results/td3_amo_bootrms_maincand_seeds03/jobs/a5_am-u_r3e4_s2/run,final_eval_50.json,1,normalized_score,2026-09-18T01:49:40.146918+00:00
td3_amo,5,0.0003,antmaze-umaze-v2,3,86.0,1000000,True,50,True,1,svcho,jax,amu_s3_alr0p0003__aad9212a,1e34514ddf70bfc8a78757d9a78b82306627164c,71b619508a9395147ac00ec9ed5e0377079fc56a,main/td3_amo/antmaze-umaze-v2/3e-4/seed_3/amu_s3_alr0p0003__aad9212a,/home/svcho/amo/results/td3_amo_bootrms_maincand_seeds03/jobs/a5_am-u_r3e4_s3/run,final_eval_50.json,1,normalized_score,2026-09-18T07:57:47.553816+00:00
td3_amo,5,0.002,antmaze-umaze-diverse-v2,0,57.99999999999999,1000000,True,50,True,1,svcho,jax,amud_s0_alr0p002__37cbcee3,1e34514ddf70bfc8a78757d9a78b82306627164c,71b619508a9395147ac00ec9ed5e0377079fc56a,main/td3_amo/antmaze-umaze-diverse-v2/2e-3/seed_0/amud_s0_alr0p002__37cbcee3,/home/svcho/amo/results/td3_amo_bootrms_maincand_seeds03/jobs/a5_am-ud_r2e3_s0/run,final_eval_50.json,1,normalized_score,2026-09-17T14:14:59.262246+00:00
td3_amo,5,0.002,antmaze-umaze-diverse-v2,1,84.0,1000000,True,50,True,1,svcho,jax,amud_s1_alr0p002__32743d99,1e34514ddf70bfc8a78757d9a78b82306627164c,71b619508a9395147ac00ec9ed5e0377079fc56a,main/td3_amo/antmaze-umaze-diverse-v2/2e-3/seed_1/amud_s1_alr0p002__32743d99,/home/svcho/amo/results/td3_amo_bootrms_maincand_seeds03/jobs/a5_am-ud_r2e3_s1/run,final_eval_50.json,1,normalized_score,2026-09-17T20:21:43.387137+00:00
td3_amo,5,0.002,antmaze-umaze-diverse-v2,2,82.0,1000000,True,50,True,1,svcho,jax,amud_s2_alr0p002__a4b63e46,1e34514ddf70bfc8a78757d9a78b82306627164c,71b619508a9395147ac00ec9ed5e0377079fc56a,main/td3_amo/antmaze-umaze-diverse-v2/2e-3/seed_2/amud_s2_alr0p002__a4b63e46,/home/svcho/amo/results/td3_amo_bootrms_maincand_seeds03/jobs/a5_am-ud_r2e3_s2/run,final_eval_50.json,1,normalized_score,2026-09-18T02:27:22.423355+00:00
td3_amo,5,0.002,antmaze-umaze-diverse-v2,3,84.0,1000000,True,50,True,1,svcho,jax,amud_s3_alr0p002__4dcc1fac,1e34514ddf70bfc8a78757d9a78b82306627164c,71b619508a9395147ac00ec9ed5e0377079fc56a,main/td3_amo/antmaze-umaze-diverse-v2/2e-3/seed_3/amud_s3_alr0p002__4dcc1fac,/home/svcho/amo/results/td3_amo_bootrms_maincand_seeds03/jobs/a5_am-ud_r2e3_s3/run,final_eval_50.json,1,normalized_score,2026-09-18T08:38:03.442250+00:00
td3_amo,5,0.001,antmaze-umaze-diverse-v2,0,22.0,1000000,True,50,True,1,svcho,jax,amud_s0_alr0p001__16ea69ef,1e34514ddf70bfc8a78757d9a78b82306627164c,71b619508a9395147ac00ec9ed5e0377079fc56a,main/td3_amo/antmaze-umaze-diverse-v2/1e-3/seed_0/amud_s0_alr0p001__16ea69ef,/home/svcho/amo/results/td3_amo_bootrms_maincand_seeds03/jobs/a5_am-ud_r1e3_s0/run,final_eval_50.json,1,normalized_score,2026-09-17T14:02:45.671770+00:00
td3_amo,5,0.001,antmaze-umaze-diverse-v2,1,56.00000000000001,1000000,True,50,True,1,svcho,jax,amud_s1_alr0p001__81743106,1e34514ddf70bfc8a78757d9a78b82306627164c,71b619508a9395147ac00ec9ed5e0377079fc56a,main/td3_amo/antmaze-umaze-diverse-v2/1e-3/seed_1/amud_s1_alr0p001__81743106,/home/svcho/amo/results/td3_amo_bootrms_maincand_seeds03/jobs/a5_am-ud_r1e3_s1/run,final_eval_50.json,1,normalized_score,2026-09-17T20:10:10.600545+00:00
td3_amo,5,0.001,antmaze-umaze-diverse-v2,2,64.0,1000000,True,50,True,1,svcho,jax,amud_s2_alr0p001__726c5de0,1e34514ddf70bfc8a78757d9a78b82306627164c,71b619508a9395147ac00ec9ed5e0377079fc56a,main/td3_amo/antmaze-umaze-diverse-v2/1e-3/seed_2/amud_s2_alr0p001__726c5de0,/home/svcho/amo/results/td3_amo_bootrms_maincand_seeds03/jobs/a5_am-ud_r1e3_s2/run,final_eval_50.json,1,normalized_score,2026-09-18T02:16:25.004394+00:00
td3_amo,5,0.001,antmaze-umaze-diverse-v2,3,0.0,1000000,True,50,True,1,svcho,jax,amud_s3_alr0p001__7e7d1cb9,1e34514ddf70bfc8a78757d9a78b82306627164c,71b619508a9395147ac00ec9ed5e0377079fc56a,main/td3_amo/antmaze-umaze-diverse-v2/1e-3/seed_3/amud_s3_alr0p001__7e7d1cb9,/home/svcho/amo/results/td3_amo_bootrms_maincand_seeds03/jobs/a5_am-ud_r1e3_s3/run,final_eval_50.json,1,normalized_score,2026-09-18T08:25:21.463445+00:00
td3_amo,5,0.0003,antmaze-umaze-diverse-v2,0,86.0,1000000,True,50,True,1,svcho,jax,amud_s0_alr0p0003__e14c97e9,1e34514ddf70bfc8a78757d9a78b82306627164c,71b619508a9395147ac00ec9ed5e0377079fc56a,main/td3_amo/antmaze-umaze-diverse-v2/3e-4/seed_0/amud_s0_alr0p0003__e14c97e9,/home/svcho/amo/results/td3_amo_bootrms_maincand_seeds03/jobs/a5_am-ud_r3e4_s0/run,final_eval_50.json,1,normalized_score,2026-09-17T14:02:28.848176+00:00
td3_amo,5,0.0003,antmaze-umaze-diverse-v2,1,86.0,1000000,True,50,True,1,svcho,jax,amud_s1_alr0p0003__4888be18,1e34514ddf70bfc8a78757d9a78b82306627164c,71b619508a9395147ac00ec9ed5e0377079fc56a,main/td3_amo/antmaze-umaze-diverse-v2/3e-4/seed_1/amud_s1_alr0p0003__4888be18,/home/svcho/amo/results/td3_amo_bootrms_maincand_seeds03/jobs/a5_am-ud_r3e4_s1/run,final_eval_50.json,1,normalized_score,2026-09-17T20:10:07.618192+00:00
td3_amo,5,0.0003,antmaze-umaze-diverse-v2,2,98.0,1000000,True,50,True,1,svcho,jax,amud_s2_alr0p0003__56c35ff6,1e34514ddf70bfc8a78757d9a78b82306627164c,71b619508a9395147ac00ec9ed5e0377079fc56a,main/td3_amo/antmaze-umaze-diverse-v2/3e-4/seed_2/amud_s2_alr0p0003__56c35ff6,/home/svcho/amo/results/td3_amo_bootrms_maincand_seeds03/jobs/a5_am-ud_r3e4_s2/run,final_eval_50.json,1,normalized_score,2026-09-18T02:16:10.919172+00:00
td3_amo,5,0.0003,antmaze-umaze-diverse-v2,3,82.0,1000000,True,50,True,1,svcho,jax,amud_s3_alr0p0003__39e1beac,1e34514ddf70bfc8a78757d9a78b82306627164c,71b619508a9395147ac00ec9ed5e0377079fc56a,main/td3_amo/antmaze-umaze-diverse-v2/3e-4/seed_3/amud_s3_alr0p0003__39e1beac,/home/svcho/amo/results/td3_amo_bootrms_maincand_seeds03/jobs/a5_am-ud_r3e4_s3/run,final_eval_50.json,1,normalized_score,2026-09-18T08:25:14.596994+00:00
td3_amo,5,0.002,antmaze-medium-play-v2,0,70.0,1000000,True,50,True,1,svcho,jax,ammp_s0_alr0p002__091202fe,1e34514ddf70bfc8a78757d9a78b82306627164c,71b619508a9395147ac00ec9ed5e0377079fc56a,main/td3_amo/antmaze-medium-play-v2/2e-3/seed_0/ammp_s0_alr0p002__091202fe,/home/svcho/amo/results/td3_amo_bootrms_maincand_seeds03/jobs/a5_am-mp_r2e3_s0/run,final_eval_50.json,1,normalized_score,2026-09-17T14:41:17.075885+00:00
td3_amo,5,0.002,antmaze-medium-play-v2,1,78.0,1000000,True,50,True,1,svcho,jax,ammp_s1_alr0p002__43a915b3,1e34514ddf70bfc8a78757d9a78b82306627164c,71b619508a9395147ac00ec9ed5e0377079fc56a,main/td3_amo/antmaze-medium-play-v2/2e-3/seed_1/ammp_s1_alr0p002__43a915b3,/home/svcho/amo/results/td3_amo_bootrms_maincand_seeds03/jobs/a5_am-mp_r2e3_s1/run,final_eval_50.json,1,normalized_score,2026-09-17T20:49:14.506070+00:00
td3_amo,5,0.002,antmaze-medium-play-v2,2,57.99999999999999,1000000,True,50,True,1,svcho,jax,ammp_s2_alr0p002__a27ac6a7,1e34514ddf70bfc8a78757d9a78b82306627164c,71b619508a9395147ac00ec9ed5e0377079fc56a,main/td3_amo/antmaze-medium-play-v2/2e-3/seed_2/ammp_s2_alr0p002__a27ac6a7,/home/svcho/amo/results/td3_amo_bootrms_maincand_seeds03/jobs/a5_am-mp_r2e3_s2/run,final_eval_50.json,1,normalized_score,2026-09-18T02:55:13.696756+00:00
td3_amo,5,0.002,antmaze-medium-play-v2,3,78.0,1000000,True,50,True,1,svcho,jax,ammp_s3_alr0p002__7415f7ca,1e34514ddf70bfc8a78757d9a78b82306627164c,71b619508a9395147ac00ec9ed5e0377079fc56a,main/td3_amo/antmaze-medium-play-v2/2e-3/seed_3/ammp_s3_alr0p002__7415f7ca,/home/svcho/amo/results/td3_amo_bootrms_maincand_seeds03/jobs/a5_am-mp_r2e3_s3/run,final_eval_50.json,1,normalized_score,2026-09-18T09:05:29.575875+00:00
td3_amo,5,0.001,antmaze-medium-play-v2,0,78.0,1000000,True,50,True,1,svcho,jax,ammp_s0_alr0p001__64f0863e,1e34514ddf70bfc8a78757d9a78b82306627164c,71b619508a9395147ac00ec9ed5e0377079fc56a,main/td3_amo/antmaze-medium-play-v2/1e-3/seed_0/ammp_s0_alr0p001__64f0863e,/home/svcho/amo/results/td3_amo_bootrms_maincand_seeds03/jobs/a5_am-mp_r1e3_s0/run,final_eval_50.json,1,normalized_score,2026-09-17T14:30:18.795153+00:00
td3_amo,5,0.001,antmaze-medium-play-v2,1,84.0,1000000,True,50,True,1,svcho,jax,ammp_s1_alr0p001__ec7dc9e1,1e34514ddf70bfc8a78757d9a78b82306627164c,71b619508a9395147ac00ec9ed5e0377079fc56a,main/td3_amo/antmaze-medium-play-v2/1e-3/seed_1/ammp_s1_alr0p001__ec7dc9e1,/home/svcho/amo/results/td3_amo_bootrms_maincand_seeds03/jobs/a5_am-mp_r1e3_s1/run,final_eval_50.json,1,normalized_score,2026-09-17T20:37:14.185286+00:00
td3_amo,5,0.001,antmaze-medium-play-v2,2,80.0,1000000,True,50,True,1,svcho,jax,ammp_s2_alr0p001__80c9514c,1e34514ddf70bfc8a78757d9a78b82306627164c,71b619508a9395147ac00ec9ed5e0377079fc56a,main/td3_amo/antmaze-medium-play-v2/1e-3/seed_2/ammp_s2_alr0p001__80c9514c,/home/svcho/amo/results/td3_amo_bootrms_maincand_seeds03/jobs/a5_am-mp_r1e3_s2/run,final_eval_50.json,1,normalized_score,2026-09-18T02:43:01.268714+00:00
td3_amo,5,0.001,antmaze-medium-play-v2,3,84.0,1000000,True,50,True,1,svcho,jax,ammp_s3_alr0p001__f87fa5fe,1e34514ddf70bfc8a78757d9a78b82306627164c,71b619508a9395147ac00ec9ed5e0377079fc56a,main/td3_amo/antmaze-medium-play-v2/1e-3/seed_3/ammp_s3_alr0p001__f87fa5fe,/home/svcho/amo/results/td3_amo_bootrms_maincand_seeds03/jobs/a5_am-mp_r1e3_s3/run,final_eval_50.json,1,normalized_score,2026-09-18T08:53:35.775309+00:00
td3_amo,5,0.0003,antmaze-medium-play-v2,0,90.0,1000000,True,50,True,1,svcho,jax,ammp_s0_alr0p0003__22d37d29,1e34514ddf70bfc8a78757d9a78b82306627164c,71b619508a9395147ac00ec9ed5e0377079fc56a,main/td3_amo/antmaze-medium-play-v2/3e-4/seed_0/ammp_s0_alr0p0003__22d37d29,/home/svcho/amo/results/td3_amo_bootrms_maincand_seeds03/jobs/a5_am-mp_r3e4_s0/run,final_eval_50.json,1,normalized_score,2026-09-17T14:30:07.100585+00:00
td3_amo,5,0.0003,antmaze-medium-play-v2,1,76.0,1000000,True,50,True,1,svcho,jax,ammp_s1_alr0p0003__684d97e4,1e34514ddf70bfc8a78757d9a78b82306627164c,71b619508a9395147ac00ec9ed5e0377079fc56a,main/td3_amo/antmaze-medium-play-v2/3e-4/seed_1/ammp_s1_alr0p0003__684d97e4,/home/svcho/amo/results/td3_amo_bootrms_maincand_seeds03/jobs/a5_am-mp_r3e4_s1/run,final_eval_50.json,1,normalized_score,2026-09-17T20:37:15.660126+00:00
td3_amo,5,0.0003,antmaze-medium-play-v2,2,54.0,1000000,True,50,True,1,svcho,jax,ammp_s2_alr0p0003__b8544cac,1e34514ddf70bfc8a78757d9a78b82306627164c,71b619508a9395147ac00ec9ed5e0377079fc56a,main/td3_amo/antmaze-medium-play-v2/3e-4/seed_2/ammp_s2_alr0p0003__b8544cac,/home/svcho/amo/results/td3_amo_bootrms_maincand_seeds03/jobs/a5_am-mp_r3e4_s2/run,final_eval_50.json,1,normalized_score,2026-09-18T02:43:05.195824+00:00
td3_amo,5,0.0003,antmaze-medium-play-v2,3,70.0,1000000,True,50,True,1,svcho,jax,ammp_s3_alr0p0003__02ebe394,1e34514ddf70bfc8a78757d9a78b82306627164c,71b619508a9395147ac00ec9ed5e0377079fc56a,main/td3_amo/antmaze-medium-play-v2/3e-4/seed_3/ammp_s3_alr0p0003__02ebe394,/home/svcho/amo/results/td3_amo_bootrms_maincand_seeds03/jobs/a5_am-mp_r3e4_s3/run,final_eval_50.json,1,normalized_score,2026-09-18T08:53:37.569865+00:00
td3_amo,5,0.002,antmaze-medium-diverse-v2,0,4.0,1000000,True,50,True,1,svcho,jax,ammd_s0_alr0p002__a9a58d1f,1e34514ddf70bfc8a78757d9a78b82306627164c,71b619508a9395147ac00ec9ed5e0377079fc56a,main/td3_amo/antmaze-medium-diverse-v2/2e-3/seed_0/ammd_s0_alr0p002__a9a58d1f,/home/svcho/amo/results/td3_amo_bootrms_maincand_seeds03/jobs/a5_am-md_r2e3_s0/run,final_eval_50.json,1,normalized_score,2026-09-17T14:56:33.160972+00:00
td3_amo,5,0.002,antmaze-medium-diverse-v2,1,52.0,1000000,True,50,True,1,svcho,jax,ammd_s1_alr0p002__30eb5001,1e34514ddf70bfc8a78757d9a78b82306627164c,71b619508a9395147ac00ec9ed5e0377079fc56a,main/td3_amo/antmaze-medium-diverse-v2/2e-3/seed_1/ammd_s1_alr0p002__30eb5001,/home/svcho/amo/results/td3_amo_bootrms_maincand_seeds03/jobs/a5_am-md_r2e3_s1/run,final_eval_50.json,1,normalized_score,2026-09-17T21:04:36.615393+00:00
td3_amo,5,0.002,antmaze-medium-diverse-v2,2,22.0,1000000,True,50,True,1,svcho,jax,ammd_s2_alr0p002__8e168f41,1e34514ddf70bfc8a78757d9a78b82306627164c,71b619508a9395147ac00ec9ed5e0377079fc56a,main/td3_amo/antmaze-medium-diverse-v2/2e-3/seed_2/ammd_s2_alr0p002__8e168f41,/home/svcho/amo/results/td3_amo_bootrms_maincand_seeds03/jobs/a5_am-md_r2e3_s2/run,final_eval_50.json,1,normalized_score,2026-09-18T03:10:56.684325+00:00
td3_amo,5,0.002,antmaze-medium-diverse-v2,3,28.000000000000004,1000000,True,50,True,1,svcho,jax,ammd_s3_alr0p002__897d4a56,1e34514ddf70bfc8a78757d9a78b82306627164c,71b619508a9395147ac00ec9ed5e0377079fc56a,main/td3_amo/antmaze-medium-diverse-v2/2e-3/seed_3/ammd_s3_alr0p002__897d4a56,/home/svcho/amo/results/td3_amo_bootrms_maincand_seeds03/jobs/a5_am-md_r2e3_s3/run,final_eval_50.json,1,normalized_score,2026-09-18T09:20:55.400590+00:00
td3_amo,5,0.001,antmaze-medium-diverse-v2,0,48.0,1000000,True,50,True,1,svcho,jax,ammd_s0_alr0p001__1fdcc80e,1e34514ddf70bfc8a78757d9a78b82306627164c,71b619508a9395147ac00ec9ed5e0377079fc56a,main/td3_amo/antmaze-medium-diverse-v2/1e-3/seed_0/ammd_s0_alr0p001__1fdcc80e,/home/svcho/amo/results/td3_amo_bootrms_maincand_seeds03/jobs/a5_am-md_r1e3_s0/run,final_eval_50.json,1,normalized_score,2026-09-17T14:56:28.387281+00:00
td3_amo,5,0.001,antmaze-medium-diverse-v2,1,14.000000000000002,1000000,True,50,True,1,svcho,jax,ammd_s1_alr0p001__9401782a,1e34514ddf70bfc8a78757d9a78b82306627164c,71b619508a9395147ac00ec9ed5e0377079fc56a,main/td3_amo/antmaze-medium-diverse-v2/1e-3/seed_1/ammd_s1_alr0p001__9401782a,/home/svcho/amo/results/td3_amo_bootrms_maincand_seeds03/jobs/a5_am-md_r1e3_s1/run,final_eval_50.json,1,normalized_score,2026-09-17T21:04:29.636331+00:00
td3_amo,5,0.001,antmaze-medium-diverse-v2,2,50.0,1000000,True,50,True,1,svcho,jax,ammd_s2_alr0p001__65dfeb0b,1e34514ddf70bfc8a78757d9a78b82306627164c,71b619508a9395147ac00ec9ed5e0377079fc56a,main/td3_amo/antmaze-medium-diverse-v2/1e-3/seed_2/ammd_s2_alr0p001__65dfeb0b,/home/svcho/amo/results/td3_amo_bootrms_maincand_seeds03/jobs/a5_am-md_r1e3_s2/run,final_eval_50.json,1,normalized_score,2026-09-18T03:10:41.611994+00:00
td3_amo,5,0.001,antmaze-medium-diverse-v2,3,60.0,1000000,True,50,True,1,svcho,jax,ammd_s3_alr0p001__5725236d,1e34514ddf70bfc8a78757d9a78b82306627164c,71b619508a9395147ac00ec9ed5e0377079fc56a,main/td3_amo/antmaze-medium-diverse-v2/1e-3/seed_3/ammd_s3_alr0p001__5725236d,/home/svcho/amo/results/td3_amo_bootrms_maincand_seeds03/jobs/a5_am-md_r1e3_s3/run,final_eval_50.json,1,normalized_score,2026-09-18T09:20:51.384364+00:00
td3_amo,5,0.0003,antmaze-medium-diverse-v2,0,46.0,1000000,True,50,True,1,svcho,jax,ammd_s0_alr0p0003__9cacbac2,1e34514ddf70bfc8a78757d9a78b82306627164c,71b619508a9395147ac00ec9ed5e0377079fc56a,main/td3_amo/antmaze-medium-diverse-v2/3e-4/seed_0/ammd_s0_alr0p0003__9cacbac2,/home/svcho/amo/results/td3_amo_bootrms_maincand_seeds03/jobs/a5_am-md_r3e4_s0/run,final_eval_50.json,1,normalized_score,2026-09-17T08:02:00.058907+00:00
td3_amo,5,0.0003,antmaze-medium-diverse-v2,1,66.0,1000000,True,50,True,1,svcho,jax,ammd_s1_alr0p0003__0b2e9890,1e34514ddf70bfc8a78757d9a78b82306627164c,71b619508a9395147ac00ec9ed5e0377079fc56a,main/td3_amo/antmaze-medium-diverse-v2/3e-4/seed_1/ammd_s1_alr0p0003__0b2e9890,/home/svcho/amo/results/td3_amo_bootrms_maincand_seeds03/jobs/a5_am-md_r3e4_s1/run,final_eval_50.json,1,normalized_score,2026-09-17T08:02:16.852789+00:00
td3_amo,5,0.0003,antmaze-medium-diverse-v2,2,44.0,1000000,True,50,True,1,svcho,jax,ammd_s2_alr0p0003__ebf52050,1e34514ddf70bfc8a78757d9a78b82306627164c,71b619508a9395147ac00ec9ed5e0377079fc56a,main/td3_amo/antmaze-medium-diverse-v2/3e-4/seed_2/ammd_s2_alr0p0003__ebf52050,/home/svcho/amo/results/td3_amo_bootrms_maincand_seeds03/jobs/a5_am-md_r3e4_s2/run,final_eval_50.json,1,normalized_score,2026-09-17T08:17:15.529507+00:00
td3_amo,5,0.0003,antmaze-medium-diverse-v2,3,80.0,1000000,True,50,True,1,svcho,jax,ammd_s3_alr0p0003__2f4c9825,1e34514ddf70bfc8a78757d9a78b82306627164c,71b619508a9395147ac00ec9ed5e0377079fc56a,main/td3_amo/antmaze-medium-diverse-v2/3e-4/seed_3/ammd_s3_alr0p0003__2f4c9825,/home/svcho/amo/results/td3_amo_bootrms_maincand_seeds03/jobs/a5_am-md_r3e4_s3/run,final_eval_50.json,1,normalized_score,2026-09-17T08:17:11.486037+00:00
td3_amo,5,0.002,antmaze-large-play-v2,0,50.0,1000000,True,50,True,1,svcho,jax,amlp_s0_alr0p002__868f8e48,1e34514ddf70bfc8a78757d9a78b82306627164c,71b619508a9395147ac00ec9ed5e0377079fc56a,main/td3_amo/antmaze-large-play-v2/2e-3/seed_0/amlp_s0_alr0p002__868f8e48,/home/svcho/amo/results/td3_amo_bootrms_maincand_seeds03/jobs/a5_am-lp_r2e3_s0/run,final_eval_50.json,1,normalized_score,2026-09-17T15:24:19.593009+00:00
td3_amo,5,0.002,antmaze-large-play-v2,1,28.000000000000004,1000000,True,50,True,1,svcho,jax,amlp_s1_alr0p002__1226e5bd,1e34514ddf70bfc8a78757d9a78b82306627164c,71b619508a9395147ac00ec9ed5e0377079fc56a,main/td3_amo/antmaze-large-play-v2/2e-3/seed_1/amlp_s1_alr0p002__1226e5bd,/home/svcho/amo/results/td3_amo_bootrms_maincand_seeds03/jobs/a5_am-lp_r2e3_s1/run,final_eval_50.json,1,normalized_score,2026-09-17T21:31:02.861830+00:00
td3_amo,5,0.002,antmaze-large-play-v2,2,52.0,1000000,True,50,True,1,svcho,jax,amlp_s2_alr0p002__23c60500,1e34514ddf70bfc8a78757d9a78b82306627164c,71b619508a9395147ac00ec9ed5e0377079fc56a,main/td3_amo/antmaze-large-play-v2/2e-3/seed_2/amlp_s2_alr0p002__23c60500,/home/svcho/amo/results/td3_amo_bootrms_maincand_seeds03/jobs/a5_am-lp_r2e3_s2/run,final_eval_50.json,1,normalized_score,2026-09-18T03:37:54.123624+00:00
td3_amo,5,0.002,antmaze-large-play-v2,3,56.00000000000001,1000000,True,50,True,1,svcho,jax,amlp_s3_alr0p002__28b4d954,1e34514ddf70bfc8a78757d9a78b82306627164c,71b619508a9395147ac00ec9ed5e0377079fc56a,main/td3_amo/antmaze-large-play-v2/2e-3/seed_3/amlp_s3_alr0p002__28b4d954,/home/svcho/amo/results/td3_amo_bootrms_maincand_seeds03/jobs/a5_am-lp_r2e3_s3/run,final_eval_50.json,1,normalized_score,2026-09-18T09:47:38.037202+00:00
td3_amo,5,0.001,antmaze-large-play-v2,0,50.0,1000000,True,50,True,1,svcho,jax,amlp_s0_alr0p001__19c0299b,1e34514ddf70bfc8a78757d9a78b82306627164c,71b619508a9395147ac00ec9ed5e0377079fc56a,main/td3_amo/antmaze-large-play-v2/1e-3/seed_0/amlp_s0_alr0p001__19c0299b,/home/svcho/amo/results/td3_amo_bootrms_maincand_seeds03/jobs/a5_am-lp_r1e3_s0/run,final_eval_50.json,1,normalized_score,2026-09-17T15:12:15.615123+00:00
td3_amo,5,0.001,antmaze-large-play-v2,1,54.0,1000000,True,50,True,1,svcho,jax,amlp_s1_alr0p001__3e6bf007,1e34514ddf70bfc8a78757d9a78b82306627164c,71b619508a9395147ac00ec9ed5e0377079fc56a,main/td3_amo/antmaze-large-play-v2/1e-3/seed_1/amlp_s1_alr0p001__3e6bf007,/home/svcho/amo/results/td3_amo_bootrms_maincand_seeds03/jobs/a5_am-lp_r1e3_s1/run,final_eval_50.json,1,normalized_score,2026-09-17T21:20:14.132683+00:00
td3_amo,5,0.001,antmaze-large-play-v2,2,50.0,1000000,True,50,True,1,svcho,jax,amlp_s2_alr0p001__da40db7a,1e34514ddf70bfc8a78757d9a78b82306627164c,71b619508a9395147ac00ec9ed5e0377079fc56a,main/td3_amo/antmaze-large-play-v2/1e-3/seed_2/amlp_s2_alr0p001__da40db7a,/home/svcho/amo/results/td3_amo_bootrms_maincand_seeds03/jobs/a5_am-lp_r1e3_s2/run,final_eval_50.json,1,normalized_score,2026-09-18T03:26:14.699337+00:00
td3_amo,5,0.001,antmaze-large-play-v2,3,38.0,1000000,True,50,True,1,svcho,jax,amlp_s3_alr0p001__21be8de2,1e34514ddf70bfc8a78757d9a78b82306627164c,71b619508a9395147ac00ec9ed5e0377079fc56a,main/td3_amo/antmaze-large-play-v2/1e-3/seed_3/amlp_s3_alr0p001__21be8de2,/home/svcho/amo/results/td3_amo_bootrms_maincand_seeds03/jobs/a5_am-lp_r1e3_s3/run,final_eval_50.json,1,normalized_score,2026-09-18T09:36:31.393691+00:00
td3_amo,5,0.0003,antmaze-large-play-v2,0,16.0,1000000,True,50,True,1,svcho,jax,amlp_s0_alr0p0003__0371f6b9,1e34514ddf70bfc8a78757d9a78b82306627164c,71b619508a9395147ac00ec9ed5e0377079fc56a,main/td3_amo/antmaze-large-play-v2/3e-4/seed_0/amlp_s0_alr0p0003__0371f6b9,/home/svcho/amo/results/td3_amo_bootrms_maincand_seeds03/jobs/a5_am-lp_r3e4_s0/run,final_eval_50.json,1,normalized_score,2026-09-17T15:12:19.327639+00:00
td3_amo,5,0.0003,antmaze-large-play-v2,1,28.000000000000004,1000000,True,50,True,1,svcho,jax,amlp_s1_alr0p0003__a71c08c9,1e34514ddf70bfc8a78757d9a78b82306627164c,71b619508a9395147ac00ec9ed5e0377079fc56a,main/td3_amo/antmaze-large-play-v2/3e-4/seed_1/amlp_s1_alr0p0003__a71c08c9,/home/svcho/amo/results/td3_amo_bootrms_maincand_seeds03/jobs/a5_am-lp_r3e4_s1/run,final_eval_50.json,1,normalized_score,2026-09-17T21:20:05.869523+00:00
td3_amo,5,0.0003,antmaze-large-play-v2,2,48.0,1000000,True,50,True,1,svcho,jax,amlp_s2_alr0p0003__128d69f8,1e34514ddf70bfc8a78757d9a78b82306627164c,71b619508a9395147ac00ec9ed5e0377079fc56a,main/td3_amo/antmaze-large-play-v2/3e-4/seed_2/amlp_s2_alr0p0003__128d69f8,/home/svcho/amo/results/td3_amo_bootrms_maincand_seeds03/jobs/a5_am-lp_r3e4_s2/run,final_eval_50.json,1,normalized_score,2026-09-18T03:26:15.637714+00:00
td3_amo,5,0.0003,antmaze-large-play-v2,3,26.0,1000000,True,50,True,1,svcho,jax,amlp_s3_alr0p0003__7b21e544,1e34514ddf70bfc8a78757d9a78b82306627164c,71b619508a9395147ac00ec9ed5e0377079fc56a,main/td3_amo/antmaze-large-play-v2/3e-4/seed_3/amlp_s3_alr0p0003__7b21e544,/home/svcho/amo/results/td3_amo_bootrms_maincand_seeds03/jobs/a5_am-lp_r3e4_s3/run,final_eval_50.json,1,normalized_score,2026-09-18T09:36:21.306586+00:00
td3_amo,5,0.002,antmaze-large-diverse-v2,0,14.000000000000002,1000000,True,50,True,1,svcho,jax,amld_s0_alr0p002__b33b2818,1e34514ddf70bfc8a78757d9a78b82306627164c,71b619508a9395147ac00ec9ed5e0377079fc56a,main/td3_amo/antmaze-large-diverse-v2/2e-3/seed_0/amld_s0_alr0p002__b33b2818,/home/svcho/amo/results/td3_amo_bootrms_maincand_seeds03/jobs/a5_am-ld_r2e3_s0/run,final_eval_50.json,1,normalized_score,2026-09-17T15:51:13.170647+00:00
td3_amo,5,0.002,antmaze-large-diverse-v2,1,46.0,1000000,True,50,True,1,svcho,jax,amld_s1_alr0p002__1b832cb9,1e34514ddf70bfc8a78757d9a78b82306627164c,71b619508a9395147ac00ec9ed5e0377079fc56a,main/td3_amo/antmaze-large-diverse-v2/2e-3/seed_1/amld_s1_alr0p002__1b832cb9,/home/svcho/amo/results/td3_amo_bootrms_maincand_seeds03/jobs/a5_am-ld_r2e3_s1/run,final_eval_50.json,1,normalized_score,2026-09-17T21:57:24.742361+00:00
td3_amo,5,0.002,antmaze-large-diverse-v2,2,22.0,1000000,True,50,True,1,svcho,jax,amld_s2_alr0p002__cd819587,1e34514ddf70bfc8a78757d9a78b82306627164c,71b619508a9395147ac00ec9ed5e0377079fc56a,main/td3_amo/antmaze-large-diverse-v2/2e-3/seed_2/amld_s2_alr0p002__cd819587,/home/svcho/amo/results/td3_amo_bootrms_maincand_seeds03/jobs/a5_am-ld_r2e3_s2/run,final_eval_50.json,1,normalized_score,2026-09-18T04:05:09.317652+00:00
td3_amo,5,0.002,antmaze-large-diverse-v2,3,38.0,1000000,True,50,True,1,svcho,jax,amld_s3_alr0p002__a0deb2a6,1e34514ddf70bfc8a78757d9a78b82306627164c,71b619508a9395147ac00ec9ed5e0377079fc56a,main/td3_amo/antmaze-large-diverse-v2/2e-3/seed_3/amld_s3_alr0p002__a0deb2a6,/home/svcho/amo/results/td3_amo_bootrms_maincand_seeds03/jobs/a5_am-ld_r2e3_s3/run,final_eval_50.json,1,normalized_score,2026-09-18T10:14:27.641952+00:00
td3_amo,5,0.001,antmaze-large-diverse-v2,0,48.0,1000000,True,50,True,1,svcho,jax,amld_s0_alr0p001__9fa266cc,1e34514ddf70bfc8a78757d9a78b82306627164c,71b619508a9395147ac00ec9ed5e0377079fc56a,main/td3_amo/antmaze-large-diverse-v2/1e-3/seed_0/amld_s0_alr0p001__9fa266cc,/home/svcho/amo/results/td3_amo_bootrms_maincand_seeds03/jobs/a5_am-ld_r1e3_s0/run,final_eval_50.json,1,normalized_score,2026-09-17T15:39:45.058582+00:00
td3_amo,5,0.001,antmaze-large-diverse-v2,1,57.99999999999999,1000000,True,50,True,1,svcho,jax,amld_s1_alr0p001__9e4b636d,1e34514ddf70bfc8a78757d9a78b82306627164c,71b619508a9395147ac00ec9ed5e0377079fc56a,main/td3_amo/antmaze-large-diverse-v2/1e-3/seed_1/amld_s1_alr0p001__9e4b636d,/home/svcho/amo/results/td3_amo_bootrms_maincand_seeds03/jobs/a5_am-ld_r1e3_s1/run,final_eval_50.json,1,normalized_score,2026-09-17T21:46:24.222626+00:00
td3_amo,5,0.001,antmaze-large-diverse-v2,2,46.0,1000000,True,50,True,1,svcho,jax,amld_s2_alr0p001__5f4cbad2,1e34514ddf70bfc8a78757d9a78b82306627164c,71b619508a9395147ac00ec9ed5e0377079fc56a,main/td3_amo/antmaze-large-diverse-v2/1e-3/seed_2/amld_s2_alr0p001__5f4cbad2,/home/svcho/amo/results/td3_amo_bootrms_maincand_seeds03/jobs/a5_am-ld_r1e3_s2/run,final_eval_50.json,1,normalized_score,2026-09-18T03:53:38.846359+00:00
td3_amo,5,0.001,antmaze-large-diverse-v2,3,52.0,1000000,True,50,True,1,svcho,jax,amld_s3_alr0p001__fed271e6,1e34514ddf70bfc8a78757d9a78b82306627164c,71b619508a9395147ac00ec9ed5e0377079fc56a,main/td3_amo/antmaze-large-diverse-v2/1e-3/seed_3/amld_s3_alr0p001__fed271e6,/home/svcho/amo/results/td3_amo_bootrms_maincand_seeds03/jobs/a5_am-ld_r1e3_s3/run,final_eval_50.json,1,normalized_score,2026-09-18T10:03:03.395539+00:00
td3_amo,5,0.0003,antmaze-large-diverse-v2,0,48.0,1000000,True,50,True,1,svcho,jax,amld_s0_alr0p0003__353eb761,1e34514ddf70bfc8a78757d9a78b82306627164c,71b619508a9395147ac00ec9ed5e0377079fc56a,main/td3_amo/antmaze-large-diverse-v2/3e-4/seed_0/amld_s0_alr0p0003__353eb761,/home/svcho/amo/results/td3_amo_bootrms_maincand_seeds03/jobs/a5_am-ld_r3e4_s0/run,final_eval_50.json,1,normalized_score,2026-09-17T15:39:34.796559+00:00
td3_amo,5,0.0003,antmaze-large-diverse-v2,1,36.0,1000000,True,50,True,1,svcho,jax,amld_s1_alr0p0003__b7f81a26,1e34514ddf70bfc8a78757d9a78b82306627164c,71b619508a9395147ac00ec9ed5e0377079fc56a,main/td3_amo/antmaze-large-diverse-v2/3e-4/seed_1/amld_s1_alr0p0003__b7f81a26,/home/svcho/amo/results/td3_amo_bootrms_maincand_seeds03/jobs/a5_am-ld_r3e4_s1/run,final_eval_50.json,1,normalized_score,2026-09-17T21:46:15.474119+00:00
td3_amo,5,0.0003,antmaze-large-diverse-v2,2,44.0,1000000,True,50,True,1,svcho,jax,amld_s2_alr0p0003__5eca6028,1e34514ddf70bfc8a78757d9a78b82306627164c,71b619508a9395147ac00ec9ed5e0377079fc56a,main/td3_amo/antmaze-large-diverse-v2/3e-4/seed_2/amld_s2_alr0p0003__5eca6028,/home/svcho/amo/results/td3_amo_bootrms_maincand_seeds03/jobs/a5_am-ld_r3e4_s2/run,final_eval_50.json,1,normalized_score,2026-09-18T03:53:27.598610+00:00
td3_amo,5,0.0003,antmaze-large-diverse-v2,3,46.0,1000000,True,50,True,1,svcho,jax,amld_s3_alr0p0003__5cdb9bb0,1e34514ddf70bfc8a78757d9a78b82306627164c,71b619508a9395147ac00ec9ed5e0377079fc56a,main/td3_amo/antmaze-large-diverse-v2/3e-4/seed_3/amld_s3_alr0p0003__5cdb9bb0,/home/svcho/amo/results/td3_amo_bootrms_maincand_seeds03/jobs/a5_am-ld_r3e4_s3/run,final_eval_50.json,1,normalized_score,2026-09-18T10:03:03.754653+00:00
iql_amo,1,0.002,halfcheetah-medium-v2,0,48.43219682628471,1000000,False,10,True,1,ext_csh,torch,hcm_s0_iql_amo_bpi_bpi_sweep_rlr0p002_b1_t0p7__3340ad4f,,ec61f717062ebb6bc0f700c024cca43e5645a225,main/iql_amo/halfcheetah-medium-v2/2e-3/seed_0/hcm_s0_iql_amo_bpi_bpi_sweep_rlr0p002_b1_t0p7__3340ad4f,/home/ext_csh/CORL-iql-adaptive-beta-v1/results/iql_amo_bpi_s0_rlr_binit_loco9_antmaze6/cells/rlr2e-3_b1/halfcheetah-medium-v2,eval.jsonl,420,mean_normalized,
iql_amo,1,0.002,halfcheetah-medium-v2,1,48.332628009900574,1000000,True,50,True,1,shchoi,jax,hcm_s1_b1_rho0p002_jax__de736e99,1e34514ddf70bfc8a78757d9a78b82306627164c,62154bd368146412da3da267ca32fcb25be12f10,main/iql_amo/halfcheetah-medium-v2/2e-3/seed_1/hcm_s1_b1_rho0p002_jax__de736e99,/home/shchoi/AMO/results/iql_amo_jax_main_loco9/runs/iql_amo_jax_hc-m_s1_rlr2e-3_b1,final_eval_50.jsonl,1,d4rl_normalized_score,2026-09-14T23:43:18.581311+00:00
iql_amo,1,0.002,halfcheetah-medium-v2,2,48.39292495205175,1000000,True,50,True,1,shchoi,jax,hcm_s2_b1_rho0p002_jax__1789e22a,1e34514ddf70bfc8a78757d9a78b82306627164c,62154bd368146412da3da267ca32fcb25be12f10,main/iql_amo/halfcheetah-medium-v2/2e-3/seed_2/hcm_s2_b1_rho0p002_jax__1789e22a,/home/shchoi/AMO/results/iql_amo_jax_main_loco9/runs/iql_amo_jax_hc-m_s2_rlr2e-3_b1,final_eval_50.jsonl,1,d4rl_normalized_score,2026-09-15T00:49:24.490038+00:00
iql_amo,1,0.002,halfcheetah-medium-v2,3,48.419320253852646,1000000,True,50,True,1,shchoi,jax,hcm_s3_b1_rho0p002_jax__dec87496,1e34514ddf70bfc8a78757d9a78b82306627164c,62154bd368146412da3da267ca32fcb25be12f10,main/iql_amo/halfcheetah-medium-v2/2e-3/seed_3/hcm_s3_b1_rho0p002_jax__dec87496,/home/shchoi/AMO/results/iql_amo_jax_main_loco9/runs/iql_amo_jax_hc-m_s3_rlr2e-3_b1,final_eval_50.jsonl,1,d4rl_normalized_score,2026-09-15T01:43:13.145409+00:00
iql_amo,1,0.001,halfcheetah-medium-v2,0,48.30056382612073,1000000,True,50,True,1,shchoi,jax,hcm_s0_b1_rho0p001_jax__fd30bc75,1e34514ddf70bfc8a78757d9a78b82306627164c,62154bd368146412da3da267ca32fcb25be12f10,main/iql_amo/halfcheetah-medium-v2/1e-3/seed_0/hcm_s0_b1_rho0p001_jax__fd30bc75,/home/shchoi/AMO/results/iql_amo_jax_main_loco9/runs/iql_amo_jax_hc-m_s0_rlr1e-3_b1,final_eval_50.jsonl,1,d4rl_normalized_score,2026-09-14T19:37:10.608727+00:00
iql_amo,1,0.001,halfcheetah-medium-v2,1,48.59202731208973,1000000,True,50,True,1,shchoi,jax,hcm_s1_b1_rho0p001_jax__bce901a7,1e34514ddf70bfc8a78757d9a78b82306627164c,62154bd368146412da3da267ca32fcb25be12f10,main/iql_amo/halfcheetah-medium-v2/1e-3/seed_1/hcm_s1_b1_rho0p001_jax__bce901a7,/home/shchoi/AMO/results/iql_amo_jax_main_loco9/runs/iql_amo_jax_hc-m_s1_rlr1e-3_b1,final_eval_50.jsonl,1,d4rl_normalized_score,2026-09-14T20:43:24.640912+00:00
iql_amo,1,0.001,halfcheetah-medium-v2,2,48.3821417268061,1000000,True,50,True,1,shchoi,jax,hcm_s2_b1_rho0p001_jax__631d9ade,1e34514ddf70bfc8a78757d9a78b82306627164c,62154bd368146412da3da267ca32fcb25be12f10,main/iql_amo/halfcheetah-medium-v2/1e-3/seed_2/hcm_s2_b1_rho0p001_jax__631d9ade,/home/shchoi/AMO/results/iql_amo_jax_main_loco9/runs/iql_amo_jax_hc-m_s2_rlr1e-3_b1,final_eval_50.jsonl,1,d4rl_normalized_score,2026-09-14T21:40:20.185860+00:00
iql_amo,1,0.001,halfcheetah-medium-v2,3,48.790713544022836,1000000,True,50,True,1,shchoi,jax,hcm_s3_b1_rho0p001_jax__5e8d78d2,1e34514ddf70bfc8a78757d9a78b82306627164c,62154bd368146412da3da267ca32fcb25be12f10,main/iql_amo/halfcheetah-medium-v2/1e-3/seed_3/hcm_s3_b1_rho0p001_jax__5e8d78d2,/home/shchoi/AMO/results/iql_amo_jax_main_loco9/runs/iql_amo_jax_hc-m_s3_rlr1e-3_b1,final_eval_50.jsonl,1,d4rl_normalized_score,2026-09-14T22:46:09.531128+00:00
iql_amo,1,0.0003,halfcheetah-medium-v2,0,48.606895355006685,1000000,False,10,True,1,ext_csh,torch,hcm_s0_iql_amo_bpi_bpi_sweep_rlr0p0003_b1_t0p7__c092ff37,,ec61f717062ebb6bc0f700c024cca43e5645a225,main/iql_amo/halfcheetah-medium-v2/3e-4/seed_0/hcm_s0_iql_amo_bpi_bpi_sweep_rlr0p0003_b1_t0p7__c092ff37,/home/ext_csh/CORL-iql-adaptive-beta-v1/results/iql_amo_bpi_s0_rlr_binit_loco9_antmaze6/cells/rlr3e-4_b1/halfcheetah-medium-v2,eval.jsonl,110,mean_normalized,
iql_amo,1,0.0003,halfcheetah-medium-v2,1,48.58133535073703,1000000,True,50,True,1,choi,jax,hcm_s1_default__088f1043,1e34514ddf70bfc8a78757d9a78b82306627164c,77632f62205b32266edb06cf137e9830ea5b4236,main/iql_amo/halfcheetah-medium-v2/3e-4/seed_1/hcm_s1_default__088f1043,/home/choi/AMO_store/iql_amo_jax_loco_beta1_rlr3e-4_seed1/runs/iqlamo_jax_b1_rlr3e-4_hc-m_s1,eval.jsonl,1,normalized_score,2026-09-16T09:41:07.745674+00:00
iql_amo,1,0.0003,halfcheetah-medium-v2,2,48.56797512838605,1000000,True,50,True,1,shchoi,jax,hcm_s2_b1_rho0p0003_jax__0959b7c1,1e34514ddf70bfc8a78757d9a78b82306627164c,62154bd368146412da3da267ca32fcb25be12f10,main/iql_amo/halfcheetah-medium-v2/3e-4/seed_2/hcm_s2_b1_rho0p0003_jax__0959b7c1,/home/shchoi/AMO/results/iql_amo_jax_main_loco9/runs/iql_amo_jax_hc-m_s2_rlr3e-4_b1,final_eval_50.jsonl,1,d4rl_normalized_score,2026-09-14T17:17:52.288398+00:00
iql_amo,1,0.0003,halfcheetah-medium-v2,3,48.62950181581022,1000000,True,50,True,1,shchoi,jax,hcm_s3_b1_rho0p0003_jax__48500098,1e34514ddf70bfc8a78757d9a78b82306627164c,62154bd368146412da3da267ca32fcb25be12f10,main/iql_amo/halfcheetah-medium-v2/3e-4/seed_3/hcm_s3_b1_rho0p0003_jax__48500098,/home/shchoi/AMO/results/iql_amo_jax_main_loco9/runs/iql_amo_jax_hc-m_s3_rlr3e-4_b1,final_eval_50.jsonl,1,d4rl_normalized_score,2026-09-14T18:42:37.976400+00:00
iql_amo,1,0.002,halfcheetah-medium-replay-v2,0,40.897117148112926,1000000,False,10,True,1,ext_csh,torch,hcmr_s0_iql_amo_bpi_bpi_sweep_rlr0p002_b1_t0p7__27b1753b,,ec61f717062ebb6bc0f700c024cca43e5645a225,main/iql_amo/halfcheetah-medium-replay-v2/2e-3/seed_0/hcmr_s0_iql_amo_bpi_bpi_sweep_rlr0p002_b1_t0p7__27b1753b,/home/ext_csh/CORL-iql-adaptive-beta-v1/results/iql_amo_bpi_s0_rlr_binit_loco9_antmaze6/cells/rlr2e-3_b1/halfcheetah-medium-replay-v2,eval.jsonl,422,mean_normalized,
iql_amo,1,0.002,halfcheetah-medium-replay-v2,1,44.07717713069185,1000000,True,50,True,1,shchoi,jax,hcmr_s1_b1_rho0p002_jax__14004c7b,1e34514ddf70bfc8a78757d9a78b82306627164c,62154bd368146412da3da267ca32fcb25be12f10,main/iql_amo/halfcheetah-medium-replay-v2/2e-3/seed_1/hcmr_s1_b1_rho0p002_jax__14004c7b,/home/shchoi/AMO/results/iql_amo_jax_main_loco9/runs/iql_amo_jax_hc-mr_s1_rlr2e-3_b1,final_eval_50.jsonl,1,d4rl_normalized_score,2026-09-14T23:40:59.434211+00:00
iql_amo,1,0.002,halfcheetah-medium-replay-v2,2,44.891849949104135,1000000,True,50,True,1,shchoi,jax,hcmr_s2_b1_rho0p002_jax__b54def2f,1e34514ddf70bfc8a78757d9a78b82306627164c,62154bd368146412da3da267ca32fcb25be12f10,main/iql_amo/halfcheetah-medium-replay-v2/2e-3/seed_2/hcmr_s2_b1_rho0p002_jax__b54def2f,/home/shchoi/AMO/results/iql_amo_jax_main_loco9/runs/iql_amo_jax_hc-mr_s2_rlr2e-3_b1,final_eval_50.jsonl,1,d4rl_normalized_score,2026-09-15T00:35:43.751732+00:00
iql_amo,1,0.002,halfcheetah-medium-replay-v2,3,44.359599664482374,1000000,True,50,True,1,shchoi,jax,hcmr_s3_b1_rho0p002_jax__331cab34,1e34514ddf70bfc8a78757d9a78b82306627164c,62154bd368146412da3da267ca32fcb25be12f10,main/iql_amo/halfcheetah-medium-replay-v2/2e-3/seed_3/hcmr_s3_b1_rho0p002_jax__331cab34,/home/shchoi/AMO/results/iql_amo_jax_main_loco9/runs/iql_amo_jax_hc-mr_s3_rlr2e-3_b1,final_eval_50.jsonl,1,d4rl_normalized_score,2026-09-15T01:40:49.292882+00:00
iql_amo,1,0.001,halfcheetah-medium-replay-v2,0,44.52134732980434,1000000,True,50,True,1,shchoi,jax,hcmr_s0_b1_rho0p001_jax__b25e872e,1e34514ddf70bfc8a78757d9a78b82306627164c,62154bd368146412da3da267ca32fcb25be12f10,main/iql_amo/halfcheetah-medium-replay-v2/1e-3/seed_0/hcmr_s0_b1_rho0p001_jax__b25e872e,/home/shchoi/AMO/results/iql_amo_jax_main_loco9/runs/iql_amo_jax_hc-mr_s0_rlr1e-3_b1,final_eval_50.jsonl,1,d4rl_normalized_score,2026-09-14T19:34:48.358580+00:00
iql_amo,1,0.001,halfcheetah-medium-replay-v2,1,39.777932957549105,1000000,True,50,True,1,shchoi,jax,hcmr_s1_b1_rho0p001_jax__08619925,1e34514ddf70bfc8a78757d9a78b82306627164c,62154bd368146412da3da267ca32fcb25be12f10,main/iql_amo/halfcheetah-medium-replay-v2/1e-3/seed_1/hcmr_s1_b1_rho0p001_jax__08619925,/home/shchoi/AMO/results/iql_amo_jax_main_loco9/runs/iql_amo_jax_hc-mr_s1_rlr1e-3_b1,final_eval_50.jsonl,1,d4rl_normalized_score,2026-09-14T20:31:57.148925+00:00
iql_amo,1,0.001,halfcheetah-medium-replay-v2,2,44.46257473688133,1000000,True,50,True,1,shchoi,jax,hcmr_s2_b1_rho0p001_jax__f36dbc40,1e34514ddf70bfc8a78757d9a78b82306627164c,62154bd368146412da3da267ca32fcb25be12f10,main/iql_amo/halfcheetah-medium-replay-v2/1e-3/seed_2/hcmr_s2_b1_rho0p001_jax__f36dbc40,/home/shchoi/AMO/results/iql_amo_jax_main_loco9/runs/iql_amo_jax_hc-mr_s2_rlr1e-3_b1,final_eval_50.jsonl,1,d4rl_normalized_score,2026-09-14T21:38:03.519856+00:00
iql_amo,1,0.001,halfcheetah-medium-replay-v2,3,44.17326174618942,1000000,True,50,True,1,shchoi,jax,hcmr_s3_b1_rho0p001_jax__51f5344d,1e34514ddf70bfc8a78757d9a78b82306627164c,62154bd368146412da3da267ca32fcb25be12f10,main/iql_amo/halfcheetah-medium-replay-v2/1e-3/seed_3/hcmr_s3_b1_rho0p001_jax__51f5344d,/home/shchoi/AMO/results/iql_amo_jax_main_loco9/runs/iql_amo_jax_hc-mr_s3_rlr1e-3_b1,final_eval_50.jsonl,1,d4rl_normalized_score,2026-09-14T22:34:50.330986+00:00
iql_amo,1,0.0003,halfcheetah-medium-replay-v2,0,43.8767215621041,1000000,False,10,True,1,ext_csh,torch,hcmr_s0_iql_amo_bpi_bpi_sweep_rlr0p0003_b1_t0p7__ef593dab,,ec61f717062ebb6bc0f700c024cca43e5645a225,main/iql_amo/halfcheetah-medium-replay-v2/3e-4/seed_0/hcmr_s0_iql_amo_bpi_bpi_sweep_rlr0p0003_b1_t0p7__ef593dab,/home/ext_csh/CORL-iql-adaptive-beta-v1/results/iql_amo_bpi_s0_rlr_binit_loco9_antmaze6/cells/rlr3e-4_b1/halfcheetah-medium-replay-v2,eval.jsonl,112,mean_normalized,
iql_amo,1,0.0003,halfcheetah-medium-replay-v2,1,43.63790661038802,1000000,True,50,True,1,choi,jax,hcmr_s1_default__8a4db8a2,1e34514ddf70bfc8a78757d9a78b82306627164c,77632f62205b32266edb06cf137e9830ea5b4236,main/iql_amo/halfcheetah-medium-replay-v2/3e-4/seed_1/hcmr_s1_default__8a4db8a2,/home/choi/AMO_store/iql_amo_jax_loco_beta1_rlr3e-4_seed1/runs/iqlamo_jax_b1_rlr3e-4_hc-mr_s1,eval.jsonl,1,normalized_score,2026-09-16T09:40:29.524120+00:00
iql_amo,1,0.0003,halfcheetah-medium-replay-v2,2,44.392255286953244,1000000,True,50,True,1,shchoi,jax,hcmr_s2_b1_rho0p0003_jax__2bc04309,1e34514ddf70bfc8a78757d9a78b82306627164c,62154bd368146412da3da267ca32fcb25be12f10,main/iql_amo/halfcheetah-medium-replay-v2/3e-4/seed_2/hcmr_s2_b1_rho0p0003_jax__2bc04309,/home/shchoi/AMO/results/iql_amo_jax_main_loco9/runs/iql_amo_jax_hc-mr_s2_rlr3e-4_b1,final_eval_50.jsonl,1,d4rl_normalized_score,2026-09-14T17:31:34.838474+00:00
iql_amo,1,0.0003,halfcheetah-medium-replay-v2,3,44.52531484006574,1000000,True,50,True,1,shchoi,jax,hcmr_s3_b1_rho0p0003_jax__c18ecb04,1e34514ddf70bfc8a78757d9a78b82306627164c,62154bd368146412da3da267ca32fcb25be12f10,main/iql_amo/halfcheetah-medium-replay-v2/3e-4/seed_3/hcmr_s3_b1_rho0p0003_jax__c18ecb04,/home/shchoi/AMO/results/iql_amo_jax_main_loco9/runs/iql_amo_jax_hc-mr_s3_rlr3e-4_b1,final_eval_50.jsonl,1,d4rl_normalized_score,2026-09-14T18:28:59.768878+00:00
iql_amo,1,0.002,halfcheetah-medium-expert-v2,0,92.57430494893953,1000000,False,10,True,1,ext_csh,torch,hme_s0_iql_amo_bpi_bpi_sweep_rlr0p002_b1_t0p7__0a5c336e,,ec61f717062ebb6bc0f700c024cca43e5645a225,main/iql_amo/halfcheetah-medium-expert-v2/2e-3/seed_0/hme_s0_iql_amo_bpi_bpi_sweep_rlr0p002_b1_t0p7__0a5c336e,/home/ext_csh/CORL-iql-adaptive-beta-v1/results/iql_amo_bpi_s0_rlr_binit_loco9_antmaze6/cells/rlr2e-3_b1/halfcheetah-medium-expert-v2,eval.jsonl,424,mean_normalized,
iql_amo,1,0.002,halfcheetah-medium-expert-v2,1,92.33089067267514,1000000,True,50,True,1,shchoi,jax,hme_s1_b1_rho0p002_jax__47de5ced,1e34514ddf70bfc8a78757d9a78b82306627164c,62154bd368146412da3da267ca32fcb25be12f10,main/iql_amo/halfcheetah-medium-expert-v2/2e-3/seed_1/hme_s1_b1_rho0p002_jax__47de5ced,/home/shchoi/AMO/results/iql_amo_jax_main_loco9/runs/iql_amo_jax_hc-me_s1_rlr2e-3_b1,final_eval_50.jsonl,1,d4rl_normalized_score,2026-09-14T23:29:33.057908+00:00
iql_amo,1,0.002,halfcheetah-medium-expert-v2,2,92.35264089576067,1000000,True,50,True,1,shchoi,jax,hme_s2_b1_rho0p002_jax__e7269522,1e34514ddf70bfc8a78757d9a78b82306627164c,62154bd368146412da3da267ca32fcb25be12f10,main/iql_amo/halfcheetah-medium-expert-v2/2e-3/seed_2/hme_s2_b1_rho0p002_jax__e7269522,/home/shchoi/AMO/results/iql_amo_jax_main_loco9/runs/iql_amo_jax_hc-me_s2_rlr2e-3_b1,final_eval_50.jsonl,1,d4rl_normalized_score,2026-09-15T00:35:37.552781+00:00
iql_amo,1,0.002,halfcheetah-medium-expert-v2,3,93.4248449893814,1000000,True,50,True,1,shchoi,jax,hme_s3_b1_rho0p002_jax__e5c1387e,1e34514ddf70bfc8a78757d9a78b82306627164c,62154bd368146412da3da267ca32fcb25be12f10,main/iql_amo/halfcheetah-medium-expert-v2/2e-3/seed_3/hme_s3_b1_rho0p002_jax__e5c1387e,/home/shchoi/AMO/results/iql_amo_jax_main_loco9/runs/iql_amo_jax_hc-me_s3_rlr2e-3_b1,final_eval_50.jsonl,1,d4rl_normalized_score,2026-09-15T01:29:38.956786+00:00
iql_amo,1,0.001,halfcheetah-medium-expert-v2,0,88.76921512162104,1000000,True,50,True,1,shchoi,jax,hme_s0_b1_rho0p001_jax__a6e8dba2,1e34514ddf70bfc8a78757d9a78b82306627164c,62154bd368146412da3da267ca32fcb25be12f10,main/iql_amo/halfcheetah-medium-expert-v2/1e-3/seed_0/hme_s0_b1_rho0p001_jax__a6e8dba2,/home/shchoi/AMO/results/iql_amo_jax_main_loco9/runs/iql_amo_jax_hc-me_s0_rlr1e-3_b1,final_eval_50.jsonl,1,d4rl_normalized_score,2026-09-14T19:23:31.589351+00:00
iql_amo,1,0.001,halfcheetah-medium-expert-v2,1,94.01777701530382,1000000,True,50,True,1,shchoi,jax,hme_s1_b1_rho0p001_jax__10ebbae2,1e34514ddf70bfc8a78757d9a78b82306627164c,62154bd368146412da3da267ca32fcb25be12f10,main/iql_amo/halfcheetah-medium-expert-v2/1e-3/seed_1/hme_s1_b1_rho0p001_jax__10ebbae2,/home/shchoi/AMO/results/iql_amo_jax_main_loco9/runs/iql_amo_jax_hc-me_s1_rlr1e-3_b1,final_eval_50.jsonl,1,d4rl_normalized_score,2026-09-14T20:29:36.117441+00:00
iql_amo,1,0.001,halfcheetah-medium-expert-v2,2,92.80899947938111,1000000,True,50,True,1,shchoi,jax,hme_s2_b1_rho0p001_jax__ae2fd71b,1e34514ddf70bfc8a78757d9a78b82306627164c,62154bd368146412da3da267ca32fcb25be12f10,main/iql_amo/halfcheetah-medium-expert-v2/1e-3/seed_2/hme_s2_b1_rho0p001_jax__ae2fd71b,/home/shchoi/AMO/results/iql_amo_jax_main_loco9/runs/iql_amo_jax_hc-me_s2_rlr1e-3_b1,final_eval_50.jsonl,1,d4rl_normalized_score,2026-09-14T21:26:43.006878+00:00
iql_amo,1,0.001,halfcheetah-medium-expert-v2,3,86.63429182865772,1000000,True,50,True,1,shchoi,jax,hme_s3_b1_rho0p001_jax__d86b44bb,1e34514ddf70bfc8a78757d9a78b82306627164c,62154bd368146412da3da267ca32fcb25be12f10,main/iql_amo/halfcheetah-medium-expert-v2/1e-3/seed_3/hme_s3_b1_rho0p001_jax__d86b44bb,/home/shchoi/AMO/results/iql_amo_jax_main_loco9/runs/iql_amo_jax_hc-me_s3_rlr1e-3_b1,final_eval_50.jsonl,1,d4rl_normalized_score,2026-09-14T22:32:29.101645+00:00
iql_amo,1,0.0003,halfcheetah-medium-expert-v2,0,86.6673709939021,1000000,False,10,True,1,ext_csh,torch,hme_s0_iql_amo_bpi_bpi_sweep_rlr0p0003_b1_t0p7__c7154db3,,ec61f717062ebb6bc0f700c024cca43e5645a225,main/iql_amo/halfcheetah-medium-expert-v2/3e-4/seed_0/hme_s0_iql_amo_bpi_bpi_sweep_rlr0p0003_b1_t0p7__c7154db3,/home/ext_csh/CORL-iql-adaptive-beta-v1/results/iql_amo_bpi_s0_rlr_binit_loco9_antmaze6/cells/rlr3e-4_b1/halfcheetah-medium-expert-v2,eval.jsonl,110,mean_normalized,
iql_amo,1,0.0003,halfcheetah-medium-expert-v2,1,93.40320233028496,1000000,True,50,True,1,choi,jax,hme_s1_default__2bcc8c80,1e34514ddf70bfc8a78757d9a78b82306627164c,77632f62205b32266edb06cf137e9830ea5b4236,main/iql_amo/halfcheetah-medium-expert-v2/3e-4/seed_1/hme_s1_default__2bcc8c80,/home/choi/AMO_store/iql_amo_jax_loco_beta1_rlr3e-4_seed1/runs/iqlamo_jax_b1_rlr3e-4_hc-me_s1,eval.jsonl,1,normalized_score,2026-09-16T09:56:46.856352+00:00
iql_amo,1,0.0003,halfcheetah-medium-expert-v2,2,92.13088794036345,1000000,True,50,True,1,shchoi,jax,hme_s2_b1_rho0p0003_jax__1eb509c8,1e34514ddf70bfc8a78757d9a78b82306627164c,62154bd368146412da3da267ca32fcb25be12f10,main/iql_amo/halfcheetah-medium-expert-v2/3e-4/seed_2/hme_s2_b1_rho0p0003_jax__1eb509c8,/home/shchoi/AMO/results/iql_amo_jax_main_loco9/runs/iql_amo_jax_hc-me_s2_rlr3e-4_b1,final_eval_50.jsonl,1,d4rl_normalized_score,2026-09-14T17:31:30.201655+00:00
iql_amo,1,0.0003,halfcheetah-medium-expert-v2,3,89.19018548856303,1000000,True,50,True,1,shchoi,jax,hme_s3_b1_rho0p0003_jax__71b780f4,1e34514ddf70bfc8a78757d9a78b82306627164c,62154bd368146412da3da267ca32fcb25be12f10,main/iql_amo/halfcheetah-medium-expert-v2/3e-4/seed_3/hme_s3_b1_rho0p0003_jax__71b780f4,/home/shchoi/AMO/results/iql_amo_jax_main_loco9/runs/iql_amo_jax_hc-me_s3_rlr3e-4_b1,final_eval_50.jsonl,1,d4rl_normalized_score,2026-09-14T18:28:55.170705+00:00
iql_amo,1,0.002,hopper-medium-v2,0,55.68107083309228,1000000,False,10,True,1,ext_csh,torch,hopm_s0_iql_amo_bpi_bpi_sweep_rlr0p002_b1_t0p7__77b37fbf,,ec61f717062ebb6bc0f700c024cca43e5645a225,main/iql_amo/hopper-medium-v2/2e-3/seed_0/hopm_s0_iql_amo_bpi_bpi_sweep_rlr0p002_b1_t0p7__77b37fbf,/home/ext_csh/CORL-iql-adaptive-beta-v1/results/iql_amo_bpi_s0_rlr_binit_loco9_antmaze6/cells/rlr2e-3_b1/hopper-medium-v2,eval.jsonl,416,mean_normalized,
iql_amo,1,0.002,hopper-medium-v2,1,61.54765382078649,1000000,True,50,True,1,shchoi,jax,hopm_s1_b1_rho0p002_jax_det__1d544d12,1e34514ddf70bfc8a78757d9a78b82306627164c,62154bd368146412da3da267ca32fcb25be12f10,main/iql_amo/hopper-medium-v2/2e-3/seed_1/hopm_s1_b1_rho0p002_jax_det__1d544d12,/home/shchoi/AMO/results/iql_amo_jax_main_loco9/runs/iql_amo_jax_h-m_s1_rlr2e-3_b1,final_eval_50.jsonl,1,d4rl_normalized_score,2026-09-15T03:16:19.521132+00:00
iql_amo,1,0.002,hopper-medium-v2,2,54.467864009405666,1000000,True,50,True,1,shchoi,jax,hopm_s2_b1_rho0p002_jax_det__90ef39e0,1e34514ddf70bfc8a78757d9a78b82306627164c,62154bd368146412da3da267ca32fcb25be12f10,main/iql_amo/hopper-medium-v2/2e-3/seed_2/hopm_s2_b1_rho0p002_jax_det__90ef39e0,/home/shchoi/AMO/results/iql_amo_jax_main_loco9/runs/iql_amo_jax_h-m_s2_rlr2e-3_b1,final_eval_50.jsonl,1,d4rl_normalized_score,2026-09-15T03:22:41.096684+00:00
iql_amo,1,0.002,hopper-medium-v2,3,58.97884397535034,1000000,True,50,True,1,shchoi,jax,hopm_s3_b1_rho0p002_jax_det__a2d4d3d1,1e34514ddf70bfc8a78757d9a78b82306627164c,62154bd368146412da3da267ca32fcb25be12f10,main/iql_amo/hopper-medium-v2/2e-3/seed_3/hopm_s3_b1_rho0p002_jax_det__a2d4d3d1,/home/shchoi/AMO/results/iql_amo_jax_main_loco9/runs/iql_amo_jax_h-m_s3_rlr2e-3_b1,final_eval_50.jsonl,1,d4rl_normalized_score,2026-09-15T03:22:44.425938+00:00
iql_amo,1,0.001,hopper-medium-v2,0,62.74238536044828,1000000,True,50,True,1,shchoi,jax,hopm_s0_b1_rho0p001_jax_det__530dde6d,1e34514ddf70bfc8a78757d9a78b82306627164c,62154bd368146412da3da267ca32fcb25be12f10,main/iql_amo/hopper-medium-v2/1e-3/seed_0/hopm_s0_b1_rho0p001_jax_det__530dde6d,/home/shchoi/AMO/results/iql_amo_jax_main_loco9/runs/iql_amo_jax_h-m_s0_rlr1e-3_b1,final_eval_50.jsonl,1,d4rl_normalized_score,2026-09-15T02:23:05.231296+00:00
iql_amo,1,0.001,hopper-medium-v2,1,58.511697885980226,1000000,True,50,True,1,shchoi,jax,hopm_s1_b1_rho0p001_jax_det__7c6b3928,1e34514ddf70bfc8a78757d9a78b82306627164c,62154bd368146412da3da267ca32fcb25be12f10,main/iql_amo/hopper-medium-v2/1e-3/seed_1/hopm_s1_b1_rho0p001_jax_det__7c6b3928,/home/shchoi/AMO/results/iql_amo_jax_main_loco9/runs/iql_amo_jax_h-m_s1_rlr1e-3_b1,final_eval_50.jsonl,1,d4rl_normalized_score,2026-09-15T02:36:23.729468+00:00
iql_amo,1,0.001,hopper-medium-v2,2,57.800639091889316,1000000,True,50,True,1,shchoi,jax,hopm_s2_b1_rho0p001_jax_det__ce496cb9,1e34514ddf70bfc8a78757d9a78b82306627164c,62154bd368146412da3da267ca32fcb25be12f10,main/iql_amo/hopper-medium-v2/1e-3/seed_2/hopm_s2_b1_rho0p001_jax_det__ce496cb9,/home/shchoi/AMO/results/iql_amo_jax_main_loco9/runs/iql_amo_jax_h-m_s2_rlr1e-3_b1,final_eval_50.jsonl,1,d4rl_normalized_score,2026-09-15T02:49:43.488110+00:00
iql_amo,1,0.001,hopper-medium-v2,3,50.827955389221145,1000000,True,50,True,1,shchoi,jax,hopm_s3_b1_rho0p001_jax_det__33ac86c1,1e34514ddf70bfc8a78757d9a78b82306627164c,62154bd368146412da3da267ca32fcb25be12f10,main/iql_amo/hopper-medium-v2/1e-3/seed_3/hopm_s3_b1_rho0p001_jax_det__33ac86c1,/home/shchoi/AMO/results/iql_amo_jax_main_loco9/runs/iql_amo_jax_h-m_s3_rlr1e-3_b1,final_eval_50.jsonl,1,d4rl_normalized_score,2026-09-15T03:02:59.744962+00:00
iql_amo,1,0.0003,hopper-medium-v2,0,54.92394130972593,1000000,False,10,True,1,ext_csh,torch,hopm_s0_iql_amo_bpi_bpi_sweep_rlr0p0003_b1_t0p7__ac07f702,,ec61f717062ebb6bc0f700c024cca43e5645a225,main/iql_amo/hopper-medium-v2/3e-4/seed_0/hopm_s0_iql_amo_bpi_bpi_sweep_rlr0p0003_b1_t0p7__ac07f702,/home/ext_csh/CORL-iql-adaptive-beta-v1/results/iql_amo_bpi_s0_rlr_binit_loco9_antmaze6/cells/rlr3e-4_b1/hopper-medium-v2,eval.jsonl,110,mean_normalized,
iql_amo,1,0.0003,hopper-medium-v2,1,59.3970868947516,1000000,True,50,True,1,choi,jax,hopm_s1_default__03c37fb5,1e34514ddf70bfc8a78757d9a78b82306627164c,77632f62205b32266edb06cf137e9830ea5b4236,main/iql_amo/hopper-medium-v2/3e-4/seed_1/hopm_s1_default__03c37fb5,/home/choi/AMO_store/iql_amo_jax_loco_beta1_rlr3e-4_seed1/runs/iqlamo_jax_b1_rlr3e-4_h-m_s1,eval.jsonl,1,normalized_score,2026-09-16T09:56:44.858027+00:00
iql_amo,1,0.0003,hopper-medium-v2,2,54.396432468106084,1000000,True,50,True,1,shchoi,jax,hopm_s2_b1_rho0p0003_jax_det__bbe464ae,1e34514ddf70bfc8a78757d9a78b82306627164c,62154bd368146412da3da267ca32fcb25be12f10,main/iql_amo/hopper-medium-v2/3e-4/seed_2/hopm_s2_b1_rho0p0003_jax_det__bbe464ae,/home/shchoi/AMO/results/iql_amo_jax_main_loco9/runs/iql_amo_jax_h-m_s2_rlr3e-4_b1,final_eval_50.jsonl,1,d4rl_normalized_score,2026-09-15T01:56:22.926632+00:00
iql_amo,1,0.0003,hopper-medium-v2,3,51.626812809238785,1000000,True,50,True,1,shchoi,jax,hopm_s3_b1_rho0p0003_jax_det__8ea56a00,1e34514ddf70bfc8a78757d9a78b82306627164c,62154bd368146412da3da267ca32fcb25be12f10,main/iql_amo/hopper-medium-v2/3e-4/seed_3/hopm_s3_b1_rho0p0003_jax_det__8ea56a00,/home/shchoi/AMO/results/iql_amo_jax_main_loco9/runs/iql_amo_jax_h-m_s3_rlr3e-4_b1,final_eval_50.jsonl,1,d4rl_normalized_score,2026-09-15T02:09:52.310256+00:00
iql_amo,1,0.002,hopper-medium-replay-v2,0,101.81028400556062,1000000,False,10,True,1,ext_csh,torch,hopmr_s0_iql_amo_bpi_bpi_sweep_rlr0p002_b1_t0p7__147e49b4,,ec61f717062ebb6bc0f700c024cca43e5645a225,main/iql_amo/hopper-medium-replay-v2/2e-3/seed_0/hopmr_s0_iql_amo_bpi_bpi_sweep_rlr0p002_b1_t0p7__147e49b4,/home/ext_csh/CORL-iql-adaptive-beta-v1/results/iql_amo_bpi_s0_rlr_binit_loco9_antmaze6/cells/rlr2e-3_b1/hopper-medium-replay-v2,eval.jsonl,422,mean_normalized,
iql_amo,1,0.002,hopper-medium-replay-v2,1,98.51543226998523,1000000,True,50,True,1,shchoi,jax,hopmr_s1_b1_rho0p002_jax_det__aa5c1d60,1e34514ddf70bfc8a78757d9a78b82306627164c,62154bd368146412da3da267ca32fcb25be12f10,main/iql_amo/hopper-medium-replay-v2/2e-3/seed_1/hopmr_s1_b1_rho0p002_jax_det__aa5c1d60,/home/shchoi/AMO/results/iql_amo_jax_main_loco9/runs/iql_amo_jax_h-mr_s1_rlr2e-3_b1,final_eval_50.jsonl,1,d4rl_normalized_score,2026-09-15T03:14:06.991940+00:00
iql_amo,1,0.002,hopper-medium-replay-v2,2,78.79290546993764,1000000,True,50,True,1,shchoi,jax,hopmr_s2_b1_rho0p002_jax_det__1e246c13,1e34514ddf70bfc8a78757d9a78b82306627164c,62154bd368146412da3da267ca32fcb25be12f10,main/iql_amo/hopper-medium-replay-v2/2e-3/seed_2/hopmr_s2_b1_rho0p002_jax_det__1e246c13,/home/shchoi/AMO/results/iql_amo_jax_main_loco9/runs/iql_amo_jax_h-mr_s2_rlr2e-3_b1,final_eval_50.jsonl,1,d4rl_normalized_score,2026-09-15T03:22:52.821850+00:00
iql_amo,1,0.002,hopper-medium-replay-v2,3,99.96474754730707,1000000,True,50,True,1,shchoi,jax,hopmr_s3_b1_rho0p002_jax_det__3179d443,1e34514ddf70bfc8a78757d9a78b82306627164c,62154bd368146412da3da267ca32fcb25be12f10,main/iql_amo/hopper-medium-replay-v2/2e-3/seed_3/hopmr_s3_b1_rho0p002_jax_det__3179d443,/home/shchoi/AMO/results/iql_amo_jax_main_loco9/runs/iql_amo_jax_h-mr_s3_rlr2e-3_b1,final_eval_50.jsonl,1,d4rl_normalized_score,2026-09-15T03:22:57.935013+00:00
iql_amo,1,0.001,hopper-medium-replay-v2,0,101.16507651651332,1000000,True,50,True,1,shchoi,jax,hopmr_s0_b1_rho0p001_jax_det__2b3266b2,1e34514ddf70bfc8a78757d9a78b82306627164c,62154bd368146412da3da267ca32fcb25be12f10,main/iql_amo/hopper-medium-replay-v2/1e-3/seed_0/hopmr_s0_b1_rho0p001_jax_det__2b3266b2,/home/shchoi/AMO/results/iql_amo_jax_main_loco9/runs/iql_amo_jax_h-mr_s0_rlr1e-3_b1,final_eval_50.jsonl,1,d4rl_normalized_score,2026-09-15T02:20:52.187222+00:00
iql_amo,1,0.001,hopper-medium-replay-v2,1,102.67965590214601,1000000,True,50,True,1,shchoi,jax,hopmr_s1_b1_rho0p001_jax_det__e76428af,1e34514ddf70bfc8a78757d9a78b82306627164c,62154bd368146412da3da267ca32fcb25be12f10,main/iql_amo/hopper-medium-replay-v2/1e-3/seed_1/hopmr_s1_b1_rho0p001_jax_det__e76428af,/home/shchoi/AMO/results/iql_amo_jax_main_loco9/runs/iql_amo_jax_h-mr_s1_rlr1e-3_b1,final_eval_50.jsonl,1,d4rl_normalized_score,2026-09-15T02:34:14.547857+00:00
iql_amo,1,0.001,hopper-medium-replay-v2,2,101.6084094210604,1000000,True,50,True,1,shchoi,jax,hopmr_s2_b1_rho0p001_jax_det__28ff65e5,1e34514ddf70bfc8a78757d9a78b82306627164c,62154bd368146412da3da267ca32fcb25be12f10,main/iql_amo/hopper-medium-replay-v2/1e-3/seed_2/hopmr_s2_b1_rho0p001_jax_det__28ff65e5,/home/shchoi/AMO/results/iql_amo_jax_main_loco9/runs/iql_amo_jax_h-mr_s2_rlr1e-3_b1,final_eval_50.jsonl,1,d4rl_normalized_score,2026-09-15T02:47:34.943953+00:00
iql_amo,1,0.001,hopper-medium-replay-v2,3,102.06634812696672,1000000,True,50,True,1,shchoi,jax,hopmr_s3_b1_rho0p001_jax_det__f5ddf897,1e34514ddf70bfc8a78757d9a78b82306627164c,62154bd368146412da3da267ca32fcb25be12f10,main/iql_amo/hopper-medium-replay-v2/1e-3/seed_3/hopmr_s3_b1_rho0p001_jax_det__f5ddf897,/home/shchoi/AMO/results/iql_amo_jax_main_loco9/runs/iql_amo_jax_h-mr_s3_rlr1e-3_b1,final_eval_50.jsonl,1,d4rl_normalized_score,2026-09-15T03:00:52.226770+00:00
iql_amo,1,0.0003,hopper-medium-replay-v2,0,97.48697149551768,1000000,False,10,True,1,ext_csh,torch,hopmr_s0_iql_amo_bpi_bpi_sweep_rlr0p0003_b1_t0p7__754eba12,,ec61f717062ebb6bc0f700c024cca43e5645a225,main/iql_amo/hopper-medium-replay-v2/3e-4/seed_0/hopmr_s0_iql_amo_bpi_bpi_sweep_rlr0p0003_b1_t0p7__754eba12,/home/ext_csh/CORL-iql-adaptive-beta-v1/results/iql_amo_bpi_s0_rlr_binit_loco9_antmaze6/cells/rlr3e-4_b1/hopper-medium-replay-v2,eval.jsonl,112,mean_normalized,
iql_amo,1,0.0003,hopper-medium-replay-v2,1,101.33713441463131,1000000,True,50,True,1,choi,jax,hopmr_s1_default__868ee56d,1e34514ddf70bfc8a78757d9a78b82306627164c,77632f62205b32266edb06cf137e9830ea5b4236,main/iql_amo/hopper-medium-replay-v2/3e-4/seed_1/hopmr_s1_default__868ee56d,/home/choi/AMO_store/iql_amo_jax_loco_beta1_rlr3e-4_seed1/runs/iqlamo_jax_b1_rlr3e-4_h-mr_s1,eval.jsonl,1,normalized_score,2026-09-16T10:12:29.218214+00:00
iql_amo,1,0.0003,hopper-medium-replay-v2,2,102.32567808686296,1000000,True,50,True,1,shchoi,jax,hopmr_s2_b1_rho0p0003_jax_det__ae72e0be,1e34514ddf70bfc8a78757d9a78b82306627164c,62154bd368146412da3da267ca32fcb25be12f10,main/iql_amo/hopper-medium-replay-v2/3e-4/seed_2/hopmr_s2_b1_rho0p0003_jax_det__ae72e0be,/home/shchoi/AMO/results/iql_amo_jax_main_loco9/runs/iql_amo_jax_h-mr_s2_rlr3e-4_b1,final_eval_50.jsonl,1,d4rl_normalized_score,2026-09-15T01:56:38.357864+00:00
iql_amo,1,0.0003,hopper-medium-replay-v2,3,96.74686546289283,1000000,True,50,True,1,shchoi,jax,hopmr_s3_b1_rho0p0003_jax_det__e6db27c6,1e34514ddf70bfc8a78757d9a78b82306627164c,62154bd368146412da3da267ca32fcb25be12f10,main/iql_amo/hopper-medium-replay-v2/3e-4/seed_3/hopmr_s3_b1_rho0p0003_jax_det__e6db27c6,/home/shchoi/AMO/results/iql_amo_jax_main_loco9/runs/iql_amo_jax_h-mr_s3_rlr3e-4_b1,final_eval_50.jsonl,1,d4rl_normalized_score,2026-09-15T02:07:39.307651+00:00
iql_amo,1,0.002,hopper-medium-expert-v2,0,111.65438857451159,1000000,False,10,True,1,ext_csh,torch,hopme_s0_iql_amo_bpi_bpi_sweep_rlr0p002_b1_t0p5__04427437,,ec61f717062ebb6bc0f700c024cca43e5645a225,main/iql_amo/hopper-medium-expert-v2/2e-3/seed_0/hopme_s0_iql_amo_bpi_bpi_sweep_rlr0p002_b1_t0p5__04427437,/home/ext_csh/CORL-iql-adaptive-beta-v1/results/iql_amo_bpi_s0_rlr_binit_loco9_antmaze6/cells/rlr2e-3_b1/hopper-medium-expert-v2,eval.jsonl,412,mean_normalized,
iql_amo,1,0.002,hopper-medium-expert-v2,1,105.98180745741035,1000000,True,50,True,1,shchoi,jax,hopme_s1_b1_rho0p002_jax__cebb3f4a,1e34514ddf70bfc8a78757d9a78b82306627164c,62154bd368146412da3da267ca32fcb25be12f10,main/iql_amo/hopper-medium-expert-v2/2e-3/seed_1/hopme_s1_b1_rho0p002_jax__cebb3f4a,/home/shchoi/AMO/results/iql_amo_jax_main_loco9/runs/iql_amo_jax_h-me_s1_rlr2e-3_b1,final_eval_50.jsonl,1,d4rl_normalized_score,2026-09-14T23:54:39.681841+00:00
iql_amo,1,0.002,hopper-medium-expert-v2,2,112.0674414276509,1000000,True,50,True,1,shchoi,jax,hopme_s2_b1_rho0p002_jax__b9a2a7d0,1e34514ddf70bfc8a78757d9a78b82306627164c,62154bd368146412da3da267ca32fcb25be12f10,main/iql_amo/hopper-medium-expert-v2/2e-3/seed_2/hopme_s2_b1_rho0p002_jax__b9a2a7d0,/home/shchoi/AMO/results/iql_amo_jax_main_loco9/runs/iql_amo_jax_h-me_s2_rlr2e-3_b1,final_eval_50.jsonl,1,d4rl_normalized_score,2026-09-15T00:49:17.387213+00:00
iql_amo,1,0.002,hopper-medium-expert-v2,3,111.95931860035697,1000000,True,50,True,1,shchoi,jax,hopme_s3_b1_rho0p002_jax__2cae6a3b,1e34514ddf70bfc8a78757d9a78b82306627164c,62154bd368146412da3da267ca32fcb25be12f10,main/iql_amo/hopper-medium-expert-v2/2e-3/seed_3/hopme_s3_b1_rho0p002_jax__2cae6a3b,/home/shchoi/AMO/results/iql_amo_jax_main_loco9/runs/iql_amo_jax_h-me_s3_rlr2e-3_b1,final_eval_50.jsonl,1,d4rl_normalized_score,2026-09-15T03:22:49.210950+00:00
iql_amo,1,0.001,hopper-medium-expert-v2,0,64.7182759346294,1000000,True,50,True,1,shchoi,jax,hopme_s0_b1_rho0p001_jax__ba9f6aa9,1e34514ddf70bfc8a78757d9a78b82306627164c,62154bd368146412da3da267ca32fcb25be12f10,main/iql_amo/hopper-medium-expert-v2/1e-3/seed_0/hopme_s0_b1_rho0p001_jax__ba9f6aa9,/home/shchoi/AMO/results/iql_amo_jax_main_loco9/runs/iql_amo_jax_h-me_s0_rlr1e-3_b1,final_eval_50.jsonl,1,d4rl_normalized_score,2026-09-14T19:48:22.358719+00:00
iql_amo,1,0.001,hopper-medium-expert-v2,1,107.7208722901495,1000000,True,50,True,1,shchoi,jax,hopme_s1_b1_rho0p001_jax__7ee0a96e,1e34514ddf70bfc8a78757d9a78b82306627164c,62154bd368146412da3da267ca32fcb25be12f10,main/iql_amo/hopper-medium-expert-v2/1e-3/seed_1/hopme_s1_b1_rho0p001_jax__7ee0a96e,/home/shchoi/AMO/results/iql_amo_jax_main_loco9/runs/iql_amo_jax_h-me_s1_rlr1e-3_b1,final_eval_50.jsonl,1,d4rl_normalized_score,2026-09-14T20:45:42.075413+00:00
iql_amo,1,0.001,hopper-medium-expert-v2,2,111.4212405886622,1000000,True,50,True,1,shchoi,jax,hopme_s2_b1_rho0p001_jax__5b511f22,1e34514ddf70bfc8a78757d9a78b82306627164c,62154bd368146412da3da267ca32fcb25be12f10,main/iql_amo/hopper-medium-expert-v2/1e-3/seed_2/hopme_s2_b1_rho0p001_jax__5b511f22,/home/shchoi/AMO/results/iql_amo_jax_main_loco9/runs/iql_amo_jax_h-me_s2_rlr1e-3_b1,final_eval_50.jsonl,1,d4rl_normalized_score,2026-09-14T21:51:39.168688+00:00
iql_amo,1,0.001,hopper-medium-expert-v2,3,97.85689778756289,1000000,True,50,True,1,shchoi,jax,hopme_s3_b1_rho0p001_jax__3982f15c,1e34514ddf70bfc8a78757d9a78b82306627164c,62154bd368146412da3da267ca32fcb25be12f10,main/iql_amo/hopper-medium-expert-v2/1e-3/seed_3/hopme_s3_b1_rho0p001_jax__3982f15c,/home/shchoi/AMO/results/iql_amo_jax_main_loco9/runs/iql_amo_jax_h-me_s3_rlr1e-3_b1,final_eval_50.jsonl,1,d4rl_normalized_score,2026-09-14T22:48:26.607859+00:00
iql_amo,1,0.0003,hopper-medium-expert-v2,0,57.90077981015811,1000000,False,10,True,1,ext_csh,torch,hopme_s0_iql_amo_bpi_bpi_sweep_rlr0p0003_b1_t0p5__fd0435aa,,ec61f717062ebb6bc0f700c024cca43e5645a225,main/iql_amo/hopper-medium-expert-v2/3e-4/seed_0/hopme_s0_iql_amo_bpi_bpi_sweep_rlr0p0003_b1_t0p5__fd0435aa,/home/ext_csh/CORL-iql-adaptive-beta-v1/results/iql_amo_bpi_s0_rlr_binit_loco9_antmaze6/cells/rlr3e-4_b1/hopper-medium-expert-v2,eval.jsonl,108,mean_normalized,
iql_amo,1,0.0003,hopper-medium-expert-v2,1,112.40942770827569,1000000,True,50,True,1,choi,jax,hopme_s1_default__dde1f286,1e34514ddf70bfc8a78757d9a78b82306627164c,77632f62205b32266edb06cf137e9830ea5b4236,main/iql_amo/hopper-medium-expert-v2/3e-4/seed_1/hopme_s1_default__dde1f286,/home/choi/AMO_store/iql_amo_jax_loco_beta1_rlr3e-4_seed1/runs/iqlamo_jax_b1_rlr3e-4_h-me_s1,eval.jsonl,1,normalized_score,2026-09-16T10:13:09.297776+00:00
iql_amo,1,0.0003,hopper-medium-expert-v2,2,101.13146616593471,1000000,True,50,True,1,shchoi,jax,hopme_s2_b1_rho0p0003_jax__f321450f,1e34514ddf70bfc8a78757d9a78b82306627164c,62154bd368146412da3da267ca32fcb25be12f10,main/iql_amo/hopper-medium-expert-v2/3e-4/seed_2/hopme_s2_b1_rho0p0003_jax__f321450f,/home/shchoi/AMO/results/iql_amo_jax_main_loco9/runs/iql_amo_jax_h-me_s2_rlr3e-4_b1,final_eval_50.jsonl,1,d4rl_normalized_score,2026-09-14T17:47:35.385642+00:00
iql_amo,1,0.0003,hopper-medium-expert-v2,3,106.73626645479051,1000000,True,50,True,1,shchoi,jax,hopme_s3_b1_rho0p0003_jax__9a03ed20,1e34514ddf70bfc8a78757d9a78b82306627164c,62154bd368146412da3da267ca32fcb25be12f10,main/iql_amo/hopper-medium-expert-v2/3e-4/seed_3/hopme_s3_b1_rho0p0003_jax__9a03ed20,/home/shchoi/AMO/results/iql_amo_jax_main_loco9/runs/iql_amo_jax_h-me_s3_rlr3e-4_b1,final_eval_50.jsonl,1,d4rl_normalized_score,2026-09-14T18:42:29.624505+00:00
iql_amo,1,0.002,walker2d-medium-v2,0,81.31680573921129,1000000,False,10,True,1,ext_csh,torch,wm_s0_iql_amo_bpi_bpi_sweep_rlr0p002_b1_t0p7__b21b55a5,,ec61f717062ebb6bc0f700c024cca43e5645a225,main/iql_amo/walker2d-medium-v2/2e-3/seed_0/wm_s0_iql_amo_bpi_bpi_sweep_rlr0p002_b1_t0p7__b21b55a5,/home/ext_csh/CORL-iql-adaptive-beta-v1/results/iql_amo_bpi_s0_rlr_binit_loco9_antmaze6/cells/rlr2e-3_b1/walker2d-medium-v2,eval.jsonl,412,mean_normalized,
iql_amo,1,0.002,walker2d-medium-v2,1,85.08522584500419,1000000,True,50,True,1,shchoi,jax,wm_s1_b1_rho0p002_jax__f00552a1,1e34514ddf70bfc8a78757d9a78b82306627164c,62154bd368146412da3da267ca32fcb25be12f10,main/iql_amo/walker2d-medium-v2/2e-3/seed_1/wm_s1_b1_rho0p002_jax__f00552a1,/home/shchoi/AMO/results/iql_amo_jax_main_loco9/runs/iql_amo_jax_w-m_s1_rlr2e-3_b1,final_eval_50.jsonl,1,d4rl_normalized_score,2026-09-15T00:22:06.272331+00:00
iql_amo,1,0.002,walker2d-medium-v2,2,71.04697430249746,1000000,True,50,True,1,shchoi,jax,wm_s2_b1_rho0p002_jax__668ecea0,1e34514ddf70bfc8a78757d9a78b82306627164c,62154bd368146412da3da267ca32fcb25be12f10,main/iql_amo/walker2d-medium-v2/2e-3/seed_2/wm_s2_b1_rho0p002_jax__668ecea0,/home/shchoi/AMO/results/iql_amo_jax_main_loco9/runs/iql_amo_jax_w-m_s2_rlr2e-3_b1,final_eval_50.jsonl,1,d4rl_normalized_score,2026-09-15T01:27:24.168458+00:00
iql_amo,1,0.002,walker2d-medium-v2,3,85.65079672714236,1000000,True,50,True,1,shchoi,jax,wm_s3_b1_rho0p002_jax__81e16c58,1e34514ddf70bfc8a78757d9a78b82306627164c,62154bd368146412da3da267ca32fcb25be12f10,main/iql_amo/walker2d-medium-v2/2e-3/seed_3/wm_s3_b1_rho0p002_jax__81e16c58,/home/shchoi/AMO/results/iql_amo_jax_main_loco9/runs/iql_amo_jax_w-m_s3_rlr2e-3_b1,final_eval_50.jsonl,1,d4rl_normalized_score,2026-09-16T15:25:37.712282+00:00
iql_amo,1,0.001,walker2d-medium-v2,0,78.51767420821494,1000000,True,50,True,1,shchoi,jax,wm_s0_b1_rho0p001_jax__e0302c66,1e34514ddf70bfc8a78757d9a78b82306627164c,62154bd368146412da3da267ca32fcb25be12f10,main/iql_amo/walker2d-medium-v2/1e-3/seed_0/wm_s0_b1_rho0p001_jax__e0302c66,/home/shchoi/AMO/results/iql_amo_jax_main_loco9/runs/iql_amo_jax_w-m_s0_rlr1e-3_b1,final_eval_50.jsonl,1,d4rl_normalized_score,2026-09-14T20:18:16.421004+00:00
iql_amo,1,0.001,walker2d-medium-v2,1,81.88811770287225,1000000,True,50,True,1,shchoi,jax,wm_s1_b1_rho0p001_jax__5e4dcbaf,1e34514ddf70bfc8a78757d9a78b82306627164c,62154bd368146412da3da267ca32fcb25be12f10,main/iql_amo/walker2d-medium-v2/1e-3/seed_1/wm_s1_b1_rho0p001_jax__5e4dcbaf,/home/shchoi/AMO/results/iql_amo_jax_main_loco9/runs/iql_amo_jax_w-m_s1_rlr1e-3_b1,final_eval_50.jsonl,1,d4rl_normalized_score,2026-09-14T21:24:29.625854+00:00
iql_amo,1,0.001,walker2d-medium-v2,2,71.95199887034069,1000000,True,50,True,1,shchoi,jax,wm_s2_b1_rho0p001_jax__9b43a0d3,1e34514ddf70bfc8a78757d9a78b82306627164c,62154bd368146412da3da267ca32fcb25be12f10,main/iql_amo/walker2d-medium-v2/1e-3/seed_2/wm_s2_b1_rho0p001_jax__9b43a0d3,/home/shchoi/AMO/results/iql_amo_jax_main_loco9/runs/iql_amo_jax_w-m_s2_rlr1e-3_b1,final_eval_50.jsonl,1,d4rl_normalized_score,2026-09-14T22:21:18.485369+00:00
iql_amo,1,0.001,walker2d-medium-v2,3,81.5236718774578,1000000,True,50,True,1,shchoi,jax,wm_s3_b1_rho0p001_jax__b10ce53d,1e34514ddf70bfc8a78757d9a78b82306627164c,62154bd368146412da3da267ca32fcb25be12f10,main/iql_amo/walker2d-medium-v2/1e-3/seed_3/wm_s3_b1_rho0p001_jax__b10ce53d,/home/shchoi/AMO/results/iql_amo_jax_main_loco9/runs/iql_amo_jax_w-m_s3_rlr1e-3_b1,final_eval_50.jsonl,1,d4rl_normalized_score,2026-09-14T23:27:19.312360+00:00
iql_amo,1,0.0003,walker2d-medium-v2,0,87.18092030794125,1000000,False,10,True,1,ext_csh,torch,wm_s0_iql_amo_bpi_bpi_sweep_rlr0p0003_b1_t0p7__c81ee2ff,,ec61f717062ebb6bc0f700c024cca43e5645a225,main/iql_amo/walker2d-medium-v2/3e-4/seed_0/wm_s0_iql_amo_bpi_bpi_sweep_rlr0p0003_b1_t0p7__c81ee2ff,/home/ext_csh/CORL-iql-adaptive-beta-v1/results/iql_amo_bpi_s0_rlr_binit_loco9_antmaze6/cells/rlr3e-4_b1/walker2d-medium-v2,eval.jsonl,110,mean_normalized,
iql_amo,1,0.0003,walker2d-medium-v2,1,85.91191516996534,1000000,True,50,True,1,choi,jax,wm_s1_default__c5d95729,1e34514ddf70bfc8a78757d9a78b82306627164c,77632f62205b32266edb06cf137e9830ea5b4236,main/iql_amo/walker2d-medium-v2/3e-4/seed_1/wm_s1_default__c5d95729,/home/choi/AMO_store/iql_amo_jax_loco_beta1_rlr3e-4_seed1/runs/iqlamo_jax_b1_rlr3e-4_w-m_s1,eval.jsonl,1,normalized_score,2026-09-16T10:28:53.248663+00:00
iql_amo,1,0.0003,walker2d-medium-v2,2,67.34458924036845,1000000,True,50,True,1,shchoi,jax,wm_s2_b1_rho0p0003_jax__519287b3,1e34514ddf70bfc8a78757d9a78b82306627164c,62154bd368146412da3da267ca32fcb25be12f10,main/iql_amo/walker2d-medium-v2/3e-4/seed_2/wm_s2_b1_rho0p0003_jax__519287b3,/home/shchoi/AMO/results/iql_amo_jax_main_loco9/runs/iql_amo_jax_w-m_s2_rlr3e-4_b1,final_eval_50.jsonl,1,d4rl_normalized_score,2026-09-14T18:15:06.481330+00:00
iql_amo,1,0.0003,walker2d-medium-v2,3,83.19817365567171,1000000,True,50,True,1,shchoi,jax,wm_s3_b1_rho0p0003_jax__292a28b7,1e34514ddf70bfc8a78757d9a78b82306627164c,62154bd368146412da3da267ca32fcb25be12f10,main/iql_amo/walker2d-medium-v2/3e-4/seed_3/wm_s3_b1_rho0p0003_jax__292a28b7,/home/shchoi/AMO/results/iql_amo_jax_main_loco9/runs/iql_amo_jax_w-m_s3_rlr3e-4_b1,final_eval_50.jsonl,1,d4rl_normalized_score,2026-09-14T19:21:15.469400+00:00
iql_amo,1,0.002,walker2d-medium-replay-v2,0,89.367430806823,1000000,False,10,True,1,ext_csh,torch,wmr_s0_iql_amo_bpi_bpi_sweep_rlr0p002_b1_t0p7__daa9623b,,ec61f717062ebb6bc0f700c024cca43e5645a225,main/iql_amo/walker2d-medium-replay-v2/2e-3/seed_0/wmr_s0_iql_amo_bpi_bpi_sweep_rlr0p002_b1_t0p7__daa9623b,/home/ext_csh/CORL-iql-adaptive-beta-v1/results/iql_amo_bpi_s0_rlr_binit_loco9_antmaze6/cells/rlr2e-3_b1/walker2d-medium-replay-v2,eval.jsonl,412,mean_normalized,
iql_amo,1,0.002,walker2d-medium-replay-v2,1,58.77801549370538,1000000,True,50,True,1,shchoi,jax,wmr_s1_b1_rho0p002_jax__fa36847f,1e34514ddf70bfc8a78757d9a78b82306627164c,62154bd368146412da3da267ca32fcb25be12f10,main/iql_amo/walker2d-medium-replay-v2/2e-3/seed_1/wmr_s1_b1_rho0p002_jax__fa36847f,/home/shchoi/AMO/results/iql_amo_jax_main_loco9/runs/iql_amo_jax_w-mr_s1_rlr2e-3_b1,final_eval_50.jsonl,1,d4rl_normalized_score,2026-09-15T00:22:13.176310+00:00
iql_amo,1,0.002,walker2d-medium-replay-v2,2,80.2468139666275,1000000,True,50,True,1,shchoi,jax,wmr_s2_b1_rho0p002_jax__a8da0e00,1e34514ddf70bfc8a78757d9a78b82306627164c,62154bd368146412da3da267ca32fcb25be12f10,main/iql_amo/walker2d-medium-replay-v2/2e-3/seed_2/wmr_s2_b1_rho0p002_jax__a8da0e00,/home/shchoi/AMO/results/iql_amo_jax_main_loco9/runs/iql_amo_jax_w-mr_s2_rlr2e-3_b1,final_eval_50.jsonl,1,d4rl_normalized_score,2026-09-15T01:16:22.286984+00:00
iql_amo,1,0.002,walker2d-medium-replay-v2,3,80.18040536638709,1000000,True,50,True,1,shchoi,jax,wmr_s3_b1_rho0p002_jax__941426aa,1e34514ddf70bfc8a78757d9a78b82306627164c,62154bd368146412da3da267ca32fcb25be12f10,main/iql_amo/walker2d-medium-replay-v2/2e-3/seed_3/wmr_s3_b1_rho0p002_jax__941426aa,/home/shchoi/AMO/results/iql_amo_jax_main_loco9/runs/iql_amo_jax_w-mr_s3_rlr2e-3_b1,final_eval_50.jsonl,1,d4rl_normalized_score,2026-09-16T15:25:42.884800+00:00
iql_amo,1,0.001,walker2d-medium-replay-v2,0,78.98058830168955,1000000,True,50,True,1,shchoi,jax,wmr_s0_b1_rho0p001_jax__b484a080,1e34514ddf70bfc8a78757d9a78b82306627164c,62154bd368146412da3da267ca32fcb25be12f10,main/iql_amo/walker2d-medium-replay-v2/1e-3/seed_0/wmr_s0_b1_rho0p001_jax__b484a080,/home/shchoi/AMO/results/iql_amo_jax_main_loco9/runs/iql_amo_jax_w-mr_s0_rlr1e-3_b1,final_eval_50.jsonl,1,d4rl_normalized_score,2026-09-14T20:15:59.647455+00:00
iql_amo,1,0.001,walker2d-medium-replay-v2,1,79.79272590579355,1000000,True,50,True,1,shchoi,jax,wmr_s1_b1_rho0p001_jax__e10f21f3,1e34514ddf70bfc8a78757d9a78b82306627164c,62154bd368146412da3da267ca32fcb25be12f10,main/iql_amo/walker2d-medium-replay-v2/1e-3/seed_1/wmr_s1_b1_rho0p001_jax__e10f21f3,/home/shchoi/AMO/results/iql_amo_jax_main_loco9/runs/iql_amo_jax_w-mr_s1_rlr1e-3_b1,final_eval_50.jsonl,1,d4rl_normalized_score,2026-09-14T21:13:16.306108+00:00
iql_amo,1,0.001,walker2d-medium-replay-v2,2,82.69801820429953,1000000,True,50,True,1,shchoi,jax,wmr_s2_b1_rho0p001_jax__6ab20fb9,1e34514ddf70bfc8a78757d9a78b82306627164c,62154bd368146412da3da267ca32fcb25be12f10,main/iql_amo/walker2d-medium-replay-v2/1e-3/seed_2/wmr_s2_b1_rho0p001_jax__6ab20fb9,/home/shchoi/AMO/results/iql_amo_jax_main_loco9/runs/iql_amo_jax_w-mr_s2_rlr1e-3_b1,final_eval_50.jsonl,1,d4rl_normalized_score,2026-09-14T22:19:02.564627+00:00
iql_amo,1,0.001,walker2d-medium-replay-v2,3,73.43750581327083,1000000,True,50,True,1,shchoi,jax,wmr_s3_b1_rho0p001_jax__a9e13b22,1e34514ddf70bfc8a78757d9a78b82306627164c,62154bd368146412da3da267ca32fcb25be12f10,main/iql_amo/walker2d-medium-replay-v2/1e-3/seed_3/wmr_s3_b1_rho0p001_jax__a9e13b22,/home/shchoi/AMO/results/iql_amo_jax_main_loco9/runs/iql_amo_jax_w-mr_s3_rlr1e-3_b1,final_eval_50.jsonl,1,d4rl_normalized_score,2026-09-14T23:16:02.967780+00:00
iql_amo,1,0.0003,walker2d-medium-replay-v2,0,79.97320532565514,1000000,False,10,True,1,ext_csh,torch,wmr_s0_iql_amo_bpi_bpi_sweep_rlr0p0003_b1_t0p7__7dce388b,,ec61f717062ebb6bc0f700c024cca43e5645a225,main/iql_amo/walker2d-medium-replay-v2/3e-4/seed_0/wmr_s0_iql_amo_bpi_bpi_sweep_rlr0p0003_b1_t0p7__7dce388b,/home/ext_csh/CORL-iql-adaptive-beta-v1/results/iql_amo_bpi_s0_rlr_binit_loco9_antmaze6/cells/rlr3e-4_b1/walker2d-medium-replay-v2,eval.jsonl,112,mean_normalized,
iql_amo,1,0.0003,walker2d-medium-replay-v2,1,85.99165613039847,1000000,True,50,True,1,choi,jax,wmr_s1_default__f5ea92e1,1e34514ddf70bfc8a78757d9a78b82306627164c,77632f62205b32266edb06cf137e9830ea5b4236,main/iql_amo/walker2d-medium-replay-v2/3e-4/seed_1/wmr_s1_default__f5ea92e1,/home/choi/AMO_store/iql_amo_jax_loco_beta1_rlr3e-4_seed1/runs/iqlamo_jax_b1_rlr3e-4_w-mr_s1,eval.jsonl,1,normalized_score,2026-09-16T10:28:53.002400+00:00
iql_amo,1,0.0003,walker2d-medium-replay-v2,2,76.92732901792628,1000000,True,50,True,1,shchoi,jax,wmr_s2_b1_rho0p0003_jax__9bd2a1f4,1e34514ddf70bfc8a78757d9a78b82306627164c,62154bd368146412da3da267ca32fcb25be12f10,main/iql_amo/walker2d-medium-replay-v2/3e-4/seed_2/wmr_s2_b1_rho0p0003_jax__9bd2a1f4,/home/shchoi/AMO/results/iql_amo_jax_main_loco9/runs/iql_amo_jax_w-mr_s2_rlr3e-4_b1,final_eval_50.jsonl,1,d4rl_normalized_score,2026-09-14T18:15:15.325378+00:00
iql_amo,1,0.0003,walker2d-medium-replay-v2,3,73.52744785428752,1000000,True,50,True,1,shchoi,jax,wmr_s3_b1_rho0p0003_jax__cfb7d86b,1e34514ddf70bfc8a78757d9a78b82306627164c,62154bd368146412da3da267ca32fcb25be12f10,main/iql_amo/walker2d-medium-replay-v2/3e-4/seed_3/wmr_s3_b1_rho0p0003_jax__cfb7d86b,/home/shchoi/AMO/results/iql_amo_jax_main_loco9/runs/iql_amo_jax_w-mr_s3_rlr3e-4_b1,final_eval_50.jsonl,1,d4rl_normalized_score,2026-09-14T19:10:09.338348+00:00
iql_amo,1,0.002,walker2d-medium-expert-v2,0,111.28115770102997,1000000,False,10,True,1,ext_csh,torch,wme_s0_iql_amo_bpi_bpi_sweep_rlr0p002_b1_t0p7__922ccc77,,ec61f717062ebb6bc0f700c024cca43e5645a225,main/iql_amo/walker2d-medium-expert-v2/2e-3/seed_0/wme_s0_iql_amo_bpi_bpi_sweep_rlr0p002_b1_t0p7__922ccc77,/home/ext_csh/CORL-iql-adaptive-beta-v1/results/iql_amo_bpi_s0_rlr_binit_loco9_antmaze6/cells/rlr2e-3_b1/walker2d-medium-expert-v2,eval.jsonl,418,mean_normalized,
iql_amo,1,0.002,walker2d-medium-expert-v2,1,111.20884228072121,1000000,True,50,True,1,shchoi,jax,wme_s1_b1_rho0p002_jax__2855f25f,1e34514ddf70bfc8a78757d9a78b82306627164c,62154bd368146412da3da267ca32fcb25be12f10,main/iql_amo/walker2d-medium-expert-v2/2e-3/seed_1/wme_s1_b1_rho0p002_jax__2855f25f,/home/shchoi/AMO/results/iql_amo_jax_main_loco9/runs/iql_amo_jax_w-me_s1_rlr2e-3_b1,final_eval_50.jsonl,1,d4rl_normalized_score,2026-09-15T00:10:49.218659+00:00
iql_amo,1,0.002,walker2d-medium-expert-v2,2,110.89520840520434,1000000,True,50,True,1,shchoi,jax,wme_s2_b1_rho0p002_jax__fb160a49,1e34514ddf70bfc8a78757d9a78b82306627164c,62154bd368146412da3da267ca32fcb25be12f10,main/iql_amo/walker2d-medium-expert-v2/2e-3/seed_2/wme_s2_b1_rho0p002_jax__fb160a49,/home/shchoi/AMO/results/iql_amo_jax_main_loco9/runs/iql_amo_jax_w-me_s2_rlr2e-3_b1,final_eval_50.jsonl,1,d4rl_normalized_score,2026-09-15T01:14:03.235489+00:00
iql_amo,1,0.002,walker2d-medium-expert-v2,3,111.75529496408134,1000000,True,50,True,1,shchoi,jax,wme_s3_b1_rho0p002_jax__dfd1075f,1e34514ddf70bfc8a78757d9a78b82306627164c,62154bd368146412da3da267ca32fcb25be12f10,main/iql_amo/walker2d-medium-expert-v2/2e-3/seed_3/wme_s3_b1_rho0p002_jax__dfd1075f,/home/shchoi/AMO/results/iql_amo_jax_main_loco9/runs/iql_amo_jax_w-me_s3_rlr2e-3_b1,final_eval_50.jsonl,1,d4rl_normalized_score,2026-09-15T03:23:03.686305+00:00
iql_amo,1,0.001,walker2d-medium-expert-v2,0,112.09561436434281,1000000,True,50,True,1,shchoi,jax,wme_s0_b1_rho0p001_jax__44931e04,1e34514ddf70bfc8a78757d9a78b82306627164c,62154bd368146412da3da267ca32fcb25be12f10,main/iql_amo/walker2d-medium-expert-v2/1e-3/seed_0/wme_s0_b1_rho0p001_jax__44931e04,/home/shchoi/AMO/results/iql_amo_jax_main_loco9/runs/iql_amo_jax_w-me_s0_rlr1e-3_b1,final_eval_50.jsonl,1,d4rl_normalized_score,2026-09-14T20:04:35.053446+00:00
iql_amo,1,0.001,walker2d-medium-expert-v2,1,111.57728866370387,1000000,True,50,True,1,shchoi,jax,wme_s1_b1_rho0p001_jax__aba0e40a,1e34514ddf70bfc8a78757d9a78b82306627164c,62154bd368146412da3da267ca32fcb25be12f10,main/iql_amo/walker2d-medium-expert-v2/1e-3/seed_1/wme_s1_b1_rho0p001_jax__aba0e40a,/home/shchoi/AMO/results/iql_amo_jax_main_loco9/runs/iql_amo_jax_w-me_s1_rlr1e-3_b1,final_eval_50.jsonl,1,d4rl_normalized_score,2026-09-14T21:10:52.068868+00:00
iql_amo,1,0.001,walker2d-medium-expert-v2,2,110.70870428537705,1000000,True,50,True,1,shchoi,jax,wme_s2_b1_rho0p001_jax__237cebe0,1e34514ddf70bfc8a78757d9a78b82306627164c,62154bd368146412da3da267ca32fcb25be12f10,main/iql_amo/walker2d-medium-expert-v2/1e-3/seed_2/wme_s2_b1_rho0p001_jax__237cebe0,/home/shchoi/AMO/results/iql_amo_jax_main_loco9/runs/iql_amo_jax_w-me_s2_rlr1e-3_b1,final_eval_50.jsonl,1,d4rl_normalized_score,2026-09-14T22:07:41.487424+00:00
iql_amo,1,0.001,walker2d-medium-expert-v2,3,112.1983973865446,1000000,True,50,True,1,shchoi,jax,wme_s3_b1_rho0p001_jax__15b229f4,1e34514ddf70bfc8a78757d9a78b82306627164c,62154bd368146412da3da267ca32fcb25be12f10,main/iql_amo/walker2d-medium-expert-v2/1e-3/seed_3/wme_s3_b1_rho0p001_jax__15b229f4,/home/shchoi/AMO/results/iql_amo_jax_main_loco9/runs/iql_amo_jax_w-me_s3_rlr1e-3_b1,final_eval_50.jsonl,1,d4rl_normalized_score,2026-09-14T23:13:39.670239+00:00
iql_amo,1,0.0003,walker2d-medium-expert-v2,0,110.54027557005762,1000000,False,10,True,1,ext_csh,torch,wme_s0_iql_amo_bpi_bpi_sweep_rlr0p0003_b1_t0p7__8d15f663,,ec61f717062ebb6bc0f700c024cca43e5645a225,main/iql_amo/walker2d-medium-expert-v2/3e-4/seed_0/wme_s0_iql_amo_bpi_bpi_sweep_rlr0p0003_b1_t0p7__8d15f663,/home/ext_csh/CORL-iql-adaptive-beta-v1/results/iql_amo_bpi_s0_rlr_binit_loco9_antmaze6/cells/rlr3e-4_b1/walker2d-medium-expert-v2,eval.jsonl,108,mean_normalized,
iql_amo,1,0.0003,walker2d-medium-expert-v2,1,113.01929253876695,1000000,True,50,True,1,shchoi,jax,wme_s1_b1_rho0p0003_jax__0d52748d,1e34514ddf70bfc8a78757d9a78b82306627164c,62154bd368146412da3da267ca32fcb25be12f10,main/iql_amo/walker2d-medium-expert-v2/3e-4/seed_1/wme_s1_b1_rho0p0003_jax__0d52748d,/home/shchoi/AMO/results/iql_amo_jax_main_loco9/runs/iql_amo_jax_w-me_s1_rlr3e-4_b1,final_eval_50.jsonl,1,d4rl_normalized_score,2026-09-14T17:18:03.151610+00:00
iql_amo,1,0.0003,walker2d-medium-expert-v2,2,113.31586490938415,1000000,True,50,True,1,shchoi,jax,wme_s2_b1_rho0p0003_jax__665ca8e6,1e34514ddf70bfc8a78757d9a78b82306627164c,62154bd368146412da3da267ca32fcb25be12f10,main/iql_amo/walker2d-medium-expert-v2/3e-4/seed_2/wme_s2_b1_rho0p0003_jax__665ca8e6,/home/shchoi/AMO/results/iql_amo_jax_main_loco9/runs/iql_amo_jax_w-me_s2_rlr3e-4_b1,final_eval_50.jsonl,1,d4rl_normalized_score,2026-09-14T18:01:40.468726+00:00
iql_amo,1,0.0003,walker2d-medium-expert-v2,3,111.11890210226487,1000000,True,50,True,1,shchoi,jax,wme_s3_b1_rho0p0003_jax__51bc9fea,1e34514ddf70bfc8a78757d9a78b82306627164c,62154bd368146412da3da267ca32fcb25be12f10,main/iql_amo/walker2d-medium-expert-v2/3e-4/seed_3/wme_s3_b1_rho0p0003_jax__51bc9fea,/home/shchoi/AMO/results/iql_amo_jax_main_loco9/runs/iql_amo_jax_w-me_s3_rlr3e-4_b1,final_eval_50.jsonl,1,d4rl_normalized_score,2026-09-14T19:07:48.053003+00:00
iql_amo,1,0.002,antmaze-umaze-v2,0,38.0,1000000,False,100,True,1,ext_csh,torch,amu_s0_iql_amo_bpi_bpi_sweep_rlr0p002_b1_t0p9__7514f28f,,ec61f717062ebb6bc0f700c024cca43e5645a225,main/iql_amo/antmaze-umaze-v2/2e-3/seed_0/amu_s0_iql_amo_bpi_bpi_sweep_rlr0p002_b1_t0p9__7514f28f,/home/ext_csh/CORL-iql-adaptive-beta-v1/results/iql_amo_bpi_s0_rlr_binit_loco9_antmaze6/cells/rlr2e-3_b1/antmaze-umaze-v2,eval.jsonl,617,mean_normalized,
iql_amo,1,0.002,antmaze-umaze-v2,1,74.0,1000000,True,50,True,1,choi,jax,amu_s1_default__3c0588cf,1e34514ddf70bfc8a78757d9a78b82306627164c,77632f62205b32266edb06cf137e9830ea5b4236,main/iql_amo/antmaze-umaze-v2/2e-3/seed_1/amu_s1_default__3c0588cf,/home/choi/AMO_store/iql_amo_jax_antmaze_beta1_rlr/runs/iqlamo_jax_b1_rlr2e-3_amu_s1,eval.jsonl,1,normalized_score,2026-09-15T12:37:44.337478+00:00
iql_amo,1,0.002,antmaze-umaze-v2,2,76.0,1000000,True,50,False,2,choi,jax,amu_s2_default__557fcac6,1e34514ddf70bfc8a78757d9a78b82306627164c,77632f62205b32266edb06cf137e9830ea5b4236,main/iql_amo/antmaze-umaze-v2/2e-3/seed_2/amu_s2_default__557fcac6,/home/choi/AMO_store/iql_amo_jax_antmaze_beta1_rlr/runs/iqlamo_jax_b1_rlr2e-3_amu_s2,eval.jsonl,1,normalized_score,2026-09-15T12:38:21.588642+00:00
iql_amo,1,0.002,antmaze-umaze-v2,2,84.0,1000000,True,50,True,2,shchoi,jax,amu_s2_b1_rho0p002_jax__e61b8f5b,1e34514ddf70bfc8a78757d9a78b82306627164c,62154bd368146412da3da267ca32fcb25be12f10,main/iql_amo/antmaze-umaze-v2/2e-3/seed_2/amu_s2_b1_rho0p002_jax__e61b8f5b,/home/shchoi/AMO/results/iql_amo_jax_b1_antmaze_s23/runs/iql_amo_jax_am-u_s2_rlr2e-3_b1,final_eval_50.jsonl,1,d4rl_normalized_score,2026-09-16T14:55:24.115644+00:00
iql_amo,1,0.002,antmaze-umaze-v2,3,84.0,1000000,True,50,True,1,choi,jax,amu_s3_default__108a10f0,1e34514ddf70bfc8a78757d9a78b82306627164c,77632f62205b32266edb06cf137e9830ea5b4236,main/iql_amo/antmaze-umaze-v2/2e-3/seed_3/amu_s3_default__108a10f0,/home/choi/AMO_store/iql_amo_jax_antmaze_beta1_rlr/runs/iqlamo_jax_b1_rlr2e-3_amu_s3,eval.jsonl,1,normalized_score,2026-09-15T12:53:59.464277+00:00
iql_amo,1,0.001,antmaze-umaze-v2,0,78.0,1000000,True,50,True,1,choi,jax,amu_s0_default__b294c2ff,1e34514ddf70bfc8a78757d9a78b82306627164c,77632f62205b32266edb06cf137e9830ea5b4236,main/iql_amo/antmaze-umaze-v2/1e-3/seed_0/amu_s0_default__b294c2ff,/home/choi/AMO_store/iql_amo_jax_antmaze_beta1_rlr/runs/iqlamo_jax_b1_rlr1e-3_amu_s0,eval.jsonl,1,normalized_score,2026-09-15T11:49:12.487775+00:00
iql_amo,1,0.001,antmaze-umaze-v2,1,82.0,1000000,True,50,True,1,choi,jax,amu_s1_default__1edd1478,1e34514ddf70bfc8a78757d9a78b82306627164c,77632f62205b32266edb06cf137e9830ea5b4236,main/iql_amo/antmaze-umaze-v2/1e-3/seed_1/amu_s1_default__1edd1478,/home/choi/AMO_store/iql_amo_jax_antmaze_beta1_rlr/runs/iqlamo_jax_b1_rlr1e-3_amu_s1,eval.jsonl,1,normalized_score,2026-09-15T12:05:23.372293+00:00
iql_amo,1,0.001,antmaze-umaze-v2,2,70.0,1000000,True,50,False,2,choi,jax,amu_s2_default__834ea648,1e34514ddf70bfc8a78757d9a78b82306627164c,77632f62205b32266edb06cf137e9830ea5b4236,main/iql_amo/antmaze-umaze-v2/1e-3/seed_2/amu_s2_default__834ea648,/home/choi/AMO_store/iql_amo_jax_antmaze_beta1_rlr/runs/iqlamo_jax_b1_rlr1e-3_amu_s2,eval.jsonl,1,normalized_score,2026-09-15T12:05:24.140439+00:00
iql_amo,1,0.001,antmaze-umaze-v2,2,76.0,1000000,True,50,True,2,shchoi,jax,amu_s2_b1_rho0p001_jax__6743dd67,1e34514ddf70bfc8a78757d9a78b82306627164c,62154bd368146412da3da267ca32fcb25be12f10,main/iql_amo/antmaze-umaze-v2/1e-3/seed_2/amu_s2_b1_rho0p001_jax__6743dd67,/home/shchoi/AMO/results/iql_amo_jax_b1_antmaze_s23/runs/iql_amo_jax_am-u_s2_rlr1e-3_b1,final_eval_50.jsonl,1,d4rl_normalized_score,2026-09-16T14:14:06.381327+00:00
iql_amo,1,0.001,antmaze-umaze-v2,3,80.0,1000000,True,50,True,1,choi,jax,amu_s3_default__c6861532,1e34514ddf70bfc8a78757d9a78b82306627164c,77632f62205b32266edb06cf137e9830ea5b4236,main/iql_amo/antmaze-umaze-v2/1e-3/seed_3/amu_s3_default__c6861532,/home/choi/AMO_store/iql_amo_jax_antmaze_beta1_rlr/runs/iqlamo_jax_b1_rlr1e-3_amu_s3,eval.jsonl,1,normalized_score,2026-09-15T12:21:34.022462+00:00
iql_amo,1,0.0003,antmaze-umaze-v2,0,78.0,1000000,True,50,True,2,choi,jax,amu_s0_default__5e3fea86,1e34514ddf70bfc8a78757d9a78b82306627164c,77632f62205b32266edb06cf137e9830ea5b4236,main/iql_amo/antmaze-umaze-v2/3e-4/seed_0/amu_s0_default__5e3fea86,/home/choi/AMO_store/iql_amo_jax_antmaze_beta1_rlr/runs/iqlamo_jax_b1_rlr3e-4_amu_s0,eval.jsonl,1,normalized_score,2026-09-15T12:21:35.167185+00:00
iql_amo,1,0.0003,antmaze-umaze-v2,0,76.0,680000,False,100,False,2,ext_csh,torch,amu_s0_iql_amo_bpi_bpi_sweep_rlr0p0003_b1_t0p9__198b85c4,,ec61f717062ebb6bc0f700c024cca43e5645a225,main/iql_amo/antmaze-umaze-v2/3e-4/seed_0/amu_s0_iql_amo_bpi_bpi_sweep_rlr0p0003_b1_t0p9__198b85c4,/home/ext_csh/CORL-iql-adaptive-beta-v1/results/iql_amo_bpi_s0_rlr_binit_loco9_antmaze6/cells/rlr3e-4_b1/antmaze-umaze-v2,eval.jsonl,104,mean_normalized,
iql_amo,1,0.0003,antmaze-umaze-v2,1,82.0,1000000,True,50,True,1,choi,jax,amu_s1_default__e607fb51,1e34514ddf70bfc8a78757d9a78b82306627164c,77632f62205b32266edb06cf137e9830ea5b4236,main/iql_amo/antmaze-umaze-v2/3e-4/seed_1/amu_s1_default__e607fb51,/home/choi/AMO_store/iql_amo_jax_antmaze_beta1_rlr/runs/iqlamo_jax_b1_rlr3e-4_amu_s1,eval.jsonl,1,normalized_score,2026-09-15T11:33:02.595617+00:00
iql_amo,1,0.0003,antmaze-umaze-v2,2,64.0,1000000,True,50,False,2,choi,jax,amu_s2_default__31eeb613,1e34514ddf70bfc8a78757d9a78b82306627164c,77632f62205b32266edb06cf137e9830ea5b4236,main/iql_amo/antmaze-umaze-v2/3e-4/seed_2/amu_s2_default__31eeb613,/home/choi/AMO_store/iql_amo_jax_antmaze_beta1_rlr/runs/iqlamo_jax_b1_rlr3e-4_amu_s2,eval.jsonl,1,normalized_score,2026-09-15T11:33:04.372433+00:00
iql_amo,1,0.0003,antmaze-umaze-v2,2,82.0,1000000,True,50,True,2,shchoi,jax,amu_s2_b1_rho0p0003_jax__777f81fc,1e34514ddf70bfc8a78757d9a78b82306627164c,62154bd368146412da3da267ca32fcb25be12f10,main/iql_amo/antmaze-umaze-v2/3e-4/seed_2/amu_s2_b1_rho0p0003_jax__777f81fc,/home/shchoi/AMO/results/iql_amo_jax_b1_antmaze_s23/runs/iql_amo_jax_am-u_s2_rlr3e-4_b1,final_eval_50.jsonl,1,d4rl_normalized_score,2026-09-16T13:30:35.622482+00:00
iql_amo,1,0.0003,antmaze-umaze-v2,3,82.0,1000000,True,50,True,1,choi,jax,amu_s3_default__12c28889,1e34514ddf70bfc8a78757d9a78b82306627164c,77632f62205b32266edb06cf137e9830ea5b4236,main/iql_amo/antmaze-umaze-v2/3e-4/seed_3/amu_s3_default__12c28889,/home/choi/AMO_store/iql_amo_jax_antmaze_beta1_rlr/runs/iqlamo_jax_b1_rlr3e-4_amu_s3,eval.jsonl,1,normalized_score,2026-09-15T11:49:11.776751+00:00
iql_amo,1,0.002,antmaze-umaze-diverse-v2,0,61.0,1000000,False,100,True,1,ext_csh,torch,amud_s0_iql_amo_bpi_bpi_sweep_rlr0p002_b1_t0p9__7252b6f1,,ec61f717062ebb6bc0f700c024cca43e5645a225,main/iql_amo/antmaze-umaze-diverse-v2/2e-3/seed_0/amud_s0_iql_amo_bpi_bpi_sweep_rlr0p002_b1_t0p9__7252b6f1,/home/ext_csh/CORL-iql-adaptive-beta-v1/results/iql_amo_bpi_s0_rlr_binit_loco9_antmaze6/cells/rlr2e-3_b1/antmaze-umaze-diverse-v2,eval.jsonl,611,mean_normalized,
iql_amo,1,0.002,antmaze-umaze-diverse-v2,1,52.0,1000000,True,50,True,1,choi,jax,amud_s1_default__00861850,1e34514ddf70bfc8a78757d9a78b82306627164c,77632f62205b32266edb06cf137e9830ea5b4236,main/iql_amo/antmaze-umaze-diverse-v2/2e-3/seed_1/amud_s1_default__00861850,/home/choi/AMO_store/iql_amo_jax_antmaze_beta1_rlr/runs/iqlamo_jax_b1_rlr2e-3_amud_s1,eval.jsonl,1,normalized_score,2026-09-15T13:59:12.965217+00:00
iql_amo,1,0.002,antmaze-umaze-diverse-v2,2,54.0,1000000,True,50,False,2,choi,jax,amud_s2_default__11c756d9,1e34514ddf70bfc8a78757d9a78b82306627164c,77632f62205b32266edb06cf137e9830ea5b4236,main/iql_amo/antmaze-umaze-diverse-v2/2e-3/seed_2/amud_s2_default__11c756d9,/home/choi/AMO_store/iql_amo_jax_antmaze_beta1_rlr/runs/iqlamo_jax_b1_rlr2e-3_amud_s2,eval.jsonl,1,normalized_score,2026-09-15T14:15:25.423890+00:00
iql_amo,1,0.002,antmaze-umaze-diverse-v2,2,66.0,1000000,True,50,True,2,shchoi,jax,amud_s2_b1_rho0p002_jax__b08b6c7b,1e34514ddf70bfc8a78757d9a78b82306627164c,62154bd368146412da3da267ca32fcb25be12f10,main/iql_amo/antmaze-umaze-diverse-v2/2e-3/seed_2/amud_s2_b1_rho0p002_jax__b08b6c7b,/home/shchoi/AMO/results/iql_amo_jax_b1_antmaze_s23/runs/iql_amo_jax_am-ud_s2_rlr2e-3_b1,final_eval_50.jsonl,1,d4rl_normalized_score,2026-09-16T14:53:20.451650+00:00
iql_amo,1,0.002,antmaze-umaze-diverse-v2,3,66.0,1000000,True,50,True,1,choi,jax,amud_s3_default__9966e02d,1e34514ddf70bfc8a78757d9a78b82306627164c,77632f62205b32266edb06cf137e9830ea5b4236,main/iql_amo/antmaze-umaze-diverse-v2/2e-3/seed_3/amud_s3_default__9966e02d,/home/choi/AMO_store/iql_amo_jax_antmaze_beta1_rlr/runs/iqlamo_jax_b1_rlr2e-3_amud_s3,eval.jsonl,1,normalized_score,2026-09-15T14:16:04.474753+00:00
iql_amo,1,0.001,antmaze-umaze-diverse-v2,0,66.0,1000000,True,50,True,1,choi,jax,amud_s0_default__566861a3,1e34514ddf70bfc8a78757d9a78b82306627164c,77632f62205b32266edb06cf137e9830ea5b4236,main/iql_amo/antmaze-umaze-diverse-v2/1e-3/seed_0/amud_s0_default__566861a3,/home/choi/AMO_store/iql_amo_jax_antmaze_beta1_rlr/runs/iqlamo_jax_b1_rlr1e-3_amud_s0,eval.jsonl,1,normalized_score,2026-09-15T13:26:44.334407+00:00
iql_amo,1,0.001,antmaze-umaze-diverse-v2,1,60.0,1000000,True,50,True,1,choi,jax,amud_s1_default__b623ba15,1e34514ddf70bfc8a78757d9a78b82306627164c,77632f62205b32266edb06cf137e9830ea5b4236,main/iql_amo/antmaze-umaze-diverse-v2/1e-3/seed_1/amud_s1_default__b623ba15,/home/choi/AMO_store/iql_amo_jax_antmaze_beta1_rlr/runs/iqlamo_jax_b1_rlr1e-3_amud_s1,eval.jsonl,1,normalized_score,2026-09-15T13:42:58.601554+00:00
iql_amo,1,0.001,antmaze-umaze-diverse-v2,2,54.0,1000000,True,50,True,2,choi,jax,amud_s2_default__9fefa094,1e34514ddf70bfc8a78757d9a78b82306627164c,77632f62205b32266edb06cf137e9830ea5b4236,main/iql_amo/antmaze-umaze-diverse-v2/1e-3/seed_2/amud_s2_default__9fefa094,/home/choi/AMO_store/iql_amo_jax_antmaze_beta1_rlr/runs/iqlamo_jax_b1_rlr1e-3_amud_s2,eval.jsonl,1,normalized_score,2026-09-15T13:42:59.331898+00:00
iql_amo,1,0.001,antmaze-umaze-diverse-v2,2,52.0,1000000,True,50,False,2,shchoi,jax,amud_s2_b1_rho0p001_jax__a8570104,1e34514ddf70bfc8a78757d9a78b82306627164c,62154bd368146412da3da267ca32fcb25be12f10,main/iql_amo/antmaze-umaze-diverse-v2/1e-3/seed_2/amud_s2_b1_rho0p001_jax__a8570104,/home/shchoi/AMO/results/iql_amo_jax_b1_antmaze_s23/runs/iql_amo_jax_am-ud_s2_rlr1e-3_b1,final_eval_50.jsonl,1,d4rl_normalized_score,2026-09-16T14:11:58.104879+00:00
iql_amo,1,0.001,antmaze-umaze-diverse-v2,3,60.0,1000000,True,50,True,1,choi,jax,amud_s3_default__77f3812f,1e34514ddf70bfc8a78757d9a78b82306627164c,77632f62205b32266edb06cf137e9830ea5b4236,main/iql_amo/antmaze-umaze-diverse-v2/1e-3/seed_3/amud_s3_default__77f3812f,/home/choi/AMO_store/iql_amo_jax_antmaze_beta1_rlr/runs/iqlamo_jax_b1_rlr1e-3_amud_s3,eval.jsonl,1,normalized_score,2026-09-15T13:59:12.149941+00:00
iql_amo,1,0.0003,antmaze-umaze-diverse-v2,0,74.0,1000000,True,50,True,2,choi,jax,amud_s0_default__9ab26a30,1e34514ddf70bfc8a78757d9a78b82306627164c,77632f62205b32266edb06cf137e9830ea5b4236,main/iql_amo/antmaze-umaze-diverse-v2/3e-4/seed_0/amud_s0_default__9ab26a30,/home/choi/AMO_store/iql_amo_jax_antmaze_beta1_rlr/runs/iqlamo_jax_b1_rlr3e-4_amud_s0,eval.jsonl,1,normalized_score,2026-09-15T12:54:37.427242+00:00
iql_amo,1,0.0003,antmaze-umaze-diverse-v2,0,51.0,580000,False,100,False,2,ext_csh,torch,amud_s0_iql_amo_bpi_bpi_sweep_rlr0p0003_b1_t0p9__0ba97574,,ec61f717062ebb6bc0f700c024cca43e5645a225,main/iql_amo/antmaze-umaze-diverse-v2/3e-4/seed_0/amud_s0_iql_amo_bpi_bpi_sweep_rlr0p0003_b1_t0p9__0ba97574,/home/ext_csh/CORL-iql-adaptive-beta-v1/results/iql_amo_bpi_s0_rlr_binit_loco9_antmaze6/cells/rlr3e-4_b1/antmaze-umaze-diverse-v2,eval.jsonl,89,mean_normalized,
iql_amo,1,0.0003,antmaze-umaze-diverse-v2,1,42.0,1000000,True,50,True,1,choi,jax,amud_s1_default__c2031118,1e34514ddf70bfc8a78757d9a78b82306627164c,77632f62205b32266edb06cf137e9830ea5b4236,main/iql_amo/antmaze-umaze-diverse-v2/3e-4/seed_1/amud_s1_default__c2031118,/home/choi/AMO_store/iql_amo_jax_antmaze_beta1_rlr/runs/iqlamo_jax_b1_rlr3e-4_amud_s1,eval.jsonl,1,normalized_score,2026-09-15T13:10:21.161723+00:00
iql_amo,1,0.0003,antmaze-umaze-diverse-v2,2,44.0,1000000,True,50,False,2,choi,jax,amud_s2_default__73fdd7a7,1e34514ddf70bfc8a78757d9a78b82306627164c,77632f62205b32266edb06cf137e9830ea5b4236,main/iql_amo/antmaze-umaze-diverse-v2/3e-4/seed_2/amud_s2_default__73fdd7a7,/home/choi/AMO_store/iql_amo_jax_antmaze_beta1_rlr/runs/iqlamo_jax_b1_rlr3e-4_amud_s2,eval.jsonl,1,normalized_score,2026-09-15T13:11:02.439475+00:00
iql_amo,1,0.0003,antmaze-umaze-diverse-v2,2,57.99999999999999,1000000,True,50,True,2,shchoi,jax,amud_s2_b1_rho0p0003_jax__113aa9bc,1e34514ddf70bfc8a78757d9a78b82306627164c,62154bd368146412da3da267ca32fcb25be12f10,main/iql_amo/antmaze-umaze-diverse-v2/3e-4/seed_2/amud_s2_b1_rho0p0003_jax__113aa9bc,/home/shchoi/AMO/results/iql_amo_jax_b1_antmaze_s23/runs/iql_amo_jax_am-ud_s2_rlr3e-4_b1,final_eval_50.jsonl,1,d4rl_normalized_score,2026-09-16T13:30:41.568659+00:00
iql_amo,1,0.0003,antmaze-umaze-diverse-v2,3,62.0,1000000,True,50,True,1,choi,jax,amud_s3_default__78a823c6,1e34514ddf70bfc8a78757d9a78b82306627164c,77632f62205b32266edb06cf137e9830ea5b4236,main/iql_amo/antmaze-umaze-diverse-v2/3e-4/seed_3/amud_s3_default__78a823c6,/home/choi/AMO_store/iql_amo_jax_antmaze_beta1_rlr/runs/iqlamo_jax_b1_rlr3e-4_amud_s3,eval.jsonl,1,normalized_score,2026-09-15T13:26:45.284079+00:00
iql_amo,1,0.002,antmaze-medium-play-v2,0,77.0,1000000,False,100,True,1,ext_csh,torch,ammp_s0_iql_amo_bpi_bpi_sweep_rlr0p002_b1_t0p9__4e7f7cc6,,ec61f717062ebb6bc0f700c024cca43e5645a225,main/iql_amo/antmaze-medium-play-v2/2e-3/seed_0/ammp_s0_iql_amo_bpi_bpi_sweep_rlr0p002_b1_t0p9__4e7f7cc6,/home/ext_csh/CORL-iql-adaptive-beta-v1/results/iql_amo_bpi_s0_rlr_binit_loco9_antmaze6/cells/rlr2e-3_b1/antmaze-medium-play-v2,eval.jsonl,623,mean_normalized,
iql_amo,1,0.002,antmaze-medium-play-v2,1,76.0,1000000,True,50,True,1,choi,jax,ammp_s1_default__c62f6c09,1e34514ddf70bfc8a78757d9a78b82306627164c,77632f62205b32266edb06cf137e9830ea5b4236,main/iql_amo/antmaze-medium-play-v2/2e-3/seed_1/ammp_s1_default__c62f6c09,/home/choi/AMO_store/iql_amo_jax_antmaze_beta1_rlr/runs/iqlamo_jax_b1_rlr2e-3_ammp_s1,eval.jsonl,1,normalized_score,2026-09-15T15:37:04.680580+00:00
iql_amo,1,0.002,antmaze-medium-play-v2,2,62.0,1000000,True,50,False,2,choi,jax,ammp_s2_default__cd33878b,1e34514ddf70bfc8a78757d9a78b82306627164c,77632f62205b32266edb06cf137e9830ea5b4236,main/iql_amo/antmaze-medium-play-v2/2e-3/seed_2/ammp_s2_default__cd33878b,/home/choi/AMO_store/iql_amo_jax_antmaze_beta1_rlr/runs/iqlamo_jax_b1_rlr2e-3_ammp_s2,eval.jsonl,1,normalized_score,2026-09-15T15:37:08.023276+00:00
iql_amo,1,0.002,antmaze-medium-play-v2,2,70.0,1000000,True,50,True,2,shchoi,jax,ammp_s2_b1_rho0p002_jax__efc2662f,1e34514ddf70bfc8a78757d9a78b82306627164c,62154bd368146412da3da267ca32fcb25be12f10,main/iql_amo/antmaze-medium-play-v2/2e-3/seed_2/ammp_s2_b1_rho0p002_jax__efc2662f,/home/shchoi/AMO/results/iql_amo_jax_b1_antmaze_s23/runs/iql_amo_jax_am-mp_s2_rlr2e-3_b1,final_eval_50.jsonl,1,d4rl_normalized_score,2026-09-16T14:41:15.269981+00:00
iql_amo,1,0.002,antmaze-medium-play-v2,3,66.0,1000000,True,50,True,1,choi,jax,ammp_s3_default__1c998e8a,1e34514ddf70bfc8a78757d9a78b82306627164c,77632f62205b32266edb06cf137e9830ea5b4236,main/iql_amo/antmaze-medium-play-v2/2e-3/seed_3/ammp_s3_default__1c998e8a,/home/choi/AMO_store/iql_amo_jax_antmaze_beta1_rlr/runs/iqlamo_jax_b1_rlr2e-3_ammp_s3,eval.jsonl,1,normalized_score,2026-09-15T15:53:23.879193+00:00
iql_amo,1,0.001,antmaze-medium-play-v2,0,64.0,1000000,True,50,True,1,choi,jax,ammp_s0_default__6662212b,1e34514ddf70bfc8a78757d9a78b82306627164c,77632f62205b32266edb06cf137e9830ea5b4236,main/iql_amo/antmaze-medium-play-v2/1e-3/seed_0/ammp_s0_default__6662212b,/home/choi/AMO_store/iql_amo_jax_antmaze_beta1_rlr/runs/iqlamo_jax_b1_rlr1e-3_ammp_s0,eval.jsonl,1,normalized_score,2026-09-15T15:04:30.914627+00:00
iql_amo,1,0.001,antmaze-medium-play-v2,1,70.0,1000000,True,50,True,1,choi,jax,ammp_s1_default__3e98af72,1e34514ddf70bfc8a78757d9a78b82306627164c,77632f62205b32266edb06cf137e9830ea5b4236,main/iql_amo/antmaze-medium-play-v2/1e-3/seed_1/ammp_s1_default__3e98af72,/home/choi/AMO_store/iql_amo_jax_antmaze_beta1_rlr/runs/iqlamo_jax_b1_rlr1e-3_ammp_s1,eval.jsonl,1,normalized_score,2026-09-15T15:04:30.285795+00:00
iql_amo,1,0.001,antmaze-medium-play-v2,2,72.0,1000000,True,50,True,2,choi,jax,ammp_s2_default__77112a55,1e34514ddf70bfc8a78757d9a78b82306627164c,77632f62205b32266edb06cf137e9830ea5b4236,main/iql_amo/antmaze-medium-play-v2/1e-3/seed_2/ammp_s2_default__77112a55,/home/choi/AMO_store/iql_amo_jax_antmaze_beta1_rlr/runs/iqlamo_jax_b1_rlr1e-3_ammp_s2,eval.jsonl,1,normalized_score,2026-09-15T15:20:48.016939+00:00
iql_amo,1,0.001,antmaze-medium-play-v2,2,70.0,1000000,True,50,False,2,shchoi,jax,ammp_s2_b1_rho0p001_jax__ed62e1b7,1e34514ddf70bfc8a78757d9a78b82306627164c,62154bd368146412da3da267ca32fcb25be12f10,main/iql_amo/antmaze-medium-play-v2/1e-3/seed_2/ammp_s2_b1_rho0p001_jax__ed62e1b7,/home/shchoi/AMO/results/iql_amo_jax_b1_antmaze_s23/runs/iql_amo_jax_am-mp_s2_rlr1e-3_b1,final_eval_50.jsonl,1,d4rl_normalized_score,2026-09-16T13:59:51.048069+00:00
iql_amo,1,0.001,antmaze-medium-play-v2,3,56.00000000000001,1000000,True,50,True,1,choi,jax,ammp_s3_default__1006f93e,1e34514ddf70bfc8a78757d9a78b82306627164c,77632f62205b32266edb06cf137e9830ea5b4236,main/iql_amo/antmaze-medium-play-v2/1e-3/seed_3/ammp_s3_default__1006f93e,/home/choi/AMO_store/iql_amo_jax_antmaze_beta1_rlr/runs/iqlamo_jax_b1_rlr1e-3_ammp_s3,eval.jsonl,1,normalized_score,2026-09-15T15:20:50.358237+00:00
iql_amo,1,0.0003,antmaze-medium-play-v2,0,56.00000000000001,1000000,True,50,True,2,choi,jax,ammp_s0_default__27d5b385,1e34514ddf70bfc8a78757d9a78b82306627164c,77632f62205b32266edb06cf137e9830ea5b4236,main/iql_amo/antmaze-medium-play-v2/3e-4/seed_0/ammp_s0_default__27d5b385,/home/choi/AMO_store/iql_amo_jax_antmaze_beta1_rlr/runs/iqlamo_jax_b1_rlr3e-4_ammp_s0,eval.jsonl,1,normalized_score,2026-09-15T14:31:55.037601+00:00
iql_amo,1,0.0003,antmaze-medium-play-v2,0,53.0,300000,False,100,False,2,ext_csh,torch,ammp_s0_iql_amo_bpi_bpi_sweep_rlr0p0003_b1_t0p9__25926278,,ec61f717062ebb6bc0f700c024cca43e5645a225,main/iql_amo/antmaze-medium-play-v2/3e-4/seed_0/ammp_s0_iql_amo_bpi_bpi_sweep_rlr0p0003_b1_t0p9__25926278,/home/ext_csh/CORL-iql-adaptive-beta-v1/results/iql_amo_bpi_s0_rlr_binit_loco9_antmaze6/cells/rlr3e-4_b1/antmaze-medium-play-v2,eval.jsonl,44,mean_normalized,
iql_amo,1,0.0003,antmaze-medium-play-v2,1,60.0,1000000,True,50,True,1,choi,jax,ammp_s1_default__1f5bd789,1e34514ddf70bfc8a78757d9a78b82306627164c,77632f62205b32266edb06cf137e9830ea5b4236,main/iql_amo/antmaze-medium-play-v2/3e-4/seed_1/ammp_s1_default__1f5bd789,/home/choi/AMO_store/iql_amo_jax_antmaze_beta1_rlr/runs/iqlamo_jax_b1_rlr3e-4_ammp_s1,eval.jsonl,1,normalized_score,2026-09-15T14:31:53.879408+00:00
iql_amo,1,0.0003,antmaze-medium-play-v2,2,64.0,1000000,True,50,False,2,choi,jax,ammp_s2_default__6b326163,1e34514ddf70bfc8a78757d9a78b82306627164c,77632f62205b32266edb06cf137e9830ea5b4236,main/iql_amo/antmaze-medium-play-v2/3e-4/seed_2/ammp_s2_default__6b326163,/home/choi/AMO_store/iql_amo_jax_antmaze_beta1_rlr/runs/iqlamo_jax_b1_rlr3e-4_ammp_s2,eval.jsonl,1,normalized_score,2026-09-15T14:48:12.588235+00:00
iql_amo,1,0.0003,antmaze-medium-play-v2,2,68.0,1000000,True,50,True,2,shchoi,jax,ammp_s2_b1_rho0p0003_jax__7ef0f2b5,1e34514ddf70bfc8a78757d9a78b82306627164c,62154bd368146412da3da267ca32fcb25be12f10,main/iql_amo/antmaze-medium-play-v2/3e-4/seed_2/ammp_s2_b1_rho0p0003_jax__7ef0f2b5,/home/shchoi/AMO/results/iql_amo_jax_b1_antmaze_s23/runs/iql_amo_jax_am-mp_s2_rlr3e-4_b1,final_eval_50.jsonl,1,d4rl_normalized_score,2026-09-16T13:16:31.436784+00:00
iql_amo,1,0.0003,antmaze-medium-play-v2,3,54.0,1000000,True,50,True,1,choi,jax,ammp_s3_default__f833996e,1e34514ddf70bfc8a78757d9a78b82306627164c,77632f62205b32266edb06cf137e9830ea5b4236,main/iql_amo/antmaze-medium-play-v2/3e-4/seed_3/ammp_s3_default__f833996e,/home/choi/AMO_store/iql_amo_jax_antmaze_beta1_rlr/runs/iqlamo_jax_b1_rlr3e-4_ammp_s3,eval.jsonl,1,normalized_score,2026-09-15T14:48:14.398323+00:00
iql_amo,1,0.002,antmaze-medium-diverse-v2,0,68.0,1000000,False,100,True,1,ext_csh,torch,ammd_s0_iql_amo_bpi_bpi_sweep_rlr0p002_b1_t0p9__85dfb6e5,,ec61f717062ebb6bc0f700c024cca43e5645a225,main/iql_amo/antmaze-medium-diverse-v2/2e-3/seed_0/ammd_s0_iql_amo_bpi_bpi_sweep_rlr0p002_b1_t0p9__85dfb6e5,/home/ext_csh/CORL-iql-adaptive-beta-v1/results/iql_amo_bpi_s0_rlr_binit_loco9_antmaze6/cells/rlr2e-3_b1/antmaze-medium-diverse-v2,eval.jsonl,680,mean_normalized,
iql_amo,1,0.002,antmaze-medium-diverse-v2,1,68.0,1000000,True,50,True,1,choi,jax,ammd_s1_default__ed72acaf,1e34514ddf70bfc8a78757d9a78b82306627164c,77632f62205b32266edb06cf137e9830ea5b4236,main/iql_amo/antmaze-medium-diverse-v2/2e-3/seed_1/ammd_s1_default__ed72acaf,/home/choi/AMO_store/iql_amo_jax_antmaze_beta1_rlr/runs/iqlamo_jax_b1_rlr2e-3_ammd_s1,eval.jsonl,1,normalized_score,2026-09-15T16:58:38.330313+00:00
iql_amo,1,0.002,antmaze-medium-diverse-v2,2,52.0,1000000,True,50,False,2,choi,jax,ammd_s2_default__aaa1e19b,1e34514ddf70bfc8a78757d9a78b82306627164c,77632f62205b32266edb06cf137e9830ea5b4236,main/iql_amo/antmaze-medium-diverse-v2/2e-3/seed_2/ammd_s2_default__aaa1e19b,/home/choi/AMO_store/iql_amo_jax_antmaze_beta1_rlr/runs/iqlamo_jax_b1_rlr2e-3_ammd_s2,eval.jsonl,1,normalized_score,2026-09-15T17:14:58.618670+00:00
iql_amo,1,0.002,antmaze-medium-diverse-v2,2,80.0,1000000,True,50,True,2,shchoi,jax,ammd_s2_b1_rho0p002_jax__f9c116de,1e34514ddf70bfc8a78757d9a78b82306627164c,62154bd368146412da3da267ca32fcb25be12f10,main/iql_amo/antmaze-medium-diverse-v2/2e-3/seed_2/ammd_s2_b1_rho0p002_jax__f9c116de,/home/shchoi/AMO/results/iql_amo_jax_b1_antmaze_s23/runs/iql_amo_jax_am-md_s2_rlr2e-3_b1,final_eval_50.jsonl,1,d4rl_normalized_score,2026-09-16T14:41:03.645890+00:00
iql_amo,1,0.002,antmaze-medium-diverse-v2,3,84.0,1000000,True,50,True,1,choi,jax,ammd_s3_default__3f20355d,1e34514ddf70bfc8a78757d9a78b82306627164c,77632f62205b32266edb06cf137e9830ea5b4236,main/iql_amo/antmaze-medium-diverse-v2/2e-3/seed_3/ammd_s3_default__3f20355d,/home/choi/AMO_store/iql_amo_jax_antmaze_beta1_rlr/runs/iqlamo_jax_b1_rlr2e-3_ammd_s3,eval.jsonl,1,normalized_score,2026-09-15T17:14:54.170944+00:00
iql_amo,1,0.001,antmaze-medium-diverse-v2,0,70.0,1000000,True,50,True,1,choi,jax,ammd_s0_default__ede0c97a,1e34514ddf70bfc8a78757d9a78b82306627164c,77632f62205b32266edb06cf137e9830ea5b4236,main/iql_amo/antmaze-medium-diverse-v2/1e-3/seed_0/ammd_s0_default__ede0c97a,/home/choi/AMO_store/iql_amo_jax_antmaze_beta1_rlr/runs/iqlamo_jax_b1_rlr1e-3_ammd_s0,eval.jsonl,1,normalized_score,2026-09-15T16:26:04.742231+00:00
iql_amo,1,0.001,antmaze-medium-diverse-v2,1,66.0,1000000,True,50,True,1,choi,jax,ammd_s1_default__b837a7a7,1e34514ddf70bfc8a78757d9a78b82306627164c,77632f62205b32266edb06cf137e9830ea5b4236,main/iql_amo/antmaze-medium-diverse-v2/1e-3/seed_1/ammd_s1_default__b837a7a7,/home/choi/AMO_store/iql_amo_jax_antmaze_beta1_rlr/runs/iqlamo_jax_b1_rlr1e-3_ammd_s1,eval.jsonl,1,normalized_score,2026-09-15T16:42:22.351846+00:00
iql_amo,1,0.001,antmaze-medium-diverse-v2,2,64.0,1000000,True,50,True,2,choi,jax,ammd_s2_default__e4c39cfe,1e34514ddf70bfc8a78757d9a78b82306627164c,77632f62205b32266edb06cf137e9830ea5b4236,main/iql_amo/antmaze-medium-diverse-v2/1e-3/seed_2/ammd_s2_default__e4c39cfe,/home/choi/AMO_store/iql_amo_jax_antmaze_beta1_rlr/runs/iqlamo_jax_b1_rlr1e-3_ammd_s2,eval.jsonl,1,normalized_score,2026-09-15T16:42:22.745359+00:00
iql_amo,1,0.001,antmaze-medium-diverse-v2,2,52.0,1000000,True,50,False,2,shchoi,jax,ammd_s2_b1_rho0p001_jax__f895016e,1e34514ddf70bfc8a78757d9a78b82306627164c,62154bd368146412da3da267ca32fcb25be12f10,main/iql_amo/antmaze-medium-diverse-v2/1e-3/seed_2/ammd_s2_b1_rho0p001_jax__f895016e,/home/shchoi/AMO/results/iql_amo_jax_b1_antmaze_s23/runs/iql_amo_jax_am-md_s2_rlr1e-3_b1,final_eval_50.jsonl,1,d4rl_normalized_score,2026-09-16T13:59:41.087923+00:00
iql_amo,1,0.001,antmaze-medium-diverse-v2,3,76.0,1000000,True,50,True,1,choi,jax,ammd_s3_default__94f4d2f8,1e34514ddf70bfc8a78757d9a78b82306627164c,77632f62205b32266edb06cf137e9830ea5b4236,main/iql_amo/antmaze-medium-diverse-v2/1e-3/seed_3/ammd_s3_default__94f4d2f8,/home/choi/AMO_store/iql_amo_jax_antmaze_beta1_rlr/runs/iqlamo_jax_b1_rlr1e-3_ammd_s3,eval.jsonl,1,normalized_score,2026-09-15T16:58:37.776708+00:00
iql_amo,1,0.0003,antmaze-medium-diverse-v2,0,66.0,1000000,True,50,True,1,choi,jax,ammd_s0_default__660e1857,1e34514ddf70bfc8a78757d9a78b82306627164c,77632f62205b32266edb06cf137e9830ea5b4236,main/iql_amo/antmaze-medium-diverse-v2/3e-4/seed_0/ammd_s0_default__660e1857,/home/choi/AMO_store/iql_amo_jax_antmaze_beta1_rlr/runs/iqlamo_jax_b1_rlr3e-4_ammd_s0,eval.jsonl,1,normalized_score,2026-09-15T15:53:24.818455+00:00
iql_amo,1,0.0003,antmaze-medium-diverse-v2,1,56.00000000000001,1000000,True,50,True,1,choi,jax,ammd_s1_default__08cefd8b,1e34514ddf70bfc8a78757d9a78b82306627164c,77632f62205b32266edb06cf137e9830ea5b4236,main/iql_amo/antmaze-medium-diverse-v2/3e-4/seed_1/ammd_s1_default__08cefd8b,/home/choi/AMO_store/iql_amo_jax_antmaze_beta1_rlr/runs/iqlamo_jax_b1_rlr3e-4_ammd_s1,eval.jsonl,1,normalized_score,2026-09-15T16:09:44.615346+00:00
iql_amo,1,0.0003,antmaze-medium-diverse-v2,2,44.0,1000000,True,50,False,2,choi,jax,ammd_s2_default__63a86843,1e34514ddf70bfc8a78757d9a78b82306627164c,77632f62205b32266edb06cf137e9830ea5b4236,main/iql_amo/antmaze-medium-diverse-v2/3e-4/seed_2/ammd_s2_default__63a86843,/home/choi/AMO_store/iql_amo_jax_antmaze_beta1_rlr/runs/iqlamo_jax_b1_rlr3e-4_ammd_s2,eval.jsonl,1,normalized_score,2026-09-15T16:09:47.058708+00:00
iql_amo,1,0.0003,antmaze-medium-diverse-v2,2,74.0,1000000,True,50,True,2,shchoi,jax,ammd_s2_b1_rho0p0003_jax__dad983c6,1e34514ddf70bfc8a78757d9a78b82306627164c,62154bd368146412da3da267ca32fcb25be12f10,main/iql_amo/antmaze-medium-diverse-v2/3e-4/seed_2/ammd_s2_b1_rho0p0003_jax__dad983c6,/home/shchoi/AMO/results/iql_amo_jax_b1_antmaze_s23/runs/iql_amo_jax_am-md_s2_rlr3e-4_b1,final_eval_50.jsonl,1,d4rl_normalized_score,2026-09-16T13:16:19.887572+00:00
iql_amo,1,0.0003,antmaze-medium-diverse-v2,3,82.0,1000000,True,50,True,1,choi,jax,ammd_s3_default__0f2668d8,1e34514ddf70bfc8a78757d9a78b82306627164c,77632f62205b32266edb06cf137e9830ea5b4236,main/iql_amo/antmaze-medium-diverse-v2/3e-4/seed_3/ammd_s3_default__0f2668d8,/home/choi/AMO_store/iql_amo_jax_antmaze_beta1_rlr/runs/iqlamo_jax_b1_rlr3e-4_ammd_s3,eval.jsonl,1,normalized_score,2026-09-15T16:26:02.895024+00:00
iql_amo,1,0.002,antmaze-large-play-v2,0,31.0,1000000,False,100,True,1,ext_csh,torch,amlp_s0_iql_amo_bpi_bpi_sweep_rlr0p002_b1_t0p9__17fb609d,,ec61f717062ebb6bc0f700c024cca43e5645a225,main/iql_amo/antmaze-large-play-v2/2e-3/seed_0/amlp_s0_iql_amo_bpi_bpi_sweep_rlr0p002_b1_t0p9__17fb609d,/home/ext_csh/CORL-iql-adaptive-beta-v1/results/iql_amo_bpi_s0_rlr_binit_loco9_antmaze6/cells/rlr2e-3_b1/antmaze-large-play-v2,eval.jsonl,680,mean_normalized,
iql_amo,1,0.002,antmaze-large-play-v2,1,26.0,1000000,True,50,True,1,choi,jax,amlp_s1_default__932d6ba7,1e34514ddf70bfc8a78757d9a78b82306627164c,77632f62205b32266edb06cf137e9830ea5b4236,main/iql_amo/antmaze-large-play-v2/2e-3/seed_1/amlp_s1_default__932d6ba7,/home/choi/AMO_store/iql_amo_jax_antmaze_beta1_rlr/runs/iqlamo_jax_b1_rlr2e-3_amlp_s1,eval.jsonl,1,normalized_score,2026-09-15T18:36:28.569395+00:00
iql_amo,1,0.002,antmaze-large-play-v2,2,32.0,1000000,True,50,False,2,choi,jax,amlp_s2_default__62076908,1e34514ddf70bfc8a78757d9a78b82306627164c,77632f62205b32266edb06cf137e9830ea5b4236,main/iql_amo/antmaze-large-play-v2/2e-3/seed_2/amlp_s2_default__62076908,/home/choi/AMO_store/iql_amo_jax_antmaze_beta1_rlr/runs/iqlamo_jax_b1_rlr2e-3_amlp_s2,eval.jsonl,1,normalized_score,2026-09-15T18:37:25.814128+00:00
iql_amo,1,0.002,antmaze-large-play-v2,2,56.00000000000001,1000000,True,50,True,2,shchoi,jax,amlp_s2_b1_rho0p002_jax__38565f65,1e34514ddf70bfc8a78757d9a78b82306627164c,62154bd368146412da3da267ca32fcb25be12f10,main/iql_amo/antmaze-large-play-v2/2e-3/seed_2/amlp_s2_b1_rho0p002_jax__38565f65,/home/shchoi/AMO/results/iql_amo_jax_b1_antmaze_s23/runs/iql_amo_jax_am-lp_s2_rlr2e-3_b1,final_eval_50.jsonl,1,d4rl_normalized_score,2026-09-16T14:26:46.947007+00:00
iql_amo,1,0.002,antmaze-large-play-v2,3,26.0,1000000,True,50,True,1,choi,jax,amlp_s3_default__af6b0b30,1e34514ddf70bfc8a78757d9a78b82306627164c,77632f62205b32266edb06cf137e9830ea5b4236,main/iql_amo/antmaze-large-play-v2/2e-3/seed_3/amlp_s3_default__af6b0b30,/home/choi/AMO_store/iql_amo_jax_antmaze_beta1_rlr/runs/iqlamo_jax_b1_rlr2e-3_amlp_s3,eval.jsonl,1,normalized_score,2026-09-15T18:52:57.086390+00:00
iql_amo,1,0.001,antmaze-large-play-v2,0,40.0,1000000,True,50,True,1,choi,jax,amlp_s0_default__623f8939,1e34514ddf70bfc8a78757d9a78b82306627164c,77632f62205b32266edb06cf137e9830ea5b4236,main/iql_amo/antmaze-large-play-v2/1e-3/seed_0/amlp_s0_default__623f8939,/home/choi/AMO_store/iql_amo_jax_antmaze_beta1_rlr/runs/iqlamo_jax_b1_rlr1e-3_amlp_s0,eval.jsonl,1,normalized_score,2026-09-15T18:03:57.813099+00:00
iql_amo,1,0.001,antmaze-large-play-v2,1,38.0,1000000,True,50,True,1,choi,jax,amlp_s1_default__337bddbd,1e34514ddf70bfc8a78757d9a78b82306627164c,77632f62205b32266edb06cf137e9830ea5b4236,main/iql_amo/antmaze-large-play-v2/1e-3/seed_1/amlp_s1_default__337bddbd,/home/choi/AMO_store/iql_amo_jax_antmaze_beta1_rlr/runs/iqlamo_jax_b1_rlr1e-3_amlp_s1,eval.jsonl,1,normalized_score,2026-09-15T18:04:54.081309+00:00
iql_amo,1,0.001,antmaze-large-play-v2,2,36.0,1000000,True,50,True,2,choi,jax,amlp_s2_default__32414969,1e34514ddf70bfc8a78757d9a78b82306627164c,77632f62205b32266edb06cf137e9830ea5b4236,main/iql_amo/antmaze-large-play-v2/1e-3/seed_2/amlp_s2_default__32414969,/home/choi/AMO_store/iql_amo_jax_antmaze_beta1_rlr/runs/iqlamo_jax_b1_rlr1e-3_amlp_s2,eval.jsonl,1,normalized_score,2026-09-15T18:20:26.262752+00:00
iql_amo,1,0.001,antmaze-large-play-v2,2,32.0,1000000,True,50,False,2,shchoi,jax,amlp_s2_b1_rho0p001_jax__078a4169,1e34514ddf70bfc8a78757d9a78b82306627164c,62154bd368146412da3da267ca32fcb25be12f10,main/iql_amo/antmaze-large-play-v2/1e-3/seed_2/amlp_s2_b1_rho0p001_jax__078a4169,/home/shchoi/AMO/results/iql_amo_jax_b1_antmaze_s23/runs/iql_amo_jax_am-lp_s2_rlr1e-3_b1,final_eval_50.jsonl,1,d4rl_normalized_score,2026-09-16T13:45:28.974415+00:00
iql_amo,1,0.001,antmaze-large-play-v2,3,32.0,1000000,True,50,True,1,choi,jax,amlp_s3_default__61fa6ee4,1e34514ddf70bfc8a78757d9a78b82306627164c,77632f62205b32266edb06cf137e9830ea5b4236,main/iql_amo/antmaze-large-play-v2/1e-3/seed_3/amlp_s3_default__61fa6ee4,/home/choi/AMO_store/iql_amo_jax_antmaze_beta1_rlr/runs/iqlamo_jax_b1_rlr1e-3_amlp_s3,eval.jsonl,1,normalized_score,2026-09-15T18:20:26.901081+00:00
iql_amo,1,0.0003,antmaze-large-play-v2,0,42.0,1000000,True,50,True,1,choi,jax,amlp_s0_default__a34e3eea,1e34514ddf70bfc8a78757d9a78b82306627164c,77632f62205b32266edb06cf137e9830ea5b4236,main/iql_amo/antmaze-large-play-v2/3e-4/seed_0/amlp_s0_default__a34e3eea,/home/choi/AMO_store/iql_amo_jax_antmaze_beta1_rlr/runs/iqlamo_jax_b1_rlr3e-4_amlp_s0,eval.jsonl,1,normalized_score,2026-09-15T17:31:29.955510+00:00
iql_amo,1,0.0003,antmaze-large-play-v2,1,40.0,1000000,True,50,True,1,choi,jax,amlp_s1_default__ae4ba038,1e34514ddf70bfc8a78757d9a78b82306627164c,77632f62205b32266edb06cf137e9830ea5b4236,main/iql_amo/antmaze-large-play-v2/3e-4/seed_1/amlp_s1_default__ae4ba038,/home/choi/AMO_store/iql_amo_jax_antmaze_beta1_rlr/runs/iqlamo_jax_b1_rlr3e-4_amlp_s1,eval.jsonl,1,normalized_score,2026-09-15T17:31:29.724036+00:00
iql_amo,1,0.0003,antmaze-large-play-v2,2,36.0,1000000,True,50,True,2,choi,jax,amlp_s2_default__8321a628,1e34514ddf70bfc8a78757d9a78b82306627164c,77632f62205b32266edb06cf137e9830ea5b4236,main/iql_amo/antmaze-large-play-v2/3e-4/seed_2/amlp_s2_default__8321a628,/home/choi/AMO_store/iql_amo_jax_antmaze_beta1_rlr/runs/iqlamo_jax_b1_rlr3e-4_amlp_s2,eval.jsonl,1,normalized_score,2026-09-15T17:47:30.783720+00:00
iql_amo,1,0.0003,antmaze-large-play-v2,2,32.0,1000000,True,50,False,2,shchoi,jax,amlp_s2_b1_rho0p0003_jax__bc2b5c21,1e34514ddf70bfc8a78757d9a78b82306627164c,62154bd368146412da3da267ca32fcb25be12f10,main/iql_amo/antmaze-large-play-v2/3e-4/seed_2/amlp_s2_b1_rho0p0003_jax__bc2b5c21,/home/shchoi/AMO/results/iql_amo_jax_b1_antmaze_s23/runs/iql_amo_jax_am-lp_s2_rlr3e-4_b1,final_eval_50.jsonl,1,d4rl_normalized_score,2026-09-16T13:01:48.194065+00:00
iql_amo,1,0.0003,antmaze-large-play-v2,3,22.0,1000000,True,50,True,1,choi,jax,amlp_s3_default__413837a4,1e34514ddf70bfc8a78757d9a78b82306627164c,77632f62205b32266edb06cf137e9830ea5b4236,main/iql_amo/antmaze-large-play-v2/3e-4/seed_3/amlp_s3_default__413837a4,/home/choi/AMO_store/iql_amo_jax_antmaze_beta1_rlr/runs/iqlamo_jax_b1_rlr3e-4_amlp_s3,eval.jsonl,1,normalized_score,2026-09-15T17:48:28.600228+00:00
iql_amo,1,0.002,antmaze-large-diverse-v2,0,17.0,1000000,False,100,True,1,ext_csh,torch,amld_s0_iql_amo_bpi_bpi_sweep_rlr0p002_b1_t0p9__ab74a9a4,,ec61f717062ebb6bc0f700c024cca43e5645a225,main/iql_amo/antmaze-large-diverse-v2/2e-3/seed_0/amld_s0_iql_amo_bpi_bpi_sweep_rlr0p002_b1_t0p9__ab74a9a4,/home/ext_csh/CORL-iql-adaptive-beta-v1/results/iql_amo_bpi_s0_rlr_binit_loco9_antmaze6/cells/rlr2e-3_b1/antmaze-large-diverse-v2,eval.jsonl,641,mean_normalized,
iql_amo,1,0.002,antmaze-large-diverse-v2,1,34.0,1000000,True,50,True,1,choi,jax,amld_s1_default__cb132e57,1e34514ddf70bfc8a78757d9a78b82306627164c,77632f62205b32266edb06cf137e9830ea5b4236,main/iql_amo/antmaze-large-diverse-v2/2e-3/seed_1/amld_s1_default__cb132e57,/home/choi/AMO_store/iql_amo_jax_antmaze_beta1_rlr/runs/iqlamo_jax_b1_rlr2e-3_amld_s1,eval.jsonl,1,normalized_score,2026-09-15T19:58:27.265798+00:00
iql_amo,1,0.002,antmaze-large-diverse-v2,2,12.0,1000000,True,50,False,2,choi,jax,amld_s2_default__a72cc64c,1e34514ddf70bfc8a78757d9a78b82306627164c,77632f62205b32266edb06cf137e9830ea5b4236,main/iql_amo/antmaze-large-diverse-v2/2e-3/seed_2/amld_s2_default__a72cc64c,/home/choi/AMO_store/iql_amo_jax_antmaze_beta1_rlr/runs/iqlamo_jax_b1_rlr2e-3_amld_s2,eval.jsonl,1,normalized_score,2026-09-15T20:13:59.089552+00:00
iql_amo,1,0.002,antmaze-large-diverse-v2,2,16.0,1000000,True,50,True,2,shchoi,jax,amld_s2_b1_rho0p002_jax__d4eae208,1e34514ddf70bfc8a78757d9a78b82306627164c,62154bd368146412da3da267ca32fcb25be12f10,main/iql_amo/antmaze-large-diverse-v2/2e-3/seed_2/amld_s2_b1_rho0p002_jax__d4eae208,/home/shchoi/AMO/results/iql_amo_jax_b1_antmaze_s23/runs/iql_amo_jax_am-ld_s2_rlr2e-3_b1,final_eval_50.jsonl,1,d4rl_normalized_score,2026-09-16T14:26:27.152167+00:00
iql_amo,1,0.002,antmaze-large-diverse-v2,3,26.0,1000000,True,50,True,1,choi,jax,amld_s3_default__2b39b4b5,1e34514ddf70bfc8a78757d9a78b82306627164c,77632f62205b32266edb06cf137e9830ea5b4236,main/iql_amo/antmaze-large-diverse-v2/2e-3/seed_3/amld_s3_default__2b39b4b5,/home/choi/AMO_store/iql_amo_jax_antmaze_beta1_rlr/runs/iqlamo_jax_b1_rlr2e-3_amld_s3,eval.jsonl,1,normalized_score,2026-09-15T20:15:01.558423+00:00
iql_amo,1,0.001,antmaze-large-diverse-v2,0,14.000000000000002,1000000,True,50,True,1,choi,jax,amld_s0_default__4ba01be8,1e34514ddf70bfc8a78757d9a78b82306627164c,77632f62205b32266edb06cf137e9830ea5b4236,main/iql_amo/antmaze-large-diverse-v2/1e-3/seed_0/amld_s0_default__4ba01be8,/home/choi/AMO_store/iql_amo_jax_antmaze_beta1_rlr/runs/iqlamo_jax_b1_rlr1e-3_amld_s0,eval.jsonl,1,normalized_score,2026-09-15T19:25:30.561394+00:00
iql_amo,1,0.001,antmaze-large-diverse-v2,1,16.0,1000000,True,50,True,1,choi,jax,amld_s1_default__47f94045,1e34514ddf70bfc8a78757d9a78b82306627164c,77632f62205b32266edb06cf137e9830ea5b4236,main/iql_amo/antmaze-large-diverse-v2/1e-3/seed_1/amld_s1_default__47f94045,/home/choi/AMO_store/iql_amo_jax_antmaze_beta1_rlr/runs/iqlamo_jax_b1_rlr1e-3_amld_s1,eval.jsonl,1,normalized_score,2026-09-15T19:41:31.306935+00:00
iql_amo,1,0.001,antmaze-large-diverse-v2,2,12.0,1000000,True,50,False,2,choi,jax,amld_s2_default__83477a03,1e34514ddf70bfc8a78757d9a78b82306627164c,77632f62205b32266edb06cf137e9830ea5b4236,main/iql_amo/antmaze-large-diverse-v2/1e-3/seed_2/amld_s2_default__83477a03,/home/choi/AMO_store/iql_amo_jax_antmaze_beta1_rlr/runs/iqlamo_jax_b1_rlr1e-3_amld_s2,eval.jsonl,1,normalized_score,2026-09-15T19:42:29.992374+00:00
iql_amo,1,0.001,antmaze-large-diverse-v2,2,16.0,1000000,True,50,True,2,shchoi,jax,amld_s2_b1_rho0p001_jax__34da0954,1e34514ddf70bfc8a78757d9a78b82306627164c,62154bd368146412da3da267ca32fcb25be12f10,main/iql_amo/antmaze-large-diverse-v2/1e-3/seed_2/amld_s2_b1_rho0p001_jax__34da0954,/home/shchoi/AMO/results/iql_amo_jax_b1_antmaze_s23/runs/iql_amo_jax_am-ld_s2_rlr1e-3_b1,final_eval_50.jsonl,1,d4rl_normalized_score,2026-09-16T13:45:01.987650+00:00
iql_amo,1,0.001,antmaze-large-diverse-v2,3,30.0,1000000,True,50,True,1,choi,jax,amld_s3_default__2e87910e,1e34514ddf70bfc8a78757d9a78b82306627164c,77632f62205b32266edb06cf137e9830ea5b4236,main/iql_amo/antmaze-large-diverse-v2/1e-3/seed_3/amld_s3_default__2e87910e,/home/choi/AMO_store/iql_amo_jax_antmaze_beta1_rlr/runs/iqlamo_jax_b1_rlr1e-3_amld_s3,eval.jsonl,1,normalized_score,2026-09-15T19:57:29.479062+00:00
iql_amo,1,0.0003,antmaze-large-diverse-v2,0,14.000000000000002,1000000,True,50,True,1,choi,jax,amld_s0_default__e2866a7f,1e34514ddf70bfc8a78757d9a78b82306627164c,77632f62205b32266edb06cf137e9830ea5b4236,main/iql_amo/antmaze-large-diverse-v2/3e-4/seed_0/amld_s0_default__e2866a7f,/home/choi/AMO_store/iql_amo_jax_antmaze_beta1_rlr/runs/iqlamo_jax_b1_rlr3e-4_amld_s0,eval.jsonl,1,normalized_score,2026-09-15T18:52:57.444069+00:00
iql_amo,1,0.0003,antmaze-large-diverse-v2,1,10.0,1000000,True,50,True,1,choi,jax,amld_s1_default__1ab7ef37,1e34514ddf70bfc8a78757d9a78b82306627164c,77632f62205b32266edb06cf137e9830ea5b4236,main/iql_amo/antmaze-large-diverse-v2/3e-4/seed_1/amld_s1_default__1ab7ef37,/home/choi/AMO_store/iql_amo_jax_antmaze_beta1_rlr/runs/iqlamo_jax_b1_rlr3e-4_amld_s1,eval.jsonl,1,normalized_score,2026-09-15T19:09:00.510056+00:00
iql_amo,1,0.0003,antmaze-large-diverse-v2,2,8.0,1000000,True,50,False,2,choi,jax,amld_s2_default__5cb3c3b8,1e34514ddf70bfc8a78757d9a78b82306627164c,77632f62205b32266edb06cf137e9830ea5b4236,main/iql_amo/antmaze-large-diverse-v2/3e-4/seed_2/amld_s2_default__5cb3c3b8,/home/choi/AMO_store/iql_amo_jax_antmaze_beta1_rlr/runs/iqlamo_jax_b1_rlr3e-4_amld_s2,eval.jsonl,1,normalized_score,2026-09-15T19:09:58.969385+00:00
iql_amo,1,0.0003,antmaze-large-diverse-v2,2,18.0,1000000,True,50,True,2,shchoi,jax,amld_s2_b1_rho0p0003_jax__e1b5ffca,1e34514ddf70bfc8a78757d9a78b82306627164c,62154bd368146412da3da267ca32fcb25be12f10,main/iql_amo/antmaze-large-diverse-v2/3e-4/seed_2/amld_s2_b1_rho0p0003_jax__e1b5ffca,/home/shchoi/AMO/results/iql_amo_jax_b1_antmaze_s23/runs/iql_amo_jax_am-ld_s2_rlr3e-4_b1,final_eval_50.jsonl,1,d4rl_normalized_score,2026-09-16T13:04:09.623093+00:00
iql_amo,1,0.0003,antmaze-large-diverse-v2,3,18.0,1000000,True,50,True,1,choi,jax,amld_s3_default__37dfe26b,1e34514ddf70bfc8a78757d9a78b82306627164c,77632f62205b32266edb06cf137e9830ea5b4236,main/iql_amo/antmaze-large-diverse-v2/3e-4/seed_3/amld_s3_default__37dfe26b,/home/choi/AMO_store/iql_amo_jax_antmaze_beta1_rlr/runs/iqlamo_jax_b1_rlr3e-4_amld_s3,eval.jsonl,1,normalized_score,2026-09-15T19:25:30.598349+00:00
iql_amo,2,0.002,halfcheetah-medium-v2,0,48.406768765556585,1000000,True,50,True,1,shchoi,jax,hcm_s0_b2_rho0p002_jax__27477ca7,1e34514ddf70bfc8a78757d9a78b82306627164c,62154bd368146412da3da267ca32fcb25be12f10,main/iql_amo/halfcheetah-medium-v2/2e-3/seed_0/hcm_s0_b2_rho0p002_jax__27477ca7,/home/shchoi/AMO/results/iql_amo_jax_b2_loco_antmaze/runs/iql_amo_jax_hc-m_s0_rlr2e-3_b2,final_eval_50.jsonl,1,d4rl_normalized_score,2026-09-16T01:44:53.370748+00:00
iql_amo,2,0.002,halfcheetah-medium-v2,1,48.547986290151485,1000000,True,50,True,1,shchoi,jax,hcm_s1_b2_rho0p002_jax__9c236c5a,1e34514ddf70bfc8a78757d9a78b82306627164c,62154bd368146412da3da267ca32fcb25be12f10,main/iql_amo/halfcheetah-medium-v2/2e-3/seed_1/hcm_s1_b2_rho0p002_jax__9c236c5a,/home/shchoi/AMO/results/iql_amo_jax_b2_loco_antmaze/runs/iql_amo_jax_hc-m_s1_rlr2e-3_b2,final_eval_50.jsonl,1,d4rl_normalized_score,2026-09-16T02:27:30.257270+00:00
iql_amo,2,0.002,halfcheetah-medium-v2,2,48.51819191732738,1000000,True,50,True,1,shchoi,jax,hcm_s2_b2_rho0p002_jax__719a39c3,1e34514ddf70bfc8a78757d9a78b82306627164c,62154bd368146412da3da267ca32fcb25be12f10,main/iql_amo/halfcheetah-medium-v2/2e-3/seed_2/hcm_s2_b2_rho0p002_jax__719a39c3,/home/shchoi/AMO/results/iql_amo_jax_b2_loco_antmaze/runs/iql_amo_jax_hc-m_s2_rlr2e-3_b2,final_eval_50.jsonl,1,d4rl_normalized_score,2026-09-16T03:20:04.844982+00:00
iql_amo,2,0.002,halfcheetah-medium-v2,3,48.430542847598225,1000000,True,50,True,1,shchoi,jax,hcm_s3_b2_rho0p002_jax__4c8e39b7,1e34514ddf70bfc8a78757d9a78b82306627164c,62154bd368146412da3da267ca32fcb25be12f10,main/iql_amo/halfcheetah-medium-v2/2e-3/seed_3/hcm_s3_b2_rho0p002_jax__4c8e39b7,/home/shchoi/AMO/results/iql_amo_jax_b2_loco_antmaze/runs/iql_amo_jax_hc-m_s3_rlr2e-3_b2,final_eval_50.jsonl,1,d4rl_normalized_score,2026-09-16T04:02:50.261041+00:00
iql_amo,2,0.001,halfcheetah-medium-v2,0,48.616513370456076,1000000,True,50,True,1,shchoi,jax,hcm_s0_b2_rho0p001_jax__55cd7d85,1e34514ddf70bfc8a78757d9a78b82306627164c,62154bd368146412da3da267ca32fcb25be12f10,main/iql_amo/halfcheetah-medium-v2/1e-3/seed_0/hcm_s0_b2_rho0p001_jax__55cd7d85,/home/shchoi/AMO/results/iql_amo_jax_b2_loco_antmaze/runs/iql_amo_jax_hc-m_s0_rlr1e-3_b2,final_eval_50.jsonl,1,d4rl_normalized_score,2026-09-15T22:36:12.818596+00:00
iql_amo,2,0.001,halfcheetah-medium-v2,1,48.49974779078947,1000000,True,50,True,1,shchoi,jax,hcm_s1_b2_rho0p001_jax__593b6bcc,1e34514ddf70bfc8a78757d9a78b82306627164c,62154bd368146412da3da267ca32fcb25be12f10,main/iql_amo/halfcheetah-medium-v2/1e-3/seed_1/hcm_s1_b2_rho0p001_jax__593b6bcc,/home/shchoi/AMO/results/iql_amo_jax_b2_loco_antmaze/runs/iql_amo_jax_hc-m_s1_rlr1e-3_b2,final_eval_50.jsonl,1,d4rl_normalized_score,2026-09-15T23:18:52.750375+00:00
iql_amo,2,0.001,halfcheetah-medium-v2,2,48.812718810080106,1000000,True,50,True,1,shchoi,jax,hcm_s2_b2_rho0p001_jax__4f38f13f,1e34514ddf70bfc8a78757d9a78b82306627164c,62154bd368146412da3da267ca32fcb25be12f10,main/iql_amo/halfcheetah-medium-v2/1e-3/seed_2/hcm_s2_b2_rho0p001_jax__4f38f13f,/home/shchoi/AMO/results/iql_amo_jax_b2_loco_antmaze/runs/iql_amo_jax_hc-m_s2_rlr1e-3_b2,final_eval_50.jsonl,1,d4rl_normalized_score,2026-09-16T00:11:35.661032+00:00
iql_amo,2,0.001,halfcheetah-medium-v2,3,48.45117330210828,1000000,True,50,True,1,shchoi,jax,hcm_s3_b2_rho0p001_jax__98d9d462,1e34514ddf70bfc8a78757d9a78b82306627164c,62154bd368146412da3da267ca32fcb25be12f10,main/iql_amo/halfcheetah-medium-v2/1e-3/seed_3/hcm_s3_b2_rho0p001_jax__98d9d462,/home/shchoi/AMO/results/iql_amo_jax_b2_loco_antmaze/runs/iql_amo_jax_hc-m_s3_rlr1e-3_b2,final_eval_50.jsonl,1,d4rl_normalized_score,2026-09-16T00:54:15.929192+00:00
iql_amo,2,0.0003,halfcheetah-medium-v2,0,48.539106036429,1000000,True,50,True,1,shchoi,jax,hcm_s0_b2_rho0p0003_jax__3656b24e,1e34514ddf70bfc8a78757d9a78b82306627164c,62154bd368146412da3da267ca32fcb25be12f10,main/iql_amo/halfcheetah-medium-v2/3e-4/seed_0/hcm_s0_b2_rho0p0003_jax__3656b24e,/home/shchoi/AMO/results/iql_amo_jax_b2_loco_antmaze/runs/iql_amo_jax_hc-m_s0_rlr3e-4_b2,final_eval_50.jsonl,1,d4rl_normalized_score,2026-09-15T19:27:33.493200+00:00
iql_amo,2,0.0003,halfcheetah-medium-v2,1,48.60427704894013,1000000,True,50,True,1,shchoi,jax,hcm_s1_b2_rho0p0003_jax__1cc8e6b8,1e34514ddf70bfc8a78757d9a78b82306627164c,62154bd368146412da3da267ca32fcb25be12f10,main/iql_amo/halfcheetah-medium-v2/3e-4/seed_1/hcm_s1_b2_rho0p0003_jax__1cc8e6b8,/home/shchoi/AMO/results/iql_amo_jax_b2_loco_antmaze/runs/iql_amo_jax_hc-m_s1_rlr3e-4_b2,final_eval_50.jsonl,1,d4rl_normalized_score,2026-09-15T20:08:07.848314+00:00
iql_amo,2,0.0003,halfcheetah-medium-v2,2,48.95531256834795,1000000,True,50,True,1,shchoi,jax,hcm_s2_b2_rho0p0003_jax__50c47bd2,1e34514ddf70bfc8a78757d9a78b82306627164c,62154bd368146412da3da267ca32fcb25be12f10,main/iql_amo/halfcheetah-medium-v2/3e-4/seed_2/hcm_s2_b2_rho0p0003_jax__50c47bd2,/home/shchoi/AMO/results/iql_amo_jax_b2_loco_antmaze/runs/iql_amo_jax_hc-m_s2_rlr3e-4_b2,final_eval_50.jsonl,1,d4rl_normalized_score,2026-09-15T21:00:53.390910+00:00
iql_amo,2,0.0003,halfcheetah-medium-v2,3,49.10693449529372,1000000,True,50,True,1,shchoi,jax,hcm_s3_b2_rho0p0003_jax__c40861c9,1e34514ddf70bfc8a78757d9a78b82306627164c,62154bd368146412da3da267ca32fcb25be12f10,main/iql_amo/halfcheetah-medium-v2/3e-4/seed_3/hcm_s3_b2_rho0p0003_jax__c40861c9,/home/shchoi/AMO/results/iql_amo_jax_b2_loco_antmaze/runs/iql_amo_jax_hc-m_s3_rlr3e-4_b2,final_eval_50.jsonl,1,d4rl_normalized_score,2026-09-15T21:43:24.123097+00:00
iql_amo,2,0.002,halfcheetah-medium-replay-v2,0,44.20916016587601,1000000,True,50,True,1,shchoi,jax,hcmr_s0_b2_rho0p002_jax__7a12e2ad,1e34514ddf70bfc8a78757d9a78b82306627164c,62154bd368146412da3da267ca32fcb25be12f10,main/iql_amo/halfcheetah-medium-replay-v2/2e-3/seed_0/hcmr_s0_b2_rho0p002_jax__7a12e2ad,/home/shchoi/AMO/results/iql_amo_jax_b2_loco_antmaze/runs/iql_amo_jax_hc-mr_s0_rlr2e-3_b2,final_eval_50.jsonl,1,d4rl_normalized_score,2026-09-16T01:34:49.336246+00:00
iql_amo,2,0.002,halfcheetah-medium-replay-v2,1,43.81720302243292,1000000,True,50,True,1,shchoi,jax,hcmr_s1_b2_rho0p002_jax__eab9c136,1e34514ddf70bfc8a78757d9a78b82306627164c,62154bd368146412da3da267ca32fcb25be12f10,main/iql_amo/halfcheetah-medium-replay-v2/2e-3/seed_1/hcmr_s1_b2_rho0p002_jax__eab9c136,/home/shchoi/AMO/results/iql_amo_jax_b2_loco_antmaze/runs/iql_amo_jax_hc-mr_s1_rlr2e-3_b2,final_eval_50.jsonl,1,d4rl_normalized_score,2026-09-16T02:25:26.414403+00:00
iql_amo,2,0.002,halfcheetah-medium-replay-v2,2,43.21532297058104,1000000,True,50,True,1,shchoi,jax,hcmr_s2_b2_rho0p002_jax__7aaeb57d,1e34514ddf70bfc8a78757d9a78b82306627164c,62154bd368146412da3da267ca32fcb25be12f10,main/iql_amo/halfcheetah-medium-replay-v2/2e-3/seed_2/hcmr_s2_b2_rho0p002_jax__7aaeb57d,/home/shchoi/AMO/results/iql_amo_jax_b2_loco_antmaze/runs/iql_amo_jax_hc-mr_s2_rlr2e-3_b2,final_eval_50.jsonl,1,d4rl_normalized_score,2026-09-16T03:08:01.049386+00:00
iql_amo,2,0.002,halfcheetah-medium-replay-v2,3,45.08405236536734,1000000,True,50,True,1,shchoi,jax,hcmr_s3_b2_rho0p002_jax__1f29b488,1e34514ddf70bfc8a78757d9a78b82306627164c,62154bd368146412da3da267ca32fcb25be12f10,main/iql_amo/halfcheetah-medium-replay-v2/2e-3/seed_3/hcmr_s3_b2_rho0p002_jax__1f29b488,/home/shchoi/AMO/results/iql_amo_jax_b2_loco_antmaze/runs/iql_amo_jax_hc-mr_s3_rlr2e-3_b2,final_eval_50.jsonl,1,d4rl_normalized_score,2026-09-16T04:00:46.180536+00:00
iql_amo,2,0.001,halfcheetah-medium-replay-v2,0,44.50351466923625,1000000,True,50,True,1,shchoi,jax,hcmr_s0_b2_rho0p001_jax__0378204f,1e34514ddf70bfc8a78757d9a78b82306627164c,62154bd368146412da3da267ca32fcb25be12f10,main/iql_amo/halfcheetah-medium-replay-v2/1e-3/seed_0/hcmr_s0_b2_rho0p001_jax__0378204f,/home/shchoi/AMO/results/iql_amo_jax_b2_loco_antmaze/runs/iql_amo_jax_hc-mr_s0_rlr1e-3_b2,final_eval_50.jsonl,1,d4rl_normalized_score,2026-09-15T22:24:06.696090+00:00
iql_amo,2,0.001,halfcheetah-medium-replay-v2,1,44.50029848361312,1000000,True,50,True,1,shchoi,jax,hcmr_s1_b2_rho0p001_jax__bf9e0261,1e34514ddf70bfc8a78757d9a78b82306627164c,62154bd368146412da3da267ca32fcb25be12f10,main/iql_amo/halfcheetah-medium-replay-v2/1e-3/seed_1/hcmr_s1_b2_rho0p001_jax__bf9e0261,/home/shchoi/AMO/results/iql_amo_jax_b2_loco_antmaze/runs/iql_amo_jax_hc-mr_s1_rlr1e-3_b2,final_eval_50.jsonl,1,d4rl_normalized_score,2026-09-15T23:16:44.403115+00:00
iql_amo,2,0.001,halfcheetah-medium-replay-v2,2,43.6579979685841,1000000,True,50,True,1,shchoi,jax,hcmr_s2_b2_rho0p001_jax__ef1b9978,1e34514ddf70bfc8a78757d9a78b82306627164c,62154bd368146412da3da267ca32fcb25be12f10,main/iql_amo/halfcheetah-medium-replay-v2/1e-3/seed_2/hcmr_s2_b2_rho0p001_jax__ef1b9978,/home/shchoi/AMO/results/iql_amo_jax_b2_loco_antmaze/runs/iql_amo_jax_hc-mr_s2_rlr1e-3_b2,final_eval_50.jsonl,1,d4rl_normalized_score,2026-09-15T23:59:27.506966+00:00
iql_amo,2,0.001,halfcheetah-medium-replay-v2,3,41.36348382326017,1000000,True,50,True,1,shchoi,jax,hcmr_s3_b2_rho0p001_jax__9a876b15,1e34514ddf70bfc8a78757d9a78b82306627164c,62154bd368146412da3da267ca32fcb25be12f10,main/iql_amo/halfcheetah-medium-replay-v2/1e-3/seed_3/hcmr_s3_b2_rho0p001_jax__9a876b15,/home/shchoi/AMO/results/iql_amo_jax_b2_loco_antmaze/runs/iql_amo_jax_hc-mr_s3_rlr1e-3_b2,final_eval_50.jsonl,1,d4rl_normalized_score,2026-09-16T00:52:08.016437+00:00
iql_amo,2,0.0003,halfcheetah-medium-replay-v2,0,45.10319574392244,1000000,True,50,True,1,shchoi,jax,hcmr_s0_b2_rho0p0003_jax__bbdd060a,1e34514ddf70bfc8a78757d9a78b82306627164c,62154bd368146412da3da267ca32fcb25be12f10,main/iql_amo/halfcheetah-medium-replay-v2/3e-4/seed_0/hcmr_s0_b2_rho0p0003_jax__bbdd060a,/home/shchoi/AMO/results/iql_amo_jax_b2_loco_antmaze/runs/iql_amo_jax_hc-mr_s0_rlr3e-4_b2,final_eval_50.jsonl,1,d4rl_normalized_score,2026-09-15T19:13:21.931736+00:00
iql_amo,2,0.0003,halfcheetah-medium-replay-v2,1,43.61755884742969,1000000,True,50,True,1,shchoi,jax,hcmr_s1_b2_rho0p0003_jax__5a171548,1e34514ddf70bfc8a78757d9a78b82306627164c,62154bd368146412da3da267ca32fcb25be12f10,main/iql_amo/halfcheetah-medium-replay-v2/3e-4/seed_1/hcmr_s1_b2_rho0p0003_jax__5a171548,/home/shchoi/AMO/results/iql_amo_jax_b2_loco_antmaze/runs/iql_amo_jax_hc-mr_s1_rlr3e-4_b2,final_eval_50.jsonl,1,d4rl_normalized_score,2026-09-15T20:08:14.100855+00:00
iql_amo,2,0.0003,halfcheetah-medium-replay-v2,2,45.23168517551879,1000000,True,50,True,1,shchoi,jax,hcmr_s2_b2_rho0p0003_jax__60f36fbb,1e34514ddf70bfc8a78757d9a78b82306627164c,62154bd368146412da3da267ca32fcb25be12f10,main/iql_amo/halfcheetah-medium-replay-v2/3e-4/seed_2/hcmr_s2_b2_rho0p0003_jax__60f36fbb,/home/shchoi/AMO/results/iql_amo_jax_b2_loco_antmaze/runs/iql_amo_jax_hc-mr_s2_rlr3e-4_b2,final_eval_50.jsonl,1,d4rl_normalized_score,2026-09-15T20:48:48.888205+00:00
iql_amo,2,0.0003,halfcheetah-medium-replay-v2,3,44.275133436852535,1000000,True,50,True,1,shchoi,jax,hcmr_s3_b2_rho0p0003_jax__7e7fc951,1e34514ddf70bfc8a78757d9a78b82306627164c,62154bd368146412da3da267ca32fcb25be12f10,main/iql_amo/halfcheetah-medium-replay-v2/3e-4/seed_3/hcmr_s3_b2_rho0p0003_jax__7e7fc951,/home/shchoi/AMO/results/iql_amo_jax_b2_loco_antmaze/runs/iql_amo_jax_hc-mr_s3_rlr3e-4_b2,final_eval_50.jsonl,1,d4rl_normalized_score,2026-09-15T21:43:32.488419+00:00
iql_amo,2,0.002,halfcheetah-medium-expert-v2,0,93.29766655791519,1000000,True,50,True,1,shchoi,jax,hme_s0_b2_rho0p002_jax__41fe5769,1e34514ddf70bfc8a78757d9a78b82306627164c,62154bd368146412da3da267ca32fcb25be12f10,main/iql_amo/halfcheetah-medium-expert-v2/2e-3/seed_0/hme_s0_b2_rho0p002_jax__41fe5769,/home/shchoi/AMO/results/iql_amo_jax_b2_loco_antmaze/runs/iql_amo_jax_hc-me_s0_rlr2e-3_b2,final_eval_50.jsonl,1,d4rl_normalized_score,2026-09-16T01:32:43.335152+00:00
iql_amo,2,0.002,halfcheetah-medium-expert-v2,1,85.78629703140514,1000000,True,50,True,1,shchoi,jax,hme_s1_b2_rho0p002_jax__73ec45e6,1e34514ddf70bfc8a78757d9a78b82306627164c,62154bd368146412da3da267ca32fcb25be12f10,main/iql_amo/halfcheetah-medium-expert-v2/2e-3/seed_1/hme_s1_b2_rho0p002_jax__73ec45e6,/home/shchoi/AMO/results/iql_amo_jax_b2_loco_antmaze/runs/iql_amo_jax_hc-me_s1_rlr2e-3_b2,final_eval_50.jsonl,1,d4rl_normalized_score,2026-09-16T02:15:22.632933+00:00
iql_amo,2,0.002,halfcheetah-medium-expert-v2,2,92.97592320190854,1000000,True,50,True,1,shchoi,jax,hme_s2_b2_rho0p002_jax__e6a97670,1e34514ddf70bfc8a78757d9a78b82306627164c,62154bd368146412da3da267ca32fcb25be12f10,main/iql_amo/halfcheetah-medium-expert-v2/2e-3/seed_2/hme_s2_b2_rho0p002_jax__e6a97670,/home/shchoi/AMO/results/iql_amo_jax_b2_loco_antmaze/runs/iql_amo_jax_hc-me_s2_rlr2e-3_b2,final_eval_50.jsonl,1,d4rl_normalized_score,2026-09-16T03:05:57.136293+00:00
iql_amo,2,0.002,halfcheetah-medium-expert-v2,3,91.67813903361558,1000000,True,50,True,1,shchoi,jax,hme_s3_b2_rho0p002_jax__b562839c,1e34514ddf70bfc8a78757d9a78b82306627164c,62154bd368146412da3da267ca32fcb25be12f10,main/iql_amo/halfcheetah-medium-expert-v2/2e-3/seed_3/hme_s3_b2_rho0p002_jax__b562839c,/home/shchoi/AMO/results/iql_amo_jax_b2_loco_antmaze/runs/iql_amo_jax_hc-me_s3_rlr2e-3_b2,final_eval_50.jsonl,1,d4rl_normalized_score,2026-09-16T03:48:42.250616+00:00
iql_amo,2,0.001,halfcheetah-medium-expert-v2,0,92.25124553610947,1000000,True,50,True,1,shchoi,jax,hme_s0_b2_rho0p001_jax__3c5b9eae,1e34514ddf70bfc8a78757d9a78b82306627164c,62154bd368146412da3da267ca32fcb25be12f10,main/iql_amo/halfcheetah-medium-expert-v2/1e-3/seed_0/hme_s0_b2_rho0p001_jax__3c5b9eae,/home/shchoi/AMO/results/iql_amo_jax_b2_loco_antmaze/runs/iql_amo_jax_hc-me_s0_rlr1e-3_b2,final_eval_50.jsonl,1,d4rl_normalized_score,2026-09-15T22:24:02.591045+00:00
iql_amo,2,0.001,halfcheetah-medium-expert-v2,1,93.78098558868759,1000000,True,50,True,1,shchoi,jax,hme_s1_b2_rho0p001_jax__6e18b037,1e34514ddf70bfc8a78757d9a78b82306627164c,62154bd368146412da3da267ca32fcb25be12f10,main/iql_amo/halfcheetah-medium-expert-v2/1e-3/seed_1/hme_s1_b2_rho0p001_jax__6e18b037,/home/shchoi/AMO/results/iql_amo_jax_b2_loco_antmaze/runs/iql_amo_jax_hc-me_s1_rlr1e-3_b2,final_eval_50.jsonl,1,d4rl_normalized_score,2026-09-15T23:04:34.382896+00:00
iql_amo,2,0.001,halfcheetah-medium-expert-v2,2,92.63726271268445,1000000,True,50,True,1,shchoi,jax,hme_s2_b2_rho0p001_jax__400fba33,1e34514ddf70bfc8a78757d9a78b82306627164c,62154bd368146412da3da267ca32fcb25be12f10,main/iql_amo/halfcheetah-medium-expert-v2/1e-3/seed_2/hme_s2_b2_rho0p001_jax__400fba33,/home/shchoi/AMO/results/iql_amo_jax_b2_loco_antmaze/runs/iql_amo_jax_hc-me_s2_rlr1e-3_b2,final_eval_50.jsonl,1,d4rl_normalized_score,2026-09-15T23:57:20.486132+00:00
iql_amo,2,0.001,halfcheetah-medium-expert-v2,3,93.30126619369534,1000000,True,50,True,1,shchoi,jax,hme_s3_b2_rho0p001_jax__f4937ee5,1e34514ddf70bfc8a78757d9a78b82306627164c,62154bd368146412da3da267ca32fcb25be12f10,main/iql_amo/halfcheetah-medium-expert-v2/1e-3/seed_3/hme_s3_b2_rho0p001_jax__f4937ee5,/home/shchoi/AMO/results/iql_amo_jax_b2_loco_antmaze/runs/iql_amo_jax_hc-me_s3_rlr1e-3_b2,final_eval_50.jsonl,1,d4rl_normalized_score,2026-09-16T00:40:03.941736+00:00
iql_amo,2,0.0003,halfcheetah-medium-expert-v2,0,85.21462314988798,1000000,True,50,True,1,shchoi,jax,hme_s0_b2_rho0p0003_jax__432e6a17,1e34514ddf70bfc8a78757d9a78b82306627164c,62154bd368146412da3da267ca32fcb25be12f10,main/iql_amo/halfcheetah-medium-expert-v2/3e-4/seed_0/hme_s0_b2_rho0p0003_jax__432e6a17,/home/shchoi/AMO/results/iql_amo_jax_b2_loco_antmaze/runs/iql_amo_jax_hc-me_s0_rlr3e-4_b2,final_eval_50.jsonl,1,d4rl_normalized_score,2026-09-15T19:13:18.437363+00:00
iql_amo,2,0.0003,halfcheetah-medium-expert-v2,1,84.23919545245,1000000,True,50,True,1,shchoi,jax,hme_s1_b2_rho0p0003_jax__c8309014,1e34514ddf70bfc8a78757d9a78b82306627164c,62154bd368146412da3da267ca32fcb25be12f10,main/iql_amo/halfcheetah-medium-expert-v2/3e-4/seed_1/hme_s1_b2_rho0p0003_jax__c8309014,/home/shchoi/AMO/results/iql_amo_jax_b2_loco_antmaze/runs/iql_amo_jax_hc-me_s1_rlr3e-4_b2,final_eval_50.jsonl,1,d4rl_normalized_score,2026-09-15T19:53:53.582738+00:00
iql_amo,2,0.0003,halfcheetah-medium-expert-v2,2,88.46215501147168,1000000,True,50,True,1,shchoi,jax,hme_s2_b2_rho0p0003_jax__6c73eab8,1e34514ddf70bfc8a78757d9a78b82306627164c,62154bd368146412da3da267ca32fcb25be12f10,main/iql_amo/halfcheetah-medium-expert-v2/3e-4/seed_2/hme_s2_b2_rho0p0003_jax__6c73eab8,/home/shchoi/AMO/results/iql_amo_jax_b2_loco_antmaze/runs/iql_amo_jax_hc-me_s2_rlr3e-4_b2,final_eval_50.jsonl,1,d4rl_normalized_score,2026-09-15T20:48:43.985349+00:00
iql_amo,2,0.0003,halfcheetah-medium-expert-v2,3,88.29578278367998,1000000,True,50,True,1,shchoi,jax,hme_s3_b2_rho0p0003_jax__b5033387,1e34514ddf70bfc8a78757d9a78b82306627164c,62154bd368146412da3da267ca32fcb25be12f10,main/iql_amo/halfcheetah-medium-expert-v2/3e-4/seed_3/hme_s3_b2_rho0p0003_jax__b5033387,/home/shchoi/AMO/results/iql_amo_jax_b2_loco_antmaze/runs/iql_amo_jax_hc-me_s3_rlr3e-4_b2,final_eval_50.jsonl,1,d4rl_normalized_score,2026-09-15T21:29:12.889136+00:00
iql_amo,2,0.002,hopper-medium-v2,0,58.495638896894775,1000000,True,50,True,1,shchoi,jax,hopm_s0_b2_rho0p002_jax_det__a61d45f1,1e34514ddf70bfc8a78757d9a78b82306627164c,62154bd368146412da3da267ca32fcb25be12f10,main/iql_amo/hopper-medium-v2/2e-3/seed_0/hopm_s0_b2_rho0p002_jax_det__a61d45f1,/home/shchoi/AMO/results/iql_amo_jax_b2_loco_antmaze/runs/iql_amo_jax_h-m_s0_rlr2e-3_b2,final_eval_50.jsonl,1,d4rl_normalized_score,2026-09-15T18:25:35.887479+00:00
iql_amo,2,0.002,hopper-medium-v2,1,57.290676555406996,1000000,True,50,True,1,shchoi,jax,hopm_s1_b2_rho0p002_jax_det__570bd6f8,1e34514ddf70bfc8a78757d9a78b82306627164c,62154bd368146412da3da267ca32fcb25be12f10,main/iql_amo/hopper-medium-v2/2e-3/seed_1/hopm_s1_b2_rho0p002_jax_det__570bd6f8,/home/shchoi/AMO/results/iql_amo_jax_b2_loco_antmaze/runs/iql_amo_jax_h-m_s1_rlr2e-3_b2,final_eval_50.jsonl,1,d4rl_normalized_score,2026-09-15T18:34:57.527496+00:00
iql_amo,2,0.002,hopper-medium-v2,2,59.35312926751739,1000000,True,50,True,1,shchoi,jax,hopm_s2_b2_rho0p002_jax_det__522406c4,1e34514ddf70bfc8a78757d9a78b82306627164c,62154bd368146412da3da267ca32fcb25be12f10,main/iql_amo/hopper-medium-v2/2e-3/seed_2/hopm_s2_b2_rho0p002_jax_det__522406c4,/home/shchoi/AMO/results/iql_amo_jax_b2_loco_antmaze/runs/iql_amo_jax_h-m_s2_rlr2e-3_b2,final_eval_50.jsonl,1,d4rl_normalized_score,2026-09-15T18:47:01.489525+00:00
iql_amo,2,0.002,hopper-medium-v2,3,59.21702817206908,1000000,True,50,True,1,shchoi,jax,hopm_s3_b2_rho0p002_jax_det__e1fbd64d,1e34514ddf70bfc8a78757d9a78b82306627164c,62154bd368146412da3da267ca32fcb25be12f10,main/iql_amo/hopper-medium-v2/2e-3/seed_3/hopm_s3_b2_rho0p002_jax_det__e1fbd64d,/home/shchoi/AMO/results/iql_amo_jax_b2_loco_antmaze/runs/iql_amo_jax_h-m_s3_rlr2e-3_b2,final_eval_50.jsonl,1,d4rl_normalized_score,2026-09-15T19:01:14.702811+00:00
iql_amo,2,0.001,hopper-medium-v2,0,71.44733267283972,1000000,True,50,True,1,shchoi,jax,hopm_s0_b2_rho0p001_jax_det__b6033a8c,1e34514ddf70bfc8a78757d9a78b82306627164c,62154bd368146412da3da267ca32fcb25be12f10,main/iql_amo/hopper-medium-v2/1e-3/seed_0/hopm_s0_b2_rho0p001_jax_det__b6033a8c,/home/shchoi/AMO/results/iql_amo_jax_b2_loco_antmaze/runs/iql_amo_jax_h-m_s0_rlr1e-3_b2,final_eval_50.jsonl,1,d4rl_normalized_score,2026-09-15T18:11:24.429199+00:00
iql_amo,2,0.001,hopper-medium-v2,1,52.11223548945709,1000000,True,50,True,1,shchoi,jax,hopm_s1_b2_rho0p001_jax_det__3b87152c,1e34514ddf70bfc8a78757d9a78b82306627164c,62154bd368146412da3da267ca32fcb25be12f10,main/iql_amo/hopper-medium-v2/1e-3/seed_1/hopm_s1_b2_rho0p001_jax_det__3b87152c,/home/shchoi/AMO/results/iql_amo_jax_b2_loco_antmaze/runs/iql_amo_jax_h-m_s1_rlr1e-3_b2,final_eval_50.jsonl,1,d4rl_normalized_score,2026-09-15T18:11:26.905150+00:00
iql_amo,2,0.001,hopper-medium-v2,2,62.6418497771492,1000000,True,50,True,1,shchoi,jax,hopm_s2_b2_rho0p001_jax_det__3734b71d,1e34514ddf70bfc8a78757d9a78b82306627164c,62154bd368146412da3da267ca32fcb25be12f10,main/iql_amo/hopper-medium-v2/1e-3/seed_2/hopm_s2_b2_rho0p001_jax_det__3734b71d,/home/shchoi/AMO/results/iql_amo_jax_b2_loco_antmaze/runs/iql_amo_jax_h-m_s2_rlr1e-3_b2,final_eval_50.jsonl,1,d4rl_normalized_score,2026-09-15T18:11:32.624768+00:00
iql_amo,2,0.001,hopper-medium-v2,3,60.1366146162068,1000000,True,50,True,1,shchoi,jax,hopm_s3_b2_rho0p001_jax_det__460dcdb8,1e34514ddf70bfc8a78757d9a78b82306627164c,62154bd368146412da3da267ca32fcb25be12f10,main/iql_amo/hopper-medium-v2/1e-3/seed_3/hopm_s3_b2_rho0p001_jax_det__460dcdb8,/home/shchoi/AMO/results/iql_amo_jax_b2_loco_antmaze/runs/iql_amo_jax_h-m_s3_rlr1e-3_b2,final_eval_50.jsonl,1,d4rl_normalized_score,2026-09-15T18:11:38.922338+00:00
iql_amo,2,0.0003,hopper-medium-v2,0,62.85731747122456,1000000,True,50,True,1,shchoi,jax,hopm_s0_b2_rho0p0003_jax_det__ed4a36a2,1e34514ddf70bfc8a78757d9a78b82306627164c,62154bd368146412da3da267ca32fcb25be12f10,main/iql_amo/hopper-medium-v2/3e-4/seed_0/hopm_s0_b2_rho0p0003_jax_det__ed4a36a2,/home/shchoi/AMO/results/iql_amo_jax_b2_loco_antmaze/runs/iql_amo_jax_h-m_s0_rlr3e-4_b2,final_eval_50.jsonl,1,d4rl_normalized_score,2026-09-15T16:35:12.295612+00:00
iql_amo,2,0.0003,hopper-medium-v2,1,50.278157200841086,1000000,True,50,True,1,shchoi,jax,hopm_s1_b2_rho0p0003_jax_det__48e9a945,1e34514ddf70bfc8a78757d9a78b82306627164c,62154bd368146412da3da267ca32fcb25be12f10,main/iql_amo/hopper-medium-v2/3e-4/seed_1/hopm_s1_b2_rho0p0003_jax_det__48e9a945,/home/shchoi/AMO/results/iql_amo_jax_b2_loco_antmaze/runs/iql_amo_jax_h-m_s1_rlr3e-4_b2,final_eval_50.jsonl,1,d4rl_normalized_score,2026-09-15T18:11:29.396458+00:00
iql_amo,2,0.0003,hopper-medium-v2,2,57.45489942047377,1000000,True,50,True,1,shchoi,jax,hopm_s2_b2_rho0p0003_jax_det__a1e51983,1e34514ddf70bfc8a78757d9a78b82306627164c,62154bd368146412da3da267ca32fcb25be12f10,main/iql_amo/hopper-medium-v2/3e-4/seed_2/hopm_s2_b2_rho0p0003_jax_det__a1e51983,/home/shchoi/AMO/results/iql_amo_jax_b2_loco_antmaze/runs/iql_amo_jax_h-m_s2_rlr3e-4_b2,final_eval_50.jsonl,1,d4rl_normalized_score,2026-09-15T18:11:35.688400+00:00
iql_amo,2,0.0003,hopper-medium-v2,3,55.41375649940249,1000000,True,50,True,1,shchoi,jax,hopm_s3_b2_rho0p0003_jax_det__600c626e,1e34514ddf70bfc8a78757d9a78b82306627164c,62154bd368146412da3da267ca32fcb25be12f10,main/iql_amo/hopper-medium-v2/3e-4/seed_3/hopm_s3_b2_rho0p0003_jax_det__600c626e,/home/shchoi/AMO/results/iql_amo_jax_b2_loco_antmaze/runs/iql_amo_jax_h-m_s3_rlr3e-4_b2,final_eval_50.jsonl,1,d4rl_normalized_score,2026-09-15T18:11:41.606239+00:00
iql_amo,2,0.002,hopper-medium-replay-v2,0,90.75932136503869,1000000,True,50,True,1,shchoi,jax,hopmr_s0_b2_rho0p002_jax_det__3a5a5318,1e34514ddf70bfc8a78757d9a78b82306627164c,62154bd368146412da3da267ca32fcb25be12f10,main/iql_amo/hopper-medium-replay-v2/2e-3/seed_0/hopmr_s0_b2_rho0p002_jax_det__3a5a5318,/home/shchoi/AMO/results/iql_amo_jax_b2_loco_antmaze/runs/iql_amo_jax_h-mr_s0_rlr2e-3_b2,final_eval_50.jsonl,1,d4rl_normalized_score,2026-09-15T18:25:40.588586+00:00
iql_amo,2,0.002,hopper-medium-replay-v2,1,79.12702848436672,1000000,True,50,True,1,shchoi,jax,hopmr_s1_b2_rho0p002_jax_det__f11c8953,1e34514ddf70bfc8a78757d9a78b82306627164c,62154bd368146412da3da267ca32fcb25be12f10,main/iql_amo/hopper-medium-replay-v2/2e-3/seed_1/hopmr_s1_b2_rho0p002_jax_det__f11c8953,/home/shchoi/AMO/results/iql_amo_jax_b2_loco_antmaze/runs/iql_amo_jax_h-mr_s1_rlr2e-3_b2,final_eval_50.jsonl,1,d4rl_normalized_score,2026-09-15T18:32:54.686863+00:00
iql_amo,2,0.002,hopper-medium-replay-v2,2,101.47194244513456,1000000,True,50,True,1,shchoi,jax,hopmr_s2_b2_rho0p002_jax_det__71836eaf,1e34514ddf70bfc8a78757d9a78b82306627164c,62154bd368146412da3da267ca32fcb25be12f10,main/iql_amo/hopper-medium-replay-v2/2e-3/seed_2/hopmr_s2_b2_rho0p002_jax_det__71836eaf,/home/shchoi/AMO/results/iql_amo_jax_b2_loco_antmaze/runs/iql_amo_jax_h-mr_s2_rlr2e-3_b2,final_eval_50.jsonl,1,d4rl_normalized_score,2026-09-15T18:47:07.094806+00:00
iql_amo,2,0.002,hopper-medium-replay-v2,3,102.24554955519064,1000000,True,50,True,1,shchoi,jax,hopmr_s3_b2_rho0p002_jax_det__38ecd4da,1e34514ddf70bfc8a78757d9a78b82306627164c,62154bd368146412da3da267ca32fcb25be12f10,main/iql_amo/hopper-medium-replay-v2/2e-3/seed_3/hopmr_s3_b2_rho0p002_jax_det__38ecd4da,/home/shchoi/AMO/results/iql_amo_jax_b2_loco_antmaze/runs/iql_amo_jax_h-mr_s3_rlr2e-3_b2,final_eval_50.jsonl,1,d4rl_normalized_score,2026-09-15T18:59:11.931207+00:00
iql_amo,2,0.001,hopper-medium-replay-v2,0,89.2143678387808,1000000,True,50,True,1,shchoi,jax,hopmr_s0_b2_rho0p001_jax_det__37964cba,1e34514ddf70bfc8a78757d9a78b82306627164c,62154bd368146412da3da267ca32fcb25be12f10,main/iql_amo/hopper-medium-replay-v2/1e-3/seed_0/hopmr_s0_b2_rho0p001_jax_det__37964cba,/home/shchoi/AMO/results/iql_amo_jax_b2_loco_antmaze/runs/iql_amo_jax_h-mr_s0_rlr1e-3_b2,final_eval_50.jsonl,1,d4rl_normalized_score,2026-09-15T18:11:45.988366+00:00
iql_amo,2,0.001,hopper-medium-replay-v2,1,93.32000981360173,1000000,True,50,True,1,shchoi,jax,hopmr_s1_b2_rho0p001_jax_det__67e96841,1e34514ddf70bfc8a78757d9a78b82306627164c,62154bd368146412da3da267ca32fcb25be12f10,main/iql_amo/hopper-medium-replay-v2/1e-3/seed_1/hopmr_s1_b2_rho0p001_jax_det__67e96841,/home/shchoi/AMO/results/iql_amo_jax_b2_loco_antmaze/runs/iql_amo_jax_h-mr_s1_rlr1e-3_b2,final_eval_50.jsonl,1,d4rl_normalized_score,2026-09-15T18:11:50.736318+00:00
iql_amo,2,0.001,hopper-medium-replay-v2,2,70.70288273257233,1000000,True,50,True,1,shchoi,jax,hopmr_s2_b2_rho0p001_jax_det__cedf07a5,1e34514ddf70bfc8a78757d9a78b82306627164c,62154bd368146412da3da267ca32fcb25be12f10,main/iql_amo/hopper-medium-replay-v2/1e-3/seed_2/hopmr_s2_b2_rho0p001_jax_det__cedf07a5,/home/shchoi/AMO/results/iql_amo_jax_b2_loco_antmaze/runs/iql_amo_jax_h-mr_s2_rlr1e-3_b2,final_eval_50.jsonl,1,d4rl_normalized_score,2026-09-15T18:12:00.178722+00:00
iql_amo,2,0.001,hopper-medium-replay-v2,3,101.27073088720245,1000000,True,50,True,1,shchoi,jax,hopmr_s3_b2_rho0p001_jax_det__f697df0d,1e34514ddf70bfc8a78757d9a78b82306627164c,62154bd368146412da3da267ca32fcb25be12f10,main/iql_amo/hopper-medium-replay-v2/1e-3/seed_3/hopmr_s3_b2_rho0p001_jax_det__f697df0d,/home/shchoi/AMO/results/iql_amo_jax_b2_loco_antmaze/runs/iql_amo_jax_h-mr_s3_rlr1e-3_b2,final_eval_50.jsonl,1,d4rl_normalized_score,2026-09-15T18:12:09.574913+00:00
iql_amo,2,0.0003,hopper-medium-replay-v2,0,90.4295552720171,1000000,True,50,True,1,shchoi,jax,hopmr_s0_b2_rho0p0003_jax_det__790f086d,1e34514ddf70bfc8a78757d9a78b82306627164c,62154bd368146412da3da267ca32fcb25be12f10,main/iql_amo/hopper-medium-replay-v2/3e-4/seed_0/hopmr_s0_b2_rho0p0003_jax_det__790f086d,/home/shchoi/AMO/results/iql_amo_jax_b2_loco_antmaze/runs/iql_amo_jax_h-mr_s0_rlr3e-4_b2,final_eval_50.jsonl,1,d4rl_normalized_score,2026-09-15T16:35:17.079726+00:00
iql_amo,2,0.0003,hopper-medium-replay-v2,1,97.44328835202435,1000000,True,50,True,1,shchoi,jax,hopmr_s1_b2_rho0p0003_jax_det__ee364bb1,1e34514ddf70bfc8a78757d9a78b82306627164c,62154bd368146412da3da267ca32fcb25be12f10,main/iql_amo/hopper-medium-replay-v2/3e-4/seed_1/hopmr_s1_b2_rho0p0003_jax_det__ee364bb1,/home/shchoi/AMO/results/iql_amo_jax_b2_loco_antmaze/runs/iql_amo_jax_h-mr_s1_rlr3e-4_b2,final_eval_50.jsonl,1,d4rl_normalized_score,2026-09-15T18:11:56.380384+00:00
iql_amo,2,0.0003,hopper-medium-replay-v2,2,84.38117516115705,1000000,True,50,True,1,shchoi,jax,hopmr_s2_b2_rho0p0003_jax_det__0952c15e,1e34514ddf70bfc8a78757d9a78b82306627164c,62154bd368146412da3da267ca32fcb25be12f10,main/iql_amo/hopper-medium-replay-v2/3e-4/seed_2/hopmr_s2_b2_rho0p0003_jax_det__0952c15e,/home/shchoi/AMO/results/iql_amo_jax_b2_loco_antmaze/runs/iql_amo_jax_h-mr_s2_rlr3e-4_b2,final_eval_50.jsonl,1,d4rl_normalized_score,2026-09-15T18:12:04.531358+00:00
iql_amo,2,0.0003,hopper-medium-replay-v2,3,101.34818147575902,1000000,True,50,True,1,shchoi,jax,hopmr_s3_b2_rho0p0003_jax_det__32518b5a,1e34514ddf70bfc8a78757d9a78b82306627164c,62154bd368146412da3da267ca32fcb25be12f10,main/iql_amo/hopper-medium-replay-v2/3e-4/seed_3/hopmr_s3_b2_rho0p0003_jax_det__32518b5a,/home/shchoi/AMO/results/iql_amo_jax_b2_loco_antmaze/runs/iql_amo_jax_h-mr_s3_rlr3e-4_b2,final_eval_50.jsonl,1,d4rl_normalized_score,2026-09-15T18:12:14.349778+00:00
iql_amo,2,0.002,hopper-medium-expert-v2,0,60.12371364941664,1000000,True,50,True,1,shchoi,jax,hopme_s0_b2_rho0p002_jax__f4ea35c1,1e34514ddf70bfc8a78757d9a78b82306627164c,62154bd368146412da3da267ca32fcb25be12f10,main/iql_amo/hopper-medium-expert-v2/2e-3/seed_0/hopme_s0_b2_rho0p002_jax__f4ea35c1,/home/shchoi/AMO/results/iql_amo_jax_b2_loco_antmaze/runs/iql_amo_jax_h-me_s0_rlr2e-3_b2,final_eval_50.jsonl,1,d4rl_normalized_score,2026-09-16T01:46:55.838718+00:00
iql_amo,2,0.002,hopper-medium-expert-v2,1,109.34841134520737,1000000,True,50,True,1,shchoi,jax,hopme_s1_b2_rho0p002_jax__f8c92dfb,1e34514ddf70bfc8a78757d9a78b82306627164c,62154bd368146412da3da267ca32fcb25be12f10,main/iql_amo/hopper-medium-expert-v2/2e-3/seed_1/hopme_s1_b2_rho0p002_jax__f8c92dfb,/home/shchoi/AMO/results/iql_amo_jax_b2_loco_antmaze/runs/iql_amo_jax_h-me_s1_rlr2e-3_b2,final_eval_50.jsonl,1,d4rl_normalized_score,2026-09-16T02:39:35.197952+00:00
iql_amo,2,0.002,hopper-medium-expert-v2,2,112.90598880506117,1000000,True,50,True,1,shchoi,jax,hopme_s2_b2_rho0p002_jax__c84b757a,1e34514ddf70bfc8a78757d9a78b82306627164c,62154bd368146412da3da267ca32fcb25be12f10,main/iql_amo/hopper-medium-expert-v2/2e-3/seed_2/hopme_s2_b2_rho0p002_jax__c84b757a,/home/shchoi/AMO/results/iql_amo_jax_b2_loco_antmaze/runs/iql_amo_jax_h-me_s2_rlr2e-3_b2,final_eval_50.jsonl,1,d4rl_normalized_score,2026-09-16T03:22:10.015609+00:00
iql_amo,2,0.002,hopper-medium-expert-v2,3,111.73035898087123,1000000,True,50,True,1,shchoi,jax,hopme_s3_b2_rho0p002_jax__c313f414,1e34514ddf70bfc8a78757d9a78b82306627164c,62154bd368146412da3da267ca32fcb25be12f10,main/iql_amo/hopper-medium-expert-v2/2e-3/seed_3/hopme_s3_b2_rho0p002_jax__c313f414,/home/shchoi/AMO/results/iql_amo_jax_b2_loco_antmaze/runs/iql_amo_jax_h-me_s3_rlr2e-3_b2,final_eval_50.jsonl,1,d4rl_normalized_score,2026-09-16T04:14:55.616341+00:00
iql_amo,2,0.001,hopper-medium-expert-v2,0,107.47858646212542,1000000,True,50,True,1,shchoi,jax,hopme_s0_b2_rho0p001_jax__0d365057,1e34514ddf70bfc8a78757d9a78b82306627164c,62154bd368146412da3da267ca32fcb25be12f10,main/iql_amo/hopper-medium-expert-v2/1e-3/seed_0/hopme_s0_b2_rho0p001_jax__0d365057,/home/shchoi/AMO/results/iql_amo_jax_b2_loco_antmaze/runs/iql_amo_jax_h-me_s0_rlr1e-3_b2,final_eval_50.jsonl,1,d4rl_normalized_score,2026-09-15T22:38:18.182770+00:00
iql_amo,2,0.001,hopper-medium-expert-v2,1,109.54747767800545,1000000,True,50,True,1,shchoi,jax,hopme_s1_b2_rho0p001_jax__37058677,1e34514ddf70bfc8a78757d9a78b82306627164c,62154bd368146412da3da267ca32fcb25be12f10,main/iql_amo/hopper-medium-expert-v2/1e-3/seed_1/hopme_s1_b2_rho0p001_jax__37058677,/home/shchoi/AMO/results/iql_amo_jax_b2_loco_antmaze/runs/iql_amo_jax_h-me_s1_rlr1e-3_b2,final_eval_50.jsonl,1,d4rl_normalized_score,2026-09-15T23:30:57.653158+00:00
iql_amo,2,0.001,hopper-medium-expert-v2,2,102.44486291005374,1000000,True,50,True,1,shchoi,jax,hopme_s2_b2_rho0p001_jax__b0da0fd9,1e34514ddf70bfc8a78757d9a78b82306627164c,62154bd368146412da3da267ca32fcb25be12f10,main/iql_amo/hopper-medium-expert-v2/1e-3/seed_2/hopme_s2_b2_rho0p001_jax__b0da0fd9,/home/shchoi/AMO/results/iql_amo_jax_b2_loco_antmaze/runs/iql_amo_jax_h-me_s2_rlr1e-3_b2,final_eval_50.jsonl,1,d4rl_normalized_score,2026-09-16T00:11:32.041244+00:00
iql_amo,2,0.001,hopper-medium-expert-v2,3,46.75336385767307,1000000,True,50,True,1,shchoi,jax,hopme_s3_b2_rho0p001_jax__ad269ce5,1e34514ddf70bfc8a78757d9a78b82306627164c,62154bd368146412da3da267ca32fcb25be12f10,main/iql_amo/hopper-medium-expert-v2/1e-3/seed_3/hopme_s3_b2_rho0p001_jax__ad269ce5,/home/shchoi/AMO/results/iql_amo_jax_b2_loco_antmaze/runs/iql_amo_jax_h-me_s3_rlr1e-3_b2,final_eval_50.jsonl,1,d4rl_normalized_score,2026-09-16T01:04:18.058550+00:00
iql_amo,2,0.0003,hopper-medium-expert-v2,0,111.63799414157074,1000000,True,50,True,1,shchoi,jax,hopme_s0_b2_rho0p0003_jax__b5c55e03,1e34514ddf70bfc8a78757d9a78b82306627164c,62154bd368146412da3da267ca32fcb25be12f10,main/iql_amo/hopper-medium-expert-v2/3e-4/seed_0/hopme_s0_b2_rho0p0003_jax__b5c55e03,/home/shchoi/AMO/results/iql_amo_jax_b2_loco_antmaze/runs/iql_amo_jax_h-me_s0_rlr3e-4_b2,final_eval_50.jsonl,1,d4rl_normalized_score,2026-09-15T19:27:29.753311+00:00
iql_amo,2,0.0003,hopper-medium-expert-v2,1,63.53646162790181,1000000,True,50,True,1,shchoi,jax,hopme_s1_b2_rho0p0003_jax__f3d53034,1e34514ddf70bfc8a78757d9a78b82306627164c,62154bd368146412da3da267ca32fcb25be12f10,main/iql_amo/hopper-medium-expert-v2/3e-4/seed_1/hopme_s1_b2_rho0p0003_jax__f3d53034,/home/shchoi/AMO/results/iql_amo_jax_b2_loco_antmaze/runs/iql_amo_jax_h-me_s1_rlr3e-4_b2,final_eval_50.jsonl,1,d4rl_normalized_score,2026-09-15T20:20:16.973270+00:00
iql_amo,2,0.0003,hopper-medium-expert-v2,2,86.99979931429365,1000000,True,50,True,1,shchoi,jax,hopme_s2_b2_rho0p0003_jax__d81586b8,1e34514ddf70bfc8a78757d9a78b82306627164c,62154bd368146412da3da267ca32fcb25be12f10,main/iql_amo/hopper-medium-expert-v2/3e-4/seed_2/hopme_s2_b2_rho0p0003_jax__d81586b8,/home/shchoi/AMO/results/iql_amo_jax_b2_loco_antmaze/runs/iql_amo_jax_h-me_s2_rlr3e-4_b2,final_eval_50.jsonl,1,d4rl_normalized_score,2026-09-15T21:02:57.841904+00:00
iql_amo,2,0.0003,hopper-medium-expert-v2,3,98.30161113252764,1000000,True,50,True,1,shchoi,jax,hopme_s3_b2_rho0p0003_jax__5dc97dfa,1e34514ddf70bfc8a78757d9a78b82306627164c,62154bd368146412da3da267ca32fcb25be12f10,main/iql_amo/hopper-medium-expert-v2/3e-4/seed_3/hopme_s3_b2_rho0p0003_jax__5dc97dfa,/home/shchoi/AMO/results/iql_amo_jax_b2_loco_antmaze/runs/iql_amo_jax_h-me_s3_rlr3e-4_b2,final_eval_50.jsonl,1,d4rl_normalized_score,2026-09-15T21:57:43.723222+00:00
iql_amo,2,0.002,walker2d-medium-v2,0,72.99556081242835,1000000,True,50,True,1,shchoi,jax,wm_s0_b2_rho0p002_jax__23cbad2f,1e34514ddf70bfc8a78757d9a78b82306627164c,62154bd368146412da3da267ca32fcb25be12f10,main/iql_amo/walker2d-medium-v2/2e-3/seed_0/wm_s0_b2_rho0p002_jax__23cbad2f,/home/shchoi/AMO/results/iql_amo_jax_b2_loco_antmaze/runs/iql_amo_jax_w-m_s0_rlr2e-3_b2,final_eval_50.jsonl,1,d4rl_normalized_score,2026-09-16T02:13:14.107376+00:00
iql_amo,2,0.002,walker2d-medium-v2,1,85.12452756086468,1000000,True,50,True,1,shchoi,jax,wm_s1_b2_rho0p002_jax__b037d218,1e34514ddf70bfc8a78757d9a78b82306627164c,62154bd368146412da3da267ca32fcb25be12f10,main/iql_amo/walker2d-medium-v2/2e-3/seed_1/wm_s1_b2_rho0p002_jax__b037d218,/home/shchoi/AMO/results/iql_amo_jax_b2_loco_antmaze/runs/iql_amo_jax_w-m_s1_rlr2e-3_b2,final_eval_50.jsonl,1,d4rl_normalized_score,2026-09-16T02:55:53.128357+00:00
iql_amo,2,0.002,walker2d-medium-v2,2,83.67748977140435,1000000,True,50,True,1,shchoi,jax,wm_s2_b2_rho0p002_jax__e1819b5d,1e34514ddf70bfc8a78757d9a78b82306627164c,62154bd368146412da3da267ca32fcb25be12f10,main/iql_amo/walker2d-medium-v2/2e-3/seed_2/wm_s2_b2_rho0p002_jax__e1819b5d,/home/shchoi/AMO/results/iql_amo_jax_b2_loco_antmaze/runs/iql_amo_jax_w-m_s2_rlr2e-3_b2,final_eval_50.jsonl,1,d4rl_normalized_score,2026-09-16T03:46:38.410767+00:00
iql_amo,2,0.002,walker2d-medium-v2,3,84.10251819138307,1000000,True,50,True,1,shchoi,jax,wm_s3_b2_rho0p002_jax__d16e9a87,1e34514ddf70bfc8a78757d9a78b82306627164c,62154bd368146412da3da267ca32fcb25be12f10,main/iql_amo/walker2d-medium-v2/2e-3/seed_3/wm_s3_b2_rho0p002_jax__d16e9a87,/home/shchoi/AMO/results/iql_amo_jax_b2_loco_antmaze/runs/iql_amo_jax_w-m_s3_rlr2e-3_b2,final_eval_50.jsonl,1,d4rl_normalized_score,2026-09-16T04:29:12.754310+00:00
iql_amo,2,0.001,walker2d-medium-v2,0,78.0536344938533,1000000,True,50,True,1,shchoi,jax,wm_s0_b2_rho0p001_jax__88c80d73,1e34514ddf70bfc8a78757d9a78b82306627164c,62154bd368146412da3da267ca32fcb25be12f10,main/iql_amo/walker2d-medium-v2/1e-3/seed_0/wm_s0_b2_rho0p001_jax__88c80d73,/home/shchoi/AMO/results/iql_amo_jax_b2_loco_antmaze/runs/iql_amo_jax_w-m_s0_rlr1e-3_b2,final_eval_50.jsonl,1,d4rl_normalized_score,2026-09-15T23:04:40.011541+00:00
iql_amo,2,0.001,walker2d-medium-v2,1,83.59439114626693,1000000,True,50,True,1,shchoi,jax,wm_s1_b2_rho0p001_jax__ce2d84e2,1e34514ddf70bfc8a78757d9a78b82306627164c,62154bd368146412da3da267ca32fcb25be12f10,main/iql_amo/walker2d-medium-v2/1e-3/seed_1/wm_s1_b2_rho0p001_jax__ce2d84e2,/home/shchoi/AMO/results/iql_amo_jax_b2_loco_antmaze/runs/iql_amo_jax_w-m_s1_rlr1e-3_b2,final_eval_50.jsonl,1,d4rl_normalized_score,2026-09-15T23:45:10.825732+00:00
iql_amo,2,0.001,walker2d-medium-v2,2,79.61977488635176,1000000,True,50,True,1,shchoi,jax,wm_s2_b2_rho0p001_jax__f760f326,1e34514ddf70bfc8a78757d9a78b82306627164c,62154bd368146412da3da267ca32fcb25be12f10,main/iql_amo/walker2d-medium-v2/1e-3/seed_2/wm_s2_b2_rho0p001_jax__f760f326,/home/shchoi/AMO/results/iql_amo_jax_b2_loco_antmaze/runs/iql_amo_jax_w-m_s2_rlr1e-3_b2,final_eval_50.jsonl,1,d4rl_normalized_score,2026-09-16T00:37:59.975881+00:00
iql_amo,2,0.001,walker2d-medium-v2,3,80.26771582562748,1000000,True,50,True,1,shchoi,jax,wm_s3_b2_rho0p001_jax__6aabbb09,1e34514ddf70bfc8a78757d9a78b82306627164c,62154bd368146412da3da267ca32fcb25be12f10,main/iql_amo/walker2d-medium-v2/1e-3/seed_3/wm_s3_b2_rho0p001_jax__6aabbb09,/home/shchoi/AMO/results/iql_amo_jax_b2_loco_antmaze/runs/iql_amo_jax_w-m_s3_rlr1e-3_b2,final_eval_50.jsonl,1,d4rl_normalized_score,2026-09-16T01:20:35.109246+00:00
iql_amo,2,0.0003,walker2d-medium-v2,0,75.9056721394027,1000000,True,50,True,1,shchoi,jax,wm_s0_b2_rho0p0003_jax__51370191,1e34514ddf70bfc8a78757d9a78b82306627164c,62154bd368146412da3da267ca32fcb25be12f10,main/iql_amo/walker2d-medium-v2/3e-4/seed_0/wm_s0_b2_rho0p0003_jax__51370191,/home/shchoi/AMO/results/iql_amo_jax_b2_loco_antmaze/runs/iql_amo_jax_w-m_s0_rlr3e-4_b2,final_eval_50.jsonl,1,d4rl_normalized_score,2026-09-15T19:53:59.131794+00:00
iql_amo,2,0.0003,walker2d-medium-v2,1,76.9923744582287,1000000,True,50,True,1,shchoi,jax,wm_s1_b2_rho0p0003_jax__d47c736d,1e34514ddf70bfc8a78757d9a78b82306627164c,62154bd368146412da3da267ca32fcb25be12f10,main/iql_amo/walker2d-medium-v2/3e-4/seed_1/wm_s1_b2_rho0p0003_jax__d47c736d,/home/shchoi/AMO/results/iql_amo_jax_b2_loco_antmaze/runs/iql_amo_jax_w-m_s1_rlr3e-4_b2,final_eval_50.jsonl,1,d4rl_normalized_score,2026-09-15T20:34:30.675872+00:00
iql_amo,2,0.0003,walker2d-medium-v2,2,77.51063267937101,1000000,True,50,True,1,shchoi,jax,wm_s2_b2_rho0p0003_jax__43a36cf0,1e34514ddf70bfc8a78757d9a78b82306627164c,62154bd368146412da3da267ca32fcb25be12f10,main/iql_amo/walker2d-medium-v2/3e-4/seed_2/wm_s2_b2_rho0p0003_jax__43a36cf0,/home/shchoi/AMO/results/iql_amo_jax_b2_loco_antmaze/runs/iql_amo_jax_w-m_s2_rlr3e-4_b2,final_eval_50.jsonl,1,d4rl_normalized_score,2026-09-15T21:29:17.660189+00:00
iql_amo,2,0.0003,walker2d-medium-v2,3,83.54927258380357,1000000,True,50,True,1,shchoi,jax,wm_s3_b2_rho0p0003_jax__fdd757d0,1e34514ddf70bfc8a78757d9a78b82306627164c,62154bd368146412da3da267ca32fcb25be12f10,main/iql_amo/walker2d-medium-v2/3e-4/seed_3/wm_s3_b2_rho0p0003_jax__fdd757d0,/home/shchoi/AMO/results/iql_amo_jax_b2_loco_antmaze/runs/iql_amo_jax_w-m_s3_rlr3e-4_b2,final_eval_50.jsonl,1,d4rl_normalized_score,2026-09-15T22:09:49.986348+00:00
iql_amo,2,0.002,walker2d-medium-replay-v2,0,82.13492121161201,1000000,True,50,True,1,shchoi,jax,wmr_s0_b2_rho0p002_jax__c25ad38d,1e34514ddf70bfc8a78757d9a78b82306627164c,62154bd368146412da3da267ca32fcb25be12f10,main/iql_amo/walker2d-medium-replay-v2/2e-3/seed_0/wmr_s0_b2_rho0p002_jax__c25ad38d,/home/shchoi/AMO/results/iql_amo_jax_b2_loco_antmaze/runs/iql_amo_jax_w-mr_s0_rlr2e-3_b2,final_eval_50.jsonl,1,d4rl_normalized_score,2026-09-16T02:01:09.063918+00:00
iql_amo,2,0.002,walker2d-medium-replay-v2,1,77.99556488413256,1000000,True,50,True,1,shchoi,jax,wmr_s1_b2_rho0p002_jax__fa4a1ea1,1e34514ddf70bfc8a78757d9a78b82306627164c,62154bd368146412da3da267ca32fcb25be12f10,main/iql_amo/walker2d-medium-replay-v2/2e-3/seed_1/wmr_s1_b2_rho0p002_jax__fa4a1ea1,/home/shchoi/AMO/results/iql_amo_jax_b2_loco_antmaze/runs/iql_amo_jax_w-mr_s1_rlr2e-3_b2,final_eval_50.jsonl,1,d4rl_normalized_score,2026-09-16T02:53:47.283958+00:00
iql_amo,2,0.002,walker2d-medium-replay-v2,2,70.12609417272596,1000000,True,50,True,1,shchoi,jax,wmr_s2_b2_rho0p002_jax__edd502ce,1e34514ddf70bfc8a78757d9a78b82306627164c,62154bd368146412da3da267ca32fcb25be12f10,main/iql_amo/walker2d-medium-replay-v2/2e-3/seed_2/wmr_s2_b2_rho0p002_jax__edd502ce,/home/shchoi/AMO/results/iql_amo_jax_b2_loco_antmaze/runs/iql_amo_jax_w-mr_s2_rlr2e-3_b2,final_eval_50.jsonl,1,d4rl_normalized_score,2026-09-16T03:36:32.131008+00:00
iql_amo,2,0.002,walker2d-medium-replay-v2,3,77.05715706422244,1000000,True,50,True,1,shchoi,jax,wmr_s3_b2_rho0p002_jax__23ada2cc,1e34514ddf70bfc8a78757d9a78b82306627164c,62154bd368146412da3da267ca32fcb25be12f10,main/iql_amo/walker2d-medium-replay-v2/2e-3/seed_3/wmr_s3_b2_rho0p002_jax__23ada2cc,/home/shchoi/AMO/results/iql_amo_jax_b2_loco_antmaze/runs/iql_amo_jax_w-mr_s3_rlr2e-3_b2,final_eval_50.jsonl,1,d4rl_normalized_score,2026-09-16T04:27:06.953168+00:00
iql_amo,2,0.001,walker2d-medium-replay-v2,0,83.59635675120997,1000000,True,50,True,1,shchoi,jax,wmr_s0_b2_rho0p001_jax__a9d158ae,1e34514ddf70bfc8a78757d9a78b82306627164c,62154bd368146412da3da267ca32fcb25be12f10,main/iql_amo/walker2d-medium-replay-v2/1e-3/seed_0/wmr_s0_b2_rho0p001_jax__a9d158ae,/home/shchoi/AMO/results/iql_amo_jax_b2_loco_antmaze/runs/iql_amo_jax_w-mr_s0_rlr1e-3_b2,final_eval_50.jsonl,1,d4rl_normalized_score,2026-09-15T22:50:30.193930+00:00
iql_amo,2,0.001,walker2d-medium-replay-v2,1,59.453055918357656,1000000,True,50,True,1,shchoi,jax,wmr_s1_b2_rho0p001_jax__5d6f2180,1e34514ddf70bfc8a78757d9a78b82306627164c,62154bd368146412da3da267ca32fcb25be12f10,main/iql_amo/walker2d-medium-replay-v2/1e-3/seed_1/wmr_s1_b2_rho0p001_jax__5d6f2180,/home/shchoi/AMO/results/iql_amo_jax_b2_loco_antmaze/runs/iql_amo_jax_w-mr_s1_rlr1e-3_b2,final_eval_50.jsonl,1,d4rl_normalized_score,2026-09-15T23:45:14.661709+00:00
iql_amo,2,0.001,walker2d-medium-replay-v2,2,86.96353872122421,1000000,True,50,True,1,shchoi,jax,wmr_s2_b2_rho0p001_jax__46be6d56,1e34514ddf70bfc8a78757d9a78b82306627164c,62154bd368146412da3da267ca32fcb25be12f10,main/iql_amo/walker2d-medium-replay-v2/1e-3/seed_2/wmr_s2_b2_rho0p001_jax__46be6d56,/home/shchoi/AMO/results/iql_amo_jax_b2_loco_antmaze/runs/iql_amo_jax_w-mr_s2_rlr1e-3_b2,final_eval_50.jsonl,1,d4rl_normalized_score,2026-09-16T00:25:54.428643+00:00
iql_amo,2,0.001,walker2d-medium-replay-v2,3,70.12502119739813,1000000,True,50,True,1,shchoi,jax,wmr_s3_b2_rho0p001_jax__1bf8e713,1e34514ddf70bfc8a78757d9a78b82306627164c,62154bd368146412da3da267ca32fcb25be12f10,main/iql_amo/walker2d-medium-replay-v2/1e-3/seed_3/wmr_s3_b2_rho0p001_jax__1bf8e713,/home/shchoi/AMO/results/iql_amo_jax_b2_loco_antmaze/runs/iql_amo_jax_w-mr_s3_rlr1e-3_b2,final_eval_50.jsonl,1,d4rl_normalized_score,2026-09-16T01:18:29.681993+00:00
iql_amo,2,0.0003,walker2d-medium-replay-v2,0,77.19551753481531,1000000,True,50,True,1,shchoi,jax,wmr_s0_b2_rho0p0003_jax__3985bc8f,1e34514ddf70bfc8a78757d9a78b82306627164c,62154bd368146412da3da267ca32fcb25be12f10,main/iql_amo/walker2d-medium-replay-v2/3e-4/seed_0/wmr_s0_b2_rho0p0003_jax__3985bc8f,/home/shchoi/AMO/results/iql_amo_jax_b2_loco_antmaze/runs/iql_amo_jax_w-mr_s0_rlr3e-4_b2,final_eval_50.jsonl,1,d4rl_normalized_score,2026-09-15T19:41:49.899564+00:00
iql_amo,2,0.0003,walker2d-medium-replay-v2,1,72.5820279628359,1000000,True,50,True,1,shchoi,jax,wmr_s1_b2_rho0p0003_jax__3dc25505,1e34514ddf70bfc8a78757d9a78b82306627164c,62154bd368146412da3da267ca32fcb25be12f10,main/iql_amo/walker2d-medium-replay-v2/3e-4/seed_1/wmr_s1_b2_rho0p0003_jax__3dc25505,/home/shchoi/AMO/results/iql_amo_jax_b2_loco_antmaze/runs/iql_amo_jax_w-mr_s1_rlr3e-4_b2,final_eval_50.jsonl,1,d4rl_normalized_score,2026-09-15T20:34:35.680132+00:00
iql_amo,2,0.0003,walker2d-medium-replay-v2,2,79.18069334855723,1000000,True,50,True,1,shchoi,jax,wmr_s2_b2_rho0p0003_jax__9fb4538f,1e34514ddf70bfc8a78757d9a78b82306627164c,62154bd368146412da3da267ca32fcb25be12f10,main/iql_amo/walker2d-medium-replay-v2/3e-4/seed_2/wmr_s2_b2_rho0p0003_jax__9fb4538f,/home/shchoi/AMO/results/iql_amo_jax_b2_loco_antmaze/runs/iql_amo_jax_w-mr_s2_rlr3e-4_b2,final_eval_50.jsonl,1,d4rl_normalized_score,2026-09-15T21:15:09.204695+00:00
iql_amo,2,0.0003,walker2d-medium-replay-v2,3,79.79152047128755,1000000,True,50,True,1,shchoi,jax,wmr_s3_b2_rho0p0003_jax__a6acc289,1e34514ddf70bfc8a78757d9a78b82306627164c,62154bd368146412da3da267ca32fcb25be12f10,main/iql_amo/walker2d-medium-replay-v2/3e-4/seed_3/wmr_s3_b2_rho0p0003_jax__a6acc289,/home/shchoi/AMO/results/iql_amo_jax_b2_loco_antmaze/runs/iql_amo_jax_w-mr_s3_rlr3e-4_b2,final_eval_50.jsonl,1,d4rl_normalized_score,2026-09-15T22:09:55.249427+00:00
iql_amo,2,0.002,walker2d-medium-expert-v2,0,110.56643111221196,1000000,True,50,True,1,shchoi,jax,wme_s0_b2_rho0p002_jax__6db04021,1e34514ddf70bfc8a78757d9a78b82306627164c,62154bd368146412da3da267ca32fcb25be12f10,main/iql_amo/walker2d-medium-expert-v2/2e-3/seed_0/wme_s0_b2_rho0p002_jax__6db04021,/home/shchoi/AMO/results/iql_amo_jax_b2_loco_antmaze/runs/iql_amo_jax_w-me_s0_rlr2e-3_b2,final_eval_50.jsonl,1,d4rl_normalized_score,2026-09-16T01:59:02.976129+00:00
iql_amo,2,0.002,walker2d-medium-expert-v2,1,113.16165529602632,1000000,True,50,True,1,shchoi,jax,wme_s1_b2_rho0p002_jax__b5799694,1e34514ddf70bfc8a78757d9a78b82306627164c,62154bd368146412da3da267ca32fcb25be12f10,main/iql_amo/walker2d-medium-expert-v2/2e-3/seed_1/wme_s1_b2_rho0p002_jax__b5799694,/home/shchoi/AMO/results/iql_amo_jax_b2_loco_antmaze/runs/iql_amo_jax_w-me_s1_rlr2e-3_b2,final_eval_50.jsonl,1,d4rl_normalized_score,2026-09-16T02:41:41.312321+00:00
iql_amo,2,0.002,walker2d-medium-expert-v2,2,110.28719064571352,1000000,True,50,True,1,shchoi,jax,wme_s2_b2_rho0p002_jax__4c548083,1e34514ddf70bfc8a78757d9a78b82306627164c,62154bd368146412da3da267ca32fcb25be12f10,main/iql_amo/walker2d-medium-expert-v2/2e-3/seed_2/wme_s2_b2_rho0p002_jax__4c548083,/home/shchoi/AMO/results/iql_amo_jax_b2_loco_antmaze/runs/iql_amo_jax_w-me_s2_rlr2e-3_b2,final_eval_50.jsonl,1,d4rl_normalized_score,2026-09-16T03:34:22.639277+00:00
iql_amo,2,0.002,walker2d-medium-expert-v2,3,113.36298247801587,1000000,True,50,True,1,shchoi,jax,wme_s3_b2_rho0p002_jax__c06fa7fb,1e34514ddf70bfc8a78757d9a78b82306627164c,62154bd368146412da3da267ca32fcb25be12f10,main/iql_amo/walker2d-medium-expert-v2/2e-3/seed_3/wme_s3_b2_rho0p002_jax__c06fa7fb,/home/shchoi/AMO/results/iql_amo_jax_b2_loco_antmaze/runs/iql_amo_jax_w-me_s3_rlr2e-3_b2,final_eval_50.jsonl,1,d4rl_normalized_score,2026-09-16T04:17:01.141893+00:00
iql_amo,2,0.001,walker2d-medium-expert-v2,0,111.2435668614315,1000000,True,50,True,1,shchoi,jax,wme_s0_b2_rho0p001_jax__4343c884,1e34514ddf70bfc8a78757d9a78b82306627164c,62154bd368146412da3da267ca32fcb25be12f10,main/iql_amo/walker2d-medium-expert-v2/1e-3/seed_0/wme_s0_b2_rho0p001_jax__4343c884,/home/shchoi/AMO/results/iql_amo_jax_b2_loco_antmaze/runs/iql_amo_jax_w-me_s0_rlr1e-3_b2,final_eval_50.jsonl,1,d4rl_normalized_score,2026-09-15T22:50:24.321111+00:00
iql_amo,2,0.001,walker2d-medium-expert-v2,1,111.83012563479504,1000000,True,50,True,1,shchoi,jax,wme_s1_b2_rho0p001_jax__1f2d5072,1e34514ddf70bfc8a78757d9a78b82306627164c,62154bd368146412da3da267ca32fcb25be12f10,main/iql_amo/walker2d-medium-expert-v2/1e-3/seed_1/wme_s1_b2_rho0p001_jax__1f2d5072,/home/shchoi/AMO/results/iql_amo_jax_b2_loco_antmaze/runs/iql_amo_jax_w-me_s1_rlr1e-3_b2,final_eval_50.jsonl,1,d4rl_normalized_score,2026-09-15T23:31:03.112130+00:00
iql_amo,2,0.001,walker2d-medium-expert-v2,2,111.02332355270231,1000000,True,50,True,1,shchoi,jax,wme_s2_b2_rho0p001_jax__86ca0267,1e34514ddf70bfc8a78757d9a78b82306627164c,62154bd368146412da3da267ca32fcb25be12f10,main/iql_amo/walker2d-medium-expert-v2/1e-3/seed_2/wme_s2_b2_rho0p001_jax__86ca0267,/home/shchoi/AMO/results/iql_amo_jax_b2_loco_antmaze/runs/iql_amo_jax_w-me_s2_rlr1e-3_b2,final_eval_50.jsonl,1,d4rl_normalized_score,2026-09-16T00:25:47.351471+00:00
iql_amo,2,0.001,walker2d-medium-expert-v2,3,112.49356322024069,1000000,True,50,True,1,shchoi,jax,wme_s3_b2_rho0p001_jax__3223dc23,1e34514ddf70bfc8a78757d9a78b82306627164c,62154bd368146412da3da267ca32fcb25be12f10,main/iql_amo/walker2d-medium-expert-v2/1e-3/seed_3/wme_s3_b2_rho0p001_jax__3223dc23,/home/shchoi/AMO/results/iql_amo_jax_b2_loco_antmaze/runs/iql_amo_jax_w-me_s3_rlr1e-3_b2,final_eval_50.jsonl,1,d4rl_normalized_score,2026-09-16T01:06:24.431271+00:00
iql_amo,2,0.0003,walker2d-medium-expert-v2,0,111.21863767009282,1000000,True,50,True,1,shchoi,jax,wme_s0_b2_rho0p0003_jax__f699d040,1e34514ddf70bfc8a78757d9a78b82306627164c,62154bd368146412da3da267ca32fcb25be12f10,main/iql_amo/walker2d-medium-expert-v2/3e-4/seed_0/wme_s0_b2_rho0p0003_jax__f699d040,/home/shchoi/AMO/results/iql_amo_jax_b2_loco_antmaze/runs/iql_amo_jax_w-me_s0_rlr3e-4_b2,final_eval_50.jsonl,1,d4rl_normalized_score,2026-09-15T19:39:39.497670+00:00
iql_amo,2,0.0003,walker2d-medium-expert-v2,1,112.68576952146097,1000000,True,50,True,1,shchoi,jax,wme_s1_b2_rho0p0003_jax__8171a7b5,1e34514ddf70bfc8a78757d9a78b82306627164c,62154bd368146412da3da267ca32fcb25be12f10,main/iql_amo/walker2d-medium-expert-v2/3e-4/seed_1/wme_s1_b2_rho0p0003_jax__8171a7b5,/home/shchoi/AMO/results/iql_amo_jax_b2_loco_antmaze/runs/iql_amo_jax_w-me_s1_rlr3e-4_b2,final_eval_50.jsonl,1,d4rl_normalized_score,2026-09-15T20:22:25.670218+00:00
iql_amo,2,0.0003,walker2d-medium-expert-v2,2,111.12102275344557,1000000,True,50,True,1,shchoi,jax,wme_s2_b2_rho0p0003_jax__2c471158,1e34514ddf70bfc8a78757d9a78b82306627164c,62154bd368146412da3da267ca32fcb25be12f10,main/iql_amo/walker2d-medium-expert-v2/3e-4/seed_2/wme_s2_b2_rho0p0003_jax__2c471158,/home/shchoi/AMO/results/iql_amo_jax_b2_loco_antmaze/runs/iql_amo_jax_w-me_s2_rlr3e-4_b2,final_eval_50.jsonl,1,d4rl_normalized_score,2026-09-15T21:15:04.076165+00:00
iql_amo,2,0.0003,walker2d-medium-expert-v2,3,112.07438064308364,1000000,True,50,True,1,shchoi,jax,wme_s3_b2_rho0p0003_jax__4177d7ac,1e34514ddf70bfc8a78757d9a78b82306627164c,62154bd368146412da3da267ca32fcb25be12f10,main/iql_amo/walker2d-medium-expert-v2/3e-4/seed_3/wme_s3_b2_rho0p0003_jax__4177d7ac,/home/shchoi/AMO/results/iql_amo_jax_b2_loco_antmaze/runs/iql_amo_jax_w-me_s3_rlr3e-4_b2,final_eval_50.jsonl,1,d4rl_normalized_score,2026-09-15T21:55:38.933440+00:00
iql_amo,2,0.002,antmaze-umaze-v2,0,74.0,1000000,True,50,True,1,shchoi,jax,amu_s0_b2_rho0p002_jax__b4812851,1e34514ddf70bfc8a78757d9a78b82306627164c,62154bd368146412da3da267ca32fcb25be12f10,main/iql_amo/antmaze-umaze-v2/2e-3/seed_0/amu_s0_b2_rho0p002_jax__b4812851,/home/shchoi/AMO/results/iql_amo_jax_b2_loco_antmaze/runs/iql_amo_jax_am-u_s0_rlr2e-3_b2,final_eval_50.jsonl,1,d4rl_normalized_score,2026-09-16T10:43:05.120141+00:00
iql_amo,2,0.002,antmaze-umaze-v2,1,68.0,1000000,True,50,True,1,shchoi,jax,amu_s1_b2_rho0p002_jax__111e280d,1e34514ddf70bfc8a78757d9a78b82306627164c,62154bd368146412da3da267ca32fcb25be12f10,main/iql_amo/antmaze-umaze-v2/2e-3/seed_1/amu_s1_b2_rho0p002_jax__111e280d,/home/shchoi/AMO/results/iql_amo_jax_b2_loco_antmaze/runs/iql_amo_jax_am-u_s1_rlr2e-3_b2,final_eval_50.jsonl,1,d4rl_normalized_score,2026-09-16T11:24:25.275225+00:00
iql_amo,2,0.002,antmaze-umaze-v2,2,66.0,1000000,True,50,True,1,shchoi,jax,amu_s2_b2_rho0p002_jax__1a202def,1e34514ddf70bfc8a78757d9a78b82306627164c,62154bd368146412da3da267ca32fcb25be12f10,main/iql_amo/antmaze-umaze-v2/2e-3/seed_2/amu_s2_b2_rho0p002_jax__1a202def,/home/shchoi/AMO/results/iql_amo_jax_b2_loco_antmaze/runs/iql_amo_jax_am-u_s2_rlr2e-3_b2,final_eval_50.jsonl,1,d4rl_normalized_score,2026-09-16T12:05:47.570145+00:00
iql_amo,2,0.002,antmaze-umaze-v2,3,84.0,1000000,True,50,True,1,shchoi,jax,amu_s3_b2_rho0p002_jax__e30f7bc3,1e34514ddf70bfc8a78757d9a78b82306627164c,62154bd368146412da3da267ca32fcb25be12f10,main/iql_amo/antmaze-umaze-v2/2e-3/seed_3/amu_s3_b2_rho0p002_jax__e30f7bc3,/home/shchoi/AMO/results/iql_amo_jax_b2_loco_antmaze/runs/iql_amo_jax_am-u_s3_rlr2e-3_b2,final_eval_50.jsonl,1,d4rl_normalized_score,2026-09-16T12:47:01.003530+00:00
iql_amo,2,0.001,antmaze-umaze-v2,0,68.0,1000000,True,50,True,1,shchoi,jax,amu_s0_b2_rho0p001_jax__dfbd3b67,1e34514ddf70bfc8a78757d9a78b82306627164c,62154bd368146412da3da267ca32fcb25be12f10,main/iql_amo/antmaze-umaze-v2/1e-3/seed_0/amu_s0_b2_rho0p001_jax__dfbd3b67,/home/shchoi/AMO/results/iql_amo_jax_b2_loco_antmaze/runs/iql_amo_jax_am-u_s0_rlr1e-3_b2,final_eval_50.jsonl,1,d4rl_normalized_score,2026-09-16T07:57:48.640281+00:00
iql_amo,2,0.001,antmaze-umaze-v2,1,66.0,1000000,True,50,True,1,shchoi,jax,amu_s1_b2_rho0p001_jax__0ff67ac2,1e34514ddf70bfc8a78757d9a78b82306627164c,62154bd368146412da3da267ca32fcb25be12f10,main/iql_amo/antmaze-umaze-v2/1e-3/seed_1/amu_s1_b2_rho0p001_jax__0ff67ac2,/home/shchoi/AMO/results/iql_amo_jax_b2_loco_antmaze/runs/iql_amo_jax_am-u_s1_rlr1e-3_b2,final_eval_50.jsonl,1,d4rl_normalized_score,2026-09-16T08:39:13.249011+00:00
iql_amo,2,0.001,antmaze-umaze-v2,2,68.0,1000000,True,50,True,1,shchoi,jax,amu_s2_b2_rho0p001_jax__c41b4bd9,1e34514ddf70bfc8a78757d9a78b82306627164c,62154bd368146412da3da267ca32fcb25be12f10,main/iql_amo/antmaze-umaze-v2/1e-3/seed_2/amu_s2_b2_rho0p001_jax__c41b4bd9,/home/shchoi/AMO/results/iql_amo_jax_b2_loco_antmaze/runs/iql_amo_jax_am-u_s2_rlr1e-3_b2,final_eval_50.jsonl,1,d4rl_normalized_score,2026-09-16T09:20:30.391277+00:00
iql_amo,2,0.001,antmaze-umaze-v2,3,66.0,1000000,True,50,True,1,shchoi,jax,amu_s3_b2_rho0p001_jax__beee5c2b,1e34514ddf70bfc8a78757d9a78b82306627164c,62154bd368146412da3da267ca32fcb25be12f10,main/iql_amo/antmaze-umaze-v2/1e-3/seed_3/amu_s3_b2_rho0p001_jax__beee5c2b,/home/shchoi/AMO/results/iql_amo_jax_b2_loco_antmaze/runs/iql_amo_jax_am-u_s3_rlr1e-3_b2,final_eval_50.jsonl,1,d4rl_normalized_score,2026-09-16T10:01:41.438443+00:00
iql_amo,2,0.0003,antmaze-umaze-v2,0,78.0,1000000,True,50,True,1,shchoi,jax,amu_s0_b2_rho0p0003_jax__4539a770,1e34514ddf70bfc8a78757d9a78b82306627164c,62154bd368146412da3da267ca32fcb25be12f10,main/iql_amo/antmaze-umaze-v2/3e-4/seed_0/amu_s0_b2_rho0p0003_jax__4539a770,/home/shchoi/AMO/results/iql_amo_jax_b2_loco_antmaze/runs/iql_amo_jax_am-u_s0_rlr3e-4_b2,final_eval_50.jsonl,1,d4rl_normalized_score,2026-09-16T05:10:27.408999+00:00
iql_amo,2,0.0003,antmaze-umaze-v2,1,74.0,1000000,True,50,True,1,shchoi,jax,amu_s1_b2_rho0p0003_jax__6e14cf2d,1e34514ddf70bfc8a78757d9a78b82306627164c,62154bd368146412da3da267ca32fcb25be12f10,main/iql_amo/antmaze-umaze-v2/3e-4/seed_1/amu_s1_b2_rho0p0003_jax__6e14cf2d,/home/shchoi/AMO/results/iql_amo_jax_b2_loco_antmaze/runs/iql_amo_jax_am-u_s1_rlr3e-4_b2,final_eval_50.jsonl,1,d4rl_normalized_score,2026-09-16T05:53:51.197224+00:00
iql_amo,2,0.0003,antmaze-umaze-v2,2,72.0,1000000,True,50,True,1,shchoi,jax,amu_s2_b2_rho0p0003_jax__071e894f,1e34514ddf70bfc8a78757d9a78b82306627164c,62154bd368146412da3da267ca32fcb25be12f10,main/iql_amo/antmaze-umaze-v2/3e-4/seed_2/amu_s2_b2_rho0p0003_jax__071e894f,/home/shchoi/AMO/results/iql_amo_jax_b2_loco_antmaze/runs/iql_amo_jax_am-u_s2_rlr3e-4_b2,final_eval_50.jsonl,1,d4rl_normalized_score,2026-09-16T06:35:07.100744+00:00
iql_amo,2,0.0003,antmaze-umaze-v2,3,80.0,1000000,True,50,True,1,shchoi,jax,amu_s3_b2_rho0p0003_jax__22a4a471,1e34514ddf70bfc8a78757d9a78b82306627164c,62154bd368146412da3da267ca32fcb25be12f10,main/iql_amo/antmaze-umaze-v2/3e-4/seed_3/amu_s3_b2_rho0p0003_jax__22a4a471,/home/shchoi/AMO/results/iql_amo_jax_b2_loco_antmaze/runs/iql_amo_jax_am-u_s3_rlr3e-4_b2,final_eval_50.jsonl,1,d4rl_normalized_score,2026-09-16T07:16:27.373032+00:00
iql_amo,2,0.002,antmaze-umaze-diverse-v2,0,50.0,1000000,True,50,True,1,shchoi,jax,amud_s0_b2_rho0p002_jax__55ca26cd,1e34514ddf70bfc8a78757d9a78b82306627164c,62154bd368146412da3da267ca32fcb25be12f10,main/iql_amo/antmaze-umaze-diverse-v2/2e-3/seed_0/amud_s0_b2_rho0p002_jax__55ca26cd,/home/shchoi/AMO/results/iql_amo_jax_b2_loco_antmaze/runs/iql_amo_jax_am-ud_s0_rlr2e-3_b2,final_eval_50.jsonl,1,d4rl_normalized_score,2026-09-16T10:40:59.219550+00:00
iql_amo,2,0.002,antmaze-umaze-diverse-v2,1,44.0,1000000,True,50,True,1,shchoi,jax,amud_s1_b2_rho0p002_jax__f2b96e28,1e34514ddf70bfc8a78757d9a78b82306627164c,62154bd368146412da3da267ca32fcb25be12f10,main/iql_amo/antmaze-umaze-diverse-v2/2e-3/seed_1/amud_s1_b2_rho0p002_jax__f2b96e28,/home/shchoi/AMO/results/iql_amo_jax_b2_loco_antmaze/runs/iql_amo_jax_am-ud_s1_rlr2e-3_b2,final_eval_50.jsonl,1,d4rl_normalized_score,2026-09-16T11:22:19.602049+00:00
iql_amo,2,0.002,antmaze-umaze-diverse-v2,2,64.0,1000000,True,50,True,1,shchoi,jax,amud_s2_b2_rho0p002_jax__ddf0fbb2,1e34514ddf70bfc8a78757d9a78b82306627164c,62154bd368146412da3da267ca32fcb25be12f10,main/iql_amo/antmaze-umaze-diverse-v2/2e-3/seed_2/amud_s2_b2_rho0p002_jax__ddf0fbb2,/home/shchoi/AMO/results/iql_amo_jax_b2_loco_antmaze/runs/iql_amo_jax_am-ud_s2_rlr2e-3_b2,final_eval_50.jsonl,1,d4rl_normalized_score,2026-09-16T12:05:53.233848+00:00
iql_amo,2,0.002,antmaze-umaze-diverse-v2,3,48.0,1000000,True,50,True,1,shchoi,jax,amud_s3_b2_rho0p002_jax__3fc6732a,1e34514ddf70bfc8a78757d9a78b82306627164c,62154bd368146412da3da267ca32fcb25be12f10,main/iql_amo/antmaze-umaze-diverse-v2/2e-3/seed_3/amud_s3_b2_rho0p002_jax__3fc6732a,/home/shchoi/AMO/results/iql_amo_jax_b2_loco_antmaze/runs/iql_amo_jax_am-ud_s3_rlr2e-3_b2,final_eval_50.jsonl,1,d4rl_normalized_score,2026-09-16T12:47:07.120397+00:00
iql_amo,2,0.001,antmaze-umaze-diverse-v2,0,46.0,1000000,True,50,True,1,shchoi,jax,amud_s0_b2_rho0p001_jax__715a20c6,1e34514ddf70bfc8a78757d9a78b82306627164c,62154bd368146412da3da267ca32fcb25be12f10,main/iql_amo/antmaze-umaze-diverse-v2/1e-3/seed_0/amud_s0_b2_rho0p001_jax__715a20c6,/home/shchoi/AMO/results/iql_amo_jax_b2_loco_antmaze/runs/iql_amo_jax_am-ud_s0_rlr1e-3_b2,final_eval_50.jsonl,1,d4rl_normalized_score,2026-09-16T07:55:43.244928+00:00
iql_amo,2,0.001,antmaze-umaze-diverse-v2,1,52.0,1000000,True,50,True,1,shchoi,jax,amud_s1_b2_rho0p001_jax__fb525363,1e34514ddf70bfc8a78757d9a78b82306627164c,62154bd368146412da3da267ca32fcb25be12f10,main/iql_amo/antmaze-umaze-diverse-v2/1e-3/seed_1/amud_s1_b2_rho0p001_jax__fb525363,/home/shchoi/AMO/results/iql_amo_jax_b2_loco_antmaze/runs/iql_amo_jax_am-ud_s1_rlr1e-3_b2,final_eval_50.jsonl,1,d4rl_normalized_score,2026-09-16T08:37:03.173169+00:00
iql_amo,2,0.001,antmaze-umaze-diverse-v2,2,34.0,1000000,True,50,True,1,shchoi,jax,amud_s2_b2_rho0p001_jax__9f982c1a,1e34514ddf70bfc8a78757d9a78b82306627164c,62154bd368146412da3da267ca32fcb25be12f10,main/iql_amo/antmaze-umaze-diverse-v2/1e-3/seed_2/amud_s2_b2_rho0p001_jax__9f982c1a,/home/shchoi/AMO/results/iql_amo_jax_b2_loco_antmaze/runs/iql_amo_jax_am-ud_s2_rlr1e-3_b2,final_eval_50.jsonl,1,d4rl_normalized_score,2026-09-16T09:18:24.919809+00:00
iql_amo,2,0.001,antmaze-umaze-diverse-v2,3,54.0,1000000,True,50,True,1,shchoi,jax,amud_s3_b2_rho0p001_jax__035ddd1c,1e34514ddf70bfc8a78757d9a78b82306627164c,62154bd368146412da3da267ca32fcb25be12f10,main/iql_amo/antmaze-umaze-diverse-v2/1e-3/seed_3/amud_s3_b2_rho0p001_jax__035ddd1c,/home/shchoi/AMO/results/iql_amo_jax_b2_loco_antmaze/runs/iql_amo_jax_am-ud_s3_rlr1e-3_b2,final_eval_50.jsonl,1,d4rl_normalized_score,2026-09-16T09:59:35.534125+00:00
iql_amo,2,0.0003,antmaze-umaze-diverse-v2,0,56.00000000000001,1000000,True,50,True,1,shchoi,jax,amud_s0_b2_rho0p0003_jax__fc2a5a22,1e34514ddf70bfc8a78757d9a78b82306627164c,62154bd368146412da3da267ca32fcb25be12f10,main/iql_amo/antmaze-umaze-diverse-v2/3e-4/seed_0/amud_s0_b2_rho0p0003_jax__fc2a5a22,/home/shchoi/AMO/results/iql_amo_jax_b2_loco_antmaze/runs/iql_amo_jax_am-ud_s0_rlr3e-4_b2,final_eval_50.jsonl,1,d4rl_normalized_score,2026-09-16T05:10:33.892770+00:00
iql_amo,2,0.0003,antmaze-umaze-diverse-v2,1,44.0,1000000,True,50,True,1,shchoi,jax,amud_s1_b2_rho0p0003_jax__3cc97d6f,1e34514ddf70bfc8a78757d9a78b82306627164c,62154bd368146412da3da267ca32fcb25be12f10,main/iql_amo/antmaze-umaze-diverse-v2/3e-4/seed_1/amud_s1_b2_rho0p0003_jax__3cc97d6f,/home/shchoi/AMO/results/iql_amo_jax_b2_loco_antmaze/runs/iql_amo_jax_am-ud_s1_rlr3e-4_b2,final_eval_50.jsonl,1,d4rl_normalized_score,2026-09-16T05:49:45.419203+00:00
iql_amo,2,0.0003,antmaze-umaze-diverse-v2,2,72.0,1000000,True,50,True,1,shchoi,jax,amud_s2_b2_rho0p0003_jax__618c1ab2,1e34514ddf70bfc8a78757d9a78b82306627164c,62154bd368146412da3da267ca32fcb25be12f10,main/iql_amo/antmaze-umaze-diverse-v2/3e-4/seed_2/amud_s2_b2_rho0p0003_jax__618c1ab2,/home/shchoi/AMO/results/iql_amo_jax_b2_loco_antmaze/runs/iql_amo_jax_am-ud_s2_rlr3e-4_b2,final_eval_50.jsonl,1,d4rl_normalized_score,2026-09-16T06:30:57.192264+00:00
iql_amo,2,0.0003,antmaze-umaze-diverse-v2,3,62.0,1000000,True,50,True,1,shchoi,jax,amud_s3_b2_rho0p0003_jax__be725fff,1e34514ddf70bfc8a78757d9a78b82306627164c,62154bd368146412da3da267ca32fcb25be12f10,main/iql_amo/antmaze-umaze-diverse-v2/3e-4/seed_3/amud_s3_b2_rho0p0003_jax__be725fff,/home/shchoi/AMO/results/iql_amo_jax_b2_loco_antmaze/runs/iql_amo_jax_am-ud_s3_rlr3e-4_b2,final_eval_50.jsonl,1,d4rl_normalized_score,2026-09-16T07:12:19.636142+00:00
iql_amo,2,0.002,antmaze-medium-play-v2,0,66.0,1000000,True,50,True,1,shchoi,jax,ammp_s0_b2_rho0p002_jax__62530806,1e34514ddf70bfc8a78757d9a78b82306627164c,62154bd368146412da3da267ca32fcb25be12f10,main/iql_amo/antmaze-medium-play-v2/2e-3/seed_0/ammp_s0_b2_rho0p002_jax__62530806,/home/shchoi/AMO/results/iql_amo_jax_b2_loco_antmaze/runs/iql_amo_jax_am-mp_s0_rlr2e-3_b2,final_eval_50.jsonl,1,d4rl_normalized_score,2026-09-16T10:28:51.720725+00:00
iql_amo,2,0.002,antmaze-medium-play-v2,1,66.0,1000000,True,50,True,1,shchoi,jax,ammp_s1_b2_rho0p002_jax__85bbeec5,1e34514ddf70bfc8a78757d9a78b82306627164c,62154bd368146412da3da267ca32fcb25be12f10,main/iql_amo/antmaze-medium-play-v2/2e-3/seed_1/ammp_s1_b2_rho0p002_jax__85bbeec5,/home/shchoi/AMO/results/iql_amo_jax_b2_loco_antmaze/runs/iql_amo_jax_am-mp_s1_rlr2e-3_b2,final_eval_50.jsonl,1,d4rl_normalized_score,2026-09-16T11:10:11.788104+00:00
iql_amo,2,0.002,antmaze-medium-play-v2,2,80.0,1000000,True,50,True,1,shchoi,jax,ammp_s2_b2_rho0p002_jax__14b7c436,1e34514ddf70bfc8a78757d9a78b82306627164c,62154bd368146412da3da267ca32fcb25be12f10,main/iql_amo/antmaze-medium-play-v2/2e-3/seed_2/ammp_s2_b2_rho0p002_jax__14b7c436,/home/shchoi/AMO/results/iql_amo_jax_b2_loco_antmaze/runs/iql_amo_jax_am-mp_s2_rlr2e-3_b2,final_eval_50.jsonl,1,d4rl_normalized_score,2026-09-16T11:51:41.528112+00:00
iql_amo,2,0.002,antmaze-medium-play-v2,3,76.0,1000000,True,50,True,1,shchoi,jax,ammp_s3_b2_rho0p002_jax__500fb21e,1e34514ddf70bfc8a78757d9a78b82306627164c,62154bd368146412da3da267ca32fcb25be12f10,main/iql_amo/antmaze-medium-play-v2/2e-3/seed_3/ammp_s3_b2_rho0p002_jax__500fb21e,/home/shchoi/AMO/results/iql_amo_jax_b2_loco_antmaze/runs/iql_amo_jax_am-mp_s3_rlr2e-3_b2,final_eval_50.jsonl,1,d4rl_normalized_score,2026-09-16T12:34:57.270528+00:00
iql_amo,2,0.001,antmaze-medium-play-v2,0,70.0,1000000,True,50,True,1,shchoi,jax,ammp_s0_b2_rho0p001_jax__87fb61ba,1e34514ddf70bfc8a78757d9a78b82306627164c,62154bd368146412da3da267ca32fcb25be12f10,main/iql_amo/antmaze-medium-play-v2/1e-3/seed_0/ammp_s0_b2_rho0p001_jax__87fb61ba,/home/shchoi/AMO/results/iql_amo_jax_b2_loco_antmaze/runs/iql_amo_jax_am-mp_s0_rlr1e-3_b2,final_eval_50.jsonl,1,d4rl_normalized_score,2026-09-16T07:43:35.116937+00:00
iql_amo,2,0.001,antmaze-medium-play-v2,1,74.0,1000000,True,50,True,1,shchoi,jax,ammp_s1_b2_rho0p001_jax__4ae03307,1e34514ddf70bfc8a78757d9a78b82306627164c,62154bd368146412da3da267ca32fcb25be12f10,main/iql_amo/antmaze-medium-play-v2/1e-3/seed_1/ammp_s1_b2_rho0p001_jax__4ae03307,/home/shchoi/AMO/results/iql_amo_jax_b2_loco_antmaze/runs/iql_amo_jax_am-mp_s1_rlr1e-3_b2,final_eval_50.jsonl,1,d4rl_normalized_score,2026-09-16T08:24:55.316559+00:00
iql_amo,2,0.001,antmaze-medium-play-v2,2,76.0,1000000,True,50,True,1,shchoi,jax,ammp_s2_b2_rho0p001_jax__2f97d3b6,1e34514ddf70bfc8a78757d9a78b82306627164c,62154bd368146412da3da267ca32fcb25be12f10,main/iql_amo/antmaze-medium-play-v2/1e-3/seed_2/ammp_s2_b2_rho0p001_jax__2f97d3b6,/home/shchoi/AMO/results/iql_amo_jax_b2_loco_antmaze/runs/iql_amo_jax_am-mp_s2_rlr1e-3_b2,final_eval_50.jsonl,1,d4rl_normalized_score,2026-09-16T09:06:16.717238+00:00
iql_amo,2,0.001,antmaze-medium-play-v2,3,78.0,1000000,True,50,True,1,shchoi,jax,ammp_s3_b2_rho0p001_jax__5cfa87e7,1e34514ddf70bfc8a78757d9a78b82306627164c,62154bd368146412da3da267ca32fcb25be12f10,main/iql_amo/antmaze-medium-play-v2/1e-3/seed_3/ammp_s3_b2_rho0p001_jax__5cfa87e7,/home/shchoi/AMO/results/iql_amo_jax_b2_loco_antmaze/runs/iql_amo_jax_am-mp_s3_rlr1e-3_b2,final_eval_50.jsonl,1,d4rl_normalized_score,2026-09-16T09:47:28.433351+00:00
iql_amo,2,0.0003,antmaze-medium-play-v2,0,68.0,1000000,True,50,True,1,shchoi,jax,ammp_s0_b2_rho0p0003_jax__59b8aeab,1e34514ddf70bfc8a78757d9a78b82306627164c,62154bd368146412da3da267ca32fcb25be12f10,main/iql_amo/antmaze-medium-play-v2/3e-4/seed_0/ammp_s0_b2_rho0p0003_jax__59b8aeab,/home/shchoi/AMO/results/iql_amo_jax_b2_loco_antmaze/runs/iql_amo_jax_am-mp_s0_rlr3e-4_b2,final_eval_50.jsonl,1,d4rl_normalized_score,2026-09-16T04:58:21.001017+00:00
iql_amo,2,0.0003,antmaze-medium-play-v2,1,60.0,1000000,True,50,True,1,shchoi,jax,ammp_s1_b2_rho0p0003_jax__d49b9403,1e34514ddf70bfc8a78757d9a78b82306627164c,62154bd368146412da3da267ca32fcb25be12f10,main/iql_amo/antmaze-medium-play-v2/3e-4/seed_1/ammp_s1_b2_rho0p0003_jax__d49b9403,/home/shchoi/AMO/results/iql_amo_jax_b2_loco_antmaze/runs/iql_amo_jax_am-mp_s1_rlr3e-4_b2,final_eval_50.jsonl,1,d4rl_normalized_score,2026-09-16T05:39:37.914012+00:00
iql_amo,2,0.0003,antmaze-medium-play-v2,2,66.0,1000000,True,50,True,1,shchoi,jax,ammp_s2_b2_rho0p0003_jax__85de440c,1e34514ddf70bfc8a78757d9a78b82306627164c,62154bd368146412da3da267ca32fcb25be12f10,main/iql_amo/antmaze-medium-play-v2/3e-4/seed_2/ammp_s2_b2_rho0p0003_jax__85de440c,/home/shchoi/AMO/results/iql_amo_jax_b2_loco_antmaze/runs/iql_amo_jax_am-mp_s2_rlr3e-4_b2,final_eval_50.jsonl,1,d4rl_normalized_score,2026-09-16T06:20:51.703424+00:00
iql_amo,2,0.0003,antmaze-medium-play-v2,3,74.0,1000000,True,50,True,1,shchoi,jax,ammp_s3_b2_rho0p0003_jax__e4d196fd,1e34514ddf70bfc8a78757d9a78b82306627164c,62154bd368146412da3da267ca32fcb25be12f10,main/iql_amo/antmaze-medium-play-v2/3e-4/seed_3/ammp_s3_b2_rho0p0003_jax__e4d196fd,/home/shchoi/AMO/results/iql_amo_jax_b2_loco_antmaze/runs/iql_amo_jax_am-mp_s3_rlr3e-4_b2,final_eval_50.jsonl,1,d4rl_normalized_score,2026-09-16T07:02:13.764632+00:00
iql_amo,2,0.002,antmaze-medium-diverse-v2,0,54.0,1000000,True,50,True,1,shchoi,jax,ammd_s0_b2_rho0p002_jax__4f1194ef,1e34514ddf70bfc8a78757d9a78b82306627164c,62154bd368146412da3da267ca32fcb25be12f10,main/iql_amo/antmaze-medium-diverse-v2/2e-3/seed_0/ammd_s0_b2_rho0p002_jax__4f1194ef,/home/shchoi/AMO/results/iql_amo_jax_b2_loco_antmaze/runs/iql_amo_jax_am-md_s0_rlr2e-3_b2,final_eval_50.jsonl,1,d4rl_normalized_score,2026-09-16T10:26:40.688721+00:00
iql_amo,2,0.002,antmaze-medium-diverse-v2,1,74.0,1000000,True,50,True,1,shchoi,jax,ammd_s1_b2_rho0p002_jax__1fcee4a3,1e34514ddf70bfc8a78757d9a78b82306627164c,62154bd368146412da3da267ca32fcb25be12f10,main/iql_amo/antmaze-medium-diverse-v2/2e-3/seed_1/ammd_s1_b2_rho0p002_jax__1fcee4a3,/home/shchoi/AMO/results/iql_amo_jax_b2_loco_antmaze/runs/iql_amo_jax_am-md_s1_rlr2e-3_b2,final_eval_50.jsonl,1,d4rl_normalized_score,2026-09-16T11:10:01.515333+00:00
iql_amo,2,0.002,antmaze-medium-diverse-v2,2,66.0,1000000,True,50,True,1,shchoi,jax,ammd_s2_b2_rho0p002_jax__5d52b664,1e34514ddf70bfc8a78757d9a78b82306627164c,62154bd368146412da3da267ca32fcb25be12f10,main/iql_amo/antmaze-medium-diverse-v2/2e-3/seed_2/ammd_s2_b2_rho0p002_jax__5d52b664,/home/shchoi/AMO/results/iql_amo_jax_b2_loco_antmaze/runs/iql_amo_jax_am-md_s2_rlr2e-3_b2,final_eval_50.jsonl,1,d4rl_normalized_score,2026-09-16T11:51:25.796206+00:00
iql_amo,2,0.002,antmaze-medium-diverse-v2,3,66.0,1000000,True,50,True,1,shchoi,jax,ammd_s3_b2_rho0p002_jax__d0efb39f,1e34514ddf70bfc8a78757d9a78b82306627164c,62154bd368146412da3da267ca32fcb25be12f10,main/iql_amo/antmaze-medium-diverse-v2/2e-3/seed_3/ammd_s3_b2_rho0p002_jax__d0efb39f,/home/shchoi/AMO/results/iql_amo_jax_b2_loco_antmaze/runs/iql_amo_jax_am-md_s3_rlr2e-3_b2,final_eval_50.jsonl,1,d4rl_normalized_score,2026-09-16T12:32:43.750402+00:00
iql_amo,2,0.001,antmaze-medium-diverse-v2,0,64.0,1000000,True,50,True,1,shchoi,jax,ammd_s0_b2_rho0p001_jax__350295e4,1e34514ddf70bfc8a78757d9a78b82306627164c,62154bd368146412da3da267ca32fcb25be12f10,main/iql_amo/antmaze-medium-diverse-v2/1e-3/seed_0/ammd_s0_b2_rho0p001_jax__350295e4,/home/shchoi/AMO/results/iql_amo_jax_b2_loco_antmaze/runs/iql_amo_jax_am-md_s0_rlr1e-3_b2,final_eval_50.jsonl,1,d4rl_normalized_score,2026-09-16T07:41:23.847048+00:00
iql_amo,2,0.001,antmaze-medium-diverse-v2,1,46.0,1000000,True,50,True,1,shchoi,jax,ammd_s1_b2_rho0p001_jax__d13304cc,1e34514ddf70bfc8a78757d9a78b82306627164c,62154bd368146412da3da267ca32fcb25be12f10,main/iql_amo/antmaze-medium-diverse-v2/1e-3/seed_1/ammd_s1_b2_rho0p001_jax__d13304cc,/home/shchoi/AMO/results/iql_amo_jax_b2_loco_antmaze/runs/iql_amo_jax_am-md_s1_rlr1e-3_b2,final_eval_50.jsonl,1,d4rl_normalized_score,2026-09-16T08:22:45.702974+00:00
iql_amo,2,0.001,antmaze-medium-diverse-v2,2,57.99999999999999,1000000,True,50,True,1,shchoi,jax,ammd_s2_b2_rho0p001_jax__73f4bdfa,1e34514ddf70bfc8a78757d9a78b82306627164c,62154bd368146412da3da267ca32fcb25be12f10,main/iql_amo/antmaze-medium-diverse-v2/1e-3/seed_2/ammd_s2_b2_rho0p001_jax__73f4bdfa,/home/shchoi/AMO/results/iql_amo_jax_b2_loco_antmaze/runs/iql_amo_jax_am-md_s2_rlr1e-3_b2,final_eval_50.jsonl,1,d4rl_normalized_score,2026-09-16T09:04:07.352063+00:00
iql_amo,2,0.001,antmaze-medium-diverse-v2,3,70.0,1000000,True,50,True,1,shchoi,jax,ammd_s3_b2_rho0p001_jax__625e773a,1e34514ddf70bfc8a78757d9a78b82306627164c,62154bd368146412da3da267ca32fcb25be12f10,main/iql_amo/antmaze-medium-diverse-v2/1e-3/seed_3/ammd_s3_b2_rho0p001_jax__625e773a,/home/shchoi/AMO/results/iql_amo_jax_b2_loco_antmaze/runs/iql_amo_jax_am-md_s3_rlr1e-3_b2,final_eval_50.jsonl,1,d4rl_normalized_score,2026-09-16T09:45:19.345393+00:00
iql_amo,2,0.0003,antmaze-medium-diverse-v2,0,66.0,1000000,True,50,True,1,shchoi,jax,ammd_s0_b2_rho0p0003_jax__1a0aa94d,1e34514ddf70bfc8a78757d9a78b82306627164c,62154bd368146412da3da267ca32fcb25be12f10,main/iql_amo/antmaze-medium-diverse-v2/3e-4/seed_0/ammd_s0_b2_rho0p0003_jax__1a0aa94d,/home/shchoi/AMO/results/iql_amo_jax_b2_loco_antmaze/runs/iql_amo_jax_am-md_s0_rlr3e-4_b2,final_eval_50.jsonl,1,d4rl_normalized_score,2026-09-16T04:56:09.038677+00:00
iql_amo,2,0.0003,antmaze-medium-diverse-v2,1,66.0,1000000,True,50,True,1,shchoi,jax,ammd_s1_b2_rho0p0003_jax__931bb266,1e34514ddf70bfc8a78757d9a78b82306627164c,62154bd368146412da3da267ca32fcb25be12f10,main/iql_amo/antmaze-medium-diverse-v2/3e-4/seed_1/ammd_s1_b2_rho0p0003_jax__931bb266,/home/shchoi/AMO/results/iql_amo_jax_b2_loco_antmaze/runs/iql_amo_jax_am-md_s1_rlr3e-4_b2,final_eval_50.jsonl,1,d4rl_normalized_score,2026-09-16T05:37:25.031068+00:00
iql_amo,2,0.0003,antmaze-medium-diverse-v2,2,72.0,1000000,True,50,True,1,shchoi,jax,ammd_s2_b2_rho0p0003_jax__0da8500a,1e34514ddf70bfc8a78757d9a78b82306627164c,62154bd368146412da3da267ca32fcb25be12f10,main/iql_amo/antmaze-medium-diverse-v2/3e-4/seed_2/ammd_s2_b2_rho0p0003_jax__0da8500a,/home/shchoi/AMO/results/iql_amo_jax_b2_loco_antmaze/runs/iql_amo_jax_am-md_s2_rlr3e-4_b2,final_eval_50.jsonl,1,d4rl_normalized_score,2026-09-16T06:18:40.510372+00:00
iql_amo,2,0.0003,antmaze-medium-diverse-v2,3,68.0,1000000,True,50,True,1,shchoi,jax,ammd_s3_b2_rho0p0003_jax__8bb00085,1e34514ddf70bfc8a78757d9a78b82306627164c,62154bd368146412da3da267ca32fcb25be12f10,main/iql_amo/antmaze-medium-diverse-v2/3e-4/seed_3/ammd_s3_b2_rho0p0003_jax__8bb00085,/home/shchoi/AMO/results/iql_amo_jax_b2_loco_antmaze/runs/iql_amo_jax_am-md_s3_rlr3e-4_b2,final_eval_50.jsonl,1,d4rl_normalized_score,2026-09-16T07:00:02.991330+00:00
iql_amo,2,0.002,antmaze-large-play-v2,0,40.0,1000000,True,50,True,1,shchoi,jax,amlp_s0_b2_rho0p002_jax__47a8713a,1e34514ddf70bfc8a78757d9a78b82306627164c,62154bd368146412da3da267ca32fcb25be12f10,main/iql_amo/antmaze-large-play-v2/2e-3/seed_0/amlp_s0_b2_rho0p002_jax__47a8713a,/home/shchoi/AMO/results/iql_amo_jax_b2_loco_antmaze/runs/iql_amo_jax_am-lp_s0_rlr2e-3_b2,final_eval_50.jsonl,1,d4rl_normalized_score,2026-09-16T10:16:28.347244+00:00
iql_amo,2,0.002,antmaze-large-play-v2,1,44.0,1000000,True,50,True,1,shchoi,jax,amlp_s1_b2_rho0p002_jax__043ef86c,1e34514ddf70bfc8a78757d9a78b82306627164c,62154bd368146412da3da267ca32fcb25be12f10,main/iql_amo/antmaze-large-play-v2/2e-3/seed_1/amlp_s1_b2_rho0p002_jax__043ef86c,/home/shchoi/AMO/results/iql_amo_jax_b2_loco_antmaze/runs/iql_amo_jax_am-lp_s1_rlr2e-3_b2,final_eval_50.jsonl,1,d4rl_normalized_score,2026-09-16T10:57:49.043486+00:00
iql_amo,2,0.002,antmaze-large-play-v2,2,28.000000000000004,1000000,True,50,True,1,shchoi,jax,amlp_s2_b2_rho0p002_jax__50f2f88a,1e34514ddf70bfc8a78757d9a78b82306627164c,62154bd368146412da3da267ca32fcb25be12f10,main/iql_amo/antmaze-large-play-v2/2e-3/seed_2/amlp_s2_b2_rho0p002_jax__50f2f88a,/home/shchoi/AMO/results/iql_amo_jax_b2_loco_antmaze/runs/iql_amo_jax_am-lp_s2_rlr2e-3_b2,final_eval_50.jsonl,1,d4rl_normalized_score,2026-09-16T11:39:13.486615+00:00
iql_amo,2,0.002,antmaze-large-play-v2,3,28.000000000000004,1000000,True,50,True,1,shchoi,jax,amlp_s3_b2_rho0p002_jax__e7075458,1e34514ddf70bfc8a78757d9a78b82306627164c,62154bd368146412da3da267ca32fcb25be12f10,main/iql_amo/antmaze-large-play-v2/2e-3/seed_3/amlp_s3_b2_rho0p002_jax__e7075458,/home/shchoi/AMO/results/iql_amo_jax_b2_loco_antmaze/runs/iql_amo_jax_am-lp_s3_rlr2e-3_b2,final_eval_50.jsonl,1,d4rl_normalized_score,2026-09-16T12:20:32.102390+00:00
iql_amo,2,0.001,antmaze-large-play-v2,0,24.0,1000000,True,50,True,1,shchoi,jax,amlp_s0_b2_rho0p001_jax__70400d52,1e34514ddf70bfc8a78757d9a78b82306627164c,62154bd368146412da3da267ca32fcb25be12f10,main/iql_amo/antmaze-large-play-v2/1e-3/seed_0/amlp_s0_b2_rho0p001_jax__70400d52,/home/shchoi/AMO/results/iql_amo_jax_b2_loco_antmaze/runs/iql_amo_jax_am-lp_s0_rlr1e-3_b2,final_eval_50.jsonl,1,d4rl_normalized_score,2026-09-16T07:29:08.009661+00:00
iql_amo,2,0.001,antmaze-large-play-v2,1,40.0,1000000,True,50,True,1,shchoi,jax,amlp_s1_b2_rho0p001_jax__5ba22900,1e34514ddf70bfc8a78757d9a78b82306627164c,62154bd368146412da3da267ca32fcb25be12f10,main/iql_amo/antmaze-large-play-v2/1e-3/seed_1/amlp_s1_b2_rho0p001_jax__5ba22900,/home/shchoi/AMO/results/iql_amo_jax_b2_loco_antmaze/runs/iql_amo_jax_am-lp_s1_rlr1e-3_b2,final_eval_50.jsonl,1,d4rl_normalized_score,2026-09-16T08:10:31.645637+00:00
iql_amo,2,0.001,antmaze-large-play-v2,2,38.0,1000000,True,50,True,1,shchoi,jax,amlp_s2_b2_rho0p001_jax__4e0f4f12,1e34514ddf70bfc8a78757d9a78b82306627164c,62154bd368146412da3da267ca32fcb25be12f10,main/iql_amo/antmaze-large-play-v2/1e-3/seed_2/amlp_s2_b2_rho0p001_jax__4e0f4f12,/home/shchoi/AMO/results/iql_amo_jax_b2_loco_antmaze/runs/iql_amo_jax_am-lp_s2_rlr1e-3_b2,final_eval_50.jsonl,1,d4rl_normalized_score,2026-09-16T08:53:56.728746+00:00
iql_amo,2,0.001,antmaze-large-play-v2,3,34.0,1000000,True,50,True,1,shchoi,jax,amlp_s3_b2_rho0p001_jax__cce9f3bf,1e34514ddf70bfc8a78757d9a78b82306627164c,62154bd368146412da3da267ca32fcb25be12f10,main/iql_amo/antmaze-large-play-v2/1e-3/seed_3/amlp_s3_b2_rho0p001_jax__cce9f3bf,/home/shchoi/AMO/results/iql_amo_jax_b2_loco_antmaze/runs/iql_amo_jax_am-lp_s3_rlr1e-3_b2,final_eval_50.jsonl,1,d4rl_normalized_score,2026-09-16T09:35:08.968696+00:00
iql_amo,2,0.0003,antmaze-large-play-v2,0,36.0,1000000,True,50,True,1,shchoi,jax,amlp_s0_b2_rho0p0003_jax__527b6411,1e34514ddf70bfc8a78757d9a78b82306627164c,62154bd368146412da3da267ca32fcb25be12f10,main/iql_amo/antmaze-large-play-v2/3e-4/seed_0/amlp_s0_b2_rho0p0003_jax__527b6411,/home/shchoi/AMO/results/iql_amo_jax_b2_loco_antmaze/runs/iql_amo_jax_am-lp_s0_rlr3e-4_b2,final_eval_50.jsonl,1,d4rl_normalized_score,2026-09-16T04:43:59.288784+00:00
iql_amo,2,0.0003,antmaze-large-play-v2,1,34.0,1000000,True,50,True,1,shchoi,jax,amlp_s1_b2_rho0p0003_jax__2420ae78,1e34514ddf70bfc8a78757d9a78b82306627164c,62154bd368146412da3da267ca32fcb25be12f10,main/iql_amo/antmaze-large-play-v2/3e-4/seed_1/amlp_s1_b2_rho0p0003_jax__2420ae78,/home/shchoi/AMO/results/iql_amo_jax_b2_loco_antmaze/runs/iql_amo_jax_am-lp_s1_rlr3e-4_b2,final_eval_50.jsonl,1,d4rl_normalized_score,2026-09-16T05:25:14.557011+00:00
iql_amo,2,0.0003,antmaze-large-play-v2,2,30.0,1000000,True,50,True,1,shchoi,jax,amlp_s2_b2_rho0p0003_jax__3a2bf62c,1e34514ddf70bfc8a78757d9a78b82306627164c,62154bd368146412da3da267ca32fcb25be12f10,main/iql_amo/antmaze-large-play-v2/3e-4/seed_2/amlp_s2_b2_rho0p0003_jax__3a2bf62c,/home/shchoi/AMO/results/iql_amo_jax_b2_loco_antmaze/runs/iql_amo_jax_am-lp_s2_rlr3e-4_b2,final_eval_50.jsonl,1,d4rl_normalized_score,2026-09-16T06:06:30.682336+00:00
iql_amo,2,0.0003,antmaze-large-play-v2,3,20.0,1000000,True,50,True,1,shchoi,jax,amlp_s3_b2_rho0p0003_jax__2952235e,1e34514ddf70bfc8a78757d9a78b82306627164c,62154bd368146412da3da267ca32fcb25be12f10,main/iql_amo/antmaze-large-play-v2/3e-4/seed_3/amlp_s3_b2_rho0p0003_jax__2952235e,/home/shchoi/AMO/results/iql_amo_jax_b2_loco_antmaze/runs/iql_amo_jax_am-lp_s3_rlr3e-4_b2,final_eval_50.jsonl,1,d4rl_normalized_score,2026-09-16T06:47:49.560881+00:00
iql_amo,2,0.002,antmaze-large-diverse-v2,0,20.0,1000000,True,50,True,1,shchoi,jax,amld_s0_b2_rho0p002_jax__c6ca3f4a,1e34514ddf70bfc8a78757d9a78b82306627164c,62154bd368146412da3da267ca32fcb25be12f10,main/iql_amo/antmaze-large-diverse-v2/2e-3/seed_0/amld_s0_b2_rho0p002_jax__c6ca3f4a,/home/shchoi/AMO/results/iql_amo_jax_b2_loco_antmaze/runs/iql_amo_jax_am-ld_s0_rlr2e-3_b2,final_eval_50.jsonl,1,d4rl_normalized_score,2026-09-16T10:14:04.182557+00:00
iql_amo,2,0.002,antmaze-large-diverse-v2,1,18.0,1000000,True,50,True,1,shchoi,jax,amld_s1_b2_rho0p002_jax__faabad62,1e34514ddf70bfc8a78757d9a78b82306627164c,62154bd368146412da3da267ca32fcb25be12f10,main/iql_amo/antmaze-large-diverse-v2/2e-3/seed_1/amld_s1_b2_rho0p002_jax__faabad62,/home/shchoi/AMO/results/iql_amo_jax_b2_loco_antmaze/runs/iql_amo_jax_am-ld_s1_rlr2e-3_b2,final_eval_50.jsonl,1,d4rl_normalized_score,2026-09-16T10:55:25.057209+00:00
iql_amo,2,0.002,antmaze-large-diverse-v2,2,26.0,1000000,True,50,True,1,shchoi,jax,amld_s2_b2_rho0p002_jax__1989a02c,1e34514ddf70bfc8a78757d9a78b82306627164c,62154bd368146412da3da267ca32fcb25be12f10,main/iql_amo/antmaze-large-diverse-v2/2e-3/seed_2/amld_s2_b2_rho0p002_jax__1989a02c,/home/shchoi/AMO/results/iql_amo_jax_b2_loco_antmaze/runs/iql_amo_jax_am-ld_s2_rlr2e-3_b2,final_eval_50.jsonl,1,d4rl_normalized_score,2026-09-16T11:36:46.693954+00:00
iql_amo,2,0.002,antmaze-large-diverse-v2,3,36.0,1000000,True,50,True,1,shchoi,jax,amld_s3_b2_rho0p002_jax__a919919d,1e34514ddf70bfc8a78757d9a78b82306627164c,62154bd368146412da3da267ca32fcb25be12f10,main/iql_amo/antmaze-large-diverse-v2/2e-3/seed_3/amld_s3_b2_rho0p002_jax__a919919d,/home/shchoi/AMO/results/iql_amo_jax_b2_loco_antmaze/runs/iql_amo_jax_am-ld_s3_rlr2e-3_b2,final_eval_50.jsonl,1,d4rl_normalized_score,2026-09-16T12:18:12.311554+00:00
iql_amo,2,0.001,antmaze-large-diverse-v2,0,18.0,1000000,True,50,True,1,shchoi,jax,amld_s0_b2_rho0p001_jax__90998c9c,1e34514ddf70bfc8a78757d9a78b82306627164c,62154bd368146412da3da267ca32fcb25be12f10,main/iql_amo/antmaze-large-diverse-v2/1e-3/seed_0/amld_s0_b2_rho0p001_jax__90998c9c,/home/shchoi/AMO/results/iql_amo_jax_b2_loco_antmaze/runs/iql_amo_jax_am-ld_s0_rlr1e-3_b2,final_eval_50.jsonl,1,d4rl_normalized_score,2026-09-16T07:26:48.554484+00:00
iql_amo,2,0.001,antmaze-large-diverse-v2,1,30.0,1000000,True,50,True,1,shchoi,jax,amld_s1_b2_rho0p001_jax__0a0bad1d,1e34514ddf70bfc8a78757d9a78b82306627164c,62154bd368146412da3da267ca32fcb25be12f10,main/iql_amo/antmaze-large-diverse-v2/1e-3/seed_1/amld_s1_b2_rho0p001_jax__0a0bad1d,/home/shchoi/AMO/results/iql_amo_jax_b2_loco_antmaze/runs/iql_amo_jax_am-ld_s1_rlr1e-3_b2,final_eval_50.jsonl,1,d4rl_normalized_score,2026-09-16T08:08:10.952453+00:00
iql_amo,2,0.001,antmaze-large-diverse-v2,2,18.0,1000000,True,50,True,1,shchoi,jax,amld_s2_b2_rho0p001_jax__e5028a51,1e34514ddf70bfc8a78757d9a78b82306627164c,62154bd368146412da3da267ca32fcb25be12f10,main/iql_amo/antmaze-large-diverse-v2/1e-3/seed_2/amld_s2_b2_rho0p001_jax__e5028a51,/home/shchoi/AMO/results/iql_amo_jax_b2_loco_antmaze/runs/iql_amo_jax_am-ld_s2_rlr1e-3_b2,final_eval_50.jsonl,1,d4rl_normalized_score,2026-09-16T08:51:37.065742+00:00
iql_amo,2,0.001,antmaze-large-diverse-v2,3,16.0,1000000,True,50,True,1,shchoi,jax,amld_s3_b2_rho0p001_jax__fbfa0352,1e34514ddf70bfc8a78757d9a78b82306627164c,62154bd368146412da3da267ca32fcb25be12f10,main/iql_amo/antmaze-large-diverse-v2/1e-3/seed_3/amld_s3_b2_rho0p001_jax__fbfa0352,/home/shchoi/AMO/results/iql_amo_jax_b2_loco_antmaze/runs/iql_amo_jax_am-ld_s3_rlr1e-3_b2,final_eval_50.jsonl,1,d4rl_normalized_score,2026-09-16T09:32:50.312062+00:00
iql_amo,2,0.0003,antmaze-large-diverse-v2,0,20.0,1000000,True,50,True,1,shchoi,jax,amld_s0_b2_rho0p0003_jax__c9ba9dc0,1e34514ddf70bfc8a78757d9a78b82306627164c,62154bd368146412da3da267ca32fcb25be12f10,main/iql_amo/antmaze-large-diverse-v2/3e-4/seed_0/amld_s0_b2_rho0p0003_jax__c9ba9dc0,/home/shchoi/AMO/results/iql_amo_jax_b2_loco_antmaze/runs/iql_amo_jax_am-ld_s0_rlr3e-4_b2,final_eval_50.jsonl,1,d4rl_normalized_score,2026-09-16T04:41:41.012335+00:00
iql_amo,2,0.0003,antmaze-large-diverse-v2,1,26.0,1000000,True,50,True,1,shchoi,jax,amld_s1_b2_rho0p0003_jax__3313d893,1e34514ddf70bfc8a78757d9a78b82306627164c,62154bd368146412da3da267ca32fcb25be12f10,main/iql_amo/antmaze-large-diverse-v2/3e-4/seed_1/amld_s1_b2_rho0p0003_jax__3313d893,/home/shchoi/AMO/results/iql_amo_jax_b2_loco_antmaze/runs/iql_amo_jax_am-ld_s1_rlr3e-4_b2,final_eval_50.jsonl,1,d4rl_normalized_score,2026-09-16T05:22:53.407792+00:00
iql_amo,2,0.0003,antmaze-large-diverse-v2,2,22.0,1000000,True,50,True,1,shchoi,jax,amld_s2_b2_rho0p0003_jax__bb4eea4d,1e34514ddf70bfc8a78757d9a78b82306627164c,62154bd368146412da3da267ca32fcb25be12f10,main/iql_amo/antmaze-large-diverse-v2/3e-4/seed_2/amld_s2_b2_rho0p0003_jax__bb4eea4d,/home/shchoi/AMO/results/iql_amo_jax_b2_loco_antmaze/runs/iql_amo_jax_am-ld_s2_rlr3e-4_b2,final_eval_50.jsonl,1,d4rl_normalized_score,2026-09-16T06:04:10.956729+00:00
iql_amo,2,0.0003,antmaze-large-diverse-v2,3,26.0,1000000,True,50,True,1,shchoi,jax,amld_s3_b2_rho0p0003_jax__03bdccf5,1e34514ddf70bfc8a78757d9a78b82306627164c,62154bd368146412da3da267ca32fcb25be12f10,main/iql_amo/antmaze-large-diverse-v2/3e-4/seed_3/amld_s3_b2_rho0p0003_jax__03bdccf5,/home/shchoi/AMO/results/iql_amo_jax_b2_loco_antmaze/runs/iql_amo_jax_am-ld_s3_rlr3e-4_b2,final_eval_50.jsonl,1,d4rl_normalized_score,2026-09-16T06:45:29.576747+00:00
iql_amo,5,0.002,halfcheetah-medium-v2,0,48.66064724341928,1000000,False,10,False,2,ext_csh,torch,hcm_s0_iql_amo_bpi_bpi_sweep_rlr0p002_b5_t0p7__a0054342,,ec61f717062ebb6bc0f700c024cca43e5645a225,main/iql_amo/halfcheetah-medium-v2/2e-3/seed_0/hcm_s0_iql_amo_bpi_bpi_sweep_rlr0p002_b5_t0p7__a0054342,/home/ext_csh/CORL-iql-adaptive-beta-v1/results/iql_amo_bpi_s0_rlr_binit_loco9_antmaze6/cells/rlr2e-3_b5/halfcheetah-medium-v2,eval.jsonl,408,mean_normalized,
iql_amo,5,0.002,halfcheetah-medium-v2,0,49.032579556631056,1000000,True,50,True,2,shchoi,jax,hcm_s0_b5_rho0p002_jax__3e6f8e17,1e34514ddf70bfc8a78757d9a78b82306627164c,62154bd368146412da3da267ca32fcb25be12f10,main/iql_amo/halfcheetah-medium-v2/2e-3/seed_0/hcm_s0_b5_rho0p002_jax__3e6f8e17,/home/shchoi/AMO/results/iql_amo_jax_b5_loco9/runs/iql_amo_jax_hc-m_s0_rlr2e-3_b5,final_eval_50.jsonl,1,d4rl_normalized_score,2026-09-15T18:13:06.384943+00:00
iql_amo,5,0.002,halfcheetah-medium-v2,1,48.52310469391163,1000000,True,50,True,1,shchoi,jax,hcm_s1_b5_rho0p002_jax__8a65e050,1e34514ddf70bfc8a78757d9a78b82306627164c,62154bd368146412da3da267ca32fcb25be12f10,main/iql_amo/halfcheetah-medium-v2/2e-3/seed_1/hcm_s1_b5_rho0p002_jax__8a65e050,/home/shchoi/AMO/results/iql_amo_jax_b5_loco9/runs/iql_amo_jax_hc-m_s1_rlr2e-3_b5,final_eval_50.jsonl,1,d4rl_normalized_score,2026-09-15T18:13:11.018742+00:00
iql_amo,5,0.002,halfcheetah-medium-v2,2,48.31495268614436,1000000,True,50,True,1,shchoi,jax,hcm_s2_b5_rho0p002_jax__c6e096b9,1e34514ddf70bfc8a78757d9a78b82306627164c,62154bd368146412da3da267ca32fcb25be12f10,main/iql_amo/halfcheetah-medium-v2/2e-3/seed_2/hcm_s2_b5_rho0p002_jax__c6e096b9,/home/shchoi/AMO/results/iql_amo_jax_b5_loco9/runs/iql_amo_jax_hc-m_s2_rlr2e-3_b5,final_eval_50.jsonl,1,d4rl_normalized_score,2026-09-15T18:13:14.989611+00:00
iql_amo,5,0.002,halfcheetah-medium-v2,3,48.38081742145037,1000000,True,50,True,1,shchoi,jax,hcm_s3_b5_rho0p002_jax__52550a99,1e34514ddf70bfc8a78757d9a78b82306627164c,62154bd368146412da3da267ca32fcb25be12f10,main/iql_amo/halfcheetah-medium-v2/2e-3/seed_3/hcm_s3_b5_rho0p002_jax__52550a99,/home/shchoi/AMO/results/iql_amo_jax_b5_loco9/runs/iql_amo_jax_hc-m_s3_rlr2e-3_b5,final_eval_50.jsonl,1,d4rl_normalized_score,2026-09-15T18:13:23.139719+00:00
iql_amo,5,0.001,halfcheetah-medium-v2,0,48.242203285371374,1000000,True,50,True,1,shchoi,jax,hcm_s0_b5_rho0p001_jax__0a10c57b,1e34514ddf70bfc8a78757d9a78b82306627164c,62154bd368146412da3da267ca32fcb25be12f10,main/iql_amo/halfcheetah-medium-v2/1e-3/seed_0/hcm_s0_b5_rho0p001_jax__0a10c57b,/home/shchoi/AMO/results/iql_amo_jax_b5_loco9/runs/iql_amo_jax_hc-m_s0_rlr1e-3_b5,final_eval_50.jsonl,1,d4rl_normalized_score,2026-09-15T12:11:07.013738+00:00
iql_amo,5,0.001,halfcheetah-medium-v2,1,48.52020534100125,1000000,True,50,True,1,shchoi,jax,hcm_s1_b5_rho0p001_jax__953713fd,1e34514ddf70bfc8a78757d9a78b82306627164c,62154bd368146412da3da267ca32fcb25be12f10,main/iql_amo/halfcheetah-medium-v2/1e-3/seed_1/hcm_s1_b5_rho0p001_jax__953713fd,/home/shchoi/AMO/results/iql_amo_jax_b5_loco9/runs/iql_amo_jax_hc-m_s1_rlr1e-3_b5,final_eval_50.jsonl,1,d4rl_normalized_score,2026-09-15T12:11:14.915013+00:00
iql_amo,5,0.001,halfcheetah-medium-v2,2,48.44470112057219,1000000,True,50,True,1,shchoi,jax,hcm_s2_b5_rho0p001_jax__1fb1aeeb,1e34514ddf70bfc8a78757d9a78b82306627164c,62154bd368146412da3da267ca32fcb25be12f10,main/iql_amo/halfcheetah-medium-v2/1e-3/seed_2/hcm_s2_b5_rho0p001_jax__1fb1aeeb,/home/shchoi/AMO/results/iql_amo_jax_b5_loco9/runs/iql_amo_jax_hc-m_s2_rlr1e-3_b5,final_eval_50.jsonl,1,d4rl_normalized_score,2026-09-15T12:11:22.604359+00:00
iql_amo,5,0.001,halfcheetah-medium-v2,3,48.15107185833083,1000000,True,50,True,1,shchoi,jax,hcm_s3_b5_rho0p001_jax__a60e0f31,1e34514ddf70bfc8a78757d9a78b82306627164c,62154bd368146412da3da267ca32fcb25be12f10,main/iql_amo/halfcheetah-medium-v2/1e-3/seed_3/hcm_s3_b5_rho0p001_jax__a60e0f31,/home/shchoi/AMO/results/iql_amo_jax_b5_loco9/runs/iql_amo_jax_hc-m_s3_rlr1e-3_b5,final_eval_50.jsonl,1,d4rl_normalized_score,2026-09-15T18:13:19.178811+00:00
iql_amo,5,0.0003,halfcheetah-medium-v2,0,48.42606887770022,1000000,True,50,True,1,shchoi,jax,hcm_s0_b5_rho0p0003_jax__9e3fc934,1e34514ddf70bfc8a78757d9a78b82306627164c,62154bd368146412da3da267ca32fcb25be12f10,main/iql_amo/halfcheetah-medium-v2/3e-4/seed_0/hcm_s0_b5_rho0p0003_jax__9e3fc934,/home/shchoi/AMO/results/iql_amo_jax_b5_loco9/runs/iql_amo_jax_hc-m_s0_rlr3e-4_b5,final_eval_50.jsonl,1,d4rl_normalized_score,2026-09-15T12:11:10.575011+00:00
iql_amo,5,0.0003,halfcheetah-medium-v2,1,48.87469896401597,1000000,True,50,True,1,shchoi,jax,hcm_s1_b5_rho0p0003_jax__45af3413,1e34514ddf70bfc8a78757d9a78b82306627164c,62154bd368146412da3da267ca32fcb25be12f10,main/iql_amo/halfcheetah-medium-v2/3e-4/seed_1/hcm_s1_b5_rho0p0003_jax__45af3413,/home/shchoi/AMO/results/iql_amo_jax_b5_loco9/runs/iql_amo_jax_hc-m_s1_rlr3e-4_b5,final_eval_50.jsonl,1,d4rl_normalized_score,2026-09-15T12:11:18.803582+00:00
iql_amo,5,0.0003,halfcheetah-medium-v2,2,48.45204403694828,1000000,True,50,True,1,shchoi,jax,hcm_s2_b5_rho0p0003_jax__cf59d0fc,1e34514ddf70bfc8a78757d9a78b82306627164c,62154bd368146412da3da267ca32fcb25be12f10,main/iql_amo/halfcheetah-medium-v2/3e-4/seed_2/hcm_s2_b5_rho0p0003_jax__cf59d0fc,/home/shchoi/AMO/results/iql_amo_jax_b5_loco9/runs/iql_amo_jax_hc-m_s2_rlr3e-4_b5,final_eval_50.jsonl,1,d4rl_normalized_score,2026-09-15T12:11:27.038865+00:00
iql_amo,5,0.0003,halfcheetah-medium-v2,3,48.589173520622396,1000000,True,50,True,1,shchoi,jax,hcm_s3_b5_rho0p0003_jax__7d9ecd48,1e34514ddf70bfc8a78757d9a78b82306627164c,62154bd368146412da3da267ca32fcb25be12f10,main/iql_amo/halfcheetah-medium-v2/3e-4/seed_3/hcm_s3_b5_rho0p0003_jax__7d9ecd48,/home/shchoi/AMO/results/iql_amo_jax_b5_loco9/runs/iql_amo_jax_hc-m_s3_rlr3e-4_b5,final_eval_50.jsonl,1,d4rl_normalized_score,2026-09-15T12:11:31.316321+00:00
iql_amo,5,0.002,halfcheetah-medium-replay-v2,0,44.597760563964556,1000000,False,10,True,2,ext_csh,torch,hcmr_s0_iql_amo_bpi_bpi_sweep_rlr0p002_b5_t0p7__67c7278c,,ec61f717062ebb6bc0f700c024cca43e5645a225,main/iql_amo/halfcheetah-medium-replay-v2/2e-3/seed_0/hcmr_s0_iql_amo_bpi_bpi_sweep_rlr0p002_b5_t0p7__67c7278c,/home/ext_csh/CORL-iql-adaptive-beta-v1/results/iql_amo_bpi_s0_rlr_binit_loco9_antmaze6/cells/rlr2e-3_b5/halfcheetah-medium-replay-v2,eval.jsonl,408,mean_normalized,
iql_amo,5,0.002,halfcheetah-medium-replay-v2,0,44.39329309735007,1000000,True,50,False,2,shchoi,jax,hcmr_s0_b5_rho0p002_jax__453c8aae,1e34514ddf70bfc8a78757d9a78b82306627164c,62154bd368146412da3da267ca32fcb25be12f10,main/iql_amo/halfcheetah-medium-replay-v2/2e-3/seed_0/hcmr_s0_b5_rho0p002_jax__453c8aae,/home/shchoi/AMO/results/iql_amo_jax_b5_loco9/runs/iql_amo_jax_hc-mr_s0_rlr2e-3_b5,final_eval_50.jsonl,1,d4rl_normalized_score,2026-09-15T18:13:47.220043+00:00
iql_amo,5,0.002,halfcheetah-medium-replay-v2,1,41.470028334534064,1000000,True,50,True,1,shchoi,jax,hcmr_s1_b5_rho0p002_jax__a9bd3695,1e34514ddf70bfc8a78757d9a78b82306627164c,62154bd368146412da3da267ca32fcb25be12f10,main/iql_amo/halfcheetah-medium-replay-v2/2e-3/seed_1/hcmr_s1_b5_rho0p002_jax__a9bd3695,/home/shchoi/AMO/results/iql_amo_jax_b5_loco9/runs/iql_amo_jax_hc-mr_s1_rlr2e-3_b5,final_eval_50.jsonl,1,d4rl_normalized_score,2026-09-15T18:13:51.049321+00:00
iql_amo,5,0.002,halfcheetah-medium-replay-v2,2,44.47782345854902,1000000,True,50,True,1,shchoi,jax,hcmr_s2_b5_rho0p002_jax__65e8a7f8,1e34514ddf70bfc8a78757d9a78b82306627164c,62154bd368146412da3da267ca32fcb25be12f10,main/iql_amo/halfcheetah-medium-replay-v2/2e-3/seed_2/hcmr_s2_b5_rho0p002_jax__65e8a7f8,/home/shchoi/AMO/results/iql_amo_jax_b5_loco9/runs/iql_amo_jax_hc-mr_s2_rlr2e-3_b5,final_eval_50.jsonl,1,d4rl_normalized_score,2026-09-15T18:13:55.290075+00:00
iql_amo,5,0.002,halfcheetah-medium-replay-v2,3,43.8213117987688,1000000,True,50,True,1,shchoi,jax,hcmr_s3_b5_rho0p002_jax__9826c65e,1e34514ddf70bfc8a78757d9a78b82306627164c,62154bd368146412da3da267ca32fcb25be12f10,main/iql_amo/halfcheetah-medium-replay-v2/2e-3/seed_3/hcmr_s3_b5_rho0p002_jax__9826c65e,/home/shchoi/AMO/results/iql_amo_jax_b5_loco9/runs/iql_amo_jax_hc-mr_s3_rlr2e-3_b5,final_eval_50.jsonl,1,d4rl_normalized_score,2026-09-15T18:14:03.036107+00:00
iql_amo,5,0.001,halfcheetah-medium-replay-v2,0,44.190216971998375,1000000,True,50,True,1,shchoi,jax,hcmr_s0_b5_rho0p001_jax__f2ebd167,1e34514ddf70bfc8a78757d9a78b82306627164c,62154bd368146412da3da267ca32fcb25be12f10,main/iql_amo/halfcheetah-medium-replay-v2/1e-3/seed_0/hcmr_s0_b5_rho0p001_jax__f2ebd167,/home/shchoi/AMO/results/iql_amo_jax_b5_loco9/runs/iql_amo_jax_hc-mr_s0_rlr1e-3_b5,final_eval_50.jsonl,1,d4rl_normalized_score,2026-09-15T12:12:03.360193+00:00
iql_amo,5,0.001,halfcheetah-medium-replay-v2,1,44.096376909769035,1000000,True,50,True,1,shchoi,jax,hcmr_s1_b5_rho0p001_jax__e35acaf1,1e34514ddf70bfc8a78757d9a78b82306627164c,62154bd368146412da3da267ca32fcb25be12f10,main/iql_amo/halfcheetah-medium-replay-v2/1e-3/seed_1/hcmr_s1_b5_rho0p001_jax__e35acaf1,/home/shchoi/AMO/results/iql_amo_jax_b5_loco9/runs/iql_amo_jax_hc-mr_s1_rlr1e-3_b5,final_eval_50.jsonl,1,d4rl_normalized_score,2026-09-15T12:12:11.525540+00:00
iql_amo,5,0.001,halfcheetah-medium-replay-v2,2,45.06810611641635,1000000,True,50,True,1,shchoi,jax,hcmr_s2_b5_rho0p001_jax__f74f1ae2,1e34514ddf70bfc8a78757d9a78b82306627164c,62154bd368146412da3da267ca32fcb25be12f10,main/iql_amo/halfcheetah-medium-replay-v2/1e-3/seed_2/hcmr_s2_b5_rho0p001_jax__f74f1ae2,/home/shchoi/AMO/results/iql_amo_jax_b5_loco9/runs/iql_amo_jax_hc-mr_s2_rlr1e-3_b5,final_eval_50.jsonl,1,d4rl_normalized_score,2026-09-15T12:12:18.958612+00:00
iql_amo,5,0.001,halfcheetah-medium-replay-v2,3,44.975663384946984,1000000,True,50,True,1,shchoi,jax,hcmr_s3_b5_rho0p001_jax__425766e1,1e34514ddf70bfc8a78757d9a78b82306627164c,62154bd368146412da3da267ca32fcb25be12f10,main/iql_amo/halfcheetah-medium-replay-v2/1e-3/seed_3/hcmr_s3_b5_rho0p001_jax__425766e1,/home/shchoi/AMO/results/iql_amo_jax_b5_loco9/runs/iql_amo_jax_hc-mr_s3_rlr1e-3_b5,final_eval_50.jsonl,1,d4rl_normalized_score,2026-09-15T18:13:59.462815+00:00
iql_amo,5,0.0003,halfcheetah-medium-replay-v2,0,44.77322714145183,1000000,True,50,True,1,shchoi,jax,hcmr_s0_b5_rho0p0003_jax__80429492,1e34514ddf70bfc8a78757d9a78b82306627164c,62154bd368146412da3da267ca32fcb25be12f10,main/iql_amo/halfcheetah-medium-replay-v2/3e-4/seed_0/hcmr_s0_b5_rho0p0003_jax__80429492,/home/shchoi/AMO/results/iql_amo_jax_b5_loco9/runs/iql_amo_jax_hc-mr_s0_rlr3e-4_b5,final_eval_50.jsonl,1,d4rl_normalized_score,2026-09-15T12:12:07.521539+00:00
iql_amo,5,0.0003,halfcheetah-medium-replay-v2,1,44.41315082530519,1000000,True,50,True,1,shchoi,jax,hcmr_s1_b5_rho0p0003_jax__39b63ace,1e34514ddf70bfc8a78757d9a78b82306627164c,62154bd368146412da3da267ca32fcb25be12f10,main/iql_amo/halfcheetah-medium-replay-v2/3e-4/seed_1/hcmr_s1_b5_rho0p0003_jax__39b63ace,/home/shchoi/AMO/results/iql_amo_jax_b5_loco9/runs/iql_amo_jax_hc-mr_s1_rlr3e-4_b5,final_eval_50.jsonl,1,d4rl_normalized_score,2026-09-15T12:12:15.166095+00:00
iql_amo,5,0.0003,halfcheetah-medium-replay-v2,2,44.41728626925749,1000000,True,50,True,1,shchoi,jax,hcmr_s2_b5_rho0p0003_jax__b655f5e7,1e34514ddf70bfc8a78757d9a78b82306627164c,62154bd368146412da3da267ca32fcb25be12f10,main/iql_amo/halfcheetah-medium-replay-v2/3e-4/seed_2/hcmr_s2_b5_rho0p0003_jax__b655f5e7,/home/shchoi/AMO/results/iql_amo_jax_b5_loco9/runs/iql_amo_jax_hc-mr_s2_rlr3e-4_b5,final_eval_50.jsonl,1,d4rl_normalized_score,2026-09-15T12:12:22.639012+00:00
iql_amo,5,0.0003,halfcheetah-medium-replay-v2,3,44.11902440634615,1000000,True,50,True,1,shchoi,jax,hcmr_s3_b5_rho0p0003_jax__8b226381,1e34514ddf70bfc8a78757d9a78b82306627164c,62154bd368146412da3da267ca32fcb25be12f10,main/iql_amo/halfcheetah-medium-replay-v2/3e-4/seed_3/hcmr_s3_b5_rho0p0003_jax__8b226381,/home/shchoi/AMO/results/iql_amo_jax_b5_loco9/runs/iql_amo_jax_hc-mr_s3_rlr3e-4_b5,final_eval_50.jsonl,1,d4rl_normalized_score,2026-09-15T12:12:26.500319+00:00
iql_amo,5,0.002,halfcheetah-medium-expert-v2,0,91.09056937150427,1000000,False,10,True,2,ext_csh,torch,hme_s0_iql_amo_bpi_bpi_sweep_rlr0p002_b5_t0p7__102b43d9,,ec61f717062ebb6bc0f700c024cca43e5645a225,main/iql_amo/halfcheetah-medium-expert-v2/2e-3/seed_0/hme_s0_iql_amo_bpi_bpi_sweep_rlr0p002_b5_t0p7__102b43d9,/home/ext_csh/CORL-iql-adaptive-beta-v1/results/iql_amo_bpi_s0_rlr_binit_loco9_antmaze6/cells/rlr2e-3_b5/halfcheetah-medium-expert-v2,eval.jsonl,412,mean_normalized,
iql_amo,5,0.002,halfcheetah-medium-expert-v2,0,89.49080173436866,1000000,True,50,False,2,shchoi,jax,hme_s0_b5_rho0p002_jax__027c6fb7,1e34514ddf70bfc8a78757d9a78b82306627164c,62154bd368146412da3da267ca32fcb25be12f10,main/iql_amo/halfcheetah-medium-expert-v2/2e-3/seed_0/hme_s0_b5_rho0p002_jax__027c6fb7,/home/shchoi/AMO/results/iql_amo_jax_b5_loco9/runs/iql_amo_jax_hc-me_s0_rlr2e-3_b5,final_eval_50.jsonl,1,d4rl_normalized_score,2026-09-15T18:13:27.260025+00:00
iql_amo,5,0.002,halfcheetah-medium-expert-v2,1,85.29383731727344,1000000,True,50,True,1,shchoi,jax,hme_s1_b5_rho0p002_jax__de1e02a9,1e34514ddf70bfc8a78757d9a78b82306627164c,62154bd368146412da3da267ca32fcb25be12f10,main/iql_amo/halfcheetah-medium-expert-v2/2e-3/seed_1/hme_s1_b5_rho0p002_jax__de1e02a9,/home/shchoi/AMO/results/iql_amo_jax_b5_loco9/runs/iql_amo_jax_hc-me_s1_rlr2e-3_b5,final_eval_50.jsonl,1,d4rl_normalized_score,2026-09-15T18:13:31.096572+00:00
iql_amo,5,0.002,halfcheetah-medium-expert-v2,2,93.23782464745183,1000000,True,50,True,1,shchoi,jax,hme_s2_b5_rho0p002_jax__7d0be3f8,1e34514ddf70bfc8a78757d9a78b82306627164c,62154bd368146412da3da267ca32fcb25be12f10,main/iql_amo/halfcheetah-medium-expert-v2/2e-3/seed_2/hme_s2_b5_rho0p002_jax__7d0be3f8,/home/shchoi/AMO/results/iql_amo_jax_b5_loco9/runs/iql_amo_jax_hc-me_s2_rlr2e-3_b5,final_eval_50.jsonl,1,d4rl_normalized_score,2026-09-15T18:13:34.793463+00:00
iql_amo,5,0.002,halfcheetah-medium-expert-v2,3,87.6575528994129,1000000,True,50,True,1,shchoi,jax,hme_s3_b5_rho0p002_jax__5a426ad3,1e34514ddf70bfc8a78757d9a78b82306627164c,62154bd368146412da3da267ca32fcb25be12f10,main/iql_amo/halfcheetah-medium-expert-v2/2e-3/seed_3/hme_s3_b5_rho0p002_jax__5a426ad3,/home/shchoi/AMO/results/iql_amo_jax_b5_loco9/runs/iql_amo_jax_hc-me_s3_rlr2e-3_b5,final_eval_50.jsonl,1,d4rl_normalized_score,2026-09-15T18:13:42.489199+00:00
iql_amo,5,0.001,halfcheetah-medium-expert-v2,0,92.1401761044996,1000000,True,50,True,1,shchoi,jax,hme_s0_b5_rho0p001_jax__077f1709,1e34514ddf70bfc8a78757d9a78b82306627164c,62154bd368146412da3da267ca32fcb25be12f10,main/iql_amo/halfcheetah-medium-expert-v2/1e-3/seed_0/hme_s0_b5_rho0p001_jax__077f1709,/home/shchoi/AMO/results/iql_amo_jax_b5_loco9/runs/iql_amo_jax_hc-me_s0_rlr1e-3_b5,final_eval_50.jsonl,1,d4rl_normalized_score,2026-09-15T12:11:35.478293+00:00
iql_amo,5,0.001,halfcheetah-medium-expert-v2,1,93.4179573209596,1000000,True,50,True,2,shchoi,jax,hme_s1_b5_rho0p001_jax__486bc2d3,1e34514ddf70bfc8a78757d9a78b82306627164c,62154bd368146412da3da267ca32fcb25be12f10,main/iql_amo/halfcheetah-medium-expert-v2/1e-3/seed_1/hme_s1_b5_rho0p001_jax__486bc2d3,/home/shchoi/AMO/results/iql_amo_jax_b5_loco9/runs/iql_amo_jax_hc-me_s1_rlr1e-3_b5,final_eval_50.jsonl,1,d4rl_normalized_score,2026-09-15T12:11:42.950034+00:00
iql_amo,5,0.001,halfcheetah-medium-expert-v2,1,,,False,,False,2,shchoi,jax,hme_s1_b5_rho0p001_jax__89468799,1e34514ddf70bfc8a78757d9a78b82306627164c,62154bd368146412da3da267ca32fcb25be12f10,main/iql_amo/halfcheetah-medium-expert-v2/1e-3/seed_1/hme_s1_b5_rho0p001_jax__89468799,/home/shchoi/AMO/results/iql_amo_jax_b5_loco9/runs/iql_amo_jax_hc-me_s1_rlr1e-3_b5.prev_1789468799,,,,
iql_amo,5,0.001,halfcheetah-medium-expert-v2,2,93.1716917457955,1000000,True,50,True,1,shchoi,jax,hme_s2_b5_rho0p001_jax__1707b404,1e34514ddf70bfc8a78757d9a78b82306627164c,62154bd368146412da3da267ca32fcb25be12f10,main/iql_amo/halfcheetah-medium-expert-v2/1e-3/seed_2/hme_s2_b5_rho0p001_jax__1707b404,/home/shchoi/AMO/results/iql_amo_jax_b5_loco9/runs/iql_amo_jax_hc-me_s2_rlr1e-3_b5,final_eval_50.jsonl,1,d4rl_normalized_score,2026-09-15T12:11:50.971452+00:00
iql_amo,5,0.001,halfcheetah-medium-expert-v2,3,92.34397295636589,1000000,True,50,True,1,shchoi,jax,hme_s3_b5_rho0p001_jax__4f083fe8,1e34514ddf70bfc8a78757d9a78b82306627164c,62154bd368146412da3da267ca32fcb25be12f10,main/iql_amo/halfcheetah-medium-expert-v2/1e-3/seed_3/hme_s3_b5_rho0p001_jax__4f083fe8,/home/shchoi/AMO/results/iql_amo_jax_b5_loco9/runs/iql_amo_jax_hc-me_s3_rlr1e-3_b5,final_eval_50.jsonl,1,d4rl_normalized_score,2026-09-15T18:13:38.863370+00:00
iql_amo,5,0.0003,halfcheetah-medium-expert-v2,0,88.79079329937913,1000000,True,50,True,1,shchoi,jax,hme_s0_b5_rho0p0003_jax__17971713,1e34514ddf70bfc8a78757d9a78b82306627164c,62154bd368146412da3da267ca32fcb25be12f10,main/iql_amo/halfcheetah-medium-expert-v2/3e-4/seed_0/hme_s0_b5_rho0p0003_jax__17971713,/home/shchoi/AMO/results/iql_amo_jax_b5_loco9/runs/iql_amo_jax_hc-me_s0_rlr3e-4_b5,final_eval_50.jsonl,1,d4rl_normalized_score,2026-09-15T12:11:39.044070+00:00
iql_amo,5,0.0003,halfcheetah-medium-expert-v2,1,93.42689163246942,1000000,True,50,True,1,shchoi,jax,hme_s1_b5_rho0p0003_jax__f558b5f5,1e34514ddf70bfc8a78757d9a78b82306627164c,62154bd368146412da3da267ca32fcb25be12f10,main/iql_amo/halfcheetah-medium-expert-v2/3e-4/seed_1/hme_s1_b5_rho0p0003_jax__f558b5f5,/home/shchoi/AMO/results/iql_amo_jax_b5_loco9/runs/iql_amo_jax_hc-me_s1_rlr3e-4_b5,final_eval_50.jsonl,1,d4rl_normalized_score,2026-09-15T12:11:46.516946+00:00
iql_amo,5,0.0003,halfcheetah-medium-expert-v2,2,92.52841014290213,1000000,True,50,True,1,shchoi,jax,hme_s2_b5_rho0p0003_jax__8603323f,1e34514ddf70bfc8a78757d9a78b82306627164c,62154bd368146412da3da267ca32fcb25be12f10,main/iql_amo/halfcheetah-medium-expert-v2/3e-4/seed_2/hme_s2_b5_rho0p0003_jax__8603323f,/home/shchoi/AMO/results/iql_amo_jax_b5_loco9/runs/iql_amo_jax_hc-me_s2_rlr3e-4_b5,final_eval_50.jsonl,1,d4rl_normalized_score,2026-09-15T12:11:55.054624+00:00
iql_amo,5,0.0003,halfcheetah-medium-expert-v2,3,90.30971518280835,1000000,True,50,True,1,shchoi,jax,hme_s3_b5_rho0p0003_jax__637b3f65,1e34514ddf70bfc8a78757d9a78b82306627164c,62154bd368146412da3da267ca32fcb25be12f10,main/iql_amo/halfcheetah-medium-expert-v2/3e-4/seed_3/hme_s3_b5_rho0p0003_jax__637b3f65,/home/shchoi/AMO/results/iql_amo_jax_b5_loco9/runs/iql_amo_jax_hc-me_s3_rlr3e-4_b5,final_eval_50.jsonl,1,d4rl_normalized_score,2026-09-15T12:11:59.213349+00:00
iql_amo,5,0.002,hopper-medium-v2,0,39.7372987029968,5000,False,10,False,2,ext_csh,torch,hopm_s0_iql_amo_bpi_bpi_sweep_rlr0p002_b5_t0p7__7e436036,,ec61f717062ebb6bc0f700c024cca43e5645a225,main/iql_amo/hopper-medium-v2/2e-3/seed_0/hopm_s0_iql_amo_bpi_bpi_sweep_rlr0p002_b5_t0p7__7e436036,/home/ext_csh/CORL-iql-adaptive-beta-v1/results/iql_amo_bpi_s0_rlr_binit_loco9_antmaze6/cells/rlr2e-3_b5/hopper-medium-v2,eval.jsonl,2,mean_normalized,
iql_amo,5,0.002,hopper-medium-v2,0,61.00615833851756,1000000,True,50,True,2,shchoi,jax,hopm_s0_b5_rho0p002_jax_det__ad651466,1e34514ddf70bfc8a78757d9a78b82306627164c,62154bd368146412da3da267ca32fcb25be12f10,main/iql_amo/hopper-medium-v2/2e-3/seed_0/hopm_s0_b5_rho0p002_jax_det__ad651466,/home/shchoi/AMO/results/iql_amo_jax_b5_loco9/runs/iql_amo_jax_h-m_s0_rlr2e-3_b5,final_eval_50.jsonl,1,d4rl_normalized_score,2026-09-15T12:09:05.045884+00:00
iql_amo,5,0.002,hopper-medium-v2,1,66.1460676417158,1000000,True,50,True,1,shchoi,jax,hopm_s1_b5_rho0p002_jax_det__e546b3c1,1e34514ddf70bfc8a78757d9a78b82306627164c,62154bd368146412da3da267ca32fcb25be12f10,main/iql_amo/hopper-medium-v2/2e-3/seed_1/hopm_s1_b5_rho0p002_jax_det__e546b3c1,/home/shchoi/AMO/results/iql_amo_jax_b5_loco9/runs/iql_amo_jax_h-m_s1_rlr2e-3_b5,final_eval_50.jsonl,1,d4rl_normalized_score,2026-09-15T12:09:10.967603+00:00
iql_amo,5,0.002,hopper-medium-v2,2,62.47041108999034,1000000,True,50,True,1,shchoi,jax,hopm_s2_b5_rho0p002_jax_det__c67c02ad,1e34514ddf70bfc8a78757d9a78b82306627164c,62154bd368146412da3da267ca32fcb25be12f10,main/iql_amo/hopper-medium-v2/2e-3/seed_2/hopm_s2_b5_rho0p002_jax_det__c67c02ad,/home/shchoi/AMO/results/iql_amo_jax_b5_loco9/runs/iql_amo_jax_h-m_s2_rlr2e-3_b5,final_eval_50.jsonl,1,d4rl_normalized_score,2026-09-15T12:09:19.614931+00:00
iql_amo,5,0.002,hopper-medium-v2,3,57.405635160241744,1000000,True,50,True,1,shchoi,jax,hopm_s3_b5_rho0p002_jax_det__a6cdf0a1,1e34514ddf70bfc8a78757d9a78b82306627164c,62154bd368146412da3da267ca32fcb25be12f10,main/iql_amo/hopper-medium-v2/2e-3/seed_3/hopm_s3_b5_rho0p002_jax_det__a6cdf0a1,/home/shchoi/AMO/results/iql_amo_jax_b5_loco9/runs/iql_amo_jax_h-m_s3_rlr2e-3_b5,final_eval_50.jsonl,1,d4rl_normalized_score,2026-09-15T12:09:32.746896+00:00
iql_amo,5,0.001,hopper-medium-v2,0,66.85803735805248,1000000,True,50,True,1,shchoi,jax,hopm_s0_b5_rho0p001_jax_det__44716168,1e34514ddf70bfc8a78757d9a78b82306627164c,62154bd368146412da3da267ca32fcb25be12f10,main/iql_amo/hopper-medium-v2/1e-3/seed_0/hopm_s0_b5_rho0p001_jax_det__44716168,/home/shchoi/AMO/results/iql_amo_jax_b5_loco9/runs/iql_amo_jax_h-m_s0_rlr1e-3_b5,final_eval_50.jsonl,1,d4rl_normalized_score,2026-09-15T12:09:02.080622+00:00
iql_amo,5,0.001,hopper-medium-v2,1,55.906611960598816,1000000,True,50,True,1,shchoi,jax,hopm_s1_b5_rho0p001_jax_det__515ffcec,1e34514ddf70bfc8a78757d9a78b82306627164c,62154bd368146412da3da267ca32fcb25be12f10,main/iql_amo/hopper-medium-v2/1e-3/seed_1/hopm_s1_b5_rho0p001_jax_det__515ffcec,/home/shchoi/AMO/results/iql_amo_jax_b5_loco9/runs/iql_amo_jax_h-m_s1_rlr1e-3_b5,final_eval_50.jsonl,1,d4rl_normalized_score,2026-09-15T12:09:07.845552+00:00
iql_amo,5,0.001,hopper-medium-v2,2,48.23075353769053,1000000,True,50,True,1,shchoi,jax,hopm_s2_b5_rho0p001_jax_det__efb660df,1e34514ddf70bfc8a78757d9a78b82306627164c,62154bd368146412da3da267ca32fcb25be12f10,main/iql_amo/hopper-medium-v2/1e-3/seed_2/hopm_s2_b5_rho0p001_jax_det__efb660df,/home/shchoi/AMO/results/iql_amo_jax_b5_loco9/runs/iql_amo_jax_h-m_s2_rlr1e-3_b5,final_eval_50.jsonl,1,d4rl_normalized_score,2026-09-15T12:09:16.459715+00:00
iql_amo,5,0.001,hopper-medium-v2,3,55.84183874341119,1000000,True,50,True,1,shchoi,jax,hopm_s3_b5_rho0p001_jax_det__e4f1d4fe,1e34514ddf70bfc8a78757d9a78b82306627164c,62154bd368146412da3da267ca32fcb25be12f10,main/iql_amo/hopper-medium-v2/1e-3/seed_3/hopm_s3_b5_rho0p001_jax_det__e4f1d4fe,/home/shchoi/AMO/results/iql_amo_jax_b5_loco9/runs/iql_amo_jax_h-m_s3_rlr1e-3_b5,final_eval_50.jsonl,1,d4rl_normalized_score,2026-09-15T12:09:29.959832+00:00
iql_amo,5,0.0003,hopper-medium-v2,0,63.64160308738073,1000000,True,50,True,1,shchoi,jax,hopm_s0_b5_rho0p0003_jax_det__09dacd3c,1e34514ddf70bfc8a78757d9a78b82306627164c,62154bd368146412da3da267ca32fcb25be12f10,main/iql_amo/hopper-medium-v2/3e-4/seed_0/hopm_s0_b5_rho0p0003_jax_det__09dacd3c,/home/shchoi/AMO/results/iql_amo_jax_b5_loco9/runs/iql_amo_jax_h-m_s0_rlr3e-4_b5,final_eval_50.jsonl,1,d4rl_normalized_score,2026-09-15T04:27:54.468808+00:00
iql_amo,5,0.0003,hopper-medium-v2,1,65.81977969687975,1000000,True,50,True,1,shchoi,jax,hopm_s1_b5_rho0p0003_jax_det__9286ac9f,1e34514ddf70bfc8a78757d9a78b82306627164c,62154bd368146412da3da267ca32fcb25be12f10,main/iql_amo/hopper-medium-v2/3e-4/seed_1/hopm_s1_b5_rho0p0003_jax_det__9286ac9f,/home/shchoi/AMO/results/iql_amo_jax_b5_loco9/runs/iql_amo_jax_h-m_s1_rlr3e-4_b5,final_eval_50.jsonl,1,d4rl_normalized_score,2026-09-15T12:09:14.116134+00:00
iql_amo,5,0.0003,hopper-medium-v2,2,67.63407672637275,1000000,True,50,True,1,shchoi,jax,hopm_s2_b5_rho0p0003_jax_det__879d07c6,1e34514ddf70bfc8a78757d9a78b82306627164c,62154bd368146412da3da267ca32fcb25be12f10,main/iql_amo/hopper-medium-v2/3e-4/seed_2/hopm_s2_b5_rho0p0003_jax_det__879d07c6,/home/shchoi/AMO/results/iql_amo_jax_b5_loco9/runs/iql_amo_jax_h-m_s2_rlr3e-4_b5,final_eval_50.jsonl,1,d4rl_normalized_score,2026-09-15T12:09:27.066063+00:00
iql_amo,5,0.0003,hopper-medium-v2,3,61.843197468267206,1000000,True,50,True,1,shchoi,jax,hopm_s3_b5_rho0p0003_jax_det__5f4c2cfc,1e34514ddf70bfc8a78757d9a78b82306627164c,62154bd368146412da3da267ca32fcb25be12f10,main/iql_amo/hopper-medium-v2/3e-4/seed_3/hopm_s3_b5_rho0p0003_jax_det__5f4c2cfc,/home/shchoi/AMO/results/iql_amo_jax_b5_loco9/runs/iql_amo_jax_h-m_s3_rlr3e-4_b5,final_eval_50.jsonl,1,d4rl_normalized_score,2026-09-15T12:09:35.693776+00:00
iql_amo,5,0.002,hopper-medium-replay-v2,0,24.178386565939363,5000,False,10,False,2,ext_csh,torch,hopmr_s0_iql_amo_bpi_bpi_sweep_rlr0p002_b5_t0p7__f8d9dcb6,,ec61f717062ebb6bc0f700c024cca43e5645a225,main/iql_amo/hopper-medium-replay-v2/2e-3/seed_0/hopmr_s0_iql_amo_bpi_bpi_sweep_rlr0p002_b5_t0p7__f8d9dcb6,/home/ext_csh/CORL-iql-adaptive-beta-v1/results/iql_amo_bpi_s0_rlr_binit_loco9_antmaze6/cells/rlr2e-3_b5/hopper-medium-replay-v2,eval.jsonl,2,mean_normalized,
iql_amo,5,0.002,hopper-medium-replay-v2,0,95.01935847248491,1000000,True,50,True,2,shchoi,jax,hopmr_s0_b5_rho0p002_jax_det__2eef62b0,1e34514ddf70bfc8a78757d9a78b82306627164c,62154bd368146412da3da267ca32fcb25be12f10,main/iql_amo/hopper-medium-replay-v2/2e-3/seed_0/hopmr_s0_b5_rho0p002_jax_det__2eef62b0,/home/shchoi/AMO/results/iql_amo_jax_b5_loco9/runs/iql_amo_jax_h-mr_s0_rlr2e-3_b5,final_eval_50.jsonl,1,d4rl_normalized_score,2026-09-15T12:10:17.413800+00:00
iql_amo,5,0.002,hopper-medium-replay-v2,1,100.36268456793928,1000000,True,50,True,1,shchoi,jax,hopmr_s1_b5_rho0p002_jax_det__cac644cd,1e34514ddf70bfc8a78757d9a78b82306627164c,62154bd368146412da3da267ca32fcb25be12f10,main/iql_amo/hopper-medium-replay-v2/2e-3/seed_1/hopmr_s1_b5_rho0p002_jax_det__cac644cd,/home/shchoi/AMO/results/iql_amo_jax_b5_loco9/runs/iql_amo_jax_h-mr_s1_rlr2e-3_b5,final_eval_50.jsonl,1,d4rl_normalized_score,2026-09-15T12:10:27.567905+00:00
iql_amo,5,0.002,hopper-medium-replay-v2,2,93.5716163941302,1000000,True,50,True,1,shchoi,jax,hopmr_s2_b5_rho0p002_jax_det__5acce4db,1e34514ddf70bfc8a78757d9a78b82306627164c,62154bd368146412da3da267ca32fcb25be12f10,main/iql_amo/hopper-medium-replay-v2/2e-3/seed_2/hopmr_s2_b5_rho0p002_jax_det__5acce4db,/home/shchoi/AMO/results/iql_amo_jax_b5_loco9/runs/iql_amo_jax_h-mr_s2_rlr2e-3_b5,final_eval_50.jsonl,1,d4rl_normalized_score,2026-09-15T12:10:42.642256+00:00
iql_amo,5,0.002,hopper-medium-replay-v2,3,101.02707877005548,1000000,True,50,True,1,shchoi,jax,hopmr_s3_b5_rho0p002_jax_det__9e187aa6,1e34514ddf70bfc8a78757d9a78b82306627164c,62154bd368146412da3da267ca32fcb25be12f10,main/iql_amo/hopper-medium-replay-v2/2e-3/seed_3/hopmr_s3_b5_rho0p002_jax_det__9e187aa6,/home/shchoi/AMO/results/iql_amo_jax_b5_loco9/runs/iql_amo_jax_h-mr_s3_rlr2e-3_b5,final_eval_50.jsonl,1,d4rl_normalized_score,2026-09-15T12:10:57.901319+00:00
iql_amo,5,0.001,hopper-medium-replay-v2,0,93.00204930493706,1000000,True,50,True,1,shchoi,jax,hopmr_s0_b5_rho0p001_jax_det__0d7921c2,1e34514ddf70bfc8a78757d9a78b82306627164c,62154bd368146412da3da267ca32fcb25be12f10,main/iql_amo/hopper-medium-replay-v2/1e-3/seed_0/hopmr_s0_b5_rho0p001_jax_det__0d7921c2,/home/shchoi/AMO/results/iql_amo_jax_b5_loco9/runs/iql_amo_jax_h-mr_s0_rlr1e-3_b5,final_eval_50.jsonl,1,d4rl_normalized_score,2026-09-15T12:10:11.993292+00:00
iql_amo,5,0.001,hopper-medium-replay-v2,1,96.325848215038,1000000,True,50,True,1,shchoi,jax,hopmr_s1_b5_rho0p001_jax_det__99c487df,1e34514ddf70bfc8a78757d9a78b82306627164c,62154bd368146412da3da267ca32fcb25be12f10,main/iql_amo/hopper-medium-replay-v2/1e-3/seed_1/hopmr_s1_b5_rho0p001_jax_det__99c487df,/home/shchoi/AMO/results/iql_amo_jax_b5_loco9/runs/iql_amo_jax_h-mr_s1_rlr1e-3_b5,final_eval_50.jsonl,1,d4rl_normalized_score,2026-09-15T12:10:22.503796+00:00
iql_amo,5,0.001,hopper-medium-replay-v2,2,101.44157586136508,1000000,True,50,True,1,shchoi,jax,hopmr_s2_b5_rho0p001_jax_det__8ec1e8fe,1e34514ddf70bfc8a78757d9a78b82306627164c,62154bd368146412da3da267ca32fcb25be12f10,main/iql_amo/hopper-medium-replay-v2/1e-3/seed_2/hopmr_s2_b5_rho0p001_jax_det__8ec1e8fe,/home/shchoi/AMO/results/iql_amo_jax_b5_loco9/runs/iql_amo_jax_h-mr_s2_rlr1e-3_b5,final_eval_50.jsonl,1,d4rl_normalized_score,2026-09-15T12:10:37.966754+00:00
iql_amo,5,0.001,hopper-medium-replay-v2,3,101.57826943026689,1000000,True,50,True,1,shchoi,jax,hopmr_s3_b5_rho0p001_jax_det__19670a09,1e34514ddf70bfc8a78757d9a78b82306627164c,62154bd368146412da3da267ca32fcb25be12f10,main/iql_amo/hopper-medium-replay-v2/1e-3/seed_3/hopmr_s3_b5_rho0p001_jax_det__19670a09,/home/shchoi/AMO/results/iql_amo_jax_b5_loco9/runs/iql_amo_jax_h-mr_s3_rlr1e-3_b5,final_eval_50.jsonl,1,d4rl_normalized_score,2026-09-15T12:10:52.671201+00:00
iql_amo,5,0.0003,hopper-medium-replay-v2,0,101.51845381119928,1000000,True,50,True,1,shchoi,jax,hopmr_s0_b5_rho0p0003_jax_det__c1e20989,1e34514ddf70bfc8a78757d9a78b82306627164c,62154bd368146412da3da267ca32fcb25be12f10,main/iql_amo/hopper-medium-replay-v2/3e-4/seed_0/hopmr_s0_b5_rho0p0003_jax_det__c1e20989,/home/shchoi/AMO/results/iql_amo_jax_b5_loco9/runs/iql_amo_jax_h-mr_s0_rlr3e-4_b5,final_eval_50.jsonl,1,d4rl_normalized_score,2026-09-15T04:28:00.029835+00:00
iql_amo,5,0.0003,hopper-medium-replay-v2,1,100.5655140223284,1000000,True,50,True,1,shchoi,jax,hopmr_s1_b5_rho0p0003_jax_det__5d177bc2,1e34514ddf70bfc8a78757d9a78b82306627164c,62154bd368146412da3da267ca32fcb25be12f10,main/iql_amo/hopper-medium-replay-v2/3e-4/seed_1/hopmr_s1_b5_rho0p0003_jax_det__5d177bc2,/home/shchoi/AMO/results/iql_amo_jax_b5_loco9/runs/iql_amo_jax_h-mr_s1_rlr3e-4_b5,final_eval_50.jsonl,1,d4rl_normalized_score,2026-09-15T12:10:32.457101+00:00
iql_amo,5,0.0003,hopper-medium-replay-v2,2,100.93123343063768,1000000,True,50,True,1,shchoi,jax,hopmr_s2_b5_rho0p0003_jax_det__7f60752f,1e34514ddf70bfc8a78757d9a78b82306627164c,62154bd368146412da3da267ca32fcb25be12f10,main/iql_amo/hopper-medium-replay-v2/3e-4/seed_2/hopmr_s2_b5_rho0p0003_jax_det__7f60752f,/home/shchoi/AMO/results/iql_amo_jax_b5_loco9/runs/iql_amo_jax_h-mr_s2_rlr3e-4_b5,final_eval_50.jsonl,1,d4rl_normalized_score,2026-09-15T12:10:47.456649+00:00
iql_amo,5,0.0003,hopper-medium-replay-v2,3,100.65831526283013,1000000,True,50,True,1,shchoi,jax,hopmr_s3_b5_rho0p0003_jax_det__5ee73a32,1e34514ddf70bfc8a78757d9a78b82306627164c,62154bd368146412da3da267ca32fcb25be12f10,main/iql_amo/hopper-medium-replay-v2/3e-4/seed_3/hopmr_s3_b5_rho0p0003_jax_det__5ee73a32,/home/shchoi/AMO/results/iql_amo_jax_b5_loco9/runs/iql_amo_jax_h-mr_s3_rlr3e-4_b5,final_eval_50.jsonl,1,d4rl_normalized_score,2026-09-15T12:11:02.746293+00:00
iql_amo,5,0.002,hopper-medium-expert-v2,0,17.920091450703776,5000,False,10,False,2,ext_csh,torch,hopme_s0_iql_amo_bpi_bpi_sweep_rlr0p002_b5_t0p5__6d7d83ae,,ec61f717062ebb6bc0f700c024cca43e5645a225,main/iql_amo/hopper-medium-expert-v2/2e-3/seed_0/hopme_s0_iql_amo_bpi_bpi_sweep_rlr0p002_b5_t0p5__6d7d83ae,/home/ext_csh/CORL-iql-adaptive-beta-v1/results/iql_amo_bpi_s0_rlr_binit_loco9_antmaze6/cells/rlr2e-3_b5/hopper-medium-expert-v2,eval.jsonl,2,mean_normalized,
iql_amo,5,0.002,hopper-medium-expert-v2,0,86.9177045200979,1000000,True,50,True,2,shchoi,jax,hopme_s0_b5_rho0p002_jax__b87bc30e,1e34514ddf70bfc8a78757d9a78b82306627164c,62154bd368146412da3da267ca32fcb25be12f10,main/iql_amo/hopper-medium-expert-v2/2e-3/seed_0/hopme_s0_b5_rho0p002_jax__b87bc30e,/home/shchoi/AMO/results/iql_amo_jax_b5_loco9/runs/iql_amo_jax_h-me_s0_rlr2e-3_b5,final_eval_50.jsonl,1,d4rl_normalized_score,2026-09-15T18:12:43.033247+00:00
iql_amo,5,0.002,hopper-medium-expert-v2,1,89.60756583595779,1000000,True,50,True,1,shchoi,jax,hopme_s1_b5_rho0p002_jax__30ba55b3,1e34514ddf70bfc8a78757d9a78b82306627164c,62154bd368146412da3da267ca32fcb25be12f10,main/iql_amo/hopper-medium-expert-v2/2e-3/seed_1/hopme_s1_b5_rho0p002_jax__30ba55b3,/home/shchoi/AMO/results/iql_amo_jax_b5_loco9/runs/iql_amo_jax_h-me_s1_rlr2e-3_b5,final_eval_50.jsonl,1,d4rl_normalized_score,2026-09-15T18:12:47.315598+00:00
iql_amo,5,0.002,hopper-medium-expert-v2,2,110.76789453075197,1000000,True,50,True,1,shchoi,jax,hopme_s2_b5_rho0p002_jax__25f99094,1e34514ddf70bfc8a78757d9a78b82306627164c,62154bd368146412da3da267ca32fcb25be12f10,main/iql_amo/hopper-medium-expert-v2/2e-3/seed_2/hopme_s2_b5_rho0p002_jax__25f99094,/home/shchoi/AMO/results/iql_amo_jax_b5_loco9/runs/iql_amo_jax_h-me_s2_rlr2e-3_b5,final_eval_50.jsonl,1,d4rl_normalized_score,2026-09-15T18:12:52.601855+00:00
iql_amo,5,0.002,hopper-medium-expert-v2,3,89.74363910077832,1000000,True,50,True,1,shchoi,jax,hopme_s3_b5_rho0p002_jax__7a49fdf9,1e34514ddf70bfc8a78757d9a78b82306627164c,62154bd368146412da3da267ca32fcb25be12f10,main/iql_amo/hopper-medium-expert-v2/2e-3/seed_3/hopme_s3_b5_rho0p002_jax__7a49fdf9,/home/shchoi/AMO/results/iql_amo_jax_b5_loco9/runs/iql_amo_jax_h-me_s3_rlr2e-3_b5,final_eval_50.jsonl,1,d4rl_normalized_score,2026-09-15T18:13:01.706783+00:00
iql_amo,5,0.001,hopper-medium-expert-v2,0,98.49615454782088,1000000,True,50,True,1,shchoi,jax,hopme_s0_b5_rho0p001_jax__b755b395,1e34514ddf70bfc8a78757d9a78b82306627164c,62154bd368146412da3da267ca32fcb25be12f10,main/iql_amo/hopper-medium-expert-v2/1e-3/seed_0/hopme_s0_b5_rho0p001_jax__b755b395,/home/shchoi/AMO/results/iql_amo_jax_b5_loco9/runs/iql_amo_jax_h-me_s0_rlr1e-3_b5,final_eval_50.jsonl,1,d4rl_normalized_score,2026-09-15T12:09:39.891607+00:00
iql_amo,5,0.001,hopper-medium-expert-v2,1,103.48947720401695,1000000,True,50,True,1,shchoi,jax,hopme_s1_b5_rho0p001_jax__f60e67a3,1e34514ddf70bfc8a78757d9a78b82306627164c,62154bd368146412da3da267ca32fcb25be12f10,main/iql_amo/hopper-medium-expert-v2/1e-3/seed_1/hopme_s1_b5_rho0p001_jax__f60e67a3,/home/shchoi/AMO/results/iql_amo_jax_b5_loco9/runs/iql_amo_jax_h-me_s1_rlr1e-3_b5,final_eval_50.jsonl,1,d4rl_normalized_score,2026-09-15T12:09:49.281770+00:00
iql_amo,5,0.001,hopper-medium-expert-v2,2,112.32519726511786,1000000,True,50,True,1,shchoi,jax,hopme_s2_b5_rho0p001_jax__75d5e9ec,1e34514ddf70bfc8a78757d9a78b82306627164c,62154bd368146412da3da267ca32fcb25be12f10,main/iql_amo/hopper-medium-expert-v2/1e-3/seed_2/hopme_s2_b5_rho0p001_jax__75d5e9ec,/home/shchoi/AMO/results/iql_amo_jax_b5_loco9/runs/iql_amo_jax_h-me_s2_rlr1e-3_b5,final_eval_50.jsonl,1,d4rl_normalized_score,2026-09-15T12:09:59.013553+00:00
iql_amo,5,0.001,hopper-medium-expert-v2,3,98.7642019935185,1000000,True,50,True,1,shchoi,jax,hopme_s3_b5_rho0p001_jax__b617726a,1e34514ddf70bfc8a78757d9a78b82306627164c,62154bd368146412da3da267ca32fcb25be12f10,main/iql_amo/hopper-medium-expert-v2/1e-3/seed_3/hopme_s3_b5_rho0p001_jax__b617726a,/home/shchoi/AMO/results/iql_amo_jax_b5_loco9/runs/iql_amo_jax_h-me_s3_rlr1e-3_b5,final_eval_50.jsonl,1,d4rl_normalized_score,2026-09-15T18:12:57.258614+00:00
iql_amo,5,0.0003,hopper-medium-expert-v2,0,101.9838985989795,1000000,True,50,True,1,shchoi,jax,hopme_s0_b5_rho0p0003_jax__4e552b5a,1e34514ddf70bfc8a78757d9a78b82306627164c,62154bd368146412da3da267ca32fcb25be12f10,main/iql_amo/hopper-medium-expert-v2/3e-4/seed_0/hopme_s0_b5_rho0p0003_jax__4e552b5a,/home/shchoi/AMO/results/iql_amo_jax_b5_loco9/runs/iql_amo_jax_h-me_s0_rlr3e-4_b5,final_eval_50.jsonl,1,d4rl_normalized_score,2026-09-15T12:09:44.467363+00:00
iql_amo,5,0.0003,hopper-medium-expert-v2,1,108.71539647573863,1000000,True,50,True,1,shchoi,jax,hopme_s1_b5_rho0p0003_jax__b97f7a45,1e34514ddf70bfc8a78757d9a78b82306627164c,62154bd368146412da3da267ca32fcb25be12f10,main/iql_amo/hopper-medium-expert-v2/3e-4/seed_1/hopme_s1_b5_rho0p0003_jax__b97f7a45,/home/shchoi/AMO/results/iql_amo_jax_b5_loco9/runs/iql_amo_jax_h-me_s1_rlr3e-4_b5,final_eval_50.jsonl,1,d4rl_normalized_score,2026-09-15T12:09:54.065315+00:00
iql_amo,5,0.0003,hopper-medium-expert-v2,2,112.31981695032876,1000000,True,50,True,1,shchoi,jax,hopme_s2_b5_rho0p0003_jax__1e1cda07,1e34514ddf70bfc8a78757d9a78b82306627164c,62154bd368146412da3da267ca32fcb25be12f10,main/iql_amo/hopper-medium-expert-v2/3e-4/seed_2/hopme_s2_b5_rho0p0003_jax__1e1cda07,/home/shchoi/AMO/results/iql_amo_jax_b5_loco9/runs/iql_amo_jax_h-me_s2_rlr3e-4_b5,final_eval_50.jsonl,1,d4rl_normalized_score,2026-09-15T12:10:04.473388+00:00
iql_amo,5,0.0003,hopper-medium-expert-v2,3,69.97541052727753,1000000,True,50,True,1,shchoi,jax,hopme_s3_b5_rho0p0003_jax__3a36cbc4,1e34514ddf70bfc8a78757d9a78b82306627164c,62154bd368146412da3da267ca32fcb25be12f10,main/iql_amo/hopper-medium-expert-v2/3e-4/seed_3/hopme_s3_b5_rho0p0003_jax__3a36cbc4,/home/shchoi/AMO/results/iql_amo_jax_b5_loco9/runs/iql_amo_jax_h-me_s3_rlr3e-4_b5,final_eval_50.jsonl,1,d4rl_normalized_score,2026-09-15T12:10:07.517124+00:00
iql_amo,5,0.002,walker2d-medium-v2,0,79.0734466571111,1000000,True,50,True,1,shchoi,jax,wm_s0_b5_rho0p002_jax__85965fa5,1e34514ddf70bfc8a78757d9a78b82306627164c,62154bd368146412da3da267ca32fcb25be12f10,main/iql_amo/walker2d-medium-v2/2e-3/seed_0/wm_s0_b5_rho0p002_jax__85965fa5,/home/shchoi/AMO/results/iql_amo_jax_b5_loco9/runs/iql_amo_jax_w-m_s0_rlr2e-3_b5,final_eval_50.jsonl,1,d4rl_normalized_score,2026-09-15T18:14:07.979887+00:00
iql_amo,5,0.002,walker2d-medium-v2,1,86.04849811587877,1000000,True,50,True,1,shchoi,jax,wm_s1_b5_rho0p002_jax__143dac32,1e34514ddf70bfc8a78757d9a78b82306627164c,62154bd368146412da3da267ca32fcb25be12f10,main/iql_amo/walker2d-medium-v2/2e-3/seed_1/wm_s1_b5_rho0p002_jax__143dac32,/home/shchoi/AMO/results/iql_amo_jax_b5_loco9/runs/iql_amo_jax_w-m_s1_rlr2e-3_b5,final_eval_50.jsonl,1,d4rl_normalized_score,2026-09-15T18:14:13.722728+00:00
iql_amo,5,0.002,walker2d-medium-v2,2,82.40256372041958,1000000,True,50,True,1,shchoi,jax,wm_s2_b5_rho0p002_jax__0d838a4a,1e34514ddf70bfc8a78757d9a78b82306627164c,62154bd368146412da3da267ca32fcb25be12f10,main/iql_amo/walker2d-medium-v2/2e-3/seed_2/wm_s2_b5_rho0p002_jax__0d838a4a,/home/shchoi/AMO/results/iql_amo_jax_b5_loco9/runs/iql_amo_jax_w-m_s2_rlr2e-3_b5,final_eval_50.jsonl,1,d4rl_normalized_score,2026-09-15T18:14:24.528603+00:00
iql_amo,5,0.002,walker2d-medium-v2,3,69.1243938996611,1000000,True,50,True,1,shchoi,jax,wm_s3_b5_rho0p002_jax__6d86e4d2,1e34514ddf70bfc8a78757d9a78b82306627164c,62154bd368146412da3da267ca32fcb25be12f10,main/iql_amo/walker2d-medium-v2/2e-3/seed_3/wm_s3_b5_rho0p002_jax__6d86e4d2,/home/shchoi/AMO/results/iql_amo_jax_b5_loco9/runs/iql_amo_jax_w-m_s3_rlr2e-3_b5,final_eval_50.jsonl,1,d4rl_normalized_score,2026-09-15T18:14:34.476198+00:00
iql_amo,5,0.001,walker2d-medium-v2,0,,,False,,False,2,shchoi,jax,wm_s0_b5_rho0p001_jax__89468738,1e34514ddf70bfc8a78757d9a78b82306627164c,62154bd368146412da3da267ca32fcb25be12f10,main/iql_amo/walker2d-medium-v2/1e-3/seed_0/wm_s0_b5_rho0p001_jax__89468738,/home/shchoi/AMO/results/iql_amo_jax_b5_loco9/runs/iql_amo_jax_w-m_s0_rlr1e-3_b5.prev_1789468738,,,,
iql_amo,5,0.001,walker2d-medium-v2,0,77.04902489186914,1000000,True,50,True,2,shchoi,jax,wm_s0_b5_rho0p001_jax__de5f40c1,1e34514ddf70bfc8a78757d9a78b82306627164c,62154bd368146412da3da267ca32fcb25be12f10,main/iql_amo/walker2d-medium-v2/1e-3/seed_0/wm_s0_b5_rho0p001_jax__de5f40c1,/home/shchoi/AMO/results/iql_amo_jax_b5_loco9/runs/iql_amo_jax_w-m_s0_rlr1e-3_b5,final_eval_50.jsonl,1,d4rl_normalized_score,2026-09-15T12:12:31.764290+00:00
iql_amo,5,0.001,walker2d-medium-v2,1,86.67647801259535,1000000,True,50,True,1,shchoi,jax,wm_s1_b5_rho0p001_jax__820f265c,1e34514ddf70bfc8a78757d9a78b82306627164c,62154bd368146412da3da267ca32fcb25be12f10,main/iql_amo/walker2d-medium-v2/1e-3/seed_1/wm_s1_b5_rho0p001_jax__820f265c,/home/shchoi/AMO/results/iql_amo_jax_b5_loco9/runs/iql_amo_jax_w-m_s1_rlr1e-3_b5,final_eval_50.jsonl,1,d4rl_normalized_score,2026-09-15T12:12:42.528272+00:00
iql_amo,5,0.001,walker2d-medium-v2,2,76.8828378733765,1000000,True,50,True,1,shchoi,jax,wm_s2_b5_rho0p001_jax__8ce74171,1e34514ddf70bfc8a78757d9a78b82306627164c,62154bd368146412da3da267ca32fcb25be12f10,main/iql_amo/walker2d-medium-v2/1e-3/seed_2/wm_s2_b5_rho0p001_jax__8ce74171,/home/shchoi/AMO/results/iql_amo_jax_b5_loco9/runs/iql_amo_jax_w-m_s2_rlr1e-3_b5,final_eval_50.jsonl,1,d4rl_normalized_score,2026-09-15T18:14:18.896627+00:00
iql_amo,5,0.001,walker2d-medium-v2,3,81.57370990631428,1000000,True,50,True,1,shchoi,jax,wm_s3_b5_rho0p001_jax__dbed3c58,1e34514ddf70bfc8a78757d9a78b82306627164c,62154bd368146412da3da267ca32fcb25be12f10,main/iql_amo/walker2d-medium-v2/1e-3/seed_3/wm_s3_b5_rho0p001_jax__dbed3c58,/home/shchoi/AMO/results/iql_amo_jax_b5_loco9/runs/iql_amo_jax_w-m_s3_rlr1e-3_b5,final_eval_50.jsonl,1,d4rl_normalized_score,2026-09-15T18:14:29.800618+00:00
iql_amo,5,0.0003,walker2d-medium-v2,0,81.72479480303686,1000000,True,50,True,1,shchoi,jax,wm_s0_b5_rho0p0003_jax__5f77c5e6,1e34514ddf70bfc8a78757d9a78b82306627164c,62154bd368146412da3da267ca32fcb25be12f10,main/iql_amo/walker2d-medium-v2/3e-4/seed_0/wm_s0_b5_rho0p0003_jax__5f77c5e6,/home/shchoi/AMO/results/iql_amo_jax_b5_loco9/runs/iql_amo_jax_w-m_s0_rlr3e-4_b5,final_eval_50.jsonl,1,d4rl_normalized_score,2026-09-15T12:12:37.150043+00:00
iql_amo,5,0.0003,walker2d-medium-v2,1,81.1445971977642,1000000,True,50,True,1,shchoi,jax,wm_s1_b5_rho0p0003_jax__27035cf5,1e34514ddf70bfc8a78757d9a78b82306627164c,62154bd368146412da3da267ca32fcb25be12f10,main/iql_amo/walker2d-medium-v2/3e-4/seed_1/wm_s1_b5_rho0p0003_jax__27035cf5,/home/shchoi/AMO/results/iql_amo_jax_b5_loco9/runs/iql_amo_jax_w-m_s1_rlr3e-4_b5,final_eval_50.jsonl,1,d4rl_normalized_score,2026-09-15T12:12:47.864184+00:00
iql_amo,5,0.0003,walker2d-medium-v2,2,83.72085276747089,1000000,True,50,True,1,shchoi,jax,wm_s2_b5_rho0p0003_jax__7db303c3,1e34514ddf70bfc8a78757d9a78b82306627164c,62154bd368146412da3da267ca32fcb25be12f10,main/iql_amo/walker2d-medium-v2/3e-4/seed_2/wm_s2_b5_rho0p0003_jax__7db303c3,/home/shchoi/AMO/results/iql_amo_jax_b5_loco9/runs/iql_amo_jax_w-m_s2_rlr3e-4_b5,final_eval_50.jsonl,1,d4rl_normalized_score,2026-09-15T12:12:53.608275+00:00
iql_amo,5,0.0003,walker2d-medium-v2,3,86.05491577250461,1000000,True,50,True,1,shchoi,jax,wm_s3_b5_rho0p0003_jax__f3eb06e1,1e34514ddf70bfc8a78757d9a78b82306627164c,62154bd368146412da3da267ca32fcb25be12f10,main/iql_amo/walker2d-medium-v2/3e-4/seed_3/wm_s3_b5_rho0p0003_jax__f3eb06e1,/home/shchoi/AMO/results/iql_amo_jax_b5_loco9/runs/iql_amo_jax_w-m_s3_rlr3e-4_b5,final_eval_50.jsonl,1,d4rl_normalized_score,2026-09-15T12:12:59.899972+00:00
iql_amo,5,0.002,walker2d-medium-replay-v2,0,72.62515174199714,1000000,True,50,True,1,shchoi,jax,wmr_s0_b5_rho0p002_jax__181e9f4e,1e34514ddf70bfc8a78757d9a78b82306627164c,62154bd368146412da3da267ca32fcb25be12f10,main/iql_amo/walker2d-medium-replay-v2/2e-3/seed_0/wmr_s0_b5_rho0p002_jax__181e9f4e,/home/shchoi/AMO/results/iql_amo_jax_b5_loco9/runs/iql_amo_jax_w-mr_s0_rlr2e-3_b5,final_eval_50.jsonl,1,d4rl_normalized_score,2026-09-15T18:15:15.078191+00:00
iql_amo,5,0.002,walker2d-medium-replay-v2,1,76.87745280725179,1000000,True,50,True,1,shchoi,jax,wmr_s1_b5_rho0p002_jax__5dd491c2,1e34514ddf70bfc8a78757d9a78b82306627164c,62154bd368146412da3da267ca32fcb25be12f10,main/iql_amo/walker2d-medium-replay-v2/2e-3/seed_1/wmr_s1_b5_rho0p002_jax__5dd491c2,/home/shchoi/AMO/results/iql_amo_jax_b5_loco9/runs/iql_amo_jax_w-mr_s1_rlr2e-3_b5,final_eval_50.jsonl,1,d4rl_normalized_score,2026-09-15T18:15:20.013381+00:00
iql_amo,5,0.002,walker2d-medium-replay-v2,2,79.02198171184519,1000000,True,50,True,1,shchoi,jax,wmr_s2_b5_rho0p002_jax__28ad9fe4,1e34514ddf70bfc8a78757d9a78b82306627164c,62154bd368146412da3da267ca32fcb25be12f10,main/iql_amo/walker2d-medium-replay-v2/2e-3/seed_2/wmr_s2_b5_rho0p002_jax__28ad9fe4,/home/shchoi/AMO/results/iql_amo_jax_b5_loco9/runs/iql_amo_jax_w-mr_s2_rlr2e-3_b5,final_eval_50.jsonl,1,d4rl_normalized_score,2026-09-15T18:15:30.694458+00:00
iql_amo,5,0.002,walker2d-medium-replay-v2,3,66.21582961217028,1000000,True,50,True,1,shchoi,jax,wmr_s3_b5_rho0p002_jax__ce0390ff,1e34514ddf70bfc8a78757d9a78b82306627164c,62154bd368146412da3da267ca32fcb25be12f10,main/iql_amo/walker2d-medium-replay-v2/2e-3/seed_3/wmr_s3_b5_rho0p002_jax__ce0390ff,/home/shchoi/AMO/results/iql_amo_jax_b5_loco9/runs/iql_amo_jax_w-mr_s3_rlr2e-3_b5,final_eval_50.jsonl,1,d4rl_normalized_score,2026-09-15T18:15:41.282626+00:00
iql_amo,5,0.001,walker2d-medium-replay-v2,0,72.897516502802,1000000,True,50,True,1,shchoi,jax,wmr_s0_b5_rho0p001_jax__3b1c1f0c,1e34514ddf70bfc8a78757d9a78b82306627164c,62154bd368146412da3da267ca32fcb25be12f10,main/iql_amo/walker2d-medium-replay-v2/1e-3/seed_0/wmr_s0_b5_rho0p001_jax__3b1c1f0c,/home/shchoi/AMO/results/iql_amo_jax_b5_loco9/runs/iql_amo_jax_w-mr_s0_rlr1e-3_b5,final_eval_50.jsonl,1,d4rl_normalized_score,2026-09-15T12:13:40.001445+00:00
iql_amo,5,0.001,walker2d-medium-replay-v2,1,85.53872139176725,1000000,True,50,True,1,shchoi,jax,wmr_s1_b5_rho0p001_jax__08774e71,1e34514ddf70bfc8a78757d9a78b82306627164c,62154bd368146412da3da267ca32fcb25be12f10,main/iql_amo/walker2d-medium-replay-v2/1e-3/seed_1/wmr_s1_b5_rho0p001_jax__08774e71,/home/shchoi/AMO/results/iql_amo_jax_b5_loco9/runs/iql_amo_jax_w-mr_s1_rlr1e-3_b5,final_eval_50.jsonl,1,d4rl_normalized_score,2026-09-15T12:13:51.213698+00:00
iql_amo,5,0.001,walker2d-medium-replay-v2,2,83.85255482480169,1000000,True,50,True,1,shchoi,jax,wmr_s2_b5_rho0p001_jax__86614e1c,1e34514ddf70bfc8a78757d9a78b82306627164c,62154bd368146412da3da267ca32fcb25be12f10,main/iql_amo/walker2d-medium-replay-v2/1e-3/seed_2/wmr_s2_b5_rho0p001_jax__86614e1c,/home/shchoi/AMO/results/iql_amo_jax_b5_loco9/runs/iql_amo_jax_w-mr_s2_rlr1e-3_b5,final_eval_50.jsonl,1,d4rl_normalized_score,2026-09-15T18:15:25.653280+00:00
iql_amo,5,0.001,walker2d-medium-replay-v2,3,87.49566165097202,1000000,True,50,True,1,shchoi,jax,wmr_s3_b5_rho0p001_jax__25c79f8d,1e34514ddf70bfc8a78757d9a78b82306627164c,62154bd368146412da3da267ca32fcb25be12f10,main/iql_amo/walker2d-medium-replay-v2/1e-3/seed_3/wmr_s3_b5_rho0p001_jax__25c79f8d,/home/shchoi/AMO/results/iql_amo_jax_b5_loco9/runs/iql_amo_jax_w-mr_s3_rlr1e-3_b5,final_eval_50.jsonl,1,d4rl_normalized_score,2026-09-15T18:15:36.862966+00:00
iql_amo,5,0.0003,walker2d-medium-replay-v2,0,82.96893025686713,1000000,True,50,True,1,shchoi,jax,wmr_s0_b5_rho0p0003_jax__be984885,1e34514ddf70bfc8a78757d9a78b82306627164c,62154bd368146412da3da267ca32fcb25be12f10,main/iql_amo/walker2d-medium-replay-v2/3e-4/seed_0/wmr_s0_b5_rho0p0003_jax__be984885,/home/shchoi/AMO/results/iql_amo_jax_b5_loco9/runs/iql_amo_jax_w-mr_s0_rlr3e-4_b5,final_eval_50.jsonl,1,d4rl_normalized_score,2026-09-15T12:13:45.686002+00:00
iql_amo,5,0.0003,walker2d-medium-replay-v2,1,66.78453951101814,1000000,True,50,True,1,shchoi,jax,wmr_s1_b5_rho0p0003_jax__42a4e36e,1e34514ddf70bfc8a78757d9a78b82306627164c,62154bd368146412da3da267ca32fcb25be12f10,main/iql_amo/walker2d-medium-replay-v2/3e-4/seed_1/wmr_s1_b5_rho0p0003_jax__42a4e36e,/home/shchoi/AMO/results/iql_amo_jax_b5_loco9/runs/iql_amo_jax_w-mr_s1_rlr3e-4_b5,final_eval_50.jsonl,1,d4rl_normalized_score,2026-09-15T12:13:55.953953+00:00
iql_amo,5,0.0003,walker2d-medium-replay-v2,2,81.93133934920739,1000000,True,50,True,1,shchoi,jax,wmr_s2_b5_rho0p0003_jax__3f650498,1e34514ddf70bfc8a78757d9a78b82306627164c,62154bd368146412da3da267ca32fcb25be12f10,main/iql_amo/walker2d-medium-replay-v2/3e-4/seed_2/wmr_s2_b5_rho0p0003_jax__3f650498,/home/shchoi/AMO/results/iql_amo_jax_b5_loco9/runs/iql_amo_jax_w-mr_s2_rlr3e-4_b5,final_eval_50.jsonl,1,d4rl_normalized_score,2026-09-15T12:14:01.346416+00:00
iql_amo,5,0.0003,walker2d-medium-replay-v2,3,76.91932892944946,1000000,True,50,True,1,shchoi,jax,wmr_s3_b5_rho0p0003_jax__fe288c47,1e34514ddf70bfc8a78757d9a78b82306627164c,62154bd368146412da3da267ca32fcb25be12f10,main/iql_amo/walker2d-medium-replay-v2/3e-4/seed_3/wmr_s3_b5_rho0p0003_jax__fe288c47,/home/shchoi/AMO/results/iql_amo_jax_b5_loco9/runs/iql_amo_jax_w-mr_s3_rlr3e-4_b5,final_eval_50.jsonl,1,d4rl_normalized_score,2026-09-15T12:14:06.661595+00:00
iql_amo,5,0.002,walker2d-medium-expert-v2,0,112.27217897428467,1000000,True,50,True,1,shchoi,jax,wme_s0_b5_rho0p002_jax__e56b82b7,1e34514ddf70bfc8a78757d9a78b82306627164c,62154bd368146412da3da267ca32fcb25be12f10,main/iql_amo/walker2d-medium-expert-v2/2e-3/seed_0/wme_s0_b5_rho0p002_jax__e56b82b7,/home/shchoi/AMO/results/iql_amo_jax_b5_loco9/runs/iql_amo_jax_w-me_s0_rlr2e-3_b5,final_eval_50.jsonl,1,d4rl_normalized_score,2026-09-15T18:14:41.004838+00:00
iql_amo,5,0.002,walker2d-medium-expert-v2,1,110.75221230458885,1000000,True,50,True,1,shchoi,jax,wme_s1_b5_rho0p002_jax__5ebffa9d,1e34514ddf70bfc8a78757d9a78b82306627164c,62154bd368146412da3da267ca32fcb25be12f10,main/iql_amo/walker2d-medium-expert-v2/2e-3/seed_1/wme_s1_b5_rho0p002_jax__5ebffa9d,/home/shchoi/AMO/results/iql_amo_jax_b5_loco9/runs/iql_amo_jax_w-me_s1_rlr2e-3_b5,final_eval_50.jsonl,1,d4rl_normalized_score,2026-09-15T18:14:46.999711+00:00
iql_amo,5,0.002,walker2d-medium-expert-v2,2,110.78830247364124,1000000,True,50,True,1,shchoi,jax,wme_s2_b5_rho0p002_jax__b656816e,1e34514ddf70bfc8a78757d9a78b82306627164c,62154bd368146412da3da267ca32fcb25be12f10,main/iql_amo/walker2d-medium-expert-v2/2e-3/seed_2/wme_s2_b5_rho0p002_jax__b656816e,/home/shchoi/AMO/results/iql_amo_jax_b5_loco9/runs/iql_amo_jax_w-me_s2_rlr2e-3_b5,final_eval_50.jsonl,1,d4rl_normalized_score,2026-09-15T18:14:58.768722+00:00
iql_amo,5,0.002,walker2d-medium-expert-v2,3,112.15479693927988,1000000,True,50,True,1,shchoi,jax,wme_s3_b5_rho0p002_jax__ea573856,1e34514ddf70bfc8a78757d9a78b82306627164c,62154bd368146412da3da267ca32fcb25be12f10,main/iql_amo/walker2d-medium-expert-v2/2e-3/seed_3/wme_s3_b5_rho0p002_jax__ea573856,/home/shchoi/AMO/results/iql_amo_jax_b5_loco9/runs/iql_amo_jax_w-me_s3_rlr2e-3_b5,final_eval_50.jsonl,1,d4rl_normalized_score,2026-09-15T18:15:10.158224+00:00
iql_amo,5,0.001,walker2d-medium-expert-v2,0,111.83827612083002,1000000,True,50,True,1,shchoi,jax,wme_s0_b5_rho0p001_jax__471d30bc,1e34514ddf70bfc8a78757d9a78b82306627164c,62154bd368146412da3da267ca32fcb25be12f10,main/iql_amo/walker2d-medium-expert-v2/1e-3/seed_0/wme_s0_b5_rho0p001_jax__471d30bc,/home/shchoi/AMO/results/iql_amo_jax_b5_loco9/runs/iql_amo_jax_w-me_s0_rlr1e-3_b5,final_eval_50.jsonl,1,d4rl_normalized_score,2026-09-15T12:13:05.851287+00:00
iql_amo,5,0.001,walker2d-medium-expert-v2,1,113.01736865406741,1000000,True,50,True,1,shchoi,jax,wme_s1_b5_rho0p001_jax__7def13c1,1e34514ddf70bfc8a78757d9a78b82306627164c,62154bd368146412da3da267ca32fcb25be12f10,main/iql_amo/walker2d-medium-expert-v2/1e-3/seed_1/wme_s1_b5_rho0p001_jax__7def13c1,/home/shchoi/AMO/results/iql_amo_jax_b5_loco9/runs/iql_amo_jax_w-me_s1_rlr1e-3_b5,final_eval_50.jsonl,1,d4rl_normalized_score,2026-09-15T12:13:17.623522+00:00
iql_amo,5,0.001,walker2d-medium-expert-v2,2,111.68198510754496,1000000,True,50,True,1,shchoi,jax,wme_s2_b5_rho0p001_jax__c6745f6f,1e34514ddf70bfc8a78757d9a78b82306627164c,62154bd368146412da3da267ca32fcb25be12f10,main/iql_amo/walker2d-medium-expert-v2/1e-3/seed_2/wme_s2_b5_rho0p001_jax__c6745f6f,/home/shchoi/AMO/results/iql_amo_jax_b5_loco9/runs/iql_amo_jax_w-me_s2_rlr1e-3_b5,final_eval_50.jsonl,1,d4rl_normalized_score,2026-09-15T18:14:52.803345+00:00
iql_amo,5,0.001,walker2d-medium-expert-v2,3,113.27023849734404,1000000,True,50,True,1,shchoi,jax,wme_s3_b5_rho0p001_jax__ab41d2d5,1e34514ddf70bfc8a78757d9a78b82306627164c,62154bd368146412da3da267ca32fcb25be12f10,main/iql_amo/walker2d-medium-expert-v2/1e-3/seed_3/wme_s3_b5_rho0p001_jax__ab41d2d5,/home/shchoi/AMO/results/iql_amo_jax_b5_loco9/runs/iql_amo_jax_w-me_s3_rlr1e-3_b5,final_eval_50.jsonl,1,d4rl_normalized_score,2026-09-15T18:15:04.457842+00:00
iql_amo,5,0.0003,walker2d-medium-expert-v2,0,112.10716849893878,1000000,True,50,True,1,shchoi,jax,wme_s0_b5_rho0p0003_jax__c10f5d53,1e34514ddf70bfc8a78757d9a78b82306627164c,62154bd368146412da3da267ca32fcb25be12f10,main/iql_amo/walker2d-medium-expert-v2/3e-4/seed_0/wme_s0_b5_rho0p0003_jax__c10f5d53,/home/shchoi/AMO/results/iql_amo_jax_b5_loco9/runs/iql_amo_jax_w-me_s0_rlr3e-4_b5,final_eval_50.jsonl,1,d4rl_normalized_score,2026-09-15T12:13:11.563874+00:00
iql_amo,5,0.0003,walker2d-medium-expert-v2,1,112.80280387596268,1000000,True,50,True,1,shchoi,jax,wme_s1_b5_rho0p0003_jax__1c3409b2,1e34514ddf70bfc8a78757d9a78b82306627164c,62154bd368146412da3da267ca32fcb25be12f10,main/iql_amo/walker2d-medium-expert-v2/3e-4/seed_1/wme_s1_b5_rho0p0003_jax__1c3409b2,/home/shchoi/AMO/results/iql_amo_jax_b5_loco9/runs/iql_amo_jax_w-me_s1_rlr3e-4_b5,final_eval_50.jsonl,1,d4rl_normalized_score,2026-09-15T12:13:23.676219+00:00
iql_amo,5,0.0003,walker2d-medium-expert-v2,2,110.5946169257457,1000000,True,50,True,1,shchoi,jax,wme_s2_b5_rho0p0003_jax__b29e8e34,1e34514ddf70bfc8a78757d9a78b82306627164c,62154bd368146412da3da267ca32fcb25be12f10,main/iql_amo/walker2d-medium-expert-v2/3e-4/seed_2/wme_s2_b5_rho0p0003_jax__b29e8e34,/home/shchoi/AMO/results/iql_amo_jax_b5_loco9/runs/iql_amo_jax_w-me_s2_rlr3e-4_b5,final_eval_50.jsonl,1,d4rl_normalized_score,2026-09-15T12:13:29.219158+00:00
iql_amo,5,0.0003,walker2d-medium-expert-v2,3,112.49970131333139,1000000,True,50,True,1,shchoi,jax,wme_s3_b5_rho0p0003_jax__f25c365c,1e34514ddf70bfc8a78757d9a78b82306627164c,62154bd368146412da3da267ca32fcb25be12f10,main/iql_amo/walker2d-medium-expert-v2/3e-4/seed_3/wme_s3_b5_rho0p0003_jax__f25c365c,/home/shchoi/AMO/results/iql_amo_jax_b5_loco9/runs/iql_amo_jax_w-me_s3_rlr3e-4_b5,final_eval_50.jsonl,1,d4rl_normalized_score,2026-09-15T12:13:34.808766+00:00
iql_amo,5,0.002,antmaze-umaze-v2,0,72.0,1000000,True,50,True,1,svcho,jax,amu_s0_beta5__f1b59f07,1e34514ddf70bfc8a78757d9a78b82306627164c,71b619508a9395147ac00ec9ed5e0377079fc56a,main/iql_amo/antmaze-umaze-v2/2e-3/seed_0/amu_s0_beta5__f1b59f07,/home/svcho/amo/results/iql_amo_antmaze3_beta5_rho_seeds03/jobs/amu_r2e3_s0/run,final_eval_50.json,1,normalized_score,2026-09-15T18:29:07.052665+00:00
iql_amo,5,0.002,antmaze-umaze-v2,1,76.0,1000000,True,50,True,1,svcho,jax,amu_s1_beta5__336eff46,1e34514ddf70bfc8a78757d9a78b82306627164c,71b619508a9395147ac00ec9ed5e0377079fc56a,main/iql_amo/antmaze-umaze-v2/2e-3/seed_1/amu_s1_beta5__336eff46,/home/svcho/amo/results/iql_amo_antmaze3_beta5_rho_seeds03/jobs/amu_r2e3_s1/run,final_eval_50.json,1,normalized_score,2026-09-15T18:29:06.910615+00:00
iql_amo,5,0.002,antmaze-umaze-v2,2,70.0,1000000,True,50,True,1,svcho,jax,amu_s2_beta5__eefbab98,1e34514ddf70bfc8a78757d9a78b82306627164c,71b619508a9395147ac00ec9ed5e0377079fc56a,main/iql_amo/antmaze-umaze-v2/2e-3/seed_2/amu_s2_beta5__eefbab98,/home/svcho/amo/results/iql_amo_antmaze3_beta5_rho_seeds03/jobs/amu_r2e3_s2/run,final_eval_50.json,1,normalized_score,2026-09-15T18:29:27.801481+00:00
iql_amo,5,0.002,antmaze-umaze-v2,3,62.0,1000000,True,50,True,1,svcho,jax,amu_s3_beta5__c5430cfb,1e34514ddf70bfc8a78757d9a78b82306627164c,71b619508a9395147ac00ec9ed5e0377079fc56a,main/iql_amo/antmaze-umaze-v2/2e-3/seed_3/amu_s3_beta5__c5430cfb,/home/svcho/amo/results/iql_amo_antmaze3_beta5_rho_seeds03/jobs/amu_r2e3_s3/run,final_eval_50.json,1,normalized_score,2026-09-15T18:29:27.933473+00:00
iql_amo,5,0.001,antmaze-umaze-v2,0,88.0,1000000,True,50,True,2,choi,jax,amu_s0_default__2ba7083d,1e34514ddf70bfc8a78757d9a78b82306627164c,77632f62205b32266edb06cf137e9830ea5b4236,main/iql_amo/antmaze-umaze-v2/1e-3/seed_0/amu_s0_default__2ba7083d,/home/choi/AMO_store/iql_amo_jax_antmaze_beta5_rlr/runs/iqlamo_jax_b5_rlr1e-3_amu_s0,eval.jsonl,1,normalized_score,2026-09-16T11:18:39.961476+00:00
iql_amo,5,0.001,antmaze-umaze-v2,0,66.0,1000000,True,50,False,2,svcho,jax,amu_s0_beta5_rlr0p001__9dc03861,1e34514ddf70bfc8a78757d9a78b82306627164c,71b619508a9395147ac00ec9ed5e0377079fc56a,main/iql_amo/antmaze-umaze-v2/1e-3/seed_0/amu_s0_beta5_rlr0p001__9dc03861,/home/svcho/amo/results/iql_amo_antmaze3_beta5_rho_seeds03/jobs/amu_r1e3_s0/run,final_eval_50.json,1,normalized_score,2026-09-15T18:28:47.336486+00:00
iql_amo,5,0.001,antmaze-umaze-v2,1,74.0,1000000,True,50,True,2,choi,jax,amu_s1_default__ec3ac21c,1e34514ddf70bfc8a78757d9a78b82306627164c,77632f62205b32266edb06cf137e9830ea5b4236,main/iql_amo/antmaze-umaze-v2/1e-3/seed_1/amu_s1_default__ec3ac21c,/home/choi/AMO_store/iql_amo_jax_antmaze_beta5_rlr/runs/iqlamo_jax_b5_rlr1e-3_amu_s1,eval.jsonl,1,normalized_score,2026-09-16T11:18:03.938296+00:00
iql_amo,5,0.001,antmaze-umaze-v2,1,68.0,1000000,True,50,False,2,svcho,jax,amu_s1_beta5_rlr0p001__abd9b618,1e34514ddf70bfc8a78757d9a78b82306627164c,71b619508a9395147ac00ec9ed5e0377079fc56a,main/iql_amo/antmaze-umaze-v2/1e-3/seed_1/amu_s1_beta5_rlr0p001__abd9b618,/home/svcho/amo/results/iql_amo_antmaze3_beta5_rho_seeds03/jobs/amu_r1e3_s1/run,final_eval_50.json,1,normalized_score,2026-09-15T18:28:47.185886+00:00
iql_amo,5,0.001,antmaze-umaze-v2,2,64.0,1000000,True,50,True,2,choi,jax,amu_s2_default__5b842222,1e34514ddf70bfc8a78757d9a78b82306627164c,77632f62205b32266edb06cf137e9830ea5b4236,main/iql_amo/antmaze-umaze-v2/1e-3/seed_2/amu_s2_default__5b842222,/home/choi/AMO_store/iql_amo_jax_antmaze_beta5_rlr/runs/iqlamo_jax_b5_rlr1e-3_amu_s2,eval.jsonl,1,normalized_score,2026-09-16T11:34:19.374787+00:00
iql_amo,5,0.001,antmaze-umaze-v2,2,62.0,1000000,True,50,False,2,svcho,jax,amu_s2_beta5_rlr0p001__ef9f8859,1e34514ddf70bfc8a78757d9a78b82306627164c,71b619508a9395147ac00ec9ed5e0377079fc56a,main/iql_amo/antmaze-umaze-v2/1e-3/seed_2/amu_s2_beta5_rlr0p001__ef9f8859,/home/svcho/amo/results/iql_amo_antmaze3_beta5_rho_seeds03/jobs/amu_r1e3_s2/run,final_eval_50.json,1,normalized_score,2026-09-15T18:29:08.404656+00:00
iql_amo,5,0.001,antmaze-umaze-v2,3,66.0,1000000,True,50,False,2,choi,jax,amu_s3_default__80cc0796,1e34514ddf70bfc8a78757d9a78b82306627164c,77632f62205b32266edb06cf137e9830ea5b4236,main/iql_amo/antmaze-umaze-v2/1e-3/seed_3/amu_s3_default__80cc0796,/home/choi/AMO_store/iql_amo_jax_antmaze_beta5_rlr/runs/iqlamo_jax_b5_rlr1e-3_amu_s3,eval.jsonl,1,normalized_score,2026-09-16T11:34:58.670601+00:00
iql_amo,5,0.001,antmaze-umaze-v2,3,84.0,1000000,True,50,True,2,svcho,jax,amu_s3_beta5_rlr0p001__dcfbf796,1e34514ddf70bfc8a78757d9a78b82306627164c,71b619508a9395147ac00ec9ed5e0377079fc56a,main/iql_amo/antmaze-umaze-v2/1e-3/seed_3/amu_s3_beta5_rlr0p001__dcfbf796,/home/svcho/amo/results/iql_amo_antmaze3_beta5_rho_seeds03/jobs/amu_r1e3_s3/run,final_eval_50.json,1,normalized_score,2026-09-15T18:29:06.592259+00:00
iql_amo,5,0.0003,antmaze-umaze-v2,0,60.0,1000000,True,50,False,2,choi,jax,amu_s0_default__4af01cf1,1e34514ddf70bfc8a78757d9a78b82306627164c,77632f62205b32266edb06cf137e9830ea5b4236,main/iql_amo/antmaze-umaze-v2/3e-4/seed_0/amu_s0_default__4af01cf1,/home/choi/AMO_store/iql_amo_jax_antmaze_beta5_rlr/runs/iqlamo_jax_b5_rlr3e-4_amu_s0,eval.jsonl,1,normalized_score,2026-09-16T10:45:12.537073+00:00
iql_amo,5,0.0003,antmaze-umaze-v2,0,66.0,1000000,True,50,True,2,svcho,jax,amu_s0_beta5_rlr0p0003__8848b0a3,1e34514ddf70bfc8a78757d9a78b82306627164c,71b619508a9395147ac00ec9ed5e0377079fc56a,main/iql_amo/antmaze-umaze-v2/3e-4/seed_0/amu_s0_beta5_rlr0p0003__8848b0a3,/home/svcho/amo/results/iql_amo_antmaze3_beta5_rho_seeds03/jobs/amu_r3e4_s0/run,final_eval_50.json,1,normalized_score,2026-09-15T18:29:28.213975+00:00
iql_amo,5,0.0003,antmaze-umaze-v2,1,80.0,1000000,True,50,True,2,choi,jax,amu_s1_default__23b3f00f,1e34514ddf70bfc8a78757d9a78b82306627164c,77632f62205b32266edb06cf137e9830ea5b4236,main/iql_amo/antmaze-umaze-v2/3e-4/seed_1/amu_s1_default__23b3f00f,/home/choi/AMO_store/iql_amo_jax_antmaze_beta5_rlr/runs/iqlamo_jax_b5_rlr3e-4_amu_s1,eval.jsonl,1,normalized_score,2026-09-16T10:45:09.990126+00:00
iql_amo,5,0.0003,antmaze-umaze-v2,1,72.0,1000000,True,50,False,2,svcho,jax,amu_s1_beta5_rlr0p0003__9deb3cd0,1e34514ddf70bfc8a78757d9a78b82306627164c,71b619508a9395147ac00ec9ed5e0377079fc56a,main/iql_amo/antmaze-umaze-v2/3e-4/seed_1/amu_s1_beta5_rlr0p0003__9deb3cd0,/home/svcho/amo/results/iql_amo_antmaze3_beta5_rho_seeds03/jobs/amu_r3e4_s1/run,final_eval_50.json,1,normalized_score,2026-09-15T18:29:27.523678+00:00
iql_amo,5,0.0003,antmaze-umaze-v2,2,76.0,1000000,True,50,True,2,choi,jax,amu_s2_default__dad18e89,1e34514ddf70bfc8a78757d9a78b82306627164c,77632f62205b32266edb06cf137e9830ea5b4236,main/iql_amo/antmaze-umaze-v2/3e-4/seed_2/amu_s2_default__dad18e89,/home/choi/AMO_store/iql_amo_jax_antmaze_beta5_rlr/runs/iqlamo_jax_b5_rlr3e-4_amu_s2,eval.jsonl,1,normalized_score,2026-09-16T11:01:25.247100+00:00
iql_amo,5,0.0003,antmaze-umaze-v2,2,72.0,1000000,True,50,False,2,svcho,jax,amu_s2_beta5_rlr0p0003__59909bca,1e34514ddf70bfc8a78757d9a78b82306627164c,71b619508a9395147ac00ec9ed5e0377079fc56a,main/iql_amo/antmaze-umaze-v2/3e-4/seed_2/amu_s2_beta5_rlr0p0003__59909bca,/home/svcho/amo/results/iql_amo_antmaze3_beta5_rho_seeds03/jobs/amu_r3e4_s2/run,final_eval_50.json,1,normalized_score,2026-09-15T18:29:47.737340+00:00
iql_amo,5,0.0003,antmaze-umaze-v2,3,72.0,1000000,True,50,True,2,choi,jax,amu_s3_default__973cb1c3,1e34514ddf70bfc8a78757d9a78b82306627164c,77632f62205b32266edb06cf137e9830ea5b4236,main/iql_amo/antmaze-umaze-v2/3e-4/seed_3/amu_s3_default__973cb1c3,/home/choi/AMO_store/iql_amo_jax_antmaze_beta5_rlr/runs/iqlamo_jax_b5_rlr3e-4_amu_s3,eval.jsonl,1,normalized_score,2026-09-16T11:01:25.989985+00:00
iql_amo,5,0.0003,antmaze-umaze-v2,3,57.99999999999999,1000000,True,50,False,2,svcho,jax,amu_s3_beta5_rlr0p0003__9ec6a0ce,1e34514ddf70bfc8a78757d9a78b82306627164c,71b619508a9395147ac00ec9ed5e0377079fc56a,main/iql_amo/antmaze-umaze-v2/3e-4/seed_3/amu_s3_beta5_rlr0p0003__9ec6a0ce,/home/svcho/amo/results/iql_amo_antmaze3_beta5_rho_seeds03/jobs/amu_r3e4_s3/run,final_eval_50.json,1,normalized_score,2026-09-15T18:29:48.408301+00:00
iql_amo,5,0.002,antmaze-umaze-diverse-v2,0,48.0,1000000,True,50,True,1,svcho,jax,amud_s0_beta5__ffe35d18,1e34514ddf70bfc8a78757d9a78b82306627164c,71b619508a9395147ac00ec9ed5e0377079fc56a,main/iql_amo/antmaze-umaze-diverse-v2/2e-3/seed_0/amud_s0_beta5__ffe35d18,/home/svcho/amo/results/iql_amo_antmaze3_beta5_diverse_rho_seeds03/jobs/amud_r2e3_s0/run,final_eval_50.json,1,normalized_score,2026-09-16T09:21:57.288215+00:00
iql_amo,5,0.002,antmaze-umaze-diverse-v2,1,57.99999999999999,1000000,True,50,True,1,svcho,jax,amud_s1_beta5__262ef2a9,1e34514ddf70bfc8a78757d9a78b82306627164c,71b619508a9395147ac00ec9ed5e0377079fc56a,main/iql_amo/antmaze-umaze-diverse-v2/2e-3/seed_1/amud_s1_beta5__262ef2a9,/home/svcho/amo/results/iql_amo_antmaze3_beta5_diverse_rho_seeds03/jobs/amud_r2e3_s1/run,final_eval_50.json,1,normalized_score,2026-09-16T09:21:56.027239+00:00
iql_amo,5,0.002,antmaze-umaze-diverse-v2,2,60.0,1000000,True,50,True,1,svcho,jax,amud_s2_beta5__cf55d37c,1e34514ddf70bfc8a78757d9a78b82306627164c,71b619508a9395147ac00ec9ed5e0377079fc56a,main/iql_amo/antmaze-umaze-diverse-v2/2e-3/seed_2/amud_s2_beta5__cf55d37c,/home/svcho/amo/results/iql_amo_antmaze3_beta5_diverse_rho_seeds03/jobs/amud_r2e3_s2/run,final_eval_50.json,1,normalized_score,2026-09-16T09:21:56.191873+00:00
iql_amo,5,0.002,antmaze-umaze-diverse-v2,3,66.0,1000000,True,50,True,1,svcho,jax,amud_s3_beta5__a35e49a5,1e34514ddf70bfc8a78757d9a78b82306627164c,71b619508a9395147ac00ec9ed5e0377079fc56a,main/iql_amo/antmaze-umaze-diverse-v2/2e-3/seed_3/amud_s3_beta5__a35e49a5,/home/svcho/amo/results/iql_amo_antmaze3_beta5_diverse_rho_seeds03/jobs/amud_r2e3_s3/run,final_eval_50.json,1,normalized_score,2026-09-16T09:21:55.913369+00:00
iql_amo,5,0.001,antmaze-umaze-diverse-v2,0,50.0,1000000,True,50,True,2,choi,jax,amud_s0_default__3c2f4274,1e34514ddf70bfc8a78757d9a78b82306627164c,77632f62205b32266edb06cf137e9830ea5b4236,main/iql_amo/antmaze-umaze-diverse-v2/1e-3/seed_0/amud_s0_default__3c2f4274,/home/choi/AMO_store/iql_amo_jax_antmaze_beta5_rlr/runs/iqlamo_jax_b5_rlr1e-3_amud_s0,eval.jsonl,1,normalized_score,2026-09-16T12:23:23.428071+00:00
iql_amo,5,0.001,antmaze-umaze-diverse-v2,0,42.0,1000000,True,50,False,2,svcho,jax,amud_s0_beta5_rlr0p001__65f60575,1e34514ddf70bfc8a78757d9a78b82306627164c,71b619508a9395147ac00ec9ed5e0377079fc56a,main/iql_amo/antmaze-umaze-diverse-v2/1e-3/seed_0/amud_s0_beta5_rlr0p001__65f60575,/home/svcho/amo/results/iql_amo_antmaze3_beta5_diverse_rho_seeds03/jobs/amud_r1e3_s0/run,final_eval_50.json,1,normalized_score,2026-09-16T09:21:37.144125+00:00
iql_amo,5,0.001,antmaze-umaze-diverse-v2,1,52.0,1000000,True,50,False,2,choi,jax,amud_s1_default__750452d1,1e34514ddf70bfc8a78757d9a78b82306627164c,77632f62205b32266edb06cf137e9830ea5b4236,main/iql_amo/antmaze-umaze-diverse-v2/1e-3/seed_1/amud_s1_default__750452d1,/home/choi/AMO_store/iql_amo_jax_antmaze_beta5_rlr/runs/iqlamo_jax_b5_rlr1e-3_amud_s1,eval.jsonl,1,normalized_score,2026-09-16T12:24:03.547765+00:00
iql_amo,5,0.001,antmaze-umaze-diverse-v2,1,66.0,1000000,True,50,True,2,svcho,jax,amud_s1_beta5_rlr0p001__661360b9,1e34514ddf70bfc8a78757d9a78b82306627164c,71b619508a9395147ac00ec9ed5e0377079fc56a,main/iql_amo/antmaze-umaze-diverse-v2/1e-3/seed_1/amud_s1_beta5_rlr0p001__661360b9,/home/svcho/amo/results/iql_amo_antmaze3_beta5_diverse_rho_seeds03/jobs/amud_r1e3_s1/run,final_eval_50.json,1,normalized_score,2026-09-16T09:21:35.071346+00:00
iql_amo,5,0.001,antmaze-umaze-diverse-v2,2,48.0,1000000,True,50,False,2,choi,jax,amud_s2_default__40877fb5,1e34514ddf70bfc8a78757d9a78b82306627164c,77632f62205b32266edb06cf137e9830ea5b4236,main/iql_amo/antmaze-umaze-diverse-v2/1e-3/seed_2/amud_s2_default__40877fb5,/home/choi/AMO_store/iql_amo_jax_antmaze_beta5_rlr/runs/iqlamo_jax_b5_rlr1e-3_amud_s2,eval.jsonl,1,normalized_score,2026-09-16T12:40:48.200160+00:00
iql_amo,5,0.001,antmaze-umaze-diverse-v2,2,70.0,1000000,True,50,True,2,svcho,jax,amud_s2_beta5_rlr0p001__267846fc,1e34514ddf70bfc8a78757d9a78b82306627164c,71b619508a9395147ac00ec9ed5e0377079fc56a,main/iql_amo/antmaze-umaze-diverse-v2/1e-3/seed_2/amud_s2_beta5_rlr0p001__267846fc,/home/svcho/amo/results/iql_amo_antmaze3_beta5_diverse_rho_seeds03/jobs/amud_r1e3_s2/run,final_eval_50.json,1,normalized_score,2026-09-16T09:21:35.274655+00:00
iql_amo,5,0.001,antmaze-umaze-diverse-v2,3,56.00000000000001,1000000,True,50,False,2,choi,jax,amud_s3_default__387bd20a,1e34514ddf70bfc8a78757d9a78b82306627164c,77632f62205b32266edb06cf137e9830ea5b4236,main/iql_amo/antmaze-umaze-diverse-v2/1e-3/seed_3/amud_s3_default__387bd20a,/home/choi/AMO_store/iql_amo_jax_antmaze_beta5_rlr/runs/iqlamo_jax_b5_rlr1e-3_amud_s3,eval.jsonl,1,normalized_score,2026-09-16T12:42:00.118624+00:00
iql_amo,5,0.001,antmaze-umaze-diverse-v2,3,60.0,1000000,True,50,True,2,svcho,jax,amud_s3_beta5_rlr0p001__dd58a5b6,1e34514ddf70bfc8a78757d9a78b82306627164c,71b619508a9395147ac00ec9ed5e0377079fc56a,main/iql_amo/antmaze-umaze-diverse-v2/1e-3/seed_3/amud_s3_beta5_rlr0p001__dd58a5b6,/home/svcho/amo/results/iql_amo_antmaze3_beta5_diverse_rho_seeds03/jobs/amud_r1e3_s3/run,final_eval_50.json,1,normalized_score,2026-09-16T09:21:36.023527+00:00
iql_amo,5,0.0003,antmaze-umaze-diverse-v2,0,57.99999999999999,1000000,True,50,True,2,choi,jax,amud_s0_default__85f65d8c,1e34514ddf70bfc8a78757d9a78b82306627164c,77632f62205b32266edb06cf137e9830ea5b4236,main/iql_amo/antmaze-umaze-diverse-v2/3e-4/seed_0/amud_s0_default__85f65d8c,/home/choi/AMO_store/iql_amo_jax_antmaze_beta5_rlr/runs/iqlamo_jax_b5_rlr3e-4_amud_s0,eval.jsonl,1,normalized_score,2026-09-16T11:50:38.965695+00:00
iql_amo,5,0.0003,antmaze-umaze-diverse-v2,0,52.0,1000000,True,50,False,2,svcho,jax,amud_s0_beta5_rlr0p0003__a48c94bc,1e34514ddf70bfc8a78757d9a78b82306627164c,71b619508a9395147ac00ec9ed5e0377079fc56a,main/iql_amo/antmaze-umaze-diverse-v2/3e-4/seed_0/amud_s0_beta5_rlr0p0003__a48c94bc,/home/svcho/amo/results/iql_amo_antmaze3_beta5_diverse_rho_seeds03/jobs/amud_r3e4_s0/run,final_eval_50.json,1,normalized_score,2026-09-16T09:22:17.423555+00:00
iql_amo,5,0.0003,antmaze-umaze-diverse-v2,1,54.0,1000000,True,50,False,2,choi,jax,amud_s1_default__564d87fd,1e34514ddf70bfc8a78757d9a78b82306627164c,77632f62205b32266edb06cf137e9830ea5b4236,main/iql_amo/antmaze-umaze-diverse-v2/3e-4/seed_1/amud_s1_default__564d87fd,/home/choi/AMO_store/iql_amo_jax_antmaze_beta5_rlr/runs/iqlamo_jax_b5_rlr3e-4_amud_s1,eval.jsonl,1,normalized_score,2026-09-16T11:51:19.998992+00:00
iql_amo,5,0.0003,antmaze-umaze-diverse-v2,1,68.0,1000000,True,50,True,2,svcho,jax,amud_s1_beta5_rlr0p0003__0005c81d,1e34514ddf70bfc8a78757d9a78b82306627164c,71b619508a9395147ac00ec9ed5e0377079fc56a,main/iql_amo/antmaze-umaze-diverse-v2/3e-4/seed_1/amud_s1_beta5_rlr0p0003__0005c81d,/home/svcho/amo/results/iql_amo_antmaze3_beta5_diverse_rho_seeds03/jobs/amud_r3e4_s1/run,final_eval_50.json,1,normalized_score,2026-09-16T09:22:15.879262+00:00
iql_amo,5,0.0003,antmaze-umaze-diverse-v2,2,52.0,1000000,True,50,False,2,choi,jax,amud_s2_default__ff9a5a42,1e34514ddf70bfc8a78757d9a78b82306627164c,77632f62205b32266edb06cf137e9830ea5b4236,main/iql_amo/antmaze-umaze-diverse-v2/3e-4/seed_2/amud_s2_default__ff9a5a42,/home/choi/AMO_store/iql_amo_jax_antmaze_beta5_rlr/runs/iqlamo_jax_b5_rlr3e-4_amud_s2,eval.jsonl,1,normalized_score,2026-09-16T12:07:00.614039+00:00
iql_amo,5,0.0003,antmaze-umaze-diverse-v2,2,70.0,1000000,True,50,True,2,svcho,jax,amud_s2_beta5_rlr0p0003__f90ad242,1e34514ddf70bfc8a78757d9a78b82306627164c,71b619508a9395147ac00ec9ed5e0377079fc56a,main/iql_amo/antmaze-umaze-diverse-v2/3e-4/seed_2/amud_s2_beta5_rlr0p0003__f90ad242,/home/svcho/amo/results/iql_amo_antmaze3_beta5_diverse_rho_seeds03/jobs/amud_r3e4_s2/run,final_eval_50.json,1,normalized_score,2026-09-16T09:22:15.854894+00:00
iql_amo,5,0.0003,antmaze-umaze-diverse-v2,3,48.0,1000000,True,50,False,2,choi,jax,amud_s3_default__29ca3643,1e34514ddf70bfc8a78757d9a78b82306627164c,77632f62205b32266edb06cf137e9830ea5b4236,main/iql_amo/antmaze-umaze-diverse-v2/3e-4/seed_3/amud_s3_default__29ca3643,/home/choi/AMO_store/iql_amo_jax_antmaze_beta5_rlr/runs/iqlamo_jax_b5_rlr3e-4_amud_s3,eval.jsonl,1,normalized_score,2026-09-16T12:07:42.401974+00:00
iql_amo,5,0.0003,antmaze-umaze-diverse-v2,3,56.00000000000001,1000000,True,50,True,2,svcho,jax,amud_s3_beta5_rlr0p0003__0ec6ba59,1e34514ddf70bfc8a78757d9a78b82306627164c,71b619508a9395147ac00ec9ed5e0377079fc56a,main/iql_amo/antmaze-umaze-diverse-v2/3e-4/seed_3/amud_s3_beta5_rlr0p0003__0ec6ba59,/home/svcho/amo/results/iql_amo_antmaze3_beta5_diverse_rho_seeds03/jobs/amud_r3e4_s3/run,final_eval_50.json,1,normalized_score,2026-09-16T09:22:17.428332+00:00
iql_amo,5,0.002,antmaze-medium-play-v2,0,64.0,1000000,True,50,True,1,svcho,jax,ammp_s0_beta5__3c66beaf,1e34514ddf70bfc8a78757d9a78b82306627164c,71b619508a9395147ac00ec9ed5e0377079fc56a,main/iql_amo/antmaze-medium-play-v2/2e-3/seed_0/ammp_s0_beta5__3c66beaf,/home/svcho/amo/results/iql_amo_antmaze3_beta5_rho_seeds03/jobs/ammp_r2e3_s0/run,final_eval_50.json,1,normalized_score,2026-09-15T18:28:32.975176+00:00
iql_amo,5,0.002,antmaze-medium-play-v2,1,76.0,1000000,True,50,True,1,svcho,jax,ammp_s1_beta5__867a73d3,1e34514ddf70bfc8a78757d9a78b82306627164c,71b619508a9395147ac00ec9ed5e0377079fc56a,main/iql_amo/antmaze-medium-play-v2/2e-3/seed_1/ammp_s1_beta5__867a73d3,/home/svcho/amo/results/iql_amo_antmaze3_beta5_rho_seeds03/jobs/ammp_r2e3_s1/run,final_eval_50.json,1,normalized_score,2026-09-15T18:28:31.335108+00:00
iql_amo,5,0.002,antmaze-medium-play-v2,2,72.0,1000000,True,50,True,1,svcho,jax,ammp_s2_beta5__df7444a8,1e34514ddf70bfc8a78757d9a78b82306627164c,71b619508a9395147ac00ec9ed5e0377079fc56a,main/iql_amo/antmaze-medium-play-v2/2e-3/seed_2/ammp_s2_beta5__df7444a8,/home/svcho/amo/results/iql_amo_antmaze3_beta5_rho_seeds03/jobs/ammp_r2e3_s2/run,final_eval_50.json,1,normalized_score,2026-09-15T18:28:52.323067+00:00
iql_amo,5,0.002,antmaze-medium-play-v2,3,80.0,1000000,True,50,True,1,svcho,jax,ammp_s3_beta5__db605d7b,1e34514ddf70bfc8a78757d9a78b82306627164c,71b619508a9395147ac00ec9ed5e0377079fc56a,main/iql_amo/antmaze-medium-play-v2/2e-3/seed_3/ammp_s3_beta5__db605d7b,/home/svcho/amo/results/iql_amo_antmaze3_beta5_rho_seeds03/jobs/ammp_r2e3_s3/run,final_eval_50.json,1,normalized_score,2026-09-15T18:28:50.661873+00:00
iql_amo,5,0.001,antmaze-medium-play-v2,0,64.0,1000000,True,50,False,2,choi,jax,ammp_s0_default__8e4eb41e,1e34514ddf70bfc8a78757d9a78b82306627164c,77632f62205b32266edb06cf137e9830ea5b4236,main/iql_amo/antmaze-medium-play-v2/1e-3/seed_0/ammp_s0_default__8e4eb41e,/home/choi/AMO_store/iql_amo_jax_antmaze_beta5_rlr/runs/iqlamo_jax_b5_rlr1e-3_ammp_s0,eval.jsonl,1,normalized_score,2026-09-16T13:17:06.577849+00:00
iql_amo,5,0.001,antmaze-medium-play-v2,0,74.0,1000000,True,50,True,2,svcho,jax,ammp_s0_beta5_rlr0p001__8ec6c1c9,1e34514ddf70bfc8a78757d9a78b82306627164c,71b619508a9395147ac00ec9ed5e0377079fc56a,main/iql_amo/antmaze-medium-play-v2/1e-3/seed_0/ammp_s0_beta5_rlr0p001__8ec6c1c9,/home/svcho/amo/results/iql_amo_antmaze3_beta5_rho_seeds03/jobs/ammp_r1e3_s0/run,final_eval_50.json,1,normalized_score,2026-09-15T18:28:31.539589+00:00
iql_amo,5,0.001,antmaze-medium-play-v2,1,72.0,1000000,True,50,False,2,choi,jax,ammp_s1_default__13b334d6,1e34514ddf70bfc8a78757d9a78b82306627164c,77632f62205b32266edb06cf137e9830ea5b4236,main/iql_amo/antmaze-medium-play-v2/1e-3/seed_1/ammp_s1_default__13b334d6,/home/choi/AMO_store/iql_amo_jax_antmaze_beta5_rlr/runs/iqlamo_jax_b5_rlr1e-3_ammp_s1,eval.jsonl,1,normalized_score,2026-09-16T13:17:53.762195+00:00
iql_amo,5,0.001,antmaze-medium-play-v2,1,74.0,1000000,True,50,True,2,svcho,jax,ammp_s1_beta5_rlr0p001__3dde2d4b,1e34514ddf70bfc8a78757d9a78b82306627164c,71b619508a9395147ac00ec9ed5e0377079fc56a,main/iql_amo/antmaze-medium-play-v2/1e-3/seed_1/ammp_s1_beta5_rlr0p001__3dde2d4b,/home/svcho/amo/results/iql_amo_antmaze3_beta5_rho_seeds03/jobs/ammp_r1e3_s1/run,final_eval_50.json,1,normalized_score,2026-09-15T18:28:30.929541+00:00
iql_amo,5,0.001,antmaze-medium-play-v2,2,54.0,1000000,True,50,False,2,choi,jax,ammp_s2_default__fdf76d18,1e34514ddf70bfc8a78757d9a78b82306627164c,77632f62205b32266edb06cf137e9830ea5b4236,main/iql_amo/antmaze-medium-play-v2/1e-3/seed_2/ammp_s2_default__fdf76d18,/home/choi/AMO_store/iql_amo_jax_antmaze_beta5_rlr/runs/iqlamo_jax_b5_rlr1e-3_ammp_s2,eval.jsonl,1,normalized_score,2026-09-16T13:24:12.636888+00:00
iql_amo,5,0.001,antmaze-medium-play-v2,2,62.0,1000000,True,50,True,2,svcho,jax,ammp_s2_beta5_rlr0p001__015913fc,1e34514ddf70bfc8a78757d9a78b82306627164c,71b619508a9395147ac00ec9ed5e0377079fc56a,main/iql_amo/antmaze-medium-play-v2/1e-3/seed_2/ammp_s2_beta5_rlr0p001__015913fc,/home/svcho/amo/results/iql_amo_antmaze3_beta5_rho_seeds03/jobs/ammp_r1e3_s2/run,final_eval_50.json,1,normalized_score,2026-09-15T18:38:59.545947+00:00
iql_amo,5,0.001,antmaze-medium-play-v2,3,57.99999999999999,1000000,True,50,False,2,choi,jax,ammp_s3_default__35d03bf5,1e34514ddf70bfc8a78757d9a78b82306627164c,77632f62205b32266edb06cf137e9830ea5b4236,main/iql_amo/antmaze-medium-play-v2/1e-3/seed_3/ammp_s3_default__35d03bf5,/home/choi/AMO_store/iql_amo_jax_antmaze_beta5_rlr/runs/iqlamo_jax_b5_rlr1e-3_ammp_s3,eval.jsonl,1,normalized_score,2026-09-16T13:35:03.583864+00:00
iql_amo,5,0.001,antmaze-medium-play-v2,3,60.0,1000000,True,50,True,2,svcho,jax,ammp_s3_beta5_rlr0p001__ed56233b,1e34514ddf70bfc8a78757d9a78b82306627164c,71b619508a9395147ac00ec9ed5e0377079fc56a,main/iql_amo/antmaze-medium-play-v2/1e-3/seed_3/ammp_s3_beta5_rlr0p001__ed56233b,/home/svcho/amo/results/iql_amo_antmaze3_beta5_rho_seeds03/jobs/ammp_r1e3_s3/run,final_eval_50.json,1,normalized_score,2026-09-15T18:38:59.684503+00:00
iql_amo,5,0.0003,antmaze-medium-play-v2,0,68.0,1000000,True,50,False,2,choi,jax,ammp_s0_default__7e31676c,1e34514ddf70bfc8a78757d9a78b82306627164c,77632f62205b32266edb06cf137e9830ea5b4236,main/iql_amo/antmaze-medium-play-v2/3e-4/seed_0/ammp_s0_default__7e31676c,/home/choi/AMO_store/iql_amo_jax_antmaze_beta5_rlr/runs/iqlamo_jax_b5_rlr3e-4_ammp_s0,eval.jsonl,1,normalized_score,2026-09-16T12:47:49.422264+00:00
iql_amo,5,0.0003,antmaze-medium-play-v2,0,78.0,1000000,True,50,True,2,svcho,jax,ammp_s0_beta5_rlr0p0003__6ebe1720,1e34514ddf70bfc8a78757d9a78b82306627164c,71b619508a9395147ac00ec9ed5e0377079fc56a,main/iql_amo/antmaze-medium-play-v2/3e-4/seed_0/ammp_s0_beta5_rlr0p0003__6ebe1720,/home/svcho/amo/results/iql_amo_antmaze3_beta5_rho_seeds03/jobs/ammp_r3e4_s0/run,final_eval_50.json,1,normalized_score,2026-09-15T18:51:07.534087+00:00
iql_amo,5,0.0003,antmaze-medium-play-v2,1,54.0,1000000,True,50,False,2,choi,jax,ammp_s1_default__e41a1687,1e34514ddf70bfc8a78757d9a78b82306627164c,77632f62205b32266edb06cf137e9830ea5b4236,main/iql_amo/antmaze-medium-play-v2/3e-4/seed_1/ammp_s1_default__e41a1687,/home/choi/AMO_store/iql_amo_jax_antmaze_beta5_rlr/runs/iqlamo_jax_b5_rlr3e-4_ammp_s1,eval.jsonl,1,normalized_score,2026-09-16T12:59:09.958948+00:00
iql_amo,5,0.0003,antmaze-medium-play-v2,1,62.0,1000000,True,50,True,2,svcho,jax,ammp_s1_beta5_rlr0p0003__d886c29c,1e34514ddf70bfc8a78757d9a78b82306627164c,71b619508a9395147ac00ec9ed5e0377079fc56a,main/iql_amo/antmaze-medium-play-v2/3e-4/seed_1/ammp_s1_beta5_rlr0p0003__d886c29c,/home/svcho/amo/results/iql_amo_antmaze3_beta5_rho_seeds03/jobs/ammp_r3e4_s1/run,final_eval_50.json,1,normalized_score,2026-09-15T18:51:08.528366+00:00
iql_amo,5,0.0003,antmaze-medium-play-v2,2,68.0,1000000,True,50,False,2,choi,jax,ammp_s2_default__e998255c,1e34514ddf70bfc8a78757d9a78b82306627164c,77632f62205b32266edb06cf137e9830ea5b4236,main/iql_amo/antmaze-medium-play-v2/3e-4/seed_2/ammp_s2_default__e998255c,/home/choi/AMO_store/iql_amo_jax_antmaze_beta5_rlr/runs/iqlamo_jax_b5_rlr3e-4_ammp_s2,eval.jsonl,1,normalized_score,2026-09-16T12:59:57.043354+00:00
iql_amo,5,0.0003,antmaze-medium-play-v2,2,70.0,1000000,True,50,True,2,svcho,jax,ammp_s2_beta5_rlr0p0003__fa688550,1e34514ddf70bfc8a78757d9a78b82306627164c,71b619508a9395147ac00ec9ed5e0377079fc56a,main/iql_amo/antmaze-medium-play-v2/3e-4/seed_2/ammp_s2_beta5_rlr0p0003__fa688550,/home/svcho/amo/results/iql_amo_antmaze3_beta5_rho_seeds03/jobs/ammp_r3e4_s2/run,final_eval_50.json,1,normalized_score,2026-09-15T19:03:17.824957+00:00
iql_amo,5,0.0003,antmaze-medium-play-v2,3,66.0,1000000,True,50,False,2,choi,jax,ammp_s3_default__602b9505,1e34514ddf70bfc8a78757d9a78b82306627164c,77632f62205b32266edb06cf137e9830ea5b4236,main/iql_amo/antmaze-medium-play-v2/3e-4/seed_3/ammp_s3_default__602b9505,/home/choi/AMO_store/iql_amo_jax_antmaze_beta5_rlr/runs/iqlamo_jax_b5_rlr3e-4_ammp_s3,eval.jsonl,1,normalized_score,2026-09-16T13:05:46.481491+00:00
iql_amo,5,0.0003,antmaze-medium-play-v2,3,74.0,1000000,True,50,True,2,svcho,jax,ammp_s3_beta5_rlr0p0003__f9d4e724,1e34514ddf70bfc8a78757d9a78b82306627164c,71b619508a9395147ac00ec9ed5e0377079fc56a,main/iql_amo/antmaze-medium-play-v2/3e-4/seed_3/ammp_s3_beta5_rlr0p0003__f9d4e724,/home/svcho/amo/results/iql_amo_antmaze3_beta5_rho_seeds03/jobs/ammp_r3e4_s3/run,final_eval_50.json,1,normalized_score,2026-09-15T19:03:16.887446+00:00
iql_amo,5,0.002,antmaze-medium-diverse-v2,0,66.0,1000000,True,50,True,1,svcho,jax,ammd_s0_beta5__947ca623,1e34514ddf70bfc8a78757d9a78b82306627164c,71b619508a9395147ac00ec9ed5e0377079fc56a,main/iql_amo/antmaze-medium-diverse-v2/2e-3/seed_0/ammd_s0_beta5__947ca623,/home/svcho/amo/results/iql_amo_antmaze3_beta5_diverse_rho_seeds03/jobs/ammd_r2e3_s0/run,final_eval_50.json,1,normalized_score,2026-09-16T09:20:58.900511+00:00
iql_amo,5,0.002,antmaze-medium-diverse-v2,1,80.0,1000000,True,50,True,1,svcho,jax,ammd_s1_beta5__d73317e3,1e34514ddf70bfc8a78757d9a78b82306627164c,71b619508a9395147ac00ec9ed5e0377079fc56a,main/iql_amo/antmaze-medium-diverse-v2/2e-3/seed_1/ammd_s1_beta5__d73317e3,/home/svcho/amo/results/iql_amo_antmaze3_beta5_diverse_rho_seeds03/jobs/ammd_r2e3_s1/run,final_eval_50.json,1,normalized_score,2026-09-16T09:20:56.964524+00:00
iql_amo,5,0.002,antmaze-medium-diverse-v2,2,57.99999999999999,1000000,True,50,True,1,svcho,jax,ammd_s2_beta5__8f39b5e0,1e34514ddf70bfc8a78757d9a78b82306627164c,71b619508a9395147ac00ec9ed5e0377079fc56a,main/iql_amo/antmaze-medium-diverse-v2/2e-3/seed_2/ammd_s2_beta5__8f39b5e0,/home/svcho/amo/results/iql_amo_antmaze3_beta5_diverse_rho_seeds03/jobs/ammd_r2e3_s2/run,final_eval_50.json,1,normalized_score,2026-09-16T09:20:59.098930+00:00
iql_amo,5,0.002,antmaze-medium-diverse-v2,3,66.0,1000000,True,50,True,1,svcho,jax,ammd_s3_beta5__32f3ddce,1e34514ddf70bfc8a78757d9a78b82306627164c,71b619508a9395147ac00ec9ed5e0377079fc56a,main/iql_amo/antmaze-medium-diverse-v2/2e-3/seed_3/ammd_s3_beta5__32f3ddce,/home/svcho/amo/results/iql_amo_antmaze3_beta5_diverse_rho_seeds03/jobs/ammd_r2e3_s3/run,final_eval_50.json,1,normalized_score,2026-09-16T09:20:58.629852+00:00
iql_amo,5,0.001,antmaze-medium-diverse-v2,0,72.0,1000000,True,50,True,2,choi,jax,ammd_s0_default__ec0bc573,1e34514ddf70bfc8a78757d9a78b82306627164c,77632f62205b32266edb06cf137e9830ea5b4236,main/iql_amo/antmaze-medium-diverse-v2/1e-3/seed_0/ammd_s0_default__ec0bc573,/home/choi/AMO_store/iql_amo_jax_antmaze_beta5_rlr/runs/iqlamo_jax_b5_rlr1e-3_ammd_s0,eval.jsonl,1,normalized_score,2026-09-16T13:59:58.990261+00:00
iql_amo,5,0.001,antmaze-medium-diverse-v2,0,72.0,1000000,True,50,False,2,svcho,jax,ammd_s0_beta5_rlr0p001__b48e60ac,1e34514ddf70bfc8a78757d9a78b82306627164c,71b619508a9395147ac00ec9ed5e0377079fc56a,main/iql_amo/antmaze-medium-diverse-v2/1e-3/seed_0/ammd_s0_beta5_rlr0p001__b48e60ac,/home/svcho/amo/results/iql_amo_antmaze3_beta5_diverse_rho_seeds03/jobs/ammd_r1e3_s0/run,final_eval_50.json,1,normalized_score,2026-09-16T09:20:37.499892+00:00
iql_amo,5,0.001,antmaze-medium-diverse-v2,1,60.0,1000000,True,50,False,2,choi,jax,ammd_s1_default__3f2242c8,1e34514ddf70bfc8a78757d9a78b82306627164c,77632f62205b32266edb06cf137e9830ea5b4236,main/iql_amo/antmaze-medium-diverse-v2/1e-3/seed_1/ammd_s1_default__3f2242c8,/home/choi/AMO_store/iql_amo_jax_antmaze_beta5_rlr/runs/iqlamo_jax_b5_rlr1e-3_ammd_s1,eval.jsonl,1,normalized_score,2026-09-16T14:11:16.242918+00:00
iql_amo,5,0.001,antmaze-medium-diverse-v2,1,62.0,1000000,True,50,True,2,svcho,jax,ammd_s1_beta5_rlr0p001__47e3564f,1e34514ddf70bfc8a78757d9a78b82306627164c,71b619508a9395147ac00ec9ed5e0377079fc56a,main/iql_amo/antmaze-medium-diverse-v2/1e-3/seed_1/ammd_s1_beta5_rlr0p001__47e3564f,/home/svcho/amo/results/iql_amo_antmaze3_beta5_diverse_rho_seeds03/jobs/ammd_r1e3_s1/run,final_eval_50.json,1,normalized_score,2026-09-16T09:20:38.702311+00:00
iql_amo,5,0.001,antmaze-medium-diverse-v2,2,72.0,1000000,True,50,True,2,choi,jax,ammd_s2_default__41a1b684,1e34514ddf70bfc8a78757d9a78b82306627164c,77632f62205b32266edb06cf137e9830ea5b4236,main/iql_amo/antmaze-medium-diverse-v2/1e-3/seed_2/ammd_s2_default__41a1b684,/home/choi/AMO_store/iql_amo_jax_antmaze_beta5_rlr/runs/iqlamo_jax_b5_rlr1e-3_ammd_s2,eval.jsonl,1,normalized_score,2026-09-16T14:12:04.760053+00:00
iql_amo,5,0.001,antmaze-medium-diverse-v2,2,62.0,1000000,True,50,False,2,svcho,jax,ammd_s2_beta5_rlr0p001__07bbf4b2,1e34514ddf70bfc8a78757d9a78b82306627164c,71b619508a9395147ac00ec9ed5e0377079fc56a,main/iql_amo/antmaze-medium-diverse-v2/1e-3/seed_2/ammd_s2_beta5_rlr0p001__07bbf4b2,/home/svcho/amo/results/iql_amo_antmaze3_beta5_diverse_rho_seeds03/jobs/ammd_r1e3_s2/run,final_eval_50.json,1,normalized_score,2026-09-16T09:20:38.884823+00:00
iql_amo,5,0.001,antmaze-medium-diverse-v2,3,60.0,1000000,True,50,True,2,choi,jax,ammd_s3_default__feb29607,1e34514ddf70bfc8a78757d9a78b82306627164c,77632f62205b32266edb06cf137e9830ea5b4236,main/iql_amo/antmaze-medium-diverse-v2/1e-3/seed_3/ammd_s3_default__feb29607,/home/choi/AMO_store/iql_amo_jax_antmaze_beta5_rlr/runs/iqlamo_jax_b5_rlr1e-3_ammd_s3,eval.jsonl,1,normalized_score,2026-09-16T14:17:54.763490+00:00
iql_amo,5,0.001,antmaze-medium-diverse-v2,3,48.0,1000000,True,50,False,2,svcho,jax,ammd_s3_beta5_rlr0p001__87a19fd0,1e34514ddf70bfc8a78757d9a78b82306627164c,71b619508a9395147ac00ec9ed5e0377079fc56a,main/iql_amo/antmaze-medium-diverse-v2/1e-3/seed_3/ammd_s3_beta5_rlr0p001__87a19fd0,/home/svcho/amo/results/iql_amo_antmaze3_beta5_diverse_rho_seeds03/jobs/ammd_r1e3_s3/run,final_eval_50.json,1,normalized_score,2026-09-16T09:20:40.109314+00:00
iql_amo,5,0.0003,antmaze-medium-diverse-v2,0,64.0,1000000,True,50,False,2,choi,jax,ammd_s0_default__3181fb22,1e34514ddf70bfc8a78757d9a78b82306627164c,77632f62205b32266edb06cf137e9830ea5b4236,main/iql_amo/antmaze-medium-diverse-v2/3e-4/seed_0/ammd_s0_default__3181fb22,/home/choi/AMO_store/iql_amo_jax_antmaze_beta5_rlr/runs/iqlamo_jax_b5_rlr3e-4_ammd_s0,eval.jsonl,1,normalized_score,2026-09-16T13:35:52.347841+00:00
iql_amo,5,0.0003,antmaze-medium-diverse-v2,0,84.0,1000000,True,50,True,2,svcho,jax,ammd_s0_beta5_rlr0p0003__09a18c3c,1e34514ddf70bfc8a78757d9a78b82306627164c,71b619508a9395147ac00ec9ed5e0377079fc56a,main/iql_amo/antmaze-medium-diverse-v2/3e-4/seed_0/ammd_s0_beta5_rlr0p0003__09a18c3c,/home/svcho/amo/results/iql_amo_antmaze3_beta5_diverse_rho_seeds03/jobs/ammd_r3e4_s0/run,final_eval_50.json,1,normalized_score,2026-09-16T09:21:17.129557+00:00
iql_amo,5,0.0003,antmaze-medium-diverse-v2,1,66.0,1000000,True,50,True,2,choi,jax,ammd_s1_default__43498733,1e34514ddf70bfc8a78757d9a78b82306627164c,77632f62205b32266edb06cf137e9830ea5b4236,main/iql_amo/antmaze-medium-diverse-v2/3e-4/seed_1/ammd_s1_default__43498733,/home/choi/AMO_store/iql_amo_jax_antmaze_beta5_rlr/runs/iqlamo_jax_b5_rlr3e-4_ammd_s1,eval.jsonl,1,normalized_score,2026-09-16T13:42:08.369407+00:00
iql_amo,5,0.0003,antmaze-medium-diverse-v2,1,57.99999999999999,1000000,True,50,False,2,svcho,jax,ammd_s1_beta5_rlr0p0003__fa9a3477,1e34514ddf70bfc8a78757d9a78b82306627164c,71b619508a9395147ac00ec9ed5e0377079fc56a,main/iql_amo/antmaze-medium-diverse-v2/3e-4/seed_1/ammd_s1_beta5_rlr0p0003__fa9a3477,/home/svcho/amo/results/iql_amo_antmaze3_beta5_diverse_rho_seeds03/jobs/ammd_r3e4_s1/run,final_eval_50.json,1,normalized_score,2026-09-16T09:21:19.790074+00:00
iql_amo,5,0.0003,antmaze-medium-diverse-v2,2,50.0,1000000,True,50,False,2,choi,jax,ammd_s2_default__1a4fadfe,1e34514ddf70bfc8a78757d9a78b82306627164c,77632f62205b32266edb06cf137e9830ea5b4236,main/iql_amo/antmaze-medium-diverse-v2/3e-4/seed_2/ammd_s2_default__1a4fadfe,/home/choi/AMO_store/iql_amo_jax_antmaze_beta5_rlr/runs/iqlamo_jax_b5_rlr3e-4_ammd_s2,eval.jsonl,1,normalized_score,2026-09-16T13:53:28.229773+00:00
iql_amo,5,0.0003,antmaze-medium-diverse-v2,2,60.0,1000000,True,50,True,2,svcho,jax,ammd_s2_beta5_rlr0p0003__7ab5fb9f,1e34514ddf70bfc8a78757d9a78b82306627164c,71b619508a9395147ac00ec9ed5e0377079fc56a,main/iql_amo/antmaze-medium-diverse-v2/3e-4/seed_2/ammd_s2_beta5_rlr0p0003__7ab5fb9f,/home/svcho/amo/results/iql_amo_antmaze3_beta5_diverse_rho_seeds03/jobs/ammd_r3e4_s2/run,final_eval_50.json,1,normalized_score,2026-09-16T09:21:19.462049+00:00
iql_amo,5,0.0003,antmaze-medium-diverse-v2,3,82.0,1000000,True,50,True,2,choi,jax,ammd_s3_default__44d641d7,1e34514ddf70bfc8a78757d9a78b82306627164c,77632f62205b32266edb06cf137e9830ea5b4236,main/iql_amo/antmaze-medium-diverse-v2/3e-4/seed_3/ammd_s3_default__44d641d7,/home/choi/AMO_store/iql_amo_jax_antmaze_beta5_rlr/runs/iqlamo_jax_b5_rlr3e-4_ammd_s3,eval.jsonl,1,normalized_score,2026-09-16T13:54:13.024442+00:00
iql_amo,5,0.0003,antmaze-medium-diverse-v2,3,68.0,1000000,True,50,False,2,svcho,jax,ammd_s3_beta5_rlr0p0003__f81843bc,1e34514ddf70bfc8a78757d9a78b82306627164c,71b619508a9395147ac00ec9ed5e0377079fc56a,main/iql_amo/antmaze-medium-diverse-v2/3e-4/seed_3/ammd_s3_beta5_rlr0p0003__f81843bc,/home/svcho/amo/results/iql_amo_antmaze3_beta5_diverse_rho_seeds03/jobs/ammd_r3e4_s3/run,final_eval_50.json,1,normalized_score,2026-09-16T09:21:19.069923+00:00
iql_amo,5,0.002,antmaze-large-play-v2,0,44.0,1000000,True,50,True,1,svcho,jax,amlp_s0_beta5__d94bb1fd,1e34514ddf70bfc8a78757d9a78b82306627164c,71b619508a9395147ac00ec9ed5e0377079fc56a,main/iql_amo/antmaze-large-play-v2/2e-3/seed_0/amlp_s0_beta5__d94bb1fd,/home/svcho/amo/results/iql_amo_antmaze3_beta5_rho_seeds03/jobs/amlp_r2e3_s0/run,final_eval_50.json,1,normalized_score,2026-09-15T19:15:57.046013+00:00
iql_amo,5,0.002,antmaze-large-play-v2,1,50.0,1000000,True,50,True,1,svcho,jax,amlp_s1_beta5__e345e507,1e34514ddf70bfc8a78757d9a78b82306627164c,71b619508a9395147ac00ec9ed5e0377079fc56a,main/iql_amo/antmaze-large-play-v2/2e-3/seed_1/amlp_s1_beta5__e345e507,/home/svcho/amo/results/iql_amo_antmaze3_beta5_rho_seeds03/jobs/amlp_r2e3_s1/run,final_eval_50.json,1,normalized_score,2026-09-15T19:15:56.953712+00:00
iql_amo,5,0.002,antmaze-large-play-v2,2,50.0,1000000,True,50,True,1,svcho,jax,amlp_s2_beta5__f9aab4d3,1e34514ddf70bfc8a78757d9a78b82306627164c,71b619508a9395147ac00ec9ed5e0377079fc56a,main/iql_amo/antmaze-large-play-v2/2e-3/seed_2/amlp_s2_beta5__f9aab4d3,/home/svcho/amo/results/iql_amo_antmaze3_beta5_rho_seeds03/jobs/amlp_r2e3_s2/run,final_eval_50.json,1,normalized_score,2026-09-15T19:28:07.973846+00:00
iql_amo,5,0.002,antmaze-large-play-v2,3,38.0,1000000,True,50,True,1,svcho,jax,amlp_s3_beta5__36711299,1e34514ddf70bfc8a78757d9a78b82306627164c,71b619508a9395147ac00ec9ed5e0377079fc56a,main/iql_amo/antmaze-large-play-v2/2e-3/seed_3/amlp_s3_beta5__36711299,/home/svcho/amo/results/iql_amo_antmaze3_beta5_rho_seeds03/jobs/amlp_r2e3_s3/run,final_eval_50.json,1,normalized_score,2026-09-15T19:28:08.207138+00:00
iql_amo,5,0.001,antmaze-large-play-v2,0,42.0,1000000,True,50,False,2,choi,jax,amlp_s0_default__85d3501d,1e34514ddf70bfc8a78757d9a78b82306627164c,77632f62205b32266edb06cf137e9830ea5b4236,main/iql_amo/antmaze-large-play-v2/1e-3/seed_0/amlp_s0_default__85d3501d,/home/choi/AMO_store/iql_amo_jax_antmaze_beta5_rlr/runs/iqlamo_jax_b5_rlr1e-3_amlp_s0,eval.jsonl,1,normalized_score,2026-09-16T14:48:56.106696+00:00
iql_amo,5,0.001,antmaze-large-play-v2,0,56.00000000000001,1000000,True,50,True,2,svcho,jax,amlp_s0_beta5_rlr0p001__f5e376f7,1e34514ddf70bfc8a78757d9a78b82306627164c,71b619508a9395147ac00ec9ed5e0377079fc56a,main/iql_amo/antmaze-large-play-v2/1e-3/seed_0/amlp_s0_beta5_rlr0p001__f5e376f7,/home/svcho/amo/results/iql_amo_antmaze3_beta5_rho_seeds03/jobs/amlp_r1e3_s0/run,final_eval_50.json,1,normalized_score,2026-09-15T19:40:19.795455+00:00
iql_amo,5,0.001,antmaze-large-play-v2,1,46.0,1000000,True,50,True,2,choi,jax,amlp_s1_default__d3dcea99,1e34514ddf70bfc8a78757d9a78b82306627164c,77632f62205b32266edb06cf137e9830ea5b4236,main/iql_amo/antmaze-large-play-v2/1e-3/seed_1/amlp_s1_default__d3dcea99,/home/choi/AMO_store/iql_amo_jax_antmaze_beta5_rlr/runs/iqlamo_jax_b5_rlr1e-3_amlp_s1,eval.jsonl,1,normalized_score,2026-09-16T14:54:25.138864+00:00
iql_amo,5,0.001,antmaze-large-play-v2,1,44.0,1000000,True,50,False,2,svcho,jax,amlp_s1_beta5_rlr0p001__cd349e1b,1e34514ddf70bfc8a78757d9a78b82306627164c,71b619508a9395147ac00ec9ed5e0377079fc56a,main/iql_amo/antmaze-large-play-v2/1e-3/seed_1/amlp_s1_beta5_rlr0p001__cd349e1b,/home/svcho/amo/results/iql_amo_antmaze3_beta5_rho_seeds03/jobs/amlp_r1e3_s1/run,final_eval_50.json,1,normalized_score,2026-09-15T19:40:20.808191+00:00
iql_amo,5,0.001,antmaze-large-play-v2,2,36.0,1000000,True,50,False,2,choi,jax,amlp_s2_default__f1bea26e,1e34514ddf70bfc8a78757d9a78b82306627164c,77632f62205b32266edb06cf137e9830ea5b4236,main/iql_amo/antmaze-large-play-v2/1e-3/seed_2/amlp_s2_default__f1bea26e,/home/choi/AMO_store/iql_amo_jax_antmaze_beta5_rlr/runs/iqlamo_jax_b5_rlr1e-3_amlp_s2,eval.jsonl,1,normalized_score,2026-09-16T15:05:25.983675+00:00
iql_amo,5,0.001,antmaze-large-play-v2,2,38.0,1000000,True,50,True,2,svcho,jax,amlp_s2_beta5_rlr0p001__1c859ef0,1e34514ddf70bfc8a78757d9a78b82306627164c,71b619508a9395147ac00ec9ed5e0377079fc56a,main/iql_amo/antmaze-large-play-v2/1e-3/seed_2/amlp_s2_beta5_rlr0p001__1c859ef0,/home/svcho/amo/results/iql_amo_antmaze3_beta5_rho_seeds03/jobs/amlp_r1e3_s2/run,final_eval_50.json,1,normalized_score,2026-09-15T19:52:54.737709+00:00
iql_amo,5,0.001,antmaze-large-play-v2,3,34.0,1000000,True,50,False,2,choi,jax,amlp_s3_default__aeeba496,1e34514ddf70bfc8a78757d9a78b82306627164c,77632f62205b32266edb06cf137e9830ea5b4236,main/iql_amo/antmaze-large-play-v2/1e-3/seed_3/amlp_s3_default__aeeba496,/home/choi/AMO_store/iql_amo_jax_antmaze_beta5_rlr/runs/iqlamo_jax_b5_rlr1e-3_amlp_s3,eval.jsonl,1,normalized_score,2026-09-16T15:06:58.021228+00:00
iql_amo,5,0.001,antmaze-large-play-v2,3,40.0,1000000,True,50,True,2,svcho,jax,amlp_s3_beta5_rlr0p001__57d70af6,1e34514ddf70bfc8a78757d9a78b82306627164c,71b619508a9395147ac00ec9ed5e0377079fc56a,main/iql_amo/antmaze-large-play-v2/1e-3/seed_3/amlp_s3_beta5_rlr0p001__57d70af6,/home/svcho/amo/results/iql_amo_antmaze3_beta5_rho_seeds03/jobs/amlp_r1e3_s3/run,final_eval_50.json,1,normalized_score,2026-09-15T19:52:55.358999+00:00
iql_amo,5,0.0003,antmaze-large-play-v2,0,44.0,1000000,True,50,False,2,choi,jax,amlp_s0_default__35ef61ad,1e34514ddf70bfc8a78757d9a78b82306627164c,77632f62205b32266edb06cf137e9830ea5b4236,main/iql_amo/antmaze-large-play-v2/3e-4/seed_0/amlp_s0_default__35ef61ad,/home/choi/AMO_store/iql_amo_jax_antmaze_beta5_rlr/runs/iqlamo_jax_b5_rlr3e-4_amlp_s0,eval.jsonl,1,normalized_score,2026-09-16T14:29:22.209539+00:00
iql_amo,5,0.0003,antmaze-large-play-v2,0,52.0,1000000,True,50,True,2,svcho,jax,amlp_s0_beta5_rlr0p0003__0d7846e9,1e34514ddf70bfc8a78757d9a78b82306627164c,71b619508a9395147ac00ec9ed5e0377079fc56a,main/iql_amo/antmaze-large-play-v2/3e-4/seed_0/amlp_s0_beta5_rlr0p0003__0d7846e9,/home/svcho/amo/results/iql_amo_antmaze3_beta5_rho_seeds03/jobs/amlp_r3e4_s0/run,final_eval_50.json,1,normalized_score,2026-09-15T20:05:08.863256+00:00
iql_amo,5,0.0003,antmaze-large-play-v2,1,38.0,1000000,True,50,True,2,choi,jax,amlp_s1_default__067b0763,1e34514ddf70bfc8a78757d9a78b82306627164c,77632f62205b32266edb06cf137e9830ea5b4236,main/iql_amo/antmaze-large-play-v2/3e-4/seed_1/amlp_s1_default__067b0763,/home/choi/AMO_store/iql_amo_jax_antmaze_beta5_rlr/runs/iqlamo_jax_b5_rlr3e-4_amlp_s1,eval.jsonl,1,normalized_score,2026-09-16T14:30:21.610791+00:00
iql_amo,5,0.0003,antmaze-large-play-v2,1,34.0,1000000,True,50,False,2,svcho,jax,amlp_s1_beta5_rlr0p0003__3fab5d27,1e34514ddf70bfc8a78757d9a78b82306627164c,71b619508a9395147ac00ec9ed5e0377079fc56a,main/iql_amo/antmaze-large-play-v2/3e-4/seed_1/amlp_s1_beta5_rlr0p0003__3fab5d27,/home/svcho/amo/results/iql_amo_antmaze3_beta5_rho_seeds03/jobs/amlp_r3e4_s1/run,final_eval_50.json,1,normalized_score,2026-09-15T20:05:09.878128+00:00
iql_amo,5,0.0003,antmaze-large-play-v2,2,32.0,1000000,True,50,False,2,choi,jax,amlp_s2_default__6d1ffac7,1e34514ddf70bfc8a78757d9a78b82306627164c,77632f62205b32266edb06cf137e9830ea5b4236,main/iql_amo/antmaze-large-play-v2/3e-4/seed_2/amlp_s2_default__6d1ffac7,/home/choi/AMO_store/iql_amo_jax_antmaze_beta5_rlr/runs/iqlamo_jax_b5_rlr3e-4_amlp_s2,eval.jsonl,1,normalized_score,2026-09-16T14:36:20.927709+00:00
iql_amo,5,0.0003,antmaze-large-play-v2,2,40.0,1000000,True,50,True,2,svcho,jax,amlp_s2_beta5_rlr0p0003__2bf47896,1e34514ddf70bfc8a78757d9a78b82306627164c,71b619508a9395147ac00ec9ed5e0377079fc56a,main/iql_amo/antmaze-large-play-v2/3e-4/seed_2/amlp_s2_beta5_rlr0p0003__2bf47896,/home/svcho/amo/results/iql_amo_antmaze3_beta5_rho_seeds03/jobs/amlp_r3e4_s2/run,final_eval_50.json,1,normalized_score,2026-09-15T20:17:23.554904+00:00
iql_amo,5,0.0003,antmaze-large-play-v2,3,40.0,1000000,True,50,True,2,choi,jax,amlp_s3_default__ffc46143,1e34514ddf70bfc8a78757d9a78b82306627164c,77632f62205b32266edb06cf137e9830ea5b4236,main/iql_amo/antmaze-large-play-v2/3e-4/seed_3/amlp_s3_default__ffc46143,/home/choi/AMO_store/iql_amo_jax_antmaze_beta5_rlr/runs/iqlamo_jax_b5_rlr3e-4_amlp_s3,eval.jsonl,1,normalized_score,2026-09-16T14:47:22.226234+00:00
iql_amo,5,0.0003,antmaze-large-play-v2,3,40.0,1000000,True,50,False,2,svcho,jax,amlp_s3_beta5_rlr0p0003__62d5bdfe,1e34514ddf70bfc8a78757d9a78b82306627164c,71b619508a9395147ac00ec9ed5e0377079fc56a,main/iql_amo/antmaze-large-play-v2/3e-4/seed_3/amlp_s3_beta5_rlr0p0003__62d5bdfe,/home/svcho/amo/results/iql_amo_antmaze3_beta5_rho_seeds03/jobs/amlp_r3e4_s3/run,final_eval_50.json,1,normalized_score,2026-09-15T20:17:23.884625+00:00
iql_amo,5,0.002,antmaze-large-diverse-v2,0,26.0,1000000,True,50,True,1,svcho,jax,amld_s0_beta5__a4a249d1,1e34514ddf70bfc8a78757d9a78b82306627164c,71b619508a9395147ac00ec9ed5e0377079fc56a,main/iql_amo/antmaze-large-diverse-v2/2e-3/seed_0/amld_s0_beta5__a4a249d1,/home/svcho/amo/results/iql_amo_antmaze3_beta5_diverse_rho_seeds03/jobs/amld_r2e3_s0/run,final_eval_50.json,1,normalized_score,2026-09-16T09:20:05.600472+00:00
iql_amo,5,0.002,antmaze-large-diverse-v2,1,42.0,1000000,True,50,True,1,svcho,jax,amld_s1_beta5__cf7550b3,1e34514ddf70bfc8a78757d9a78b82306627164c,71b619508a9395147ac00ec9ed5e0377079fc56a,main/iql_amo/antmaze-large-diverse-v2/2e-3/seed_1/amld_s1_beta5__cf7550b3,/home/svcho/amo/results/iql_amo_antmaze3_beta5_diverse_rho_seeds03/jobs/amld_r2e3_s1/run,final_eval_50.json,1,normalized_score,2026-09-16T09:20:05.301182+00:00
iql_amo,5,0.002,antmaze-large-diverse-v2,2,26.0,1000000,True,50,True,1,svcho,jax,amld_s2_beta5__96e532fa,1e34514ddf70bfc8a78757d9a78b82306627164c,71b619508a9395147ac00ec9ed5e0377079fc56a,main/iql_amo/antmaze-large-diverse-v2/2e-3/seed_2/amld_s2_beta5__96e532fa,/home/svcho/amo/results/iql_amo_antmaze3_beta5_diverse_rho_seeds03/jobs/amld_r2e3_s2/run,final_eval_50.json,1,normalized_score,2026-09-16T09:20:06.378503+00:00
iql_amo,5,0.002,antmaze-large-diverse-v2,3,38.0,1000000,True,50,True,1,svcho,jax,amld_s3_beta5__4a6ac88b,1e34514ddf70bfc8a78757d9a78b82306627164c,71b619508a9395147ac00ec9ed5e0377079fc56a,main/iql_amo/antmaze-large-diverse-v2/2e-3/seed_3/amld_s3_beta5__4a6ac88b,/home/svcho/amo/results/iql_amo_antmaze3_beta5_diverse_rho_seeds03/jobs/amld_r2e3_s3/run,final_eval_50.json,1,normalized_score,2026-09-16T09:20:04.926078+00:00
iql_amo,5,0.001,antmaze-large-diverse-v2,0,28.000000000000004,1000000,True,50,False,2,choi,jax,amld_s0_default__3984597b,1e34514ddf70bfc8a78757d9a78b82306627164c,77632f62205b32266edb06cf137e9830ea5b4236,main/iql_amo/antmaze-large-diverse-v2/1e-3/seed_0/amld_s0_default__3984597b,/home/choi/AMO_store/iql_amo_jax_antmaze_beta5_rlr/runs/iqlamo_jax_b5_rlr1e-3_amld_s0,eval.jsonl,1,normalized_score,2026-09-16T15:42:05.998216+00:00
iql_amo,5,0.001,antmaze-large-diverse-v2,0,38.0,1000000,True,50,True,2,svcho,jax,amld_s0_beta5_rlr0p001__31bcf9e0,1e34514ddf70bfc8a78757d9a78b82306627164c,71b619508a9395147ac00ec9ed5e0377079fc56a,main/iql_amo/antmaze-large-diverse-v2/1e-3/seed_0/amld_s0_beta5_rlr0p001__31bcf9e0,/home/svcho/amo/results/iql_amo_antmaze3_beta5_diverse_rho_seeds03/jobs/amld_r1e3_s0/run,final_eval_50.json,1,normalized_score,2026-09-16T09:19:45.363645+00:00
iql_amo,5,0.001,antmaze-large-diverse-v2,1,36.0,1000000,True,50,True,2,choi,jax,amld_s1_default__e6e6c239,1e34514ddf70bfc8a78757d9a78b82306627164c,77632f62205b32266edb06cf137e9830ea5b4236,main/iql_amo/antmaze-large-diverse-v2/1e-3/seed_1/amld_s1_default__e6e6c239,/home/choi/AMO_store/iql_amo_jax_antmaze_beta5_rlr/runs/iqlamo_jax_b5_rlr1e-3_amld_s1,eval.jsonl,1,normalized_score,2026-09-16T15:43:02.793700+00:00
iql_amo,5,0.001,antmaze-large-diverse-v2,1,30.0,1000000,True,50,False,2,svcho,jax,amld_s1_beta5_rlr0p001__ddca4df5,1e34514ddf70bfc8a78757d9a78b82306627164c,71b619508a9395147ac00ec9ed5e0377079fc56a,main/iql_amo/antmaze-large-diverse-v2/1e-3/seed_1/amld_s1_beta5_rlr0p001__ddca4df5,/home/svcho/amo/results/iql_amo_antmaze3_beta5_diverse_rho_seeds03/jobs/amld_r1e3_s1/run,final_eval_50.json,1,normalized_score,2026-09-16T09:19:44.913198+00:00
iql_amo,5,0.001,antmaze-large-diverse-v2,2,46.0,1000000,True,50,True,2,choi,jax,amld_s2_default__195cfec1,1e34514ddf70bfc8a78757d9a78b82306627164c,77632f62205b32266edb06cf137e9830ea5b4236,main/iql_amo/antmaze-large-diverse-v2/1e-3/seed_2/amld_s2_default__195cfec1,/home/choi/AMO_store/iql_amo_jax_antmaze_beta5_rlr/runs/iqlamo_jax_b5_rlr1e-3_amld_s2,eval.jsonl,1,normalized_score,2026-09-16T15:47:57.729130+00:00
iql_amo,5,0.001,antmaze-large-diverse-v2,2,40.0,1000000,True,50,False,2,svcho,jax,amld_s2_beta5_rlr0p001__ebf0a430,1e34514ddf70bfc8a78757d9a78b82306627164c,71b619508a9395147ac00ec9ed5e0377079fc56a,main/iql_amo/antmaze-large-diverse-v2/1e-3/seed_2/amld_s2_beta5_rlr0p001__ebf0a430,/home/svcho/amo/results/iql_amo_antmaze3_beta5_diverse_rho_seeds03/jobs/amld_r1e3_s2/run,final_eval_50.json,1,normalized_score,2026-09-16T09:19:44.745070+00:00
iql_amo,5,0.001,antmaze-large-diverse-v2,3,30.0,1000000,True,50,False,2,choi,jax,amld_s3_default__3ccd4df2,1e34514ddf70bfc8a78757d9a78b82306627164c,77632f62205b32266edb06cf137e9830ea5b4236,main/iql_amo/antmaze-large-diverse-v2/1e-3/seed_3/amld_s3_default__3ccd4df2,/home/choi/AMO_store/iql_amo_jax_antmaze_beta5_rlr/runs/iqlamo_jax_b5_rlr1e-3_amld_s3,eval.jsonl,1,normalized_score,2026-09-16T15:57:53.052081+00:00
iql_amo,5,0.001,antmaze-large-diverse-v2,3,42.0,1000000,True,50,True,2,svcho,jax,amld_s3_beta5_rlr0p001__53ea00fd,1e34514ddf70bfc8a78757d9a78b82306627164c,71b619508a9395147ac00ec9ed5e0377079fc56a,main/iql_amo/antmaze-large-diverse-v2/1e-3/seed_3/amld_s3_beta5_rlr0p001__53ea00fd,/home/svcho/amo/results/iql_amo_antmaze3_beta5_diverse_rho_seeds03/jobs/amld_r1e3_s3/run,final_eval_50.json,1,normalized_score,2026-09-16T09:19:44.794913+00:00
iql_amo,5,0.0003,antmaze-large-diverse-v2,0,36.0,1000000,True,50,True,2,choi,jax,amld_s0_default__efbd9b54,1e34514ddf70bfc8a78757d9a78b82306627164c,77632f62205b32266edb06cf137e9830ea5b4236,main/iql_amo/antmaze-large-diverse-v2/3e-4/seed_0/amld_s0_default__efbd9b54,/home/choi/AMO_store/iql_amo_jax_antmaze_beta5_rlr/runs/iqlamo_jax_b5_rlr3e-4_amld_s0,eval.jsonl,1,normalized_score,2026-09-16T15:12:30.332902+00:00
iql_amo,5,0.0003,antmaze-large-diverse-v2,0,32.0,1000000,True,50,False,2,svcho,jax,amld_s0_beta5_rlr0p0003__81528c4e,1e34514ddf70bfc8a78757d9a78b82306627164c,71b619508a9395147ac00ec9ed5e0377079fc56a,main/iql_amo/antmaze-large-diverse-v2/3e-4/seed_0/amld_s0_beta5_rlr0p0003__81528c4e,/home/svcho/amo/results/iql_amo_antmaze3_beta5_diverse_rho_seeds03/jobs/amld_r3e4_s0/run,final_eval_50.json,1,normalized_score,2026-09-16T09:20:25.834294+00:00
iql_amo,5,0.0003,antmaze-large-diverse-v2,1,40.0,1000000,True,50,True,2,choi,jax,amld_s1_default__bdeb4f82,1e34514ddf70bfc8a78757d9a78b82306627164c,77632f62205b32266edb06cf137e9830ea5b4236,main/iql_amo/antmaze-large-diverse-v2/3e-4/seed_1/amld_s1_default__bdeb4f82,/home/choi/AMO_store/iql_amo_jax_antmaze_beta5_rlr/runs/iqlamo_jax_b5_rlr3e-4_amld_s1,eval.jsonl,1,normalized_score,2026-09-16T15:23:59.026575+00:00
iql_amo,5,0.0003,antmaze-large-diverse-v2,1,28.000000000000004,1000000,True,50,False,2,svcho,jax,amld_s1_beta5_rlr0p0003__5922738b,1e34514ddf70bfc8a78757d9a78b82306627164c,71b619508a9395147ac00ec9ed5e0377079fc56a,main/iql_amo/antmaze-large-diverse-v2/3e-4/seed_1/amld_s1_beta5_rlr0p0003__5922738b,/home/svcho/amo/results/iql_amo_antmaze3_beta5_diverse_rho_seeds03/jobs/amld_r3e4_s1/run,final_eval_50.json,1,normalized_score,2026-09-16T09:20:26.484255+00:00
iql_amo,5,0.0003,antmaze-large-diverse-v2,2,36.0,1000000,True,50,True,2,choi,jax,amld_s2_default__889e540b,1e34514ddf70bfc8a78757d9a78b82306627164c,77632f62205b32266edb06cf137e9830ea5b4236,main/iql_amo/antmaze-large-diverse-v2/3e-4/seed_2/amld_s2_default__889e540b,/home/choi/AMO_store/iql_amo_jax_antmaze_beta5_rlr/runs/iqlamo_jax_b5_rlr3e-4_amld_s2,eval.jsonl,1,normalized_score,2026-09-16T15:24:57.446598+00:00
iql_amo,5,0.0003,antmaze-large-diverse-v2,2,32.0,1000000,True,50,False,2,svcho,jax,amld_s2_beta5_rlr0p0003__37e34aa9,1e34514ddf70bfc8a78757d9a78b82306627164c,71b619508a9395147ac00ec9ed5e0377079fc56a,main/iql_amo/antmaze-large-diverse-v2/3e-4/seed_2/amld_s2_beta5_rlr0p0003__37e34aa9,/home/svcho/amo/results/iql_amo_antmaze3_beta5_diverse_rho_seeds03/jobs/amld_r3e4_s2/run,final_eval_50.json,1,normalized_score,2026-09-16T09:20:26.301757+00:00
iql_amo,5,0.0003,antmaze-large-diverse-v2,3,22.0,1000000,True,50,False,2,choi,jax,amld_s3_default__339b638d,1e34514ddf70bfc8a78757d9a78b82306627164c,77632f62205b32266edb06cf137e9830ea5b4236,main/iql_amo/antmaze-large-diverse-v2/3e-4/seed_3/amld_s3_default__339b638d,/home/choi/AMO_store/iql_amo_jax_antmaze_beta5_rlr/runs/iqlamo_jax_b5_rlr3e-4_amld_s3,eval.jsonl,1,normalized_score,2026-09-16T15:30:31.468343+00:00
iql_amo,5,0.0003,antmaze-large-diverse-v2,3,30.0,1000000,True,50,True,2,svcho,jax,amld_s3_beta5_rlr0p0003__4d51a562,1e34514ddf70bfc8a78757d9a78b82306627164c,71b619508a9395147ac00ec9ed5e0377079fc56a,main/iql_amo/antmaze-large-diverse-v2/3e-4/seed_3/amld_s3_beta5_rlr0p0003__4d51a562,/home/svcho/amo/results/iql_amo_antmaze3_beta5_diverse_rho_seeds03/jobs/amld_r3e4_s3/run,final_eval_50.json,1,normalized_score,2026-09-16T09:20:26.264081+00:00
