method,initial,meta_lr,env,seed,score,step,aggregate,episodes,selected,candidate_runs,branch,backend,run_id,code_commit,log_commit,rel_path,source_path,eval_file,eval_line,score_field,evaluated_at
td3_amo,2,0.002,halfcheetah-medium-v2,0,57.7570095727028,1000000,True,50,True,1,svcho,jax,hcm_s0_alr0p002__8b3526ac,1e34514ddf70bfc8a78757d9a78b82306627164c,786a6302d6fab72e3f6f96fe4ca943ca5fa79425,ablation/td3_amo/halfcheetah-medium-v2/2e-3/seed_0/hcm_s0_alr0p002__8b3526ac,/home/svcho/amo/results/td3_amo_bootrms_maincand_seeds03/jobs/a2_hc-m_r2e3_s0/run,final_eval_50.json,1,normalized_score,2026-09-18T17:26:23.939407+00:00
td3_amo,2,0.001,halfcheetah-medium-v2,0,54.384393136865484,1000000,True,50,True,1,svcho,jax,hcm_s0_alr0p001__2a109d0e,1e34514ddf70bfc8a78757d9a78b82306627164c,786a6302d6fab72e3f6f96fe4ca943ca5fa79425,ablation/td3_amo/halfcheetah-medium-v2/1e-3/seed_0/hcm_s0_alr0p001__2a109d0e,/home/svcho/amo/results/td3_amo_bootrms_maincand_seeds03/jobs/a2_hc-m_r1e3_s0/run,final_eval_50.json,1,normalized_score,2026-09-18T17:15:08.427498+00:00
td3_amo,2,0.0003,halfcheetah-medium-v2,0,51.01698683431827,1000000,True,50,True,1,svcho,jax,hcm_s0_alr0p0003__cd5c8e11,1e34514ddf70bfc8a78757d9a78b82306627164c,786a6302d6fab72e3f6f96fe4ca943ca5fa79425,ablation/td3_amo/halfcheetah-medium-v2/3e-4/seed_0/hcm_s0_alr0p0003__cd5c8e11,/home/svcho/amo/results/td3_amo_bootrms_maincand_seeds03/jobs/a2_hc-m_r3e4_s0/run,final_eval_50.json,1,normalized_score,2026-09-18T17:15:08.556394+00:00
td3_amo,2,0.002,halfcheetah-medium-replay-v2,0,49.827652862007795,1000000,True,50,True,1,svcho,jax,hcmr_s0_alr0p002__4117073a,1e34514ddf70bfc8a78757d9a78b82306627164c,786a6302d6fab72e3f6f96fe4ca943ca5fa79425,ablation/td3_amo/halfcheetah-medium-replay-v2/2e-3/seed_0/hcmr_s0_alr0p002__4117073a,/home/svcho/amo/results/td3_amo_bootrms_maincand_seeds03/jobs/a2_hc-mr_r2e3_s0/run,final_eval_50.json,1,normalized_score,2026-09-18T17:53:14.245381+00:00
td3_amo,2,0.001,halfcheetah-medium-replay-v2,0,48.17655710966188,1000000,True,50,True,1,svcho,jax,hcmr_s0_alr0p001__e61d5ce7,1e34514ddf70bfc8a78757d9a78b82306627164c,786a6302d6fab72e3f6f96fe4ca943ca5fa79425,ablation/td3_amo/halfcheetah-medium-replay-v2/1e-3/seed_0/hcmr_s0_alr0p001__e61d5ce7,/home/svcho/amo/results/td3_amo_bootrms_maincand_seeds03/jobs/a2_hc-mr_r1e3_s0/run,final_eval_50.json,1,normalized_score,2026-09-18T17:41:44.371884+00:00
td3_amo,2,0.0003,halfcheetah-medium-replay-v2,0,46.337851621411,1000000,True,50,True,1,svcho,jax,hcmr_s0_alr0p0003__a724592f,1e34514ddf70bfc8a78757d9a78b82306627164c,786a6302d6fab72e3f6f96fe4ca943ca5fa79425,ablation/td3_amo/halfcheetah-medium-replay-v2/3e-4/seed_0/hcmr_s0_alr0p0003__a724592f,/home/svcho/amo/results/td3_amo_bootrms_maincand_seeds03/jobs/a2_hc-mr_r3e4_s0/run,final_eval_50.json,1,normalized_score,2026-09-18T17:41:31.540634+00:00
td3_amo,2,0.002,halfcheetah-medium-expert-v2,0,92.09857893733752,1000000,True,50,True,1,svcho,jax,hme_s0_alr0p002__bd0fadb6,1e34514ddf70bfc8a78757d9a78b82306627164c,786a6302d6fab72e3f6f96fe4ca943ca5fa79425,ablation/td3_amo/halfcheetah-medium-expert-v2/2e-3/seed_0/hme_s0_alr0p002__bd0fadb6,/home/svcho/amo/results/td3_amo_bootrms_maincand_seeds03/jobs/a2_hc-me_r2e3_s0/run,final_eval_50.json,1,normalized_score,2026-09-18T18:20:07.866862+00:00
td3_amo,2,0.001,halfcheetah-medium-expert-v2,0,98.80873371258546,1000000,True,50,True,1,svcho,jax,hme_s0_alr0p001__88ac18d8,1e34514ddf70bfc8a78757d9a78b82306627164c,786a6302d6fab72e3f6f96fe4ca943ca5fa79425,ablation/td3_amo/halfcheetah-medium-expert-v2/1e-3/seed_0/hme_s0_alr0p001__88ac18d8,/home/svcho/amo/results/td3_amo_bootrms_maincand_seeds03/jobs/a2_hc-me_r1e3_s0/run,final_eval_50.json,1,normalized_score,2026-09-18T18:08:49.508872+00:00
td3_amo,2,0.0003,halfcheetah-medium-expert-v2,0,100.24069962924322,1000000,True,50,True,1,svcho,jax,hme_s0_alr0p0003__38b78832,1e34514ddf70bfc8a78757d9a78b82306627164c,786a6302d6fab72e3f6f96fe4ca943ca5fa79425,ablation/td3_amo/halfcheetah-medium-expert-v2/3e-4/seed_0/hme_s0_alr0p0003__38b78832,/home/svcho/amo/results/td3_amo_bootrms_maincand_seeds03/jobs/a2_hc-me_r3e4_s0/run,final_eval_50.json,1,normalized_score,2026-09-18T18:08:49.552315+00:00
td3_amo,2,0.002,hopper-medium-v2,0,97.31194192455432,1000000,True,50,True,1,svcho,jax,hopm_s0_alr0p002__d50dea53,1e34514ddf70bfc8a78757d9a78b82306627164c,786a6302d6fab72e3f6f96fe4ca943ca5fa79425,ablation/td3_amo/hopper-medium-v2/2e-3/seed_0/hopm_s0_alr0p002__d50dea53,/home/svcho/amo/results/td3_amo_bootrms_maincand_seeds03/jobs/a2_h-m_r2e3_s0/run,final_eval_50.json,1,normalized_score,2026-09-18T12:01:30.767594+00:00
td3_amo,2,0.002,hopper-medium-v2,1,100.69833587416126,1000000,True,50,True,1,svcho,jax,hopm_s1_alr0p002__0ea9b445,1e34514ddf70bfc8a78757d9a78b82306627164c,786a6302d6fab72e3f6f96fe4ca943ca5fa79425,ablation/td3_amo/hopper-medium-v2/2e-3/seed_1/hopm_s1_alr0p002__0ea9b445,/home/svcho/amo/results/td3_amo_bootrms_maincand_seeds03/jobs/a2_h-m_r2e3_s1/run,final_eval_50.json,1,normalized_score,2026-09-18T18:46:30.492720+00:00
td3_amo,2,0.001,hopper-medium-v2,0,82.76432086789806,1000000,True,50,True,1,svcho,jax,hopm_s0_alr0p001__17dc1821,1e34514ddf70bfc8a78757d9a78b82306627164c,786a6302d6fab72e3f6f96fe4ca943ca5fa79425,ablation/td3_amo/hopper-medium-v2/1e-3/seed_0/hopm_s0_alr0p001__17dc1821,/home/svcho/amo/results/td3_amo_bootrms_maincand_seeds03/jobs/a2_h-m_r1e3_s0/run,final_eval_50.json,1,normalized_score,2026-09-18T11:50:12.004039+00:00
td3_amo,2,0.001,hopper-medium-v2,1,97.99719576669764,1000000,True,50,True,1,svcho,jax,hopm_s1_alr0p001__6a2b6e15,1e34514ddf70bfc8a78757d9a78b82306627164c,786a6302d6fab72e3f6f96fe4ca943ca5fa79425,ablation/td3_amo/hopper-medium-v2/1e-3/seed_1/hopm_s1_alr0p001__6a2b6e15,/home/svcho/amo/results/td3_amo_bootrms_maincand_seeds03/jobs/a2_h-m_r1e3_s1/run,final_eval_50.json,1,normalized_score,2026-09-18T18:35:33.453898+00:00
td3_amo,2,0.0003,hopper-medium-v2,0,62.19764968457602,1000000,True,50,True,1,svcho,jax,hopm_s0_alr0p0003__7f1c5746,1e34514ddf70bfc8a78757d9a78b82306627164c,786a6302d6fab72e3f6f96fe4ca943ca5fa79425,ablation/td3_amo/hopper-medium-v2/3e-4/seed_0/hopm_s0_alr0p0003__7f1c5746,/home/svcho/amo/results/td3_amo_bootrms_maincand_seeds03/jobs/a2_h-m_r3e4_s0/run,final_eval_50.json,1,normalized_score,2026-09-18T11:50:11.079453+00:00
td3_amo,2,0.0003,hopper-medium-v2,1,69.14983573101645,1000000,True,50,True,1,svcho,jax,hopm_s1_alr0p0003__d8c1cf7f,1e34514ddf70bfc8a78757d9a78b82306627164c,786a6302d6fab72e3f6f96fe4ca943ca5fa79425,ablation/td3_amo/hopper-medium-v2/3e-4/seed_1/hopm_s1_alr0p0003__d8c1cf7f,/home/svcho/amo/results/td3_amo_bootrms_maincand_seeds03/jobs/a2_h-m_r3e4_s1/run,final_eval_50.json,1,normalized_score,2026-09-18T18:35:19.520824+00:00
td3_amo,2,0.002,hopper-medium-replay-v2,0,101.37382314211325,1000000,True,50,True,1,svcho,jax,hopmr_s0_alr0p002__37485d61,1e34514ddf70bfc8a78757d9a78b82306627164c,786a6302d6fab72e3f6f96fe4ca943ca5fa79425,ablation/td3_amo/hopper-medium-replay-v2/2e-3/seed_0/hopmr_s0_alr0p002__37485d61,/home/svcho/amo/results/td3_amo_bootrms_maincand_seeds03/jobs/a2_h-mr_r2e3_s0/run,final_eval_50.json,1,normalized_score,2026-09-18T12:28:17.579098+00:00
td3_amo,2,0.002,hopper-medium-replay-v2,1,98.72103780431955,1000000,True,50,True,1,svcho,jax,hopmr_s1_alr0p002__c9c1772c,1e34514ddf70bfc8a78757d9a78b82306627164c,786a6302d6fab72e3f6f96fe4ca943ca5fa79425,ablation/td3_amo/hopper-medium-replay-v2/2e-3/seed_1/hopmr_s1_alr0p002__c9c1772c,/home/svcho/amo/results/td3_amo_bootrms_maincand_seeds03/jobs/a2_h-mr_r2e3_s1/run,final_eval_50.json,1,normalized_score,2026-09-18T19:12:40.337139+00:00
td3_amo,2,0.001,hopper-medium-replay-v2,0,101.66899985503468,1000000,True,50,True,1,svcho,jax,hopmr_s0_alr0p001__0965b9eb,1e34514ddf70bfc8a78757d9a78b82306627164c,786a6302d6fab72e3f6f96fe4ca943ca5fa79425,ablation/td3_amo/hopper-medium-replay-v2/1e-3/seed_0/hopmr_s0_alr0p001__0965b9eb,/home/svcho/amo/results/td3_amo_bootrms_maincand_seeds03/jobs/a2_h-mr_r1e3_s0/run,final_eval_50.json,1,normalized_score,2026-09-18T12:16:45.588173+00:00
td3_amo,2,0.001,hopper-medium-replay-v2,1,99.61905080870437,1000000,True,50,True,1,svcho,jax,hopmr_s1_alr0p001__b83df12c,1e34514ddf70bfc8a78757d9a78b82306627164c,786a6302d6fab72e3f6f96fe4ca943ca5fa79425,ablation/td3_amo/hopper-medium-replay-v2/1e-3/seed_1/hopmr_s1_alr0p001__b83df12c,/home/svcho/amo/results/td3_amo_bootrms_maincand_seeds03/jobs/a2_h-mr_r1e3_s1/run,final_eval_50.json,1,normalized_score,2026-09-18T19:01:17.623733+00:00
td3_amo,2,0.0003,hopper-medium-replay-v2,0,100.20374487419872,1000000,True,50,True,1,svcho,jax,hopmr_s0_alr0p0003__f447da89,1e34514ddf70bfc8a78757d9a78b82306627164c,786a6302d6fab72e3f6f96fe4ca943ca5fa79425,ablation/td3_amo/hopper-medium-replay-v2/3e-4/seed_0/hopmr_s0_alr0p0003__f447da89,/home/svcho/amo/results/td3_amo_bootrms_maincand_seeds03/jobs/a2_h-mr_r3e4_s0/run,final_eval_50.json,1,normalized_score,2026-09-18T12:16:33.075030+00:00
td3_amo,2,0.0003,hopper-medium-replay-v2,1,61.307735582270794,1000000,True,50,True,1,svcho,jax,hopmr_s1_alr0p0003__81f1419e,1e34514ddf70bfc8a78757d9a78b82306627164c,786a6302d6fab72e3f6f96fe4ca943ca5fa79425,ablation/td3_amo/hopper-medium-replay-v2/3e-4/seed_1/hopmr_s1_alr0p0003__81f1419e,/home/svcho/amo/results/td3_amo_bootrms_maincand_seeds03/jobs/a2_h-mr_r3e4_s1/run,final_eval_50.json,1,normalized_score,2026-09-18T19:01:15.744226+00:00
td3_amo,2,0.002,hopper-medium-expert-v2,0,113.32400917239973,1000000,True,50,True,1,svcho,jax,hopme_s0_alr0p002__d5133c6e,1e34514ddf70bfc8a78757d9a78b82306627164c,786a6302d6fab72e3f6f96fe4ca943ca5fa79425,ablation/td3_amo/hopper-medium-expert-v2/2e-3/seed_0/hopme_s0_alr0p002__d5133c6e,/home/svcho/amo/results/td3_amo_bootrms_maincand_seeds03/jobs/a2_h-me_r2e3_s0/run,final_eval_50.json,1,normalized_score,2026-09-18T12:54:55.935890+00:00
td3_amo,2,0.002,hopper-medium-expert-v2,1,112.31332095754615,1000000,True,50,True,1,svcho,jax,hopme_s1_alr0p002__898191a0,1e34514ddf70bfc8a78757d9a78b82306627164c,786a6302d6fab72e3f6f96fe4ca943ca5fa79425,ablation/td3_amo/hopper-medium-expert-v2/2e-3/seed_1/hopme_s1_alr0p002__898191a0,/home/svcho/amo/results/td3_amo_bootrms_maincand_seeds03/jobs/a2_h-me_r2e3_s1/run,final_eval_50.json,1,normalized_score,2026-09-18T19:39:34.252077+00:00
td3_amo,2,0.001,hopper-medium-expert-v2,0,110.46505112918297,1000000,True,50,True,1,svcho,jax,hopme_s0_alr0p001__b9b3c657,1e34514ddf70bfc8a78757d9a78b82306627164c,786a6302d6fab72e3f6f96fe4ca943ca5fa79425,ablation/td3_amo/hopper-medium-expert-v2/1e-3/seed_0/hopme_s0_alr0p001__b9b3c657,/home/svcho/amo/results/td3_amo_bootrms_maincand_seeds03/jobs/a2_h-me_r1e3_s0/run,final_eval_50.json,1,normalized_score,2026-09-18T12:43:33.698238+00:00
td3_amo,2,0.001,hopper-medium-expert-v2,1,107.31746125919086,1000000,True,50,True,1,svcho,jax,hopme_s1_alr0p001__65a8b8c9,1e34514ddf70bfc8a78757d9a78b82306627164c,786a6302d6fab72e3f6f96fe4ca943ca5fa79425,ablation/td3_amo/hopper-medium-expert-v2/1e-3/seed_1/hopme_s1_alr0p001__65a8b8c9,/home/svcho/amo/results/td3_amo_bootrms_maincand_seeds03/jobs/a2_h-me_r1e3_s1/run,final_eval_50.json,1,normalized_score,2026-09-18T19:27:56.824629+00:00
td3_amo,2,0.0003,hopper-medium-expert-v2,0,103.92449703762657,1000000,True,50,True,1,svcho,jax,hopme_s0_alr0p0003__523e439e,1e34514ddf70bfc8a78757d9a78b82306627164c,786a6302d6fab72e3f6f96fe4ca943ca5fa79425,ablation/td3_amo/hopper-medium-expert-v2/3e-4/seed_0/hopme_s0_alr0p0003__523e439e,/home/svcho/amo/results/td3_amo_bootrms_maincand_seeds03/jobs/a2_h-me_r3e4_s0/run,final_eval_50.json,1,normalized_score,2026-09-18T12:43:21.193764+00:00
td3_amo,2,0.0003,hopper-medium-expert-v2,1,106.97179131649237,1000000,True,50,True,1,svcho,jax,hopme_s1_alr0p0003__18da81b1,1e34514ddf70bfc8a78757d9a78b82306627164c,786a6302d6fab72e3f6f96fe4ca943ca5fa79425,ablation/td3_amo/hopper-medium-expert-v2/3e-4/seed_1/hopme_s1_alr0p0003__18da81b1,/home/svcho/amo/results/td3_amo_bootrms_maincand_seeds03/jobs/a2_h-me_r3e4_s1/run,final_eval_50.json,1,normalized_score,2026-09-18T19:27:56.878511+00:00
td3_amo,2,0.002,walker2d-medium-v2,0,91.14427455268064,1000000,True,50,True,1,svcho,jax,wm_s0_alr0p002__1c618af6,1e34514ddf70bfc8a78757d9a78b82306627164c,786a6302d6fab72e3f6f96fe4ca943ca5fa79425,ablation/td3_amo/walker2d-medium-v2/2e-3/seed_0/wm_s0_alr0p002__1c618af6,/home/svcho/amo/results/td3_amo_bootrms_maincand_seeds03/jobs/a2_w-m_r2e3_s0/run,final_eval_50.json,1,normalized_score,2026-09-18T13:22:15.514764+00:00
td3_amo,2,0.002,walker2d-medium-v2,1,97.06459970064071,1000000,True,50,True,1,svcho,jax,wm_s1_alr0p002__6963e4a7,1e34514ddf70bfc8a78757d9a78b82306627164c,786a6302d6fab72e3f6f96fe4ca943ca5fa79425,ablation/td3_amo/walker2d-medium-v2/2e-3/seed_1/wm_s1_alr0p002__6963e4a7,/home/svcho/amo/results/td3_amo_bootrms_maincand_seeds03/jobs/a2_w-m_r2e3_s1/run,final_eval_50.json,1,normalized_score,2026-09-18T20:06:08.770046+00:00
td3_amo,2,0.001,walker2d-medium-v2,0,88.98299559290517,1000000,True,50,True,1,svcho,jax,wm_s0_alr0p001__f8712cee,1e34514ddf70bfc8a78757d9a78b82306627164c,786a6302d6fab72e3f6f96fe4ca943ca5fa79425,ablation/td3_amo/walker2d-medium-v2/1e-3/seed_0/wm_s0_alr0p001__f8712cee,/home/svcho/amo/results/td3_amo_bootrms_maincand_seeds03/jobs/a2_w-m_r1e3_s0/run,final_eval_50.json,1,normalized_score,2026-09-18T13:10:04.164681+00:00
td3_amo,2,0.001,walker2d-medium-v2,1,88.65895701668953,1000000,True,50,True,1,svcho,jax,wm_s1_alr0p001__c6d2f35a,1e34514ddf70bfc8a78757d9a78b82306627164c,786a6302d6fab72e3f6f96fe4ca943ca5fa79425,ablation/td3_amo/walker2d-medium-v2/1e-3/seed_1/wm_s1_alr0p001__c6d2f35a,/home/svcho/amo/results/td3_amo_bootrms_maincand_seeds03/jobs/a2_w-m_r1e3_s1/run,final_eval_50.json,1,normalized_score,2026-09-18T19:54:55.148152+00:00
td3_amo,2,0.0003,walker2d-medium-v2,0,85.98050358525593,1000000,True,50,True,1,svcho,jax,wm_s0_alr0p0003__6f450a5b,1e34514ddf70bfc8a78757d9a78b82306627164c,786a6302d6fab72e3f6f96fe4ca943ca5fa79425,ablation/td3_amo/walker2d-medium-v2/3e-4/seed_0/wm_s0_alr0p0003__6f450a5b,/home/svcho/amo/results/td3_amo_bootrms_maincand_seeds03/jobs/a2_w-m_r3e4_s0/run,final_eval_50.json,1,normalized_score,2026-09-18T13:10:04.386311+00:00
td3_amo,2,0.0003,walker2d-medium-v2,1,84.71061575626526,1000000,True,50,True,1,svcho,jax,wm_s1_alr0p0003__fa97cdc6,1e34514ddf70bfc8a78757d9a78b82306627164c,786a6302d6fab72e3f6f96fe4ca943ca5fa79425,ablation/td3_amo/walker2d-medium-v2/3e-4/seed_1/wm_s1_alr0p0003__fa97cdc6,/home/svcho/amo/results/td3_amo_bootrms_maincand_seeds03/jobs/a2_w-m_r3e4_s1/run,final_eval_50.json,1,normalized_score,2026-09-18T19:54:42.708367+00:00
td3_amo,2,0.002,walker2d-medium-replay-v2,0,93.95330184106734,1000000,True,50,True,1,svcho,jax,wmr_s0_alr0p002__16d843f7,1e34514ddf70bfc8a78757d9a78b82306627164c,786a6302d6fab72e3f6f96fe4ca943ca5fa79425,ablation/td3_amo/walker2d-medium-replay-v2/2e-3/seed_0/wmr_s0_alr0p002__16d843f7,/home/svcho/amo/results/td3_amo_bootrms_maincand_seeds03/jobs/a2_w-mr_r2e3_s0/run,final_eval_50.json,1,normalized_score,2026-09-18T13:49:03.273434+00:00
td3_amo,2,0.002,walker2d-medium-replay-v2,1,96.01310360202656,1000000,True,50,True,1,svcho,jax,wmr_s1_alr0p002__c2c2f614,1e34514ddf70bfc8a78757d9a78b82306627164c,786a6302d6fab72e3f6f96fe4ca943ca5fa79425,ablation/td3_amo/walker2d-medium-replay-v2/2e-3/seed_1/wmr_s1_alr0p002__c2c2f614,/home/svcho/amo/results/td3_amo_bootrms_maincand_seeds03/jobs/a2_w-mr_r2e3_s1/run,final_eval_50.json,1,normalized_score,2026-09-18T20:32:47.939364+00:00
td3_amo,2,0.001,walker2d-medium-replay-v2,0,97.2843655529632,1000000,True,50,True,1,svcho,jax,wmr_s0_alr0p001__f1606aba,1e34514ddf70bfc8a78757d9a78b82306627164c,786a6302d6fab72e3f6f96fe4ca943ca5fa79425,ablation/td3_amo/walker2d-medium-replay-v2/1e-3/seed_0/wmr_s0_alr0p001__f1606aba,/home/svcho/amo/results/td3_amo_bootrms_maincand_seeds03/jobs/a2_w-mr_r1e3_s0/run,final_eval_50.json,1,normalized_score,2026-09-18T13:37:37.869482+00:00
td3_amo,2,0.001,walker2d-medium-replay-v2,1,94.53399881042075,1000000,True,50,True,1,svcho,jax,wmr_s1_alr0p001__6c84874f,1e34514ddf70bfc8a78757d9a78b82306627164c,786a6302d6fab72e3f6f96fe4ca943ca5fa79425,ablation/td3_amo/walker2d-medium-replay-v2/1e-3/seed_1/wmr_s1_alr0p001__6c84874f,/home/svcho/amo/results/td3_amo_bootrms_maincand_seeds03/jobs/a2_w-mr_r1e3_s1/run,final_eval_50.json,1,normalized_score,2026-09-18T20:21:19.489728+00:00
td3_amo,2,0.0003,walker2d-medium-replay-v2,0,83.67009331072957,1000000,True,50,True,1,svcho,jax,wmr_s0_alr0p0003__3f501a8e,1e34514ddf70bfc8a78757d9a78b82306627164c,786a6302d6fab72e3f6f96fe4ca943ca5fa79425,ablation/td3_amo/walker2d-medium-replay-v2/3e-4/seed_0/wmr_s0_alr0p0003__3f501a8e,/home/svcho/amo/results/td3_amo_bootrms_maincand_seeds03/jobs/a2_w-mr_r3e4_s0/run,final_eval_50.json,1,normalized_score,2026-09-18T13:37:25.216503+00:00
td3_amo,2,0.0003,walker2d-medium-replay-v2,1,90.21036247232223,1000000,True,50,True,1,svcho,jax,wmr_s1_alr0p0003__debf206d,1e34514ddf70bfc8a78757d9a78b82306627164c,786a6302d6fab72e3f6f96fe4ca943ca5fa79425,ablation/td3_amo/walker2d-medium-replay-v2/3e-4/seed_1/wmr_s1_alr0p0003__debf206d,/home/svcho/amo/results/td3_amo_bootrms_maincand_seeds03/jobs/a2_w-mr_r3e4_s1/run,final_eval_50.json,1,normalized_score,2026-09-18T20:21:06.506065+00:00
td3_amo,2,0.002,walker2d-medium-expert-v2,0,110.74534447236894,1000000,True,50,True,1,svcho,jax,wme_s0_alr0p002__f5cfe022,1e34514ddf70bfc8a78757d9a78b82306627164c,786a6302d6fab72e3f6f96fe4ca943ca5fa79425,ablation/td3_amo/walker2d-medium-expert-v2/2e-3/seed_0/wme_s0_alr0p002__f5cfe022,/home/svcho/amo/results/td3_amo_bootrms_maincand_seeds03/jobs/a2_w-me_r2e3_s0/run,final_eval_50.json,1,normalized_score,2026-09-18T14:16:32.630996+00:00
td3_amo,2,0.002,walker2d-medium-expert-v2,1,110.19752511280664,1000000,True,50,True,1,svcho,jax,wme_s1_alr0p002__1cc4d6a1,1e34514ddf70bfc8a78757d9a78b82306627164c,786a6302d6fab72e3f6f96fe4ca943ca5fa79425,ablation/td3_amo/walker2d-medium-expert-v2/2e-3/seed_1/wme_s1_alr0p002__1cc4d6a1,/home/svcho/amo/results/td3_amo_bootrms_maincand_seeds03/jobs/a2_w-me_r2e3_s1/run,final_eval_50.json,1,normalized_score,2026-09-18T20:59:31.318522+00:00
td3_amo,2,0.001,walker2d-medium-expert-v2,0,110.60987676071437,1000000,True,50,True,1,svcho,jax,wme_s0_alr0p001__791b3b4c,1e34514ddf70bfc8a78757d9a78b82306627164c,786a6302d6fab72e3f6f96fe4ca943ca5fa79425,ablation/td3_amo/walker2d-medium-expert-v2/1e-3/seed_0/wme_s0_alr0p001__791b3b4c,/home/svcho/amo/results/td3_amo_bootrms_maincand_seeds03/jobs/a2_w-me_r1e3_s0/run,final_eval_50.json,1,normalized_score,2026-09-18T14:04:27.589370+00:00
td3_amo,2,0.001,walker2d-medium-expert-v2,1,109.89864032514669,1000000,True,50,True,1,svcho,jax,wme_s1_alr0p001__79d2b0de,1e34514ddf70bfc8a78757d9a78b82306627164c,786a6302d6fab72e3f6f96fe4ca943ca5fa79425,ablation/td3_amo/walker2d-medium-expert-v2/1e-3/seed_1/wme_s1_alr0p001__79d2b0de,/home/svcho/amo/results/td3_amo_bootrms_maincand_seeds03/jobs/a2_w-me_r1e3_s1/run,final_eval_50.json,1,normalized_score,2026-09-18T20:48:00.895246+00:00
td3_amo,2,0.0003,walker2d-medium-expert-v2,0,109.18431055005561,1000000,True,50,True,1,svcho,jax,wme_s0_alr0p0003__9f8ef452,1e34514ddf70bfc8a78757d9a78b82306627164c,786a6302d6fab72e3f6f96fe4ca943ca5fa79425,ablation/td3_amo/walker2d-medium-expert-v2/3e-4/seed_0/wme_s0_alr0p0003__9f8ef452,/home/svcho/amo/results/td3_amo_bootrms_maincand_seeds03/jobs/a2_w-me_r3e4_s0/run,final_eval_50.json,1,normalized_score,2026-09-18T14:04:27.657779+00:00
td3_amo,2,0.0003,walker2d-medium-expert-v2,1,109.44798768944379,1000000,True,50,True,1,svcho,jax,wme_s1_alr0p0003__7f84b772,1e34514ddf70bfc8a78757d9a78b82306627164c,786a6302d6fab72e3f6f96fe4ca943ca5fa79425,ablation/td3_amo/walker2d-medium-expert-v2/3e-4/seed_1/wme_s1_alr0p0003__7f84b772,/home/svcho/amo/results/td3_amo_bootrms_maincand_seeds03/jobs/a2_w-me_r3e4_s1/run,final_eval_50.json,1,normalized_score,2026-09-18T20:48:00.925606+00:00
td3_amo,2,0.002,antmaze-umaze-v2,0,80.0,1000000,True,50,True,1,svcho,jax,amu_s0_alr0p002__fbc5bb42,1e34514ddf70bfc8a78757d9a78b82306627164c,786a6302d6fab72e3f6f96fe4ca943ca5fa79425,ablation/td3_amo/antmaze-umaze-v2/2e-3/seed_0/amu_s0_alr0p002__fbc5bb42,/home/svcho/amo/results/td3_amo_bootrms_maincand_seeds03/jobs/a2_am-u_r2e3_s0/run,final_eval_50.json,1,normalized_score,2026-09-18T14:43:26.044382+00:00
td3_amo,2,0.002,antmaze-umaze-v2,1,94.0,1000000,True,50,True,1,svcho,jax,amu_s1_alr0p002__0f9f5c86,1e34514ddf70bfc8a78757d9a78b82306627164c,786a6302d6fab72e3f6f96fe4ca943ca5fa79425,ablation/td3_amo/antmaze-umaze-v2/2e-3/seed_1/amu_s1_alr0p002__0f9f5c86,/home/svcho/amo/results/td3_amo_bootrms_maincand_seeds03/jobs/a2_am-u_r2e3_s1/run,final_eval_50.json,1,normalized_score,2026-09-18T23:29:15.694855+00:00
td3_amo,2,0.001,antmaze-umaze-v2,0,88.0,1000000,True,50,True,1,svcho,jax,amu_s0_alr0p001__36ee1daa,1e34514ddf70bfc8a78757d9a78b82306627164c,786a6302d6fab72e3f6f96fe4ca943ca5fa79425,ablation/td3_amo/antmaze-umaze-v2/1e-3/seed_0/amu_s0_alr0p001__36ee1daa,/home/svcho/amo/results/td3_amo_bootrms_maincand_seeds03/jobs/a2_am-u_r1e3_s0/run,final_eval_50.json,1,normalized_score,2026-09-18T14:31:55.543857+00:00
td3_amo,2,0.001,antmaze-umaze-v2,1,96.0,1000000,True,50,True,1,svcho,jax,amu_s1_alr0p001__87e53fbd,1e34514ddf70bfc8a78757d9a78b82306627164c,786a6302d6fab72e3f6f96fe4ca943ca5fa79425,ablation/td3_amo/antmaze-umaze-v2/1e-3/seed_1/amu_s1_alr0p001__87e53fbd,/home/svcho/amo/results/td3_amo_bootrms_maincand_seeds03/jobs/a2_am-u_r1e3_s1/run,final_eval_50.json,1,normalized_score,2026-09-18T23:18:21.352644+00:00
td3_amo,2,0.0003,antmaze-umaze-v2,0,90.0,1000000,True,50,True,1,svcho,jax,amu_s0_alr0p0003__ab4b9299,1e34514ddf70bfc8a78757d9a78b82306627164c,786a6302d6fab72e3f6f96fe4ca943ca5fa79425,ablation/td3_amo/antmaze-umaze-v2/3e-4/seed_0/amu_s0_alr0p0003__ab4b9299,/home/svcho/amo/results/td3_amo_bootrms_maincand_seeds03/jobs/a2_am-u_r3e4_s0/run,final_eval_50.json,1,normalized_score,2026-09-18T14:31:55.439366+00:00
td3_amo,2,0.0003,antmaze-umaze-v2,1,90.0,1000000,True,50,True,1,svcho,jax,amu_s1_alr0p0003__d8c5641e,1e34514ddf70bfc8a78757d9a78b82306627164c,786a6302d6fab72e3f6f96fe4ca943ca5fa79425,ablation/td3_amo/antmaze-umaze-v2/3e-4/seed_1/amu_s1_alr0p0003__d8c5641e,/home/svcho/amo/results/td3_amo_bootrms_maincand_seeds03/jobs/a2_am-u_r3e4_s1/run,final_eval_50.json,1,normalized_score,2026-09-18T23:18:09.103461+00:00
td3_amo,2,0.002,antmaze-umaze-diverse-v2,0,66.0,1000000,True,50,True,1,svcho,jax,amud_s0_alr0p002__ef68e8dc,1e34514ddf70bfc8a78757d9a78b82306627164c,786a6302d6fab72e3f6f96fe4ca943ca5fa79425,ablation/td3_amo/antmaze-umaze-diverse-v2/2e-3/seed_0/amud_s0_alr0p002__ef68e8dc,/home/svcho/amo/results/td3_amo_bootrms_maincand_seeds03/jobs/a2_am-ud_r2e3_s0/run,final_eval_50.json,1,normalized_score,2026-09-18T15:10:28.748773+00:00
td3_amo,2,0.002,antmaze-umaze-diverse-v2,1,,,False,,True,1,svcho,jax,amud_s1_alr0p002__adc7c2b1,1e34514ddf70bfc8a78757d9a78b82306627164c,786a6302d6fab72e3f6f96fe4ca943ca5fa79425,ablation/td3_amo/antmaze-umaze-diverse-v2/2e-3/seed_1/amud_s1_alr0p002__adc7c2b1,/home/svcho/amo/results/td3_amo_bootrms_maincand_seeds03/jobs/a2_am-ud_r2e3_s1/run,,,,
td3_amo,2,0.001,antmaze-umaze-diverse-v2,0,94.0,1000000,True,50,True,1,svcho,jax,amud_s0_alr0p001__860512e1,1e34514ddf70bfc8a78757d9a78b82306627164c,786a6302d6fab72e3f6f96fe4ca943ca5fa79425,ablation/td3_amo/antmaze-umaze-diverse-v2/1e-3/seed_0/amud_s0_alr0p001__860512e1,/home/svcho/amo/results/td3_amo_bootrms_maincand_seeds03/jobs/a2_am-ud_r1e3_s0/run,final_eval_50.json,1,normalized_score,2026-09-18T14:58:29.939417+00:00
td3_amo,2,0.001,antmaze-umaze-diverse-v2,1,52.0,1000000,True,50,True,1,svcho,jax,amud_s1_alr0p001__851308c8,1e34514ddf70bfc8a78757d9a78b82306627164c,786a6302d6fab72e3f6f96fe4ca943ca5fa79425,ablation/td3_amo/antmaze-umaze-diverse-v2/1e-3/seed_1/amud_s1_alr0p001__851308c8,/home/svcho/amo/results/td3_amo_bootrms_maincand_seeds03/jobs/a2_am-ud_r1e3_s1/run,final_eval_50.json,1,normalized_score,2026-09-18T23:44:38.721021+00:00
td3_amo,2,0.0003,antmaze-umaze-diverse-v2,0,50.0,1000000,True,50,True,1,svcho,jax,amud_s0_alr0p0003__570ac13e,1e34514ddf70bfc8a78757d9a78b82306627164c,786a6302d6fab72e3f6f96fe4ca943ca5fa79425,ablation/td3_amo/antmaze-umaze-diverse-v2/3e-4/seed_0/amud_s0_alr0p0003__570ac13e,/home/svcho/amo/results/td3_amo_bootrms_maincand_seeds03/jobs/a2_am-ud_r3e4_s0/run,final_eval_50.json,1,normalized_score,2026-09-18T14:58:33.856686+00:00
td3_amo,2,0.0003,antmaze-umaze-diverse-v2,1,78.0,1000000,True,50,True,1,svcho,jax,amud_s1_alr0p0003__89c67743,1e34514ddf70bfc8a78757d9a78b82306627164c,786a6302d6fab72e3f6f96fe4ca943ca5fa79425,ablation/td3_amo/antmaze-umaze-diverse-v2/3e-4/seed_1/amud_s1_alr0p0003__89c67743,/home/svcho/amo/results/td3_amo_bootrms_maincand_seeds03/jobs/a2_am-ud_r3e4_s1/run,final_eval_50.json,1,normalized_score,2026-09-18T23:44:36.105237+00:00
td3_amo,2,0.002,antmaze-medium-play-v2,0,74.0,1000000,True,50,True,1,svcho,jax,ammp_s0_alr0p002__e99ad533,1e34514ddf70bfc8a78757d9a78b82306627164c,786a6302d6fab72e3f6f96fe4ca943ca5fa79425,ablation/td3_amo/antmaze-medium-play-v2/2e-3/seed_0/ammp_s0_alr0p002__e99ad533,/home/svcho/amo/results/td3_amo_bootrms_maincand_seeds03/jobs/a2_am-mp_r2e3_s0/run,final_eval_50.json,1,normalized_score,2026-09-18T15:38:13.212663+00:00
td3_amo,2,0.001,antmaze-medium-play-v2,0,80.0,1000000,True,50,True,1,svcho,jax,ammp_s0_alr0p001__94eaa0fd,1e34514ddf70bfc8a78757d9a78b82306627164c,786a6302d6fab72e3f6f96fe4ca943ca5fa79425,ablation/td3_amo/antmaze-medium-play-v2/1e-3/seed_0/ammp_s0_alr0p001__94eaa0fd,/home/svcho/amo/results/td3_amo_bootrms_maincand_seeds03/jobs/a2_am-mp_r1e3_s0/run,final_eval_50.json,1,normalized_score,2026-09-18T15:25:48.954079+00:00
td3_amo,2,0.0003,antmaze-medium-play-v2,0,10.0,1000000,True,50,True,1,svcho,jax,ammp_s0_alr0p0003__ba96f064,1e34514ddf70bfc8a78757d9a78b82306627164c,786a6302d6fab72e3f6f96fe4ca943ca5fa79425,ablation/td3_amo/antmaze-medium-play-v2/3e-4/seed_0/ammp_s0_alr0p0003__ba96f064,/home/svcho/amo/results/td3_amo_bootrms_maincand_seeds03/jobs/a2_am-mp_r3e4_s0/run,final_eval_50.json,1,normalized_score,2026-09-18T15:25:45.787998+00:00
td3_amo,2,0.0003,antmaze-medium-play-v2,1,,,False,,True,1,svcho,jax,ammp_s1_alr0p0003__68af59b6,1e34514ddf70bfc8a78757d9a78b82306627164c,786a6302d6fab72e3f6f96fe4ca943ca5fa79425,ablation/td3_amo/antmaze-medium-play-v2/3e-4/seed_1/ammp_s1_alr0p0003__68af59b6,/home/svcho/amo/results/td3_amo_bootrms_maincand_seeds03/jobs/a2_am-mp_r3e4_s1/run,,,,
td3_amo,2,0.002,antmaze-medium-diverse-v2,0,26.0,1000000,True,50,True,1,svcho,jax,ammd_s0_alr0p002__e24d46a6,1e34514ddf70bfc8a78757d9a78b82306627164c,786a6302d6fab72e3f6f96fe4ca943ca5fa79425,ablation/td3_amo/antmaze-medium-diverse-v2/2e-3/seed_0/ammd_s0_alr0p002__e24d46a6,/home/svcho/amo/results/td3_amo_bootrms_maincand_seeds03/jobs/a2_am-md_r2e3_s0/run,final_eval_50.json,1,normalized_score,2026-09-18T16:05:02.861778+00:00
td3_amo,2,0.001,antmaze-medium-diverse-v2,0,20.0,1000000,True,50,True,1,svcho,jax,ammd_s0_alr0p001__28d33481,1e34514ddf70bfc8a78757d9a78b82306627164c,786a6302d6fab72e3f6f96fe4ca943ca5fa79425,ablation/td3_amo/antmaze-medium-diverse-v2/1e-3/seed_0/ammd_s0_alr0p001__28d33481,/home/svcho/amo/results/td3_amo_bootrms_maincand_seeds03/jobs/a2_am-md_r1e3_s0/run,final_eval_50.json,1,normalized_score,2026-09-18T15:53:28.562186+00:00
td3_amo,2,0.0003,antmaze-medium-diverse-v2,0,22.0,1000000,True,50,True,1,svcho,jax,ammd_s0_alr0p0003__346bf39f,1e34514ddf70bfc8a78757d9a78b82306627164c,786a6302d6fab72e3f6f96fe4ca943ca5fa79425,ablation/td3_amo/antmaze-medium-diverse-v2/3e-4/seed_0/ammd_s0_alr0p0003__346bf39f,/home/svcho/amo/results/td3_amo_bootrms_maincand_seeds03/jobs/a2_am-md_r3e4_s0/run,final_eval_50.json,1,normalized_score,2026-09-18T15:53:28.787273+00:00
td3_amo,2,0.002,antmaze-large-play-v2,0,54.0,1000000,True,50,True,1,svcho,jax,amlp_s0_alr0p002__fd5fd67c,1e34514ddf70bfc8a78757d9a78b82306627164c,786a6302d6fab72e3f6f96fe4ca943ca5fa79425,ablation/td3_amo/antmaze-large-play-v2/2e-3/seed_0/amlp_s0_alr0p002__fd5fd67c,/home/svcho/amo/results/td3_amo_bootrms_maincand_seeds03/jobs/a2_am-lp_r2e3_s0/run,final_eval_50.json,1,normalized_score,2026-09-18T16:31:53.823617+00:00
td3_amo,2,0.001,antmaze-large-play-v2,0,44.0,1000000,True,50,True,1,svcho,jax,amlp_s0_alr0p001__16c9cbc4,1e34514ddf70bfc8a78757d9a78b82306627164c,786a6302d6fab72e3f6f96fe4ca943ca5fa79425,ablation/td3_amo/antmaze-large-play-v2/1e-3/seed_0/amlp_s0_alr0p001__16c9cbc4,/home/svcho/amo/results/td3_amo_bootrms_maincand_seeds03/jobs/a2_am-lp_r1e3_s0/run,final_eval_50.json,1,normalized_score,2026-09-18T16:20:30.806928+00:00
td3_amo,2,0.0003,antmaze-large-play-v2,0,14.000000000000002,1000000,True,50,True,1,svcho,jax,amlp_s0_alr0p0003__2254b0e5,1e34514ddf70bfc8a78757d9a78b82306627164c,786a6302d6fab72e3f6f96fe4ca943ca5fa79425,ablation/td3_amo/antmaze-large-play-v2/3e-4/seed_0/amlp_s0_alr0p0003__2254b0e5,/home/svcho/amo/results/td3_amo_bootrms_maincand_seeds03/jobs/a2_am-lp_r3e4_s0/run,final_eval_50.json,1,normalized_score,2026-09-18T16:20:33.274528+00:00
td3_amo,2,0.002,antmaze-large-diverse-v2,0,50.0,1000000,True,50,True,1,svcho,jax,amld_s0_alr0p002__24f78540,1e34514ddf70bfc8a78757d9a78b82306627164c,786a6302d6fab72e3f6f96fe4ca943ca5fa79425,ablation/td3_amo/antmaze-large-diverse-v2/2e-3/seed_0/amld_s0_alr0p002__24f78540,/home/svcho/amo/results/td3_amo_bootrms_maincand_seeds03/jobs/a2_am-ld_r2e3_s0/run,final_eval_50.json,1,normalized_score,2026-09-18T16:59:50.257272+00:00
td3_amo,2,0.001,antmaze-large-diverse-v2,0,28.000000000000004,1000000,True,50,True,1,svcho,jax,amld_s0_alr0p001__00d527dd,1e34514ddf70bfc8a78757d9a78b82306627164c,786a6302d6fab72e3f6f96fe4ca943ca5fa79425,ablation/td3_amo/antmaze-large-diverse-v2/1e-3/seed_0/amld_s0_alr0p001__00d527dd,/home/svcho/amo/results/td3_amo_bootrms_maincand_seeds03/jobs/a2_am-ld_r1e3_s0/run,final_eval_50.json,1,normalized_score,2026-09-18T16:47:24.015365+00:00
td3_amo,2,0.0003,antmaze-large-diverse-v2,0,0.0,1000000,True,50,True,1,svcho,jax,amld_s0_alr0p0003__59437eb7,1e34514ddf70bfc8a78757d9a78b82306627164c,786a6302d6fab72e3f6f96fe4ca943ca5fa79425,ablation/td3_amo/antmaze-large-diverse-v2/3e-4/seed_0/amld_s0_alr0p0003__59437eb7,/home/svcho/amo/results/td3_amo_bootrms_maincand_seeds03/jobs/a2_am-ld_r3e4_s0/run,final_eval_50.json,1,normalized_score,2026-09-18T16:47:12.837664+00:00
td3_amo,5,0.002,halfcheetah-medium-v2,0,58.49765924547234,1000000,True,50,True,1,svcho,jax,hcm_s0_alr0p002__a523e4cc,1e34514ddf70bfc8a78757d9a78b82306627164c,786a6302d6fab72e3f6f96fe4ca943ca5fa79425,ablation/td3_amo/halfcheetah-medium-v2/2e-3/seed_0/hcm_s0_alr0p002__a523e4cc,/home/svcho/amo/results/td3_amo_bootrms_maincand_seeds03/jobs/a5_hc-m_r2e3_s0/run,final_eval_50.json,1,normalized_score,2026-09-17T16:18:12.441944+00:00
td3_amo,5,0.002,halfcheetah-medium-v2,1,58.3680839890855,1000000,True,50,True,1,svcho,jax,hcm_s1_alr0p002__a21bff4a,1e34514ddf70bfc8a78757d9a78b82306627164c,786a6302d6fab72e3f6f96fe4ca943ca5fa79425,ablation/td3_amo/halfcheetah-medium-v2/2e-3/seed_1/hcm_s1_alr0p002__a21bff4a,/home/svcho/amo/results/td3_amo_bootrms_maincand_seeds03/jobs/a5_hc-m_r2e3_s1/run,final_eval_50.json,1,normalized_score,2026-09-17T22:24:15.965109+00:00
td3_amo,5,0.002,halfcheetah-medium-v2,2,57.4827516792086,1000000,True,50,True,1,svcho,jax,hcm_s2_alr0p002__3bb80263,1e34514ddf70bfc8a78757d9a78b82306627164c,786a6302d6fab72e3f6f96fe4ca943ca5fa79425,ablation/td3_amo/halfcheetah-medium-v2/2e-3/seed_2/hcm_s2_alr0p002__3bb80263,/home/svcho/amo/results/td3_amo_bootrms_maincand_seeds03/jobs/a5_hc-m_r2e3_s2/run,final_eval_50.json,1,normalized_score,2026-09-18T04:31:16.098993+00:00
td3_amo,5,0.002,halfcheetah-medium-v2,3,58.53707125915074,1000000,True,50,True,1,svcho,jax,hcm_s3_alr0p002__eaf47954,1e34514ddf70bfc8a78757d9a78b82306627164c,786a6302d6fab72e3f6f96fe4ca943ca5fa79425,ablation/td3_amo/halfcheetah-medium-v2/2e-3/seed_3/hcm_s3_alr0p002__eaf47954,/home/svcho/amo/results/td3_amo_bootrms_maincand_seeds03/jobs/a5_hc-m_r2e3_s3/run,final_eval_50.json,1,normalized_score,2026-09-18T10:40:53.164054+00:00
td3_amo,5,0.001,halfcheetah-medium-v2,0,56.60598043453822,1000000,True,50,True,1,svcho,jax,hcm_s0_alr0p001__c6116329,1e34514ddf70bfc8a78757d9a78b82306627164c,786a6302d6fab72e3f6f96fe4ca943ca5fa79425,ablation/td3_amo/halfcheetah-medium-v2/1e-3/seed_0/hcm_s0_alr0p001__c6116329,/home/svcho/amo/results/td3_amo_bootrms_maincand_seeds03/jobs/a5_hc-m_r1e3_s0/run,final_eval_50.json,1,normalized_score,2026-09-17T16:06:04.043613+00:00
td3_amo,5,0.001,halfcheetah-medium-v2,1,55.740193406173255,1000000,True,50,True,1,svcho,jax,hcm_s1_alr0p001__e2daf7ea,1e34514ddf70bfc8a78757d9a78b82306627164c,786a6302d6fab72e3f6f96fe4ca943ca5fa79425,ablation/td3_amo/halfcheetah-medium-v2/1e-3/seed_1/hcm_s1_alr0p001__e2daf7ea,/home/svcho/amo/results/td3_amo_bootrms_maincand_seeds03/jobs/a5_hc-m_r1e3_s1/run,final_eval_50.json,1,normalized_score,2026-09-17T22:12:51.250910+00:00
td3_amo,5,0.001,halfcheetah-medium-v2,2,56.099988798873504,1000000,True,50,True,1,svcho,jax,hcm_s2_alr0p001__ab13a81b,1e34514ddf70bfc8a78757d9a78b82306627164c,786a6302d6fab72e3f6f96fe4ca943ca5fa79425,ablation/td3_amo/halfcheetah-medium-v2/1e-3/seed_2/hcm_s2_alr0p001__ab13a81b,/home/svcho/amo/results/td3_amo_bootrms_maincand_seeds03/jobs/a5_hc-m_r1e3_s2/run,final_eval_50.json,1,normalized_score,2026-09-18T04:20:19.959329+00:00
td3_amo,5,0.001,halfcheetah-medium-v2,3,57.32675569453015,1000000,True,50,True,1,svcho,jax,hcm_s3_alr0p001__ed58a7d3,1e34514ddf70bfc8a78757d9a78b82306627164c,786a6302d6fab72e3f6f96fe4ca943ca5fa79425,ablation/td3_amo/halfcheetah-medium-v2/1e-3/seed_3/hcm_s3_alr0p001__ed58a7d3,/home/svcho/amo/results/td3_amo_bootrms_maincand_seeds03/jobs/a5_hc-m_r1e3_s3/run,final_eval_50.json,1,normalized_score,2026-09-18T10:29:29.623634+00:00
td3_amo,5,0.0003,halfcheetah-medium-v2,0,54.33585763843004,1000000,True,50,True,1,svcho,jax,hcm_s0_alr0p0003__284595eb,1e34514ddf70bfc8a78757d9a78b82306627164c,786a6302d6fab72e3f6f96fe4ca943ca5fa79425,ablation/td3_amo/halfcheetah-medium-v2/3e-4/seed_0/hcm_s0_alr0p0003__284595eb,/home/svcho/amo/results/td3_amo_bootrms_maincand_seeds03/jobs/a5_hc-m_r3e4_s0/run,final_eval_50.json,1,normalized_score,2026-09-17T16:06:04.182495+00:00
td3_amo,5,0.0003,halfcheetah-medium-v2,1,53.7830938645728,1000000,True,50,True,1,svcho,jax,hcm_s1_alr0p0003__49a5fd07,1e34514ddf70bfc8a78757d9a78b82306627164c,786a6302d6fab72e3f6f96fe4ca943ca5fa79425,ablation/td3_amo/halfcheetah-medium-v2/3e-4/seed_1/hcm_s1_alr0p0003__49a5fd07,/home/svcho/amo/results/td3_amo_bootrms_maincand_seeds03/jobs/a5_hc-m_r3e4_s1/run,final_eval_50.json,1,normalized_score,2026-09-17T22:12:40.248099+00:00
td3_amo,5,0.0003,halfcheetah-medium-v2,2,53.89642104971,1000000,True,50,True,1,svcho,jax,hcm_s2_alr0p0003__19a94495,1e34514ddf70bfc8a78757d9a78b82306627164c,786a6302d6fab72e3f6f96fe4ca943ca5fa79425,ablation/td3_amo/halfcheetah-medium-v2/3e-4/seed_2/hcm_s2_alr0p0003__19a94495,/home/svcho/amo/results/td3_amo_bootrms_maincand_seeds03/jobs/a5_hc-m_r3e4_s2/run,final_eval_50.json,1,normalized_score,2026-09-18T04:20:19.970018+00:00
td3_amo,5,0.0003,halfcheetah-medium-v2,3,55.043259663428415,1000000,True,50,True,1,svcho,jax,hcm_s3_alr0p0003__fe34b394,1e34514ddf70bfc8a78757d9a78b82306627164c,786a6302d6fab72e3f6f96fe4ca943ca5fa79425,ablation/td3_amo/halfcheetah-medium-v2/3e-4/seed_3/hcm_s3_alr0p0003__fe34b394,/home/svcho/amo/results/td3_amo_bootrms_maincand_seeds03/jobs/a5_hc-m_r3e4_s3/run,final_eval_50.json,1,normalized_score,2026-09-18T10:29:18.042021+00:00
td3_amo,5,0.002,halfcheetah-medium-replay-v2,0,50.3958062119881,1000000,True,50,True,1,svcho,jax,hcmr_s0_alr0p002__172a84cc,1e34514ddf70bfc8a78757d9a78b82306627164c,786a6302d6fab72e3f6f96fe4ca943ca5fa79425,ablation/td3_amo/halfcheetah-medium-replay-v2/2e-3/seed_0/hcmr_s0_alr0p002__172a84cc,/home/svcho/amo/results/td3_amo_bootrms_maincand_seeds03/jobs/a5_hc-mr_r2e3_s0/run,final_eval_50.json,1,normalized_score,2026-09-17T16:44:28.514041+00:00
td3_amo,5,0.002,halfcheetah-medium-replay-v2,1,49.299993037083084,1000000,True,50,True,1,svcho,jax,hcmr_s1_alr0p002__0342d773,1e34514ddf70bfc8a78757d9a78b82306627164c,786a6302d6fab72e3f6f96fe4ca943ca5fa79425,ablation/td3_amo/halfcheetah-medium-replay-v2/2e-3/seed_1/hcmr_s1_alr0p002__0342d773,/home/svcho/amo/results/td3_amo_bootrms_maincand_seeds03/jobs/a5_hc-mr_r2e3_s1/run,final_eval_50.json,1,normalized_score,2026-09-17T22:51:00.464864+00:00
td3_amo,5,0.002,halfcheetah-medium-replay-v2,2,50.18631811687786,1000000,True,50,True,1,svcho,jax,hcmr_s2_alr0p002__dbbe503a,1e34514ddf70bfc8a78757d9a78b82306627164c,786a6302d6fab72e3f6f96fe4ca943ca5fa79425,ablation/td3_amo/halfcheetah-medium-replay-v2/2e-3/seed_2/hcmr_s2_alr0p002__dbbe503a,/home/svcho/amo/results/td3_amo_bootrms_maincand_seeds03/jobs/a5_hc-mr_r2e3_s2/run,final_eval_50.json,1,normalized_score,2026-09-18T04:58:03.392301+00:00
td3_amo,5,0.002,halfcheetah-medium-replay-v2,3,48.99178230578738,1000000,True,50,True,1,svcho,jax,hcmr_s3_alr0p002__ff6b08b4,1e34514ddf70bfc8a78757d9a78b82306627164c,786a6302d6fab72e3f6f96fe4ca943ca5fa79425,ablation/td3_amo/halfcheetah-medium-replay-v2/2e-3/seed_3/hcmr_s3_alr0p002__ff6b08b4,/home/svcho/amo/results/td3_amo_bootrms_maincand_seeds03/jobs/a5_hc-mr_r2e3_s3/run,final_eval_50.json,1,normalized_score,2026-09-18T11:08:25.340257+00:00
td3_amo,5,0.001,halfcheetah-medium-replay-v2,0,49.611857948269524,1000000,True,50,True,1,svcho,jax,hcmr_s0_alr0p001__c5fd057d,1e34514ddf70bfc8a78757d9a78b82306627164c,786a6302d6fab72e3f6f96fe4ca943ca5fa79425,ablation/td3_amo/halfcheetah-medium-replay-v2/1e-3/seed_0/hcmr_s0_alr0p001__c5fd057d,/home/svcho/amo/results/td3_amo_bootrms_maincand_seeds03/jobs/a5_hc-mr_r1e3_s0/run,final_eval_50.json,1,normalized_score,2026-09-17T16:33:21.792661+00:00
td3_amo,5,0.001,halfcheetah-medium-replay-v2,1,49.352405018949916,1000000,True,50,True,1,svcho,jax,hcmr_s1_alr0p001__c92f163c,1e34514ddf70bfc8a78757d9a78b82306627164c,786a6302d6fab72e3f6f96fe4ca943ca5fa79425,ablation/td3_amo/halfcheetah-medium-replay-v2/1e-3/seed_1/hcmr_s1_alr0p001__c92f163c,/home/svcho/amo/results/td3_amo_bootrms_maincand_seeds03/jobs/a5_hc-mr_r1e3_s1/run,final_eval_50.json,1,normalized_score,2026-09-17T22:39:24.109359+00:00
td3_amo,5,0.001,halfcheetah-medium-replay-v2,2,49.15413248350362,1000000,True,50,True,1,svcho,jax,hcmr_s2_alr0p001__a8b0ad48,1e34514ddf70bfc8a78757d9a78b82306627164c,786a6302d6fab72e3f6f96fe4ca943ca5fa79425,ablation/td3_amo/halfcheetah-medium-replay-v2/1e-3/seed_2/hcmr_s2_alr0p001__a8b0ad48,/home/svcho/amo/results/td3_amo_bootrms_maincand_seeds03/jobs/a5_hc-mr_r1e3_s2/run,final_eval_50.json,1,normalized_score,2026-09-18T04:46:53.454486+00:00
td3_amo,5,0.001,halfcheetah-medium-replay-v2,3,48.99271403137195,1000000,True,50,True,1,svcho,jax,hcmr_s3_alr0p001__194c7d12,1e34514ddf70bfc8a78757d9a78b82306627164c,786a6302d6fab72e3f6f96fe4ca943ca5fa79425,ablation/td3_amo/halfcheetah-medium-replay-v2/1e-3/seed_3/hcmr_s3_alr0p001__194c7d12,/home/svcho/amo/results/td3_amo_bootrms_maincand_seeds03/jobs/a5_hc-mr_r1e3_s3/run,final_eval_50.json,1,normalized_score,2026-09-18T10:56:35.543326+00:00
td3_amo,5,0.0003,halfcheetah-medium-replay-v2,0,48.39023946344991,1000000,True,50,True,1,svcho,jax,hcmr_s0_alr0p0003__d98346dc,1e34514ddf70bfc8a78757d9a78b82306627164c,786a6302d6fab72e3f6f96fe4ca943ca5fa79425,ablation/td3_amo/halfcheetah-medium-replay-v2/3e-4/seed_0/hcmr_s0_alr0p0003__d98346dc,/home/svcho/amo/results/td3_amo_bootrms_maincand_seeds03/jobs/a5_hc-mr_r3e4_s0/run,final_eval_50.json,1,normalized_score,2026-09-17T16:33:11.421184+00:00
td3_amo,5,0.0003,halfcheetah-medium-replay-v2,1,47.22668575304691,1000000,True,50,True,1,svcho,jax,hcmr_s1_alr0p0003__223e671d,1e34514ddf70bfc8a78757d9a78b82306627164c,786a6302d6fab72e3f6f96fe4ca943ca5fa79425,ablation/td3_amo/halfcheetah-medium-replay-v2/3e-4/seed_1/hcmr_s1_alr0p0003__223e671d,/home/svcho/amo/results/td3_amo_bootrms_maincand_seeds03/jobs/a5_hc-mr_r3e4_s1/run,final_eval_50.json,1,normalized_score,2026-09-17T22:39:12.747593+00:00
td3_amo,5,0.0003,halfcheetah-medium-replay-v2,2,48.245709768108114,1000000,True,50,True,1,svcho,jax,hcmr_s2_alr0p0003__ec4a5ea4,1e34514ddf70bfc8a78757d9a78b82306627164c,786a6302d6fab72e3f6f96fe4ca943ca5fa79425,ablation/td3_amo/halfcheetah-medium-replay-v2/3e-4/seed_2/hcmr_s2_alr0p0003__ec4a5ea4,/home/svcho/amo/results/td3_amo_bootrms_maincand_seeds03/jobs/a5_hc-mr_r3e4_s2/run,final_eval_50.json,1,normalized_score,2026-09-18T04:46:42.018822+00:00
td3_amo,5,0.0003,halfcheetah-medium-replay-v2,3,47.7487379837831,1000000,True,50,True,1,svcho,jax,hcmr_s3_alr0p0003__268156a6,1e34514ddf70bfc8a78757d9a78b82306627164c,786a6302d6fab72e3f6f96fe4ca943ca5fa79425,ablation/td3_amo/halfcheetah-medium-replay-v2/3e-4/seed_3/hcmr_s3_alr0p0003__268156a6,/home/svcho/amo/results/td3_amo_bootrms_maincand_seeds03/jobs/a5_hc-mr_r3e4_s3/run,final_eval_50.json,1,normalized_score,2026-09-18T10:56:23.828435+00:00
td3_amo,5,0.002,halfcheetah-medium-expert-v2,0,98.14693940527607,1000000,True,50,True,1,svcho,jax,hme_s0_alr0p002__195670de,1e34514ddf70bfc8a78757d9a78b82306627164c,786a6302d6fab72e3f6f96fe4ca943ca5fa79425,ablation/td3_amo/halfcheetah-medium-expert-v2/2e-3/seed_0/hme_s0_alr0p002__195670de,/home/svcho/amo/results/td3_amo_bootrms_maincand_seeds03/jobs/a5_hc-me_r2e3_s0/run,final_eval_50.json,1,normalized_score,2026-09-17T17:11:11.969721+00:00
td3_amo,5,0.002,halfcheetah-medium-expert-v2,1,93.77738385343413,1000000,True,50,True,1,svcho,jax,hme_s1_alr0p002__cdec3203,1e34514ddf70bfc8a78757d9a78b82306627164c,786a6302d6fab72e3f6f96fe4ca943ca5fa79425,ablation/td3_amo/halfcheetah-medium-expert-v2/2e-3/seed_1/hme_s1_alr0p002__cdec3203,/home/svcho/amo/results/td3_amo_bootrms_maincand_seeds03/jobs/a5_hc-me_r2e3_s1/run,final_eval_50.json,1,normalized_score,2026-09-17T23:17:51.017368+00:00
td3_amo,5,0.002,halfcheetah-medium-expert-v2,2,97.0233413126918,1000000,True,50,True,1,svcho,jax,hme_s2_alr0p002__2d6bb81d,1e34514ddf70bfc8a78757d9a78b82306627164c,786a6302d6fab72e3f6f96fe4ca943ca5fa79425,ablation/td3_amo/halfcheetah-medium-expert-v2/2e-3/seed_2/hme_s2_alr0p002__2d6bb81d,/home/svcho/amo/results/td3_amo_bootrms_maincand_seeds03/jobs/a5_hc-me_r2e3_s2/run,final_eval_50.json,1,normalized_score,2026-09-18T05:25:19.076348+00:00
td3_amo,5,0.002,halfcheetah-medium-expert-v2,3,103.23677407581032,1000000,True,50,True,1,svcho,jax,hme_s3_alr0p002__19a4c0e1,1e34514ddf70bfc8a78757d9a78b82306627164c,786a6302d6fab72e3f6f96fe4ca943ca5fa79425,ablation/td3_amo/halfcheetah-medium-expert-v2/2e-3/seed_3/hme_s3_alr0p002__19a4c0e1,/home/svcho/amo/results/td3_amo_bootrms_maincand_seeds03/jobs/a5_hc-me_r2e3_s3/run,final_eval_50.json,1,normalized_score,2026-09-18T11:34:37.074340+00:00
td3_amo,5,0.001,halfcheetah-medium-expert-v2,0,99.90284983646667,1000000,True,50,True,1,svcho,jax,hme_s0_alr0p001__21695d01,1e34514ddf70bfc8a78757d9a78b82306627164c,786a6302d6fab72e3f6f96fe4ca943ca5fa79425,ablation/td3_amo/halfcheetah-medium-expert-v2/1e-3/seed_0/hme_s0_alr0p001__21695d01,/home/svcho/amo/results/td3_amo_bootrms_maincand_seeds03/jobs/a5_hc-me_r1e3_s0/run,final_eval_50.json,1,normalized_score,2026-09-17T16:59:41.429716+00:00
td3_amo,5,0.001,halfcheetah-medium-expert-v2,1,103.97885469321024,1000000,True,50,True,1,svcho,jax,hme_s1_alr0p001__b4ee5f81,1e34514ddf70bfc8a78757d9a78b82306627164c,786a6302d6fab72e3f6f96fe4ca943ca5fa79425,ablation/td3_amo/halfcheetah-medium-expert-v2/1e-3/seed_1/hme_s1_alr0p001__b4ee5f81,/home/svcho/amo/results/td3_amo_bootrms_maincand_seeds03/jobs/a5_hc-me_r1e3_s1/run,final_eval_50.json,1,normalized_score,2026-09-17T23:06:33.779038+00:00
td3_amo,5,0.001,halfcheetah-medium-expert-v2,2,101.49482707613492,1000000,True,50,True,1,svcho,jax,hme_s2_alr0p001__425c9d3f,1e34514ddf70bfc8a78757d9a78b82306627164c,786a6302d6fab72e3f6f96fe4ca943ca5fa79425,ablation/td3_amo/halfcheetah-medium-expert-v2/1e-3/seed_2/hme_s2_alr0p001__425c9d3f,/home/svcho/amo/results/td3_amo_bootrms_maincand_seeds03/jobs/a5_hc-me_r1e3_s2/run,final_eval_50.json,1,normalized_score,2026-09-18T05:13:31.617972+00:00
td3_amo,5,0.001,halfcheetah-medium-expert-v2,3,96.88522755852873,1000000,True,50,True,1,svcho,jax,hme_s3_alr0p001__f972addc,1e34514ddf70bfc8a78757d9a78b82306627164c,786a6302d6fab72e3f6f96fe4ca943ca5fa79425,ablation/td3_amo/halfcheetah-medium-expert-v2/1e-3/seed_3/hme_s3_alr0p001__f972addc,/home/svcho/amo/results/td3_amo_bootrms_maincand_seeds03/jobs/a5_hc-me_r1e3_s3/run,final_eval_50.json,1,normalized_score,2026-09-18T11:23:45.308891+00:00
td3_amo,5,0.0003,halfcheetah-medium-expert-v2,0,96.95935159166999,1000000,True,50,True,1,svcho,jax,hme_s0_alr0p0003__7d2a9542,1e34514ddf70bfc8a78757d9a78b82306627164c,786a6302d6fab72e3f6f96fe4ca943ca5fa79425,ablation/td3_amo/halfcheetah-medium-expert-v2/3e-4/seed_0/hme_s0_alr0p0003__7d2a9542,/home/svcho/amo/results/td3_amo_bootrms_maincand_seeds03/jobs/a5_hc-me_r3e4_s0/run,final_eval_50.json,1,normalized_score,2026-09-17T16:59:41.542322+00:00
td3_amo,5,0.0003,halfcheetah-medium-expert-v2,1,101.39689021897425,1000000,True,50,True,1,svcho,jax,hme_s1_alr0p0003__05c50c06,1e34514ddf70bfc8a78757d9a78b82306627164c,786a6302d6fab72e3f6f96fe4ca943ca5fa79425,ablation/td3_amo/halfcheetah-medium-expert-v2/3e-4/seed_1/hme_s1_alr0p0003__05c50c06,/home/svcho/amo/results/td3_amo_bootrms_maincand_seeds03/jobs/a5_hc-me_r3e4_s1/run,final_eval_50.json,1,normalized_score,2026-09-17T23:06:11.440543+00:00
td3_amo,5,0.0003,halfcheetah-medium-expert-v2,2,99.22224401150405,1000000,True,50,True,1,svcho,jax,hme_s2_alr0p0003__fc52a3b3,1e34514ddf70bfc8a78757d9a78b82306627164c,786a6302d6fab72e3f6f96fe4ca943ca5fa79425,ablation/td3_amo/halfcheetah-medium-expert-v2/3e-4/seed_2/hme_s2_alr0p0003__fc52a3b3,/home/svcho/amo/results/td3_amo_bootrms_maincand_seeds03/jobs/a5_hc-me_r3e4_s2/run,final_eval_50.json,1,normalized_score,2026-09-18T05:13:43.227031+00:00
td3_amo,5,0.0003,halfcheetah-medium-expert-v2,3,94.91755603329366,1000000,True,50,True,1,svcho,jax,hme_s3_alr0p0003__274fc495,1e34514ddf70bfc8a78757d9a78b82306627164c,786a6302d6fab72e3f6f96fe4ca943ca5fa79425,ablation/td3_amo/halfcheetah-medium-expert-v2/3e-4/seed_3/hme_s3_alr0p0003__274fc495,/home/svcho/amo/results/td3_amo_bootrms_maincand_seeds03/jobs/a5_hc-me_r3e4_s3/run,final_eval_50.json,1,normalized_score,2026-09-18T11:23:33.533687+00:00
td3_amo,5,0.002,hopper-medium-v2,0,101.68565844658897,1000000,True,50,True,1,svcho,jax,hopm_s0_alr0p002__cde31769,1e34514ddf70bfc8a78757d9a78b82306627164c,786a6302d6fab72e3f6f96fe4ca943ca5fa79425,ablation/td3_amo/hopper-medium-v2/2e-3/seed_0/hopm_s0_alr0p002__cde31769,/home/svcho/amo/results/td3_amo_bootrms_maincand_seeds03/jobs/a5_h-m_r2e3_s0/run,final_eval_50.json,1,normalized_score,2026-09-17T11:30:05.711404+00:00
td3_amo,5,0.002,hopper-medium-v2,1,101.93626959577986,1000000,True,50,True,1,svcho,jax,hopm_s1_alr0p002__cd5c1801,1e34514ddf70bfc8a78757d9a78b82306627164c,786a6302d6fab72e3f6f96fe4ca943ca5fa79425,ablation/td3_amo/hopper-medium-v2/2e-3/seed_1/hopm_s1_alr0p002__cd5c1801,/home/svcho/amo/results/td3_amo_bootrms_maincand_seeds03/jobs/a5_h-m_r2e3_s1/run,final_eval_50.json,1,normalized_score,2026-09-17T17:37:40.548069+00:00
td3_amo,5,0.002,hopper-medium-v2,2,102.10128470901326,1000000,True,50,True,1,svcho,jax,hopm_s2_alr0p002__88ee5e4c,1e34514ddf70bfc8a78757d9a78b82306627164c,786a6302d6fab72e3f6f96fe4ca943ca5fa79425,ablation/td3_amo/hopper-medium-v2/2e-3/seed_2/hopm_s2_alr0p002__88ee5e4c,/home/svcho/amo/results/td3_amo_bootrms_maincand_seeds03/jobs/a5_h-m_r2e3_s2/run,final_eval_50.json,1,normalized_score,2026-09-17T23:44:13.369523+00:00
td3_amo,5,0.002,hopper-medium-v2,3,101.6063067179864,1000000,True,50,True,1,svcho,jax,hopm_s3_alr0p002__0cafbcce,1e34514ddf70bfc8a78757d9a78b82306627164c,786a6302d6fab72e3f6f96fe4ca943ca5fa79425,ablation/td3_amo/hopper-medium-v2/2e-3/seed_3/hopm_s3_alr0p002__0cafbcce,/home/svcho/amo/results/td3_amo_bootrms_maincand_seeds03/jobs/a5_h-m_r2e3_s3/run,final_eval_50.json,1,normalized_score,2026-09-18T05:51:42.884938+00:00
td3_amo,5,0.001,hopper-medium-v2,0,100.49131508312632,1000000,True,50,True,1,svcho,jax,hopm_s0_alr0p001__4488a62c,1e34514ddf70bfc8a78757d9a78b82306627164c,786a6302d6fab72e3f6f96fe4ca943ca5fa79425,ablation/td3_amo/hopper-medium-v2/1e-3/seed_0/hopm_s0_alr0p001__4488a62c,/home/svcho/amo/results/td3_amo_bootrms_maincand_seeds03/jobs/a5_h-m_r1e3_s0/run,final_eval_50.json,1,normalized_score,2026-09-17T11:19:14.572329+00:00
td3_amo,5,0.001,hopper-medium-v2,1,100.6200463289115,1000000,True,50,True,1,svcho,jax,hopm_s1_alr0p001__d1571398,1e34514ddf70bfc8a78757d9a78b82306627164c,786a6302d6fab72e3f6f96fe4ca943ca5fa79425,ablation/td3_amo/hopper-medium-v2/1e-3/seed_1/hopm_s1_alr0p001__d1571398,/home/svcho/amo/results/td3_amo_bootrms_maincand_seeds03/jobs/a5_h-m_r1e3_s1/run,final_eval_50.json,1,normalized_score,2026-09-17T17:26:29.664550+00:00
td3_amo,5,0.001,hopper-medium-v2,2,88.57401494609479,1000000,True,50,True,1,svcho,jax,hopm_s2_alr0p001__6efba06d,1e34514ddf70bfc8a78757d9a78b82306627164c,786a6302d6fab72e3f6f96fe4ca943ca5fa79425,ablation/td3_amo/hopper-medium-v2/1e-3/seed_2/hopm_s2_alr0p001__6efba06d,/home/svcho/amo/results/td3_amo_bootrms_maincand_seeds03/jobs/a5_h-m_r1e3_s2/run,final_eval_50.json,1,normalized_score,2026-09-17T23:32:53.720717+00:00
td3_amo,5,0.001,hopper-medium-v2,3,95.79811309252523,1000000,True,50,True,1,svcho,jax,hopm_s3_alr0p001__8f50fca7,1e34514ddf70bfc8a78757d9a78b82306627164c,786a6302d6fab72e3f6f96fe4ca943ca5fa79425,ablation/td3_amo/hopper-medium-v2/1e-3/seed_3/hopm_s3_alr0p001__8f50fca7,/home/svcho/amo/results/td3_amo_bootrms_maincand_seeds03/jobs/a5_h-m_r1e3_s3/run,final_eval_50.json,1,normalized_score,2026-09-18T05:40:28.428209+00:00
td3_amo,5,0.0003,hopper-medium-v2,0,70.05084240884638,1000000,True,50,True,1,svcho,jax,hopm_s0_alr0p0003__4d6a91d9,1e34514ddf70bfc8a78757d9a78b82306627164c,786a6302d6fab72e3f6f96fe4ca943ca5fa79425,ablation/td3_amo/hopper-medium-v2/3e-4/seed_0/hopm_s0_alr0p0003__4d6a91d9,/home/svcho/amo/results/td3_amo_bootrms_maincand_seeds03/jobs/a5_h-m_r3e4_s0/run,final_eval_50.json,1,normalized_score,2026-09-17T11:19:12.888100+00:00
td3_amo,5,0.0003,hopper-medium-v2,1,92.64717568941,1000000,True,50,True,1,svcho,jax,hopm_s1_alr0p0003__37fa263e,1e34514ddf70bfc8a78757d9a78b82306627164c,786a6302d6fab72e3f6f96fe4ca943ca5fa79425,ablation/td3_amo/hopper-medium-v2/3e-4/seed_1/hopm_s1_alr0p0003__37fa263e,/home/svcho/amo/results/td3_amo_bootrms_maincand_seeds03/jobs/a5_h-m_r3e4_s1/run,final_eval_50.json,1,normalized_score,2026-09-17T17:26:29.180564+00:00
td3_amo,5,0.0003,hopper-medium-v2,2,79.56397850922518,1000000,True,50,True,1,svcho,jax,hopm_s2_alr0p0003__3d169f97,1e34514ddf70bfc8a78757d9a78b82306627164c,786a6302d6fab72e3f6f96fe4ca943ca5fa79425,ablation/td3_amo/hopper-medium-v2/3e-4/seed_2/hopm_s2_alr0p0003__3d169f97,/home/svcho/amo/results/td3_amo_bootrms_maincand_seeds03/jobs/a5_h-m_r3e4_s2/run,final_eval_50.json,1,normalized_score,2026-09-17T23:32:53.290149+00:00
td3_amo,5,0.0003,hopper-medium-v2,3,93.45843811471497,1000000,True,50,True,1,svcho,jax,hopm_s3_alr0p0003__a71e5625,1e34514ddf70bfc8a78757d9a78b82306627164c,786a6302d6fab72e3f6f96fe4ca943ca5fa79425,ablation/td3_amo/hopper-medium-v2/3e-4/seed_3/hopm_s3_alr0p0003__a71e5625,/home/svcho/amo/results/td3_amo_bootrms_maincand_seeds03/jobs/a5_h-m_r3e4_s3/run,final_eval_50.json,1,normalized_score,2026-09-18T05:40:28.365898+00:00
td3_amo,5,0.002,hopper-medium-replay-v2,0,101.19946624195475,1000000,True,50,True,1,svcho,jax,hopmr_s0_alr0p002__997ccb3e,1e34514ddf70bfc8a78757d9a78b82306627164c,786a6302d6fab72e3f6f96fe4ca943ca5fa79425,ablation/td3_amo/hopper-medium-replay-v2/2e-3/seed_0/hopmr_s0_alr0p002__997ccb3e,/home/svcho/amo/results/td3_amo_bootrms_maincand_seeds03/jobs/a5_h-mr_r2e3_s0/run,final_eval_50.json,1,normalized_score,2026-09-17T07:11:46.279336+00:00
td3_amo,5,0.002,hopper-medium-replay-v2,1,100.85252972878318,1000000,True,50,True,1,svcho,jax,hopmr_s1_alr0p002__b4f2e4b5,1e34514ddf70bfc8a78757d9a78b82306627164c,786a6302d6fab72e3f6f96fe4ca943ca5fa79425,ablation/td3_amo/hopper-medium-replay-v2/2e-3/seed_1/hopmr_s1_alr0p002__b4f2e4b5,/home/svcho/amo/results/td3_amo_bootrms_maincand_seeds03/jobs/a5_h-mr_r2e3_s1/run,final_eval_50.json,1,normalized_score,2026-09-17T07:11:46.050072+00:00
td3_amo,5,0.002,hopper-medium-replay-v2,2,102.08340161980594,1000000,True,50,True,1,svcho,jax,hopmr_s2_alr0p002__956635a7,1e34514ddf70bfc8a78757d9a78b82306627164c,786a6302d6fab72e3f6f96fe4ca943ca5fa79425,ablation/td3_amo/hopper-medium-replay-v2/2e-3/seed_2/hopmr_s2_alr0p002__956635a7,/home/svcho/amo/results/td3_amo_bootrms_maincand_seeds03/jobs/a5_h-mr_r2e3_s2/run,final_eval_50.json,1,normalized_score,2026-09-17T07:11:46.044700+00:00
td3_amo,5,0.002,hopper-medium-replay-v2,3,101.9482668602954,1000000,True,50,True,1,svcho,jax,hopmr_s3_alr0p002__eed8338e,1e34514ddf70bfc8a78757d9a78b82306627164c,786a6302d6fab72e3f6f96fe4ca943ca5fa79425,ablation/td3_amo/hopper-medium-replay-v2/2e-3/seed_3/hopmr_s3_alr0p002__eed8338e,/home/svcho/amo/results/td3_amo_bootrms_maincand_seeds03/jobs/a5_h-mr_r2e3_s3/run,final_eval_50.json,1,normalized_score,2026-09-17T07:11:46.156766+00:00
td3_amo,5,0.001,hopper-medium-replay-v2,0,101.00676788891407,1000000,True,50,True,1,svcho,jax,hopmr_s0_alr0p001__f71738e2,1e34514ddf70bfc8a78757d9a78b82306627164c,786a6302d6fab72e3f6f96fe4ca943ca5fa79425,ablation/td3_amo/hopper-medium-replay-v2/1e-3/seed_0/hopmr_s0_alr0p001__f71738e2,/home/svcho/amo/results/td3_amo_bootrms_maincand_seeds03/jobs/a5_h-mr_r1e3_s0/run,final_eval_50.json,1,normalized_score,2026-09-17T11:45:23.418649+00:00
td3_amo,5,0.001,hopper-medium-replay-v2,1,96.15638668481404,1000000,True,50,True,1,svcho,jax,hopmr_s1_alr0p001__7c9f03e8,1e34514ddf70bfc8a78757d9a78b82306627164c,786a6302d6fab72e3f6f96fe4ca943ca5fa79425,ablation/td3_amo/hopper-medium-replay-v2/1e-3/seed_1/hopmr_s1_alr0p001__7c9f03e8,/home/svcho/amo/results/td3_amo_bootrms_maincand_seeds03/jobs/a5_h-mr_r1e3_s1/run,final_eval_50.json,1,normalized_score,2026-09-17T17:52:49.162471+00:00
td3_amo,5,0.001,hopper-medium-replay-v2,2,99.97356663990257,1000000,True,50,True,1,svcho,jax,hopmr_s2_alr0p001__d96533bc,1e34514ddf70bfc8a78757d9a78b82306627164c,786a6302d6fab72e3f6f96fe4ca943ca5fa79425,ablation/td3_amo/hopper-medium-replay-v2/1e-3/seed_2/hopmr_s2_alr0p001__d96533bc,/home/svcho/amo/results/td3_amo_bootrms_maincand_seeds03/jobs/a5_h-mr_r1e3_s2/run,final_eval_50.json,1,normalized_score,2026-09-17T23:59:30.981362+00:00
td3_amo,5,0.001,hopper-medium-replay-v2,3,102.02080678801224,1000000,True,50,True,1,svcho,jax,hopmr_s3_alr0p001__c7e9007c,1e34514ddf70bfc8a78757d9a78b82306627164c,786a6302d6fab72e3f6f96fe4ca943ca5fa79425,ablation/td3_amo/hopper-medium-replay-v2/1e-3/seed_3/hopmr_s3_alr0p001__c7e9007c,/home/svcho/amo/results/td3_amo_bootrms_maincand_seeds03/jobs/a5_h-mr_r1e3_s3/run,final_eval_50.json,1,normalized_score,2026-09-18T06:07:19.308607+00:00
td3_amo,5,0.0003,hopper-medium-replay-v2,0,98.79989157710585,1000000,True,50,True,1,svcho,jax,hopmr_s0_alr0p0003__10cb0035,1e34514ddf70bfc8a78757d9a78b82306627164c,786a6302d6fab72e3f6f96fe4ca943ca5fa79425,ablation/td3_amo/hopper-medium-replay-v2/3e-4/seed_0/hopmr_s0_alr0p0003__10cb0035,/home/svcho/amo/results/td3_amo_bootrms_maincand_seeds03/jobs/a5_h-mr_r3e4_s0/run,final_eval_50.json,1,normalized_score,2026-09-17T11:45:13.115005+00:00
td3_amo,5,0.0003,hopper-medium-replay-v2,1,87.15529240143967,1000000,True,50,True,1,svcho,jax,hopmr_s1_alr0p0003__fc7d61c1,1e34514ddf70bfc8a78757d9a78b82306627164c,786a6302d6fab72e3f6f96fe4ca943ca5fa79425,ablation/td3_amo/hopper-medium-replay-v2/3e-4/seed_1/hopmr_s1_alr0p0003__fc7d61c1,/home/svcho/amo/results/td3_amo_bootrms_maincand_seeds03/jobs/a5_h-mr_r3e4_s1/run,final_eval_50.json,1,normalized_score,2026-09-17T17:52:37.964792+00:00
td3_amo,5,0.0003,hopper-medium-replay-v2,2,99.23607505566052,1000000,True,50,True,1,svcho,jax,hopmr_s2_alr0p0003__654adbb3,1e34514ddf70bfc8a78757d9a78b82306627164c,786a6302d6fab72e3f6f96fe4ca943ca5fa79425,ablation/td3_amo/hopper-medium-replay-v2/3e-4/seed_2/hopmr_s2_alr0p0003__654adbb3,/home/svcho/amo/results/td3_amo_bootrms_maincand_seeds03/jobs/a5_h-mr_r3e4_s2/run,final_eval_50.json,1,normalized_score,2026-09-17T23:59:20.082214+00:00
td3_amo,5,0.0003,hopper-medium-replay-v2,3,101.44454804573022,1000000,True,50,True,1,svcho,jax,hopmr_s3_alr0p0003__1e3dce82,1e34514ddf70bfc8a78757d9a78b82306627164c,786a6302d6fab72e3f6f96fe4ca943ca5fa79425,ablation/td3_amo/hopper-medium-replay-v2/3e-4/seed_3/hopmr_s3_alr0p0003__1e3dce82,/home/svcho/amo/results/td3_amo_bootrms_maincand_seeds03/jobs/a5_h-mr_r3e4_s3/run,final_eval_50.json,1,normalized_score,2026-09-18T06:07:06.542249+00:00
td3_amo,5,0.002,hopper-medium-expert-v2,0,53.53726808002215,1000000,True,50,True,1,svcho,jax,hopme_s0_alr0p002__9e56e581,1e34514ddf70bfc8a78757d9a78b82306627164c,786a6302d6fab72e3f6f96fe4ca943ca5fa79425,ablation/td3_amo/hopper-medium-expert-v2/2e-3/seed_0/hopme_s0_alr0p002__9e56e581,/home/svcho/amo/results/td3_amo_bootrms_maincand_seeds03/jobs/a5_h-me_r2e3_s0/run,final_eval_50.json,1,normalized_score,2026-09-17T12:11:45.099966+00:00
td3_amo,5,0.002,hopper-medium-expert-v2,1,42.70046231345129,1000000,True,50,True,1,svcho,jax,hopme_s1_alr0p002__78d8df0d,1e34514ddf70bfc8a78757d9a78b82306627164c,786a6302d6fab72e3f6f96fe4ca943ca5fa79425,ablation/td3_amo/hopper-medium-expert-v2/2e-3/seed_1/hopme_s1_alr0p002__78d8df0d,/home/svcho/amo/results/td3_amo_bootrms_maincand_seeds03/jobs/a5_h-me_r2e3_s1/run,final_eval_50.json,1,normalized_score,2026-09-17T18:19:11.839855+00:00
td3_amo,5,0.002,hopper-medium-expert-v2,2,43.66243861464223,1000000,True,50,True,1,svcho,jax,hopme_s2_alr0p002__7775b55a,1e34514ddf70bfc8a78757d9a78b82306627164c,786a6302d6fab72e3f6f96fe4ca943ca5fa79425,ablation/td3_amo/hopper-medium-expert-v2/2e-3/seed_2/hopme_s2_alr0p002__7775b55a,/home/svcho/amo/results/td3_amo_bootrms_maincand_seeds03/jobs/a5_h-me_r2e3_s2/run,final_eval_50.json,1,normalized_score,2026-09-18T00:25:58.233167+00:00
td3_amo,5,0.002,hopper-medium-expert-v2,3,41.80004721623631,1000000,True,50,True,1,svcho,jax,hopme_s3_alr0p002__bb6acfb8,1e34514ddf70bfc8a78757d9a78b82306627164c,786a6302d6fab72e3f6f96fe4ca943ca5fa79425,ablation/td3_amo/hopper-medium-expert-v2/2e-3/seed_3/hopme_s3_alr0p002__bb6acfb8,/home/svcho/amo/results/td3_amo_bootrms_maincand_seeds03/jobs/a5_h-me_r2e3_s3/run,final_eval_50.json,1,normalized_score,2026-09-18T06:33:45.398055+00:00
td3_amo,5,0.001,hopper-medium-expert-v2,0,75.50815243039119,1000000,True,50,True,1,svcho,jax,hopme_s0_alr0p001__e20a5783,1e34514ddf70bfc8a78757d9a78b82306627164c,786a6302d6fab72e3f6f96fe4ca943ca5fa79425,ablation/td3_amo/hopper-medium-expert-v2/1e-3/seed_0/hopme_s0_alr0p001__e20a5783,/home/svcho/amo/results/td3_amo_bootrms_maincand_seeds03/jobs/a5_h-me_r1e3_s0/run,final_eval_50.json,1,normalized_score,2026-09-17T12:00:31.044246+00:00
td3_amo,5,0.001,hopper-medium-expert-v2,1,83.33306952196095,1000000,True,50,True,1,svcho,jax,hopme_s1_alr0p001__9ca2c893,1e34514ddf70bfc8a78757d9a78b82306627164c,786a6302d6fab72e3f6f96fe4ca943ca5fa79425,ablation/td3_amo/hopper-medium-expert-v2/1e-3/seed_1/hopme_s1_alr0p001__9ca2c893,/home/svcho/amo/results/td3_amo_bootrms_maincand_seeds03/jobs/a5_h-me_r1e3_s1/run,final_eval_50.json,1,normalized_score,2026-09-17T18:07:58.077213+00:00
td3_amo,5,0.001,hopper-medium-expert-v2,2,103.22690075157314,1000000,True,50,True,1,svcho,jax,hopme_s2_alr0p001__83c2866d,1e34514ddf70bfc8a78757d9a78b82306627164c,786a6302d6fab72e3f6f96fe4ca943ca5fa79425,ablation/td3_amo/hopper-medium-expert-v2/1e-3/seed_2/hopme_s2_alr0p001__83c2866d,/home/svcho/amo/results/td3_amo_bootrms_maincand_seeds03/jobs/a5_h-me_r1e3_s2/run,final_eval_50.json,1,normalized_score,2026-09-18T00:14:38.174442+00:00
td3_amo,5,0.001,hopper-medium-expert-v2,3,54.21490618529923,1000000,True,50,True,1,svcho,jax,hopme_s3_alr0p001__e823605b,1e34514ddf70bfc8a78757d9a78b82306627164c,786a6302d6fab72e3f6f96fe4ca943ca5fa79425,ablation/td3_amo/hopper-medium-expert-v2/1e-3/seed_3/hopme_s3_alr0p001__e823605b,/home/svcho/amo/results/td3_amo_bootrms_maincand_seeds03/jobs/a5_h-me_r1e3_s3/run,final_eval_50.json,1,normalized_score,2026-09-18T06:22:16.950498+00:00
td3_amo,5,0.0003,hopper-medium-expert-v2,0,110.32933585368392,1000000,True,50,True,1,svcho,jax,hopme_s0_alr0p0003__660f619f,1e34514ddf70bfc8a78757d9a78b82306627164c,786a6302d6fab72e3f6f96fe4ca943ca5fa79425,ablation/td3_amo/hopper-medium-expert-v2/3e-4/seed_0/hopme_s0_alr0p0003__660f619f,/home/svcho/amo/results/td3_amo_bootrms_maincand_seeds03/jobs/a5_h-me_r3e4_s0/run,final_eval_50.json,1,normalized_score,2026-09-17T12:00:32.749127+00:00
td3_amo,5,0.0003,hopper-medium-expert-v2,1,109.58688006363566,1000000,True,50,True,1,svcho,jax,hopme_s1_alr0p0003__f89fcf54,1e34514ddf70bfc8a78757d9a78b82306627164c,786a6302d6fab72e3f6f96fe4ca943ca5fa79425,ablation/td3_amo/hopper-medium-expert-v2/3e-4/seed_1/hopme_s1_alr0p0003__f89fcf54,/home/svcho/amo/results/td3_amo_bootrms_maincand_seeds03/jobs/a5_h-me_r3e4_s1/run,final_eval_50.json,1,normalized_score,2026-09-17T18:07:59.357392+00:00
td3_amo,5,0.0003,hopper-medium-expert-v2,2,111.41042441537815,1000000,True,50,True,1,svcho,jax,hopme_s2_alr0p0003__9608b66e,1e34514ddf70bfc8a78757d9a78b82306627164c,786a6302d6fab72e3f6f96fe4ca943ca5fa79425,ablation/td3_amo/hopper-medium-expert-v2/3e-4/seed_2/hopme_s2_alr0p0003__9608b66e,/home/svcho/amo/results/td3_amo_bootrms_maincand_seeds03/jobs/a5_h-me_r3e4_s2/run,final_eval_50.json,1,normalized_score,2026-09-18T00:14:27.349329+00:00
td3_amo,5,0.0003,hopper-medium-expert-v2,3,112.68493924284249,1000000,True,50,True,1,svcho,jax,hopme_s3_alr0p0003__3bae24b3,1e34514ddf70bfc8a78757d9a78b82306627164c,786a6302d6fab72e3f6f96fe4ca943ca5fa79425,ablation/td3_amo/hopper-medium-expert-v2/3e-4/seed_3/hopme_s3_alr0p0003__3bae24b3,/home/svcho/amo/results/td3_amo_bootrms_maincand_seeds03/jobs/a5_h-me_r3e4_s3/run,final_eval_50.json,1,normalized_score,2026-09-18T06:22:07.782770+00:00
td3_amo,5,0.002,walker2d-medium-v2,0,95.2338233694939,1000000,True,50,True,1,svcho,jax,wm_s0_alr0p002__d0f2c300,1e34514ddf70bfc8a78757d9a78b82306627164c,786a6302d6fab72e3f6f96fe4ca943ca5fa79425,ablation/td3_amo/walker2d-medium-v2/2e-3/seed_0/wm_s0_alr0p002__d0f2c300,/home/svcho/amo/results/td3_amo_bootrms_maincand_seeds03/jobs/a5_w-m_r2e3_s0/run,final_eval_50.json,1,normalized_score,2026-09-17T12:38:28.779463+00:00
td3_amo,5,0.002,walker2d-medium-v2,1,94.8071275571863,1000000,True,50,True,1,svcho,jax,wm_s1_alr0p002__b85d3382,1e34514ddf70bfc8a78757d9a78b82306627164c,786a6302d6fab72e3f6f96fe4ca943ca5fa79425,ablation/td3_amo/walker2d-medium-v2/2e-3/seed_1/wm_s1_alr0p002__b85d3382,/home/svcho/amo/results/td3_amo_bootrms_maincand_seeds03/jobs/a5_w-m_r2e3_s1/run,final_eval_50.json,1,normalized_score,2026-09-17T18:45:12.855789+00:00
td3_amo,5,0.002,walker2d-medium-v2,2,69.53805807344511,1000000,True,50,True,1,svcho,jax,wm_s2_alr0p002__6f6b1786,1e34514ddf70bfc8a78757d9a78b82306627164c,786a6302d6fab72e3f6f96fe4ca943ca5fa79425,ablation/td3_amo/walker2d-medium-v2/2e-3/seed_2/wm_s2_alr0p002__6f6b1786,/home/svcho/amo/results/td3_amo_bootrms_maincand_seeds03/jobs/a5_w-m_r2e3_s2/run,final_eval_50.json,1,normalized_score,2026-09-18T00:52:14.027318+00:00
td3_amo,5,0.002,walker2d-medium-v2,3,95.04435323853183,1000000,True,50,True,1,svcho,jax,wm_s3_alr0p002__df312eae,1e34514ddf70bfc8a78757d9a78b82306627164c,786a6302d6fab72e3f6f96fe4ca943ca5fa79425,ablation/td3_amo/walker2d-medium-v2/2e-3/seed_3/wm_s3_alr0p002__df312eae,/home/svcho/amo/results/td3_amo_bootrms_maincand_seeds03/jobs/a5_w-m_r2e3_s3/run,final_eval_50.json,1,normalized_score,2026-09-18T07:00:36.637844+00:00
td3_amo,5,0.001,walker2d-medium-v2,0,91.7726264692745,1000000,True,50,True,1,svcho,jax,wm_s0_alr0p001__30bccedd,1e34514ddf70bfc8a78757d9a78b82306627164c,786a6302d6fab72e3f6f96fe4ca943ca5fa79425,ablation/td3_amo/walker2d-medium-v2/1e-3/seed_0/wm_s0_alr0p001__30bccedd,/home/svcho/amo/results/td3_amo_bootrms_maincand_seeds03/jobs/a5_w-m_r1e3_s0/run,final_eval_50.json,1,normalized_score,2026-09-17T12:27:11.854452+00:00
td3_amo,5,0.001,walker2d-medium-v2,1,93.75863649629133,1000000,True,50,True,1,svcho,jax,wm_s1_alr0p001__f183e753,1e34514ddf70bfc8a78757d9a78b82306627164c,786a6302d6fab72e3f6f96fe4ca943ca5fa79425,ablation/td3_amo/walker2d-medium-v2/1e-3/seed_1/wm_s1_alr0p001__f183e753,/home/svcho/amo/results/td3_amo_bootrms_maincand_seeds03/jobs/a5_w-m_r1e3_s1/run,final_eval_50.json,1,normalized_score,2026-09-17T18:34:18.002874+00:00
td3_amo,5,0.001,walker2d-medium-v2,2,94.58300333354998,1000000,True,50,True,1,svcho,jax,wm_s2_alr0p001__fce9711b,1e34514ddf70bfc8a78757d9a78b82306627164c,786a6302d6fab72e3f6f96fe4ca943ca5fa79425,ablation/td3_amo/walker2d-medium-v2/1e-3/seed_2/wm_s2_alr0p001__fce9711b,/home/svcho/amo/results/td3_amo_bootrms_maincand_seeds03/jobs/a5_w-m_r1e3_s2/run,final_eval_50.json,1,normalized_score,2026-09-18T00:41:25.042056+00:00
td3_amo,5,0.001,walker2d-medium-v2,3,94.89785996831068,1000000,True,50,True,1,svcho,jax,wm_s3_alr0p001__1c1d12e3,1e34514ddf70bfc8a78757d9a78b82306627164c,786a6302d6fab72e3f6f96fe4ca943ca5fa79425,ablation/td3_amo/walker2d-medium-v2/1e-3/seed_3/wm_s3_alr0p001__1c1d12e3,/home/svcho/amo/results/td3_amo_bootrms_maincand_seeds03/jobs/a5_w-m_r1e3_s3/run,final_eval_50.json,1,normalized_score,2026-09-18T06:48:54.357881+00:00
td3_amo,5,0.0003,walker2d-medium-v2,0,89.79249608330517,1000000,True,50,True,1,svcho,jax,wm_s0_alr0p0003__2864956f,1e34514ddf70bfc8a78757d9a78b82306627164c,786a6302d6fab72e3f6f96fe4ca943ca5fa79425,ablation/td3_amo/walker2d-medium-v2/3e-4/seed_0/wm_s0_alr0p0003__2864956f,/home/svcho/amo/results/td3_amo_bootrms_maincand_seeds03/jobs/a5_w-m_r3e4_s0/run,final_eval_50.json,1,normalized_score,2026-09-17T12:27:12.053740+00:00
td3_amo,5,0.0003,walker2d-medium-v2,1,90.58741405550033,1000000,True,50,True,1,svcho,jax,wm_s1_alr0p0003__0ea9462f,1e34514ddf70bfc8a78757d9a78b82306627164c,786a6302d6fab72e3f6f96fe4ca943ca5fa79425,ablation/td3_amo/walker2d-medium-v2/3e-4/seed_1/wm_s1_alr0p0003__0ea9462f,/home/svcho/amo/results/td3_amo_bootrms_maincand_seeds03/jobs/a5_w-m_r3e4_s1/run,final_eval_50.json,1,normalized_score,2026-09-17T18:34:06.942661+00:00
td3_amo,5,0.0003,walker2d-medium-v2,2,90.74755308400584,1000000,True,50,True,1,svcho,jax,wm_s2_alr0p0003__c368e11e,1e34514ddf70bfc8a78757d9a78b82306627164c,786a6302d6fab72e3f6f96fe4ca943ca5fa79425,ablation/td3_amo/walker2d-medium-v2/3e-4/seed_2/wm_s2_alr0p0003__c368e11e,/home/svcho/amo/results/td3_amo_bootrms_maincand_seeds03/jobs/a5_w-m_r3e4_s2/run,final_eval_50.json,1,normalized_score,2026-09-18T00:41:13.704925+00:00
td3_amo,5,0.0003,walker2d-medium-v2,3,87.09260777041113,1000000,True,50,True,1,svcho,jax,wm_s3_alr0p0003__3f839d98,1e34514ddf70bfc8a78757d9a78b82306627164c,786a6302d6fab72e3f6f96fe4ca943ca5fa79425,ablation/td3_amo/walker2d-medium-v2/3e-4/seed_3/wm_s3_alr0p0003__3f839d98,/home/svcho/amo/results/td3_amo_bootrms_maincand_seeds03/jobs/a5_w-m_r3e4_s3/run,final_eval_50.json,1,normalized_score,2026-09-18T06:48:54.155463+00:00
td3_amo,5,0.002,walker2d-medium-replay-v2,0,96.06154592096794,1000000,True,50,True,1,svcho,jax,wmr_s0_alr0p002__051d70e1,1e34514ddf70bfc8a78757d9a78b82306627164c,786a6302d6fab72e3f6f96fe4ca943ca5fa79425,ablation/td3_amo/walker2d-medium-replay-v2/2e-3/seed_0/wmr_s0_alr0p002__051d70e1,/home/svcho/amo/results/td3_amo_bootrms_maincand_seeds03/jobs/a5_w-mr_r2e3_s0/run,final_eval_50.json,1,normalized_score,2026-09-17T07:31:43.996382+00:00
td3_amo,5,0.002,walker2d-medium-replay-v2,1,99.04722819319953,1000000,True,50,True,1,svcho,jax,wmr_s1_alr0p002__d91218bc,1e34514ddf70bfc8a78757d9a78b82306627164c,786a6302d6fab72e3f6f96fe4ca943ca5fa79425,ablation/td3_amo/walker2d-medium-replay-v2/2e-3/seed_1/wmr_s1_alr0p002__d91218bc,/home/svcho/amo/results/td3_amo_bootrms_maincand_seeds03/jobs/a5_w-mr_r2e3_s1/run,final_eval_50.json,1,normalized_score,2026-09-17T07:31:43.933929+00:00
td3_amo,5,0.002,walker2d-medium-replay-v2,2,98.10510160035057,1000000,True,50,True,1,svcho,jax,wmr_s2_alr0p002__74fcc4e8,1e34514ddf70bfc8a78757d9a78b82306627164c,786a6302d6fab72e3f6f96fe4ca943ca5fa79425,ablation/td3_amo/walker2d-medium-replay-v2/2e-3/seed_2/wmr_s2_alr0p002__74fcc4e8,/home/svcho/amo/results/td3_amo_bootrms_maincand_seeds03/jobs/a5_w-mr_r2e3_s2/run,final_eval_50.json,1,normalized_score,2026-09-17T07:46:37.589634+00:00
td3_amo,5,0.002,walker2d-medium-replay-v2,3,98.9062941556532,1000000,True,50,True,1,svcho,jax,wmr_s3_alr0p002__c63f846d,1e34514ddf70bfc8a78757d9a78b82306627164c,786a6302d6fab72e3f6f96fe4ca943ca5fa79425,ablation/td3_amo/walker2d-medium-replay-v2/2e-3/seed_3/wmr_s3_alr0p002__c63f846d,/home/svcho/amo/results/td3_amo_bootrms_maincand_seeds03/jobs/a5_w-mr_r2e3_s3/run,final_eval_50.json,1,normalized_score,2026-09-17T07:46:59.019282+00:00
td3_amo,5,0.001,walker2d-medium-replay-v2,0,93.30020855199886,1000000,True,50,True,1,svcho,jax,wmr_s0_alr0p001__0ad588e2,1e34514ddf70bfc8a78757d9a78b82306627164c,786a6302d6fab72e3f6f96fe4ca943ca5fa79425,ablation/td3_amo/walker2d-medium-replay-v2/1e-3/seed_0/wmr_s0_alr0p001__0ad588e2,/home/svcho/amo/results/td3_amo_bootrms_maincand_seeds03/jobs/a5_w-mr_r1e3_s0/run,final_eval_50.json,1,normalized_score,2026-09-17T12:53:44.682979+00:00
td3_amo,5,0.001,walker2d-medium-replay-v2,1,99.13320386778987,1000000,True,50,True,1,svcho,jax,wmr_s1_alr0p001__001927e0,1e34514ddf70bfc8a78757d9a78b82306627164c,786a6302d6fab72e3f6f96fe4ca943ca5fa79425,ablation/td3_amo/walker2d-medium-replay-v2/1e-3/seed_1/wmr_s1_alr0p001__001927e0,/home/svcho/amo/results/td3_amo_bootrms_maincand_seeds03/jobs/a5_w-mr_r1e3_s1/run,final_eval_50.json,1,normalized_score,2026-09-17T19:00:07.727184+00:00
td3_amo,5,0.001,walker2d-medium-replay-v2,2,88.2955438321994,1000000,True,50,True,1,svcho,jax,wmr_s2_alr0p001__2ce839fa,1e34514ddf70bfc8a78757d9a78b82306627164c,786a6302d6fab72e3f6f96fe4ca943ca5fa79425,ablation/td3_amo/walker2d-medium-replay-v2/1e-3/seed_2/wmr_s2_alr0p001__2ce839fa,/home/svcho/amo/results/td3_amo_bootrms_maincand_seeds03/jobs/a5_w-mr_r1e3_s2/run,final_eval_50.json,1,normalized_score,2026-09-18T01:07:40.774889+00:00
td3_amo,5,0.001,walker2d-medium-replay-v2,3,95.24390460387566,1000000,True,50,True,1,svcho,jax,wmr_s3_alr0p001__130a96b7,1e34514ddf70bfc8a78757d9a78b82306627164c,786a6302d6fab72e3f6f96fe4ca943ca5fa79425,ablation/td3_amo/walker2d-medium-replay-v2/1e-3/seed_3/wmr_s3_alr0p001__130a96b7,/home/svcho/amo/results/td3_amo_bootrms_maincand_seeds03/jobs/a5_w-mr_r1e3_s3/run,final_eval_50.json,1,normalized_score,2026-09-18T07:16:08.327599+00:00
td3_amo,5,0.0003,walker2d-medium-replay-v2,0,91.61472543170433,1000000,True,50,True,1,svcho,jax,wmr_s0_alr0p0003__07eca08b,1e34514ddf70bfc8a78757d9a78b82306627164c,786a6302d6fab72e3f6f96fe4ca943ca5fa79425,ablation/td3_amo/walker2d-medium-replay-v2/3e-4/seed_0/wmr_s0_alr0p0003__07eca08b,/home/svcho/amo/results/td3_amo_bootrms_maincand_seeds03/jobs/a5_w-mr_r3e4_s0/run,final_eval_50.json,1,normalized_score,2026-09-17T12:53:44.755784+00:00
td3_amo,5,0.0003,walker2d-medium-replay-v2,1,95.4508091177656,1000000,True,50,True,1,svcho,jax,wmr_s1_alr0p0003__bbd49312,1e34514ddf70bfc8a78757d9a78b82306627164c,786a6302d6fab72e3f6f96fe4ca943ca5fa79425,ablation/td3_amo/walker2d-medium-replay-v2/3e-4/seed_1/wmr_s1_alr0p0003__bbd49312,/home/svcho/amo/results/td3_amo_bootrms_maincand_seeds03/jobs/a5_w-mr_r3e4_s1/run,final_eval_50.json,1,normalized_score,2026-09-17T19:00:07.753736+00:00
td3_amo,5,0.0003,walker2d-medium-replay-v2,2,97.43832402460949,1000000,True,50,True,1,svcho,jax,wmr_s2_alr0p0003__62d12fd8,1e34514ddf70bfc8a78757d9a78b82306627164c,786a6302d6fab72e3f6f96fe4ca943ca5fa79425,ablation/td3_amo/walker2d-medium-replay-v2/3e-4/seed_2/wmr_s2_alr0p0003__62d12fd8,/home/svcho/amo/results/td3_amo_bootrms_maincand_seeds03/jobs/a5_w-mr_r3e4_s2/run,final_eval_50.json,1,normalized_score,2026-09-18T01:07:30.304944+00:00
td3_amo,5,0.0003,walker2d-medium-replay-v2,3,95.64638743125275,1000000,True,50,True,1,svcho,jax,wmr_s3_alr0p0003__3bbddba0,1e34514ddf70bfc8a78757d9a78b82306627164c,786a6302d6fab72e3f6f96fe4ca943ca5fa79425,ablation/td3_amo/walker2d-medium-replay-v2/3e-4/seed_3/wmr_s3_alr0p0003__3bbddba0,/home/svcho/amo/results/td3_amo_bootrms_maincand_seeds03/jobs/a5_w-mr_r3e4_s3/run,final_eval_50.json,1,normalized_score,2026-09-18T07:15:55.642341+00:00
td3_amo,5,0.002,walker2d-medium-expert-v2,0,110.6058223970599,1000000,True,50,True,1,svcho,jax,wme_s0_alr0p002__27629272,1e34514ddf70bfc8a78757d9a78b82306627164c,786a6302d6fab72e3f6f96fe4ca943ca5fa79425,ablation/td3_amo/walker2d-medium-expert-v2/2e-3/seed_0/wme_s0_alr0p002__27629272,/home/svcho/amo/results/td3_amo_bootrms_maincand_seeds03/jobs/a5_w-me_r2e3_s0/run,final_eval_50.json,1,normalized_score,2026-09-17T13:20:33.698198+00:00
td3_amo,5,0.002,walker2d-medium-expert-v2,1,109.7589308834233,1000000,True,50,True,1,svcho,jax,wme_s1_alr0p002__2bba0e45,1e34514ddf70bfc8a78757d9a78b82306627164c,786a6302d6fab72e3f6f96fe4ca943ca5fa79425,ablation/td3_amo/walker2d-medium-expert-v2/2e-3/seed_1/wme_s1_alr0p002__2bba0e45,/home/svcho/amo/results/td3_amo_bootrms_maincand_seeds03/jobs/a5_w-me_r2e3_s1/run,final_eval_50.json,1,normalized_score,2026-09-17T19:26:46.615012+00:00
td3_amo,5,0.002,walker2d-medium-expert-v2,2,111.3269678617112,1000000,True,50,True,1,svcho,jax,wme_s2_alr0p002__e1d704d8,1e34514ddf70bfc8a78757d9a78b82306627164c,786a6302d6fab72e3f6f96fe4ca943ca5fa79425,ablation/td3_amo/walker2d-medium-expert-v2/2e-3/seed_2/wme_s2_alr0p002__e1d704d8,/home/svcho/amo/results/td3_amo_bootrms_maincand_seeds03/jobs/a5_w-me_r2e3_s2/run,final_eval_50.json,1,normalized_score,2026-09-18T01:34:25.602606+00:00
td3_amo,5,0.002,walker2d-medium-expert-v2,3,112.50777336660167,1000000,True,50,True,1,svcho,jax,wme_s3_alr0p002__1c742c2f,1e34514ddf70bfc8a78757d9a78b82306627164c,786a6302d6fab72e3f6f96fe4ca943ca5fa79425,ablation/td3_amo/walker2d-medium-expert-v2/2e-3/seed_3/wme_s3_alr0p002__1c742c2f,/home/svcho/amo/results/td3_amo_bootrms_maincand_seeds03/jobs/a5_w-me_r2e3_s3/run,final_eval_50.json,1,normalized_score,2026-09-18T07:42:26.814496+00:00
td3_amo,5,0.001,walker2d-medium-expert-v2,0,110.39096868266454,1000000,True,50,True,1,svcho,jax,wme_s0_alr0p001__2bfed50d,1e34514ddf70bfc8a78757d9a78b82306627164c,786a6302d6fab72e3f6f96fe4ca943ca5fa79425,ablation/td3_amo/walker2d-medium-expert-v2/1e-3/seed_0/wme_s0_alr0p001__2bfed50d,/home/svcho/amo/results/td3_amo_bootrms_maincand_seeds03/jobs/a5_w-me_r1e3_s0/run,final_eval_50.json,1,normalized_score,2026-09-17T13:08:52.009147+00:00
td3_amo,5,0.001,walker2d-medium-expert-v2,1,110.06266966126623,1000000,True,50,True,1,svcho,jax,wme_s1_alr0p001__b72a34c8,1e34514ddf70bfc8a78757d9a78b82306627164c,786a6302d6fab72e3f6f96fe4ca943ca5fa79425,ablation/td3_amo/walker2d-medium-expert-v2/1e-3/seed_1/wme_s1_alr0p001__b72a34c8,/home/svcho/amo/results/td3_amo_bootrms_maincand_seeds03/jobs/a5_w-me_r1e3_s1/run,final_eval_50.json,1,normalized_score,2026-09-17T19:15:26.389943+00:00
td3_amo,5,0.001,walker2d-medium-expert-v2,2,111.72317096983255,1000000,True,50,True,1,svcho,jax,wme_s2_alr0p001__c8d0b949,1e34514ddf70bfc8a78757d9a78b82306627164c,786a6302d6fab72e3f6f96fe4ca943ca5fa79425,ablation/td3_amo/walker2d-medium-expert-v2/1e-3/seed_2/wme_s2_alr0p001__c8d0b949,/home/svcho/amo/results/td3_amo_bootrms_maincand_seeds03/jobs/a5_w-me_r1e3_s2/run,final_eval_50.json,1,normalized_score,2026-09-18T01:23:08.846289+00:00
td3_amo,5,0.001,walker2d-medium-expert-v2,3,110.83328999367279,1000000,True,50,True,1,svcho,jax,wme_s3_alr0p001__1876a47c,1e34514ddf70bfc8a78757d9a78b82306627164c,786a6302d6fab72e3f6f96fe4ca943ca5fa79425,ablation/td3_amo/walker2d-medium-expert-v2/1e-3/seed_3/wme_s3_alr0p001__1876a47c,/home/svcho/amo/results/td3_amo_bootrms_maincand_seeds03/jobs/a5_w-me_r1e3_s3/run,final_eval_50.json,1,normalized_score,2026-09-18T07:31:16.004513+00:00
td3_amo,5,0.0003,walker2d-medium-expert-v2,0,109.56443304836554,1000000,True,50,True,1,svcho,jax,wme_s0_alr0p0003__68c60101,1e34514ddf70bfc8a78757d9a78b82306627164c,786a6302d6fab72e3f6f96fe4ca943ca5fa79425,ablation/td3_amo/walker2d-medium-expert-v2/3e-4/seed_0/wme_s0_alr0p0003__68c60101,/home/svcho/amo/results/td3_amo_bootrms_maincand_seeds03/jobs/a5_w-me_r3e4_s0/run,final_eval_50.json,1,normalized_score,2026-09-17T13:08:52.298643+00:00
td3_amo,5,0.0003,walker2d-medium-expert-v2,1,109.54818040281671,1000000,True,50,True,1,svcho,jax,wme_s1_alr0p0003__727e8f34,1e34514ddf70bfc8a78757d9a78b82306627164c,786a6302d6fab72e3f6f96fe4ca943ca5fa79425,ablation/td3_amo/walker2d-medium-expert-v2/3e-4/seed_1/wme_s1_alr0p0003__727e8f34,/home/svcho/amo/results/td3_amo_bootrms_maincand_seeds03/jobs/a5_w-me_r3e4_s1/run,final_eval_50.json,1,normalized_score,2026-09-17T19:15:26.528842+00:00
td3_amo,5,0.0003,walker2d-medium-expert-v2,2,110.54662423945436,1000000,True,50,True,1,svcho,jax,wme_s2_alr0p0003__141c61c5,1e34514ddf70bfc8a78757d9a78b82306627164c,786a6302d6fab72e3f6f96fe4ca943ca5fa79425,ablation/td3_amo/walker2d-medium-expert-v2/3e-4/seed_2/wme_s2_alr0p0003__141c61c5,/home/svcho/amo/results/td3_amo_bootrms_maincand_seeds03/jobs/a5_w-me_r3e4_s2/run,final_eval_50.json,1,normalized_score,2026-09-18T01:23:08.696706+00:00
td3_amo,5,0.0003,walker2d-medium-expert-v2,3,110.40470653548284,1000000,True,50,True,1,svcho,jax,wme_s3_alr0p0003__8a855f20,1e34514ddf70bfc8a78757d9a78b82306627164c,786a6302d6fab72e3f6f96fe4ca943ca5fa79425,ablation/td3_amo/walker2d-medium-expert-v2/3e-4/seed_3/wme_s3_alr0p0003__8a855f20,/home/svcho/amo/results/td3_amo_bootrms_maincand_seeds03/jobs/a5_w-me_r3e4_s3/run,final_eval_50.json,1,normalized_score,2026-09-18T07:31:04.250843+00:00
td3_amo,5,0.002,antmaze-umaze-v2,0,94.0,1000000,True,50,True,1,svcho,jax,amu_s0_alr0p002__7ec0a114,1e34514ddf70bfc8a78757d9a78b82306627164c,786a6302d6fab72e3f6f96fe4ca943ca5fa79425,ablation/td3_amo/antmaze-umaze-v2/2e-3/seed_0/amu_s0_alr0p002__7ec0a114,/home/svcho/amo/results/td3_amo_bootrms_maincand_seeds03/jobs/a5_am-u_r2e3_s0/run,final_eval_50.json,1,normalized_score,2026-09-17T13:47:25.291386+00:00
td3_amo,5,0.002,antmaze-umaze-v2,1,86.0,1000000,True,50,True,1,svcho,jax,amu_s1_alr0p002__d71ac0bb,1e34514ddf70bfc8a78757d9a78b82306627164c,786a6302d6fab72e3f6f96fe4ca943ca5fa79425,ablation/td3_amo/antmaze-umaze-v2/2e-3/seed_1/amu_s1_alr0p002__d71ac0bb,/home/svcho/amo/results/td3_amo_bootrms_maincand_seeds03/jobs/a5_am-u_r2e3_s1/run,final_eval_50.json,1,normalized_score,2026-09-17T19:55:05.258455+00:00
td3_amo,5,0.002,antmaze-umaze-v2,2,84.0,1000000,True,50,True,1,svcho,jax,amu_s2_alr0p002__532207fb,1e34514ddf70bfc8a78757d9a78b82306627164c,786a6302d6fab72e3f6f96fe4ca943ca5fa79425,ablation/td3_amo/antmaze-umaze-v2/2e-3/seed_2/amu_s2_alr0p002__532207fb,/home/svcho/amo/results/td3_amo_bootrms_maincand_seeds03/jobs/a5_am-u_r2e3_s2/run,final_eval_50.json,1,normalized_score,2026-09-18T02:01:12.802640+00:00
td3_amo,5,0.002,antmaze-umaze-v2,3,76.0,1000000,True,50,True,1,svcho,jax,amu_s3_alr0p002__570d8628,1e34514ddf70bfc8a78757d9a78b82306627164c,786a6302d6fab72e3f6f96fe4ca943ca5fa79425,ablation/td3_amo/antmaze-umaze-v2/2e-3/seed_3/amu_s3_alr0p002__570d8628,/home/svcho/amo/results/td3_amo_bootrms_maincand_seeds03/jobs/a5_am-u_r2e3_s3/run,final_eval_50.json,1,normalized_score,2026-09-18T08:10:12.218473+00:00
td3_amo,5,0.001,antmaze-umaze-v2,0,88.0,1000000,True,50,True,1,svcho,jax,amu_s0_alr0p001__6a88fbfe,1e34514ddf70bfc8a78757d9a78b82306627164c,786a6302d6fab72e3f6f96fe4ca943ca5fa79425,ablation/td3_amo/antmaze-umaze-v2/1e-3/seed_0/amu_s0_alr0p001__6a88fbfe,/home/svcho/amo/results/td3_amo_bootrms_maincand_seeds03/jobs/a5_am-u_r1e3_s0/run,final_eval_50.json,1,normalized_score,2026-09-17T13:36:02.059646+00:00
td3_amo,5,0.001,antmaze-umaze-v2,1,86.0,1000000,True,50,True,1,svcho,jax,amu_s1_alr0p001__6659d40c,1e34514ddf70bfc8a78757d9a78b82306627164c,786a6302d6fab72e3f6f96fe4ca943ca5fa79425,ablation/td3_amo/antmaze-umaze-v2/1e-3/seed_1/amu_s1_alr0p001__6659d40c,/home/svcho/amo/results/td3_amo_bootrms_maincand_seeds03/jobs/a5_am-u_r1e3_s1/run,final_eval_50.json,1,normalized_score,2026-09-17T19:42:04.744272+00:00
td3_amo,5,0.001,antmaze-umaze-v2,2,94.0,1000000,True,50,True,1,svcho,jax,amu_s2_alr0p001__fd917cac,1e34514ddf70bfc8a78757d9a78b82306627164c,786a6302d6fab72e3f6f96fe4ca943ca5fa79425,ablation/td3_amo/antmaze-umaze-v2/1e-3/seed_2/amu_s2_alr0p001__fd917cac,/home/svcho/amo/results/td3_amo_bootrms_maincand_seeds03/jobs/a5_am-u_r1e3_s2/run,final_eval_50.json,1,normalized_score,2026-09-18T01:49:51.868450+00:00
td3_amo,5,0.001,antmaze-umaze-v2,3,84.0,1000000,True,50,True,1,svcho,jax,amu_s3_alr0p001__d3086ee0,1e34514ddf70bfc8a78757d9a78b82306627164c,786a6302d6fab72e3f6f96fe4ca943ca5fa79425,ablation/td3_amo/antmaze-umaze-v2/1e-3/seed_3/amu_s3_alr0p001__d3086ee0,/home/svcho/amo/results/td3_amo_bootrms_maincand_seeds03/jobs/a5_am-u_r1e3_s3/run,final_eval_50.json,1,normalized_score,2026-09-18T07:57:47.300208+00:00
td3_amo,5,0.0003,antmaze-umaze-v2,0,88.0,1000000,True,50,True,1,svcho,jax,amu_s0_alr0p0003__59276489,1e34514ddf70bfc8a78757d9a78b82306627164c,786a6302d6fab72e3f6f96fe4ca943ca5fa79425,ablation/td3_amo/antmaze-umaze-v2/3e-4/seed_0/amu_s0_alr0p0003__59276489,/home/svcho/amo/results/td3_amo_bootrms_maincand_seeds03/jobs/a5_am-u_r3e4_s0/run,final_eval_50.json,1,normalized_score,2026-09-17T13:36:02.262780+00:00
td3_amo,5,0.0003,antmaze-umaze-v2,1,98.0,1000000,True,50,True,1,svcho,jax,amu_s1_alr0p0003__e0b38b20,1e34514ddf70bfc8a78757d9a78b82306627164c,786a6302d6fab72e3f6f96fe4ca943ca5fa79425,ablation/td3_amo/antmaze-umaze-v2/3e-4/seed_1/amu_s1_alr0p0003__e0b38b20,/home/svcho/amo/results/td3_amo_bootrms_maincand_seeds03/jobs/a5_am-u_r3e4_s1/run,final_eval_50.json,1,normalized_score,2026-09-17T19:41:52.902512+00:00
td3_amo,5,0.0003,antmaze-umaze-v2,2,98.0,1000000,True,50,True,1,svcho,jax,amu_s2_alr0p0003__b27d0309,1e34514ddf70bfc8a78757d9a78b82306627164c,786a6302d6fab72e3f6f96fe4ca943ca5fa79425,ablation/td3_amo/antmaze-umaze-v2/3e-4/seed_2/amu_s2_alr0p0003__b27d0309,/home/svcho/amo/results/td3_amo_bootrms_maincand_seeds03/jobs/a5_am-u_r3e4_s2/run,final_eval_50.json,1,normalized_score,2026-09-18T01:49:40.146918+00:00
td3_amo,5,0.0003,antmaze-umaze-v2,3,86.0,1000000,True,50,True,1,svcho,jax,amu_s3_alr0p0003__aad9212a,1e34514ddf70bfc8a78757d9a78b82306627164c,786a6302d6fab72e3f6f96fe4ca943ca5fa79425,ablation/td3_amo/antmaze-umaze-v2/3e-4/seed_3/amu_s3_alr0p0003__aad9212a,/home/svcho/amo/results/td3_amo_bootrms_maincand_seeds03/jobs/a5_am-u_r3e4_s3/run,final_eval_50.json,1,normalized_score,2026-09-18T07:57:47.553816+00:00
td3_amo,5,0.002,antmaze-umaze-diverse-v2,0,57.99999999999999,1000000,True,50,True,1,svcho,jax,amud_s0_alr0p002__37cbcee3,1e34514ddf70bfc8a78757d9a78b82306627164c,786a6302d6fab72e3f6f96fe4ca943ca5fa79425,ablation/td3_amo/antmaze-umaze-diverse-v2/2e-3/seed_0/amud_s0_alr0p002__37cbcee3,/home/svcho/amo/results/td3_amo_bootrms_maincand_seeds03/jobs/a5_am-ud_r2e3_s0/run,final_eval_50.json,1,normalized_score,2026-09-17T14:14:59.262246+00:00
td3_amo,5,0.002,antmaze-umaze-diverse-v2,1,84.0,1000000,True,50,True,1,svcho,jax,amud_s1_alr0p002__32743d99,1e34514ddf70bfc8a78757d9a78b82306627164c,786a6302d6fab72e3f6f96fe4ca943ca5fa79425,ablation/td3_amo/antmaze-umaze-diverse-v2/2e-3/seed_1/amud_s1_alr0p002__32743d99,/home/svcho/amo/results/td3_amo_bootrms_maincand_seeds03/jobs/a5_am-ud_r2e3_s1/run,final_eval_50.json,1,normalized_score,2026-09-17T20:21:43.387137+00:00
td3_amo,5,0.002,antmaze-umaze-diverse-v2,2,82.0,1000000,True,50,True,1,svcho,jax,amud_s2_alr0p002__a4b63e46,1e34514ddf70bfc8a78757d9a78b82306627164c,786a6302d6fab72e3f6f96fe4ca943ca5fa79425,ablation/td3_amo/antmaze-umaze-diverse-v2/2e-3/seed_2/amud_s2_alr0p002__a4b63e46,/home/svcho/amo/results/td3_amo_bootrms_maincand_seeds03/jobs/a5_am-ud_r2e3_s2/run,final_eval_50.json,1,normalized_score,2026-09-18T02:27:22.423355+00:00
td3_amo,5,0.002,antmaze-umaze-diverse-v2,3,84.0,1000000,True,50,True,1,svcho,jax,amud_s3_alr0p002__4dcc1fac,1e34514ddf70bfc8a78757d9a78b82306627164c,786a6302d6fab72e3f6f96fe4ca943ca5fa79425,ablation/td3_amo/antmaze-umaze-diverse-v2/2e-3/seed_3/amud_s3_alr0p002__4dcc1fac,/home/svcho/amo/results/td3_amo_bootrms_maincand_seeds03/jobs/a5_am-ud_r2e3_s3/run,final_eval_50.json,1,normalized_score,2026-09-18T08:38:03.442250+00:00
td3_amo,5,0.001,antmaze-umaze-diverse-v2,0,22.0,1000000,True,50,True,1,svcho,jax,amud_s0_alr0p001__16ea69ef,1e34514ddf70bfc8a78757d9a78b82306627164c,786a6302d6fab72e3f6f96fe4ca943ca5fa79425,ablation/td3_amo/antmaze-umaze-diverse-v2/1e-3/seed_0/amud_s0_alr0p001__16ea69ef,/home/svcho/amo/results/td3_amo_bootrms_maincand_seeds03/jobs/a5_am-ud_r1e3_s0/run,final_eval_50.json,1,normalized_score,2026-09-17T14:02:45.671770+00:00
td3_amo,5,0.001,antmaze-umaze-diverse-v2,1,56.00000000000001,1000000,True,50,True,1,svcho,jax,amud_s1_alr0p001__81743106,1e34514ddf70bfc8a78757d9a78b82306627164c,786a6302d6fab72e3f6f96fe4ca943ca5fa79425,ablation/td3_amo/antmaze-umaze-diverse-v2/1e-3/seed_1/amud_s1_alr0p001__81743106,/home/svcho/amo/results/td3_amo_bootrms_maincand_seeds03/jobs/a5_am-ud_r1e3_s1/run,final_eval_50.json,1,normalized_score,2026-09-17T20:10:10.600545+00:00
td3_amo,5,0.001,antmaze-umaze-diverse-v2,2,64.0,1000000,True,50,True,1,svcho,jax,amud_s2_alr0p001__726c5de0,1e34514ddf70bfc8a78757d9a78b82306627164c,786a6302d6fab72e3f6f96fe4ca943ca5fa79425,ablation/td3_amo/antmaze-umaze-diverse-v2/1e-3/seed_2/amud_s2_alr0p001__726c5de0,/home/svcho/amo/results/td3_amo_bootrms_maincand_seeds03/jobs/a5_am-ud_r1e3_s2/run,final_eval_50.json,1,normalized_score,2026-09-18T02:16:25.004394+00:00
td3_amo,5,0.001,antmaze-umaze-diverse-v2,3,0.0,1000000,True,50,True,1,svcho,jax,amud_s3_alr0p001__7e7d1cb9,1e34514ddf70bfc8a78757d9a78b82306627164c,786a6302d6fab72e3f6f96fe4ca943ca5fa79425,ablation/td3_amo/antmaze-umaze-diverse-v2/1e-3/seed_3/amud_s3_alr0p001__7e7d1cb9,/home/svcho/amo/results/td3_amo_bootrms_maincand_seeds03/jobs/a5_am-ud_r1e3_s3/run,final_eval_50.json,1,normalized_score,2026-09-18T08:25:21.463445+00:00
td3_amo,5,0.0003,antmaze-umaze-diverse-v2,0,86.0,1000000,True,50,True,1,svcho,jax,amud_s0_alr0p0003__e14c97e9,1e34514ddf70bfc8a78757d9a78b82306627164c,786a6302d6fab72e3f6f96fe4ca943ca5fa79425,ablation/td3_amo/antmaze-umaze-diverse-v2/3e-4/seed_0/amud_s0_alr0p0003__e14c97e9,/home/svcho/amo/results/td3_amo_bootrms_maincand_seeds03/jobs/a5_am-ud_r3e4_s0/run,final_eval_50.json,1,normalized_score,2026-09-17T14:02:28.848176+00:00
td3_amo,5,0.0003,antmaze-umaze-diverse-v2,1,86.0,1000000,True,50,True,1,svcho,jax,amud_s1_alr0p0003__4888be18,1e34514ddf70bfc8a78757d9a78b82306627164c,786a6302d6fab72e3f6f96fe4ca943ca5fa79425,ablation/td3_amo/antmaze-umaze-diverse-v2/3e-4/seed_1/amud_s1_alr0p0003__4888be18,/home/svcho/amo/results/td3_amo_bootrms_maincand_seeds03/jobs/a5_am-ud_r3e4_s1/run,final_eval_50.json,1,normalized_score,2026-09-17T20:10:07.618192+00:00
td3_amo,5,0.0003,antmaze-umaze-diverse-v2,2,98.0,1000000,True,50,True,1,svcho,jax,amud_s2_alr0p0003__56c35ff6,1e34514ddf70bfc8a78757d9a78b82306627164c,786a6302d6fab72e3f6f96fe4ca943ca5fa79425,ablation/td3_amo/antmaze-umaze-diverse-v2/3e-4/seed_2/amud_s2_alr0p0003__56c35ff6,/home/svcho/amo/results/td3_amo_bootrms_maincand_seeds03/jobs/a5_am-ud_r3e4_s2/run,final_eval_50.json,1,normalized_score,2026-09-18T02:16:10.919172+00:00
td3_amo,5,0.0003,antmaze-umaze-diverse-v2,3,82.0,1000000,True,50,True,1,svcho,jax,amud_s3_alr0p0003__39e1beac,1e34514ddf70bfc8a78757d9a78b82306627164c,786a6302d6fab72e3f6f96fe4ca943ca5fa79425,ablation/td3_amo/antmaze-umaze-diverse-v2/3e-4/seed_3/amud_s3_alr0p0003__39e1beac,/home/svcho/amo/results/td3_amo_bootrms_maincand_seeds03/jobs/a5_am-ud_r3e4_s3/run,final_eval_50.json,1,normalized_score,2026-09-18T08:25:14.596994+00:00
td3_amo,5,0.002,antmaze-medium-play-v2,0,70.0,1000000,True,50,True,1,svcho,jax,ammp_s0_alr0p002__091202fe,1e34514ddf70bfc8a78757d9a78b82306627164c,786a6302d6fab72e3f6f96fe4ca943ca5fa79425,ablation/td3_amo/antmaze-medium-play-v2/2e-3/seed_0/ammp_s0_alr0p002__091202fe,/home/svcho/amo/results/td3_amo_bootrms_maincand_seeds03/jobs/a5_am-mp_r2e3_s0/run,final_eval_50.json,1,normalized_score,2026-09-17T14:41:17.075885+00:00
td3_amo,5,0.002,antmaze-medium-play-v2,1,78.0,1000000,True,50,True,1,svcho,jax,ammp_s1_alr0p002__43a915b3,1e34514ddf70bfc8a78757d9a78b82306627164c,786a6302d6fab72e3f6f96fe4ca943ca5fa79425,ablation/td3_amo/antmaze-medium-play-v2/2e-3/seed_1/ammp_s1_alr0p002__43a915b3,/home/svcho/amo/results/td3_amo_bootrms_maincand_seeds03/jobs/a5_am-mp_r2e3_s1/run,final_eval_50.json,1,normalized_score,2026-09-17T20:49:14.506070+00:00
td3_amo,5,0.002,antmaze-medium-play-v2,2,57.99999999999999,1000000,True,50,True,1,svcho,jax,ammp_s2_alr0p002__a27ac6a7,1e34514ddf70bfc8a78757d9a78b82306627164c,786a6302d6fab72e3f6f96fe4ca943ca5fa79425,ablation/td3_amo/antmaze-medium-play-v2/2e-3/seed_2/ammp_s2_alr0p002__a27ac6a7,/home/svcho/amo/results/td3_amo_bootrms_maincand_seeds03/jobs/a5_am-mp_r2e3_s2/run,final_eval_50.json,1,normalized_score,2026-09-18T02:55:13.696756+00:00
td3_amo,5,0.002,antmaze-medium-play-v2,3,78.0,1000000,True,50,True,1,svcho,jax,ammp_s3_alr0p002__7415f7ca,1e34514ddf70bfc8a78757d9a78b82306627164c,786a6302d6fab72e3f6f96fe4ca943ca5fa79425,ablation/td3_amo/antmaze-medium-play-v2/2e-3/seed_3/ammp_s3_alr0p002__7415f7ca,/home/svcho/amo/results/td3_amo_bootrms_maincand_seeds03/jobs/a5_am-mp_r2e3_s3/run,final_eval_50.json,1,normalized_score,2026-09-18T09:05:29.575875+00:00
td3_amo,5,0.001,antmaze-medium-play-v2,0,78.0,1000000,True,50,True,1,svcho,jax,ammp_s0_alr0p001__64f0863e,1e34514ddf70bfc8a78757d9a78b82306627164c,786a6302d6fab72e3f6f96fe4ca943ca5fa79425,ablation/td3_amo/antmaze-medium-play-v2/1e-3/seed_0/ammp_s0_alr0p001__64f0863e,/home/svcho/amo/results/td3_amo_bootrms_maincand_seeds03/jobs/a5_am-mp_r1e3_s0/run,final_eval_50.json,1,normalized_score,2026-09-17T14:30:18.795153+00:00
td3_amo,5,0.001,antmaze-medium-play-v2,1,84.0,1000000,True,50,True,1,svcho,jax,ammp_s1_alr0p001__ec7dc9e1,1e34514ddf70bfc8a78757d9a78b82306627164c,786a6302d6fab72e3f6f96fe4ca943ca5fa79425,ablation/td3_amo/antmaze-medium-play-v2/1e-3/seed_1/ammp_s1_alr0p001__ec7dc9e1,/home/svcho/amo/results/td3_amo_bootrms_maincand_seeds03/jobs/a5_am-mp_r1e3_s1/run,final_eval_50.json,1,normalized_score,2026-09-17T20:37:14.185286+00:00
td3_amo,5,0.001,antmaze-medium-play-v2,2,80.0,1000000,True,50,True,1,svcho,jax,ammp_s2_alr0p001__80c9514c,1e34514ddf70bfc8a78757d9a78b82306627164c,786a6302d6fab72e3f6f96fe4ca943ca5fa79425,ablation/td3_amo/antmaze-medium-play-v2/1e-3/seed_2/ammp_s2_alr0p001__80c9514c,/home/svcho/amo/results/td3_amo_bootrms_maincand_seeds03/jobs/a5_am-mp_r1e3_s2/run,final_eval_50.json,1,normalized_score,2026-09-18T02:43:01.268714+00:00
td3_amo,5,0.001,antmaze-medium-play-v2,3,84.0,1000000,True,50,True,1,svcho,jax,ammp_s3_alr0p001__f87fa5fe,1e34514ddf70bfc8a78757d9a78b82306627164c,786a6302d6fab72e3f6f96fe4ca943ca5fa79425,ablation/td3_amo/antmaze-medium-play-v2/1e-3/seed_3/ammp_s3_alr0p001__f87fa5fe,/home/svcho/amo/results/td3_amo_bootrms_maincand_seeds03/jobs/a5_am-mp_r1e3_s3/run,final_eval_50.json,1,normalized_score,2026-09-18T08:53:35.775309+00:00
td3_amo,5,0.0003,antmaze-medium-play-v2,0,90.0,1000000,True,50,True,1,svcho,jax,ammp_s0_alr0p0003__22d37d29,1e34514ddf70bfc8a78757d9a78b82306627164c,786a6302d6fab72e3f6f96fe4ca943ca5fa79425,ablation/td3_amo/antmaze-medium-play-v2/3e-4/seed_0/ammp_s0_alr0p0003__22d37d29,/home/svcho/amo/results/td3_amo_bootrms_maincand_seeds03/jobs/a5_am-mp_r3e4_s0/run,final_eval_50.json,1,normalized_score,2026-09-17T14:30:07.100585+00:00
td3_amo,5,0.0003,antmaze-medium-play-v2,1,76.0,1000000,True,50,True,1,svcho,jax,ammp_s1_alr0p0003__684d97e4,1e34514ddf70bfc8a78757d9a78b82306627164c,786a6302d6fab72e3f6f96fe4ca943ca5fa79425,ablation/td3_amo/antmaze-medium-play-v2/3e-4/seed_1/ammp_s1_alr0p0003__684d97e4,/home/svcho/amo/results/td3_amo_bootrms_maincand_seeds03/jobs/a5_am-mp_r3e4_s1/run,final_eval_50.json,1,normalized_score,2026-09-17T20:37:15.660126+00:00
td3_amo,5,0.0003,antmaze-medium-play-v2,2,54.0,1000000,True,50,True,1,svcho,jax,ammp_s2_alr0p0003__b8544cac,1e34514ddf70bfc8a78757d9a78b82306627164c,786a6302d6fab72e3f6f96fe4ca943ca5fa79425,ablation/td3_amo/antmaze-medium-play-v2/3e-4/seed_2/ammp_s2_alr0p0003__b8544cac,/home/svcho/amo/results/td3_amo_bootrms_maincand_seeds03/jobs/a5_am-mp_r3e4_s2/run,final_eval_50.json,1,normalized_score,2026-09-18T02:43:05.195824+00:00
td3_amo,5,0.0003,antmaze-medium-play-v2,3,70.0,1000000,True,50,True,1,svcho,jax,ammp_s3_alr0p0003__02ebe394,1e34514ddf70bfc8a78757d9a78b82306627164c,786a6302d6fab72e3f6f96fe4ca943ca5fa79425,ablation/td3_amo/antmaze-medium-play-v2/3e-4/seed_3/ammp_s3_alr0p0003__02ebe394,/home/svcho/amo/results/td3_amo_bootrms_maincand_seeds03/jobs/a5_am-mp_r3e4_s3/run,final_eval_50.json,1,normalized_score,2026-09-18T08:53:37.569865+00:00
td3_amo,5,0.002,antmaze-medium-diverse-v2,0,4.0,1000000,True,50,True,1,svcho,jax,ammd_s0_alr0p002__a9a58d1f,1e34514ddf70bfc8a78757d9a78b82306627164c,786a6302d6fab72e3f6f96fe4ca943ca5fa79425,ablation/td3_amo/antmaze-medium-diverse-v2/2e-3/seed_0/ammd_s0_alr0p002__a9a58d1f,/home/svcho/amo/results/td3_amo_bootrms_maincand_seeds03/jobs/a5_am-md_r2e3_s0/run,final_eval_50.json,1,normalized_score,2026-09-17T14:56:33.160972+00:00
td3_amo,5,0.002,antmaze-medium-diverse-v2,1,52.0,1000000,True,50,True,1,svcho,jax,ammd_s1_alr0p002__30eb5001,1e34514ddf70bfc8a78757d9a78b82306627164c,786a6302d6fab72e3f6f96fe4ca943ca5fa79425,ablation/td3_amo/antmaze-medium-diverse-v2/2e-3/seed_1/ammd_s1_alr0p002__30eb5001,/home/svcho/amo/results/td3_amo_bootrms_maincand_seeds03/jobs/a5_am-md_r2e3_s1/run,final_eval_50.json,1,normalized_score,2026-09-17T21:04:36.615393+00:00
td3_amo,5,0.002,antmaze-medium-diverse-v2,2,22.0,1000000,True,50,True,1,svcho,jax,ammd_s2_alr0p002__8e168f41,1e34514ddf70bfc8a78757d9a78b82306627164c,786a6302d6fab72e3f6f96fe4ca943ca5fa79425,ablation/td3_amo/antmaze-medium-diverse-v2/2e-3/seed_2/ammd_s2_alr0p002__8e168f41,/home/svcho/amo/results/td3_amo_bootrms_maincand_seeds03/jobs/a5_am-md_r2e3_s2/run,final_eval_50.json,1,normalized_score,2026-09-18T03:10:56.684325+00:00
td3_amo,5,0.002,antmaze-medium-diverse-v2,3,28.000000000000004,1000000,True,50,True,1,svcho,jax,ammd_s3_alr0p002__897d4a56,1e34514ddf70bfc8a78757d9a78b82306627164c,786a6302d6fab72e3f6f96fe4ca943ca5fa79425,ablation/td3_amo/antmaze-medium-diverse-v2/2e-3/seed_3/ammd_s3_alr0p002__897d4a56,/home/svcho/amo/results/td3_amo_bootrms_maincand_seeds03/jobs/a5_am-md_r2e3_s3/run,final_eval_50.json,1,normalized_score,2026-09-18T09:20:55.400590+00:00
td3_amo,5,0.001,antmaze-medium-diverse-v2,0,48.0,1000000,True,50,True,1,svcho,jax,ammd_s0_alr0p001__1fdcc80e,1e34514ddf70bfc8a78757d9a78b82306627164c,786a6302d6fab72e3f6f96fe4ca943ca5fa79425,ablation/td3_amo/antmaze-medium-diverse-v2/1e-3/seed_0/ammd_s0_alr0p001__1fdcc80e,/home/svcho/amo/results/td3_amo_bootrms_maincand_seeds03/jobs/a5_am-md_r1e3_s0/run,final_eval_50.json,1,normalized_score,2026-09-17T14:56:28.387281+00:00
td3_amo,5,0.001,antmaze-medium-diverse-v2,1,14.000000000000002,1000000,True,50,True,1,svcho,jax,ammd_s1_alr0p001__9401782a,1e34514ddf70bfc8a78757d9a78b82306627164c,786a6302d6fab72e3f6f96fe4ca943ca5fa79425,ablation/td3_amo/antmaze-medium-diverse-v2/1e-3/seed_1/ammd_s1_alr0p001__9401782a,/home/svcho/amo/results/td3_amo_bootrms_maincand_seeds03/jobs/a5_am-md_r1e3_s1/run,final_eval_50.json,1,normalized_score,2026-09-17T21:04:29.636331+00:00
td3_amo,5,0.001,antmaze-medium-diverse-v2,2,50.0,1000000,True,50,True,1,svcho,jax,ammd_s2_alr0p001__65dfeb0b,1e34514ddf70bfc8a78757d9a78b82306627164c,786a6302d6fab72e3f6f96fe4ca943ca5fa79425,ablation/td3_amo/antmaze-medium-diverse-v2/1e-3/seed_2/ammd_s2_alr0p001__65dfeb0b,/home/svcho/amo/results/td3_amo_bootrms_maincand_seeds03/jobs/a5_am-md_r1e3_s2/run,final_eval_50.json,1,normalized_score,2026-09-18T03:10:41.611994+00:00
td3_amo,5,0.001,antmaze-medium-diverse-v2,3,60.0,1000000,True,50,True,1,svcho,jax,ammd_s3_alr0p001__5725236d,1e34514ddf70bfc8a78757d9a78b82306627164c,786a6302d6fab72e3f6f96fe4ca943ca5fa79425,ablation/td3_amo/antmaze-medium-diverse-v2/1e-3/seed_3/ammd_s3_alr0p001__5725236d,/home/svcho/amo/results/td3_amo_bootrms_maincand_seeds03/jobs/a5_am-md_r1e3_s3/run,final_eval_50.json,1,normalized_score,2026-09-18T09:20:51.384364+00:00
td3_amo,5,0.0003,antmaze-medium-diverse-v2,0,46.0,1000000,True,50,True,1,svcho,jax,ammd_s0_alr0p0003__9cacbac2,1e34514ddf70bfc8a78757d9a78b82306627164c,786a6302d6fab72e3f6f96fe4ca943ca5fa79425,ablation/td3_amo/antmaze-medium-diverse-v2/3e-4/seed_0/ammd_s0_alr0p0003__9cacbac2,/home/svcho/amo/results/td3_amo_bootrms_maincand_seeds03/jobs/a5_am-md_r3e4_s0/run,final_eval_50.json,1,normalized_score,2026-09-17T08:02:00.058907+00:00
td3_amo,5,0.0003,antmaze-medium-diverse-v2,1,66.0,1000000,True,50,True,1,svcho,jax,ammd_s1_alr0p0003__0b2e9890,1e34514ddf70bfc8a78757d9a78b82306627164c,786a6302d6fab72e3f6f96fe4ca943ca5fa79425,ablation/td3_amo/antmaze-medium-diverse-v2/3e-4/seed_1/ammd_s1_alr0p0003__0b2e9890,/home/svcho/amo/results/td3_amo_bootrms_maincand_seeds03/jobs/a5_am-md_r3e4_s1/run,final_eval_50.json,1,normalized_score,2026-09-17T08:02:16.852789+00:00
td3_amo,5,0.0003,antmaze-medium-diverse-v2,2,44.0,1000000,True,50,True,1,svcho,jax,ammd_s2_alr0p0003__ebf52050,1e34514ddf70bfc8a78757d9a78b82306627164c,786a6302d6fab72e3f6f96fe4ca943ca5fa79425,ablation/td3_amo/antmaze-medium-diverse-v2/3e-4/seed_2/ammd_s2_alr0p0003__ebf52050,/home/svcho/amo/results/td3_amo_bootrms_maincand_seeds03/jobs/a5_am-md_r3e4_s2/run,final_eval_50.json,1,normalized_score,2026-09-17T08:17:15.529507+00:00
td3_amo,5,0.0003,antmaze-medium-diverse-v2,3,80.0,1000000,True,50,True,1,svcho,jax,ammd_s3_alr0p0003__2f4c9825,1e34514ddf70bfc8a78757d9a78b82306627164c,786a6302d6fab72e3f6f96fe4ca943ca5fa79425,ablation/td3_amo/antmaze-medium-diverse-v2/3e-4/seed_3/ammd_s3_alr0p0003__2f4c9825,/home/svcho/amo/results/td3_amo_bootrms_maincand_seeds03/jobs/a5_am-md_r3e4_s3/run,final_eval_50.json,1,normalized_score,2026-09-17T08:17:11.486037+00:00
td3_amo,5,0.002,antmaze-large-play-v2,0,50.0,1000000,True,50,True,1,svcho,jax,amlp_s0_alr0p002__868f8e48,1e34514ddf70bfc8a78757d9a78b82306627164c,786a6302d6fab72e3f6f96fe4ca943ca5fa79425,ablation/td3_amo/antmaze-large-play-v2/2e-3/seed_0/amlp_s0_alr0p002__868f8e48,/home/svcho/amo/results/td3_amo_bootrms_maincand_seeds03/jobs/a5_am-lp_r2e3_s0/run,final_eval_50.json,1,normalized_score,2026-09-17T15:24:19.593009+00:00
td3_amo,5,0.002,antmaze-large-play-v2,1,28.000000000000004,1000000,True,50,True,1,svcho,jax,amlp_s1_alr0p002__1226e5bd,1e34514ddf70bfc8a78757d9a78b82306627164c,786a6302d6fab72e3f6f96fe4ca943ca5fa79425,ablation/td3_amo/antmaze-large-play-v2/2e-3/seed_1/amlp_s1_alr0p002__1226e5bd,/home/svcho/amo/results/td3_amo_bootrms_maincand_seeds03/jobs/a5_am-lp_r2e3_s1/run,final_eval_50.json,1,normalized_score,2026-09-17T21:31:02.861830+00:00
td3_amo,5,0.002,antmaze-large-play-v2,2,52.0,1000000,True,50,True,1,svcho,jax,amlp_s2_alr0p002__23c60500,1e34514ddf70bfc8a78757d9a78b82306627164c,786a6302d6fab72e3f6f96fe4ca943ca5fa79425,ablation/td3_amo/antmaze-large-play-v2/2e-3/seed_2/amlp_s2_alr0p002__23c60500,/home/svcho/amo/results/td3_amo_bootrms_maincand_seeds03/jobs/a5_am-lp_r2e3_s2/run,final_eval_50.json,1,normalized_score,2026-09-18T03:37:54.123624+00:00
td3_amo,5,0.002,antmaze-large-play-v2,3,56.00000000000001,1000000,True,50,True,1,svcho,jax,amlp_s3_alr0p002__28b4d954,1e34514ddf70bfc8a78757d9a78b82306627164c,786a6302d6fab72e3f6f96fe4ca943ca5fa79425,ablation/td3_amo/antmaze-large-play-v2/2e-3/seed_3/amlp_s3_alr0p002__28b4d954,/home/svcho/amo/results/td3_amo_bootrms_maincand_seeds03/jobs/a5_am-lp_r2e3_s3/run,final_eval_50.json,1,normalized_score,2026-09-18T09:47:38.037202+00:00
td3_amo,5,0.001,antmaze-large-play-v2,0,50.0,1000000,True,50,True,1,svcho,jax,amlp_s0_alr0p001__19c0299b,1e34514ddf70bfc8a78757d9a78b82306627164c,786a6302d6fab72e3f6f96fe4ca943ca5fa79425,ablation/td3_amo/antmaze-large-play-v2/1e-3/seed_0/amlp_s0_alr0p001__19c0299b,/home/svcho/amo/results/td3_amo_bootrms_maincand_seeds03/jobs/a5_am-lp_r1e3_s0/run,final_eval_50.json,1,normalized_score,2026-09-17T15:12:15.615123+00:00
td3_amo,5,0.001,antmaze-large-play-v2,1,54.0,1000000,True,50,True,1,svcho,jax,amlp_s1_alr0p001__3e6bf007,1e34514ddf70bfc8a78757d9a78b82306627164c,786a6302d6fab72e3f6f96fe4ca943ca5fa79425,ablation/td3_amo/antmaze-large-play-v2/1e-3/seed_1/amlp_s1_alr0p001__3e6bf007,/home/svcho/amo/results/td3_amo_bootrms_maincand_seeds03/jobs/a5_am-lp_r1e3_s1/run,final_eval_50.json,1,normalized_score,2026-09-17T21:20:14.132683+00:00
td3_amo,5,0.001,antmaze-large-play-v2,2,50.0,1000000,True,50,True,1,svcho,jax,amlp_s2_alr0p001__da40db7a,1e34514ddf70bfc8a78757d9a78b82306627164c,786a6302d6fab72e3f6f96fe4ca943ca5fa79425,ablation/td3_amo/antmaze-large-play-v2/1e-3/seed_2/amlp_s2_alr0p001__da40db7a,/home/svcho/amo/results/td3_amo_bootrms_maincand_seeds03/jobs/a5_am-lp_r1e3_s2/run,final_eval_50.json,1,normalized_score,2026-09-18T03:26:14.699337+00:00
td3_amo,5,0.001,antmaze-large-play-v2,3,38.0,1000000,True,50,True,1,svcho,jax,amlp_s3_alr0p001__21be8de2,1e34514ddf70bfc8a78757d9a78b82306627164c,786a6302d6fab72e3f6f96fe4ca943ca5fa79425,ablation/td3_amo/antmaze-large-play-v2/1e-3/seed_3/amlp_s3_alr0p001__21be8de2,/home/svcho/amo/results/td3_amo_bootrms_maincand_seeds03/jobs/a5_am-lp_r1e3_s3/run,final_eval_50.json,1,normalized_score,2026-09-18T09:36:31.393691+00:00
td3_amo,5,0.0003,antmaze-large-play-v2,0,16.0,1000000,True,50,True,1,svcho,jax,amlp_s0_alr0p0003__0371f6b9,1e34514ddf70bfc8a78757d9a78b82306627164c,786a6302d6fab72e3f6f96fe4ca943ca5fa79425,ablation/td3_amo/antmaze-large-play-v2/3e-4/seed_0/amlp_s0_alr0p0003__0371f6b9,/home/svcho/amo/results/td3_amo_bootrms_maincand_seeds03/jobs/a5_am-lp_r3e4_s0/run,final_eval_50.json,1,normalized_score,2026-09-17T15:12:19.327639+00:00
td3_amo,5,0.0003,antmaze-large-play-v2,1,28.000000000000004,1000000,True,50,True,1,svcho,jax,amlp_s1_alr0p0003__a71c08c9,1e34514ddf70bfc8a78757d9a78b82306627164c,786a6302d6fab72e3f6f96fe4ca943ca5fa79425,ablation/td3_amo/antmaze-large-play-v2/3e-4/seed_1/amlp_s1_alr0p0003__a71c08c9,/home/svcho/amo/results/td3_amo_bootrms_maincand_seeds03/jobs/a5_am-lp_r3e4_s1/run,final_eval_50.json,1,normalized_score,2026-09-17T21:20:05.869523+00:00
td3_amo,5,0.0003,antmaze-large-play-v2,2,48.0,1000000,True,50,True,1,svcho,jax,amlp_s2_alr0p0003__128d69f8,1e34514ddf70bfc8a78757d9a78b82306627164c,786a6302d6fab72e3f6f96fe4ca943ca5fa79425,ablation/td3_amo/antmaze-large-play-v2/3e-4/seed_2/amlp_s2_alr0p0003__128d69f8,/home/svcho/amo/results/td3_amo_bootrms_maincand_seeds03/jobs/a5_am-lp_r3e4_s2/run,final_eval_50.json,1,normalized_score,2026-09-18T03:26:15.637714+00:00
td3_amo,5,0.0003,antmaze-large-play-v2,3,26.0,1000000,True,50,True,1,svcho,jax,amlp_s3_alr0p0003__7b21e544,1e34514ddf70bfc8a78757d9a78b82306627164c,786a6302d6fab72e3f6f96fe4ca943ca5fa79425,ablation/td3_amo/antmaze-large-play-v2/3e-4/seed_3/amlp_s3_alr0p0003__7b21e544,/home/svcho/amo/results/td3_amo_bootrms_maincand_seeds03/jobs/a5_am-lp_r3e4_s3/run,final_eval_50.json,1,normalized_score,2026-09-18T09:36:21.306586+00:00
td3_amo,5,0.002,antmaze-large-diverse-v2,0,14.000000000000002,1000000,True,50,True,1,svcho,jax,amld_s0_alr0p002__b33b2818,1e34514ddf70bfc8a78757d9a78b82306627164c,786a6302d6fab72e3f6f96fe4ca943ca5fa79425,ablation/td3_amo/antmaze-large-diverse-v2/2e-3/seed_0/amld_s0_alr0p002__b33b2818,/home/svcho/amo/results/td3_amo_bootrms_maincand_seeds03/jobs/a5_am-ld_r2e3_s0/run,final_eval_50.json,1,normalized_score,2026-09-17T15:51:13.170647+00:00
td3_amo,5,0.002,antmaze-large-diverse-v2,1,46.0,1000000,True,50,True,1,svcho,jax,amld_s1_alr0p002__1b832cb9,1e34514ddf70bfc8a78757d9a78b82306627164c,786a6302d6fab72e3f6f96fe4ca943ca5fa79425,ablation/td3_amo/antmaze-large-diverse-v2/2e-3/seed_1/amld_s1_alr0p002__1b832cb9,/home/svcho/amo/results/td3_amo_bootrms_maincand_seeds03/jobs/a5_am-ld_r2e3_s1/run,final_eval_50.json,1,normalized_score,2026-09-17T21:57:24.742361+00:00
td3_amo,5,0.002,antmaze-large-diverse-v2,2,22.0,1000000,True,50,True,1,svcho,jax,amld_s2_alr0p002__cd819587,1e34514ddf70bfc8a78757d9a78b82306627164c,786a6302d6fab72e3f6f96fe4ca943ca5fa79425,ablation/td3_amo/antmaze-large-diverse-v2/2e-3/seed_2/amld_s2_alr0p002__cd819587,/home/svcho/amo/results/td3_amo_bootrms_maincand_seeds03/jobs/a5_am-ld_r2e3_s2/run,final_eval_50.json,1,normalized_score,2026-09-18T04:05:09.317652+00:00
td3_amo,5,0.002,antmaze-large-diverse-v2,3,38.0,1000000,True,50,True,1,svcho,jax,amld_s3_alr0p002__a0deb2a6,1e34514ddf70bfc8a78757d9a78b82306627164c,786a6302d6fab72e3f6f96fe4ca943ca5fa79425,ablation/td3_amo/antmaze-large-diverse-v2/2e-3/seed_3/amld_s3_alr0p002__a0deb2a6,/home/svcho/amo/results/td3_amo_bootrms_maincand_seeds03/jobs/a5_am-ld_r2e3_s3/run,final_eval_50.json,1,normalized_score,2026-09-18T10:14:27.641952+00:00
td3_amo,5,0.001,antmaze-large-diverse-v2,0,48.0,1000000,True,50,True,1,svcho,jax,amld_s0_alr0p001__9fa266cc,1e34514ddf70bfc8a78757d9a78b82306627164c,786a6302d6fab72e3f6f96fe4ca943ca5fa79425,ablation/td3_amo/antmaze-large-diverse-v2/1e-3/seed_0/amld_s0_alr0p001__9fa266cc,/home/svcho/amo/results/td3_amo_bootrms_maincand_seeds03/jobs/a5_am-ld_r1e3_s0/run,final_eval_50.json,1,normalized_score,2026-09-17T15:39:45.058582+00:00
td3_amo,5,0.001,antmaze-large-diverse-v2,1,57.99999999999999,1000000,True,50,True,1,svcho,jax,amld_s1_alr0p001__9e4b636d,1e34514ddf70bfc8a78757d9a78b82306627164c,786a6302d6fab72e3f6f96fe4ca943ca5fa79425,ablation/td3_amo/antmaze-large-diverse-v2/1e-3/seed_1/amld_s1_alr0p001__9e4b636d,/home/svcho/amo/results/td3_amo_bootrms_maincand_seeds03/jobs/a5_am-ld_r1e3_s1/run,final_eval_50.json,1,normalized_score,2026-09-17T21:46:24.222626+00:00
td3_amo,5,0.001,antmaze-large-diverse-v2,2,46.0,1000000,True,50,True,1,svcho,jax,amld_s2_alr0p001__5f4cbad2,1e34514ddf70bfc8a78757d9a78b82306627164c,786a6302d6fab72e3f6f96fe4ca943ca5fa79425,ablation/td3_amo/antmaze-large-diverse-v2/1e-3/seed_2/amld_s2_alr0p001__5f4cbad2,/home/svcho/amo/results/td3_amo_bootrms_maincand_seeds03/jobs/a5_am-ld_r1e3_s2/run,final_eval_50.json,1,normalized_score,2026-09-18T03:53:38.846359+00:00
td3_amo,5,0.001,antmaze-large-diverse-v2,3,52.0,1000000,True,50,True,1,svcho,jax,amld_s3_alr0p001__fed271e6,1e34514ddf70bfc8a78757d9a78b82306627164c,786a6302d6fab72e3f6f96fe4ca943ca5fa79425,ablation/td3_amo/antmaze-large-diverse-v2/1e-3/seed_3/amld_s3_alr0p001__fed271e6,/home/svcho/amo/results/td3_amo_bootrms_maincand_seeds03/jobs/a5_am-ld_r1e3_s3/run,final_eval_50.json,1,normalized_score,2026-09-18T10:03:03.395539+00:00
td3_amo,5,0.0003,antmaze-large-diverse-v2,0,48.0,1000000,True,50,True,1,svcho,jax,amld_s0_alr0p0003__353eb761,1e34514ddf70bfc8a78757d9a78b82306627164c,786a6302d6fab72e3f6f96fe4ca943ca5fa79425,ablation/td3_amo/antmaze-large-diverse-v2/3e-4/seed_0/amld_s0_alr0p0003__353eb761,/home/svcho/amo/results/td3_amo_bootrms_maincand_seeds03/jobs/a5_am-ld_r3e4_s0/run,final_eval_50.json,1,normalized_score,2026-09-17T15:39:34.796559+00:00
td3_amo,5,0.0003,antmaze-large-diverse-v2,1,36.0,1000000,True,50,True,1,svcho,jax,amld_s1_alr0p0003__b7f81a26,1e34514ddf70bfc8a78757d9a78b82306627164c,786a6302d6fab72e3f6f96fe4ca943ca5fa79425,ablation/td3_amo/antmaze-large-diverse-v2/3e-4/seed_1/amld_s1_alr0p0003__b7f81a26,/home/svcho/amo/results/td3_amo_bootrms_maincand_seeds03/jobs/a5_am-ld_r3e4_s1/run,final_eval_50.json,1,normalized_score,2026-09-17T21:46:15.474119+00:00
td3_amo,5,0.0003,antmaze-large-diverse-v2,2,44.0,1000000,True,50,True,1,svcho,jax,amld_s2_alr0p0003__5eca6028,1e34514ddf70bfc8a78757d9a78b82306627164c,786a6302d6fab72e3f6f96fe4ca943ca5fa79425,ablation/td3_amo/antmaze-large-diverse-v2/3e-4/seed_2/amld_s2_alr0p0003__5eca6028,/home/svcho/amo/results/td3_amo_bootrms_maincand_seeds03/jobs/a5_am-ld_r3e4_s2/run,final_eval_50.json,1,normalized_score,2026-09-18T03:53:27.598610+00:00
td3_amo,5,0.0003,antmaze-large-diverse-v2,3,46.0,1000000,True,50,True,1,svcho,jax,amld_s3_alr0p0003__5cdb9bb0,1e34514ddf70bfc8a78757d9a78b82306627164c,786a6302d6fab72e3f6f96fe4ca943ca5fa79425,ablation/td3_amo/antmaze-large-diverse-v2/3e-4/seed_3/amld_s3_alr0p0003__5cdb9bb0,/home/svcho/amo/results/td3_amo_bootrms_maincand_seeds03/jobs/a5_am-ld_r3e4_s3/run,final_eval_50.json,1,normalized_score,2026-09-18T10:03:03.754653+00:00
