section,method,family,variant,domain,env,seed,backend,meta_lr,alpha_E_initial,alpha_B_initial,beta_initial,adaptive_scale_E,adaptive_scale_B,freeze_scale_E,freeze_scale_B,execution_only,bootstrap_loss,execution_meta_loss,execution_score,actor_lr,critic_lr,value_lr,classification_reasons,last_eval_step,primary_policy_id,primary_eval_step,primary_score,primary_eval_episodes,complete_1m,eval_parse_errors,run_id,rel_path,source_path,source_host,code_commit
ablation,fql_amo,fql_amo_jax,ae10_ab10_alr0p0003,locomotion,halfcheetah-medium-expert-v2,0,jax,0.0003,10.0,10.0,,,,,,False,,,,0.0003,0.0003,,initial_scale_outside_main,,,,,,False,,hme_s0_ae10_ab10_alr0p0003__96435b3f,ablation/fql_amo/halfcheetah-medium-expert-v2/3e-4/seed_0/hme_s0_ae10_ab10_alr0p0003__96435b3f,/raid/ext_csv/AMO_store/fql_amo_jax_loco9_tinit5_alr3e-4_seeds0to3/runs/fqlamo_jax_t5_alr3e-4_hc-me_s0,ext_csv,3f4401279175f33858c4fbf5993bd1fc2f3dfc84
ablation,fql_amo,fql_amo_jax,ae10_ab10_alr0p0003,locomotion,halfcheetah-medium-expert-v2,1,jax,0.0003,10.0,10.0,,,,,,False,,,,0.0003,0.0003,,initial_scale_outside_main,,,,,,False,,hme_s1_ae10_ab10_alr0p0003__9195658a,ablation/fql_amo/halfcheetah-medium-expert-v2/3e-4/seed_1/hme_s1_ae10_ab10_alr0p0003__9195658a,/raid/ext_csv/AMO_store/fql_amo_jax_loco9_tinit5_alr3e-4_seeds0to3/runs/fqlamo_jax_t5_alr3e-4_hc-me_s1,ext_csv,3f4401279175f33858c4fbf5993bd1fc2f3dfc84
ablation,fql_amo,fql_amo_jax,ae10_ab10_alr0p001,locomotion,halfcheetah-medium-expert-v2,0,jax,0.001,10.0,10.0,,,,,,False,,,,0.0003,0.0003,,initial_scale_outside_main,,,,,,False,,hme_s0_ae10_ab10_alr0p001__3d572ab6,ablation/fql_amo/halfcheetah-medium-expert-v2/1e-3/seed_0/hme_s0_ae10_ab10_alr0p001__3d572ab6,/raid/ext_csv/AMO_store/fql_amo_jax_loco9_tinit5_alr1e-3_seeds0to3/runs/fqlamo_jax_t5_alr1e-3_hc-me_s0,ext_csv,3f4401279175f33858c4fbf5993bd1fc2f3dfc84
ablation,fql_amo,fql_amo_jax,ae10_ab10_alr0p001,locomotion,halfcheetah-medium-expert-v2,1,jax,0.001,10.0,10.0,,,,,,False,,,,0.0003,0.0003,,initial_scale_outside_main,,,,,,False,,hme_s1_ae10_ab10_alr0p001__90cc4098,ablation/fql_amo/halfcheetah-medium-expert-v2/1e-3/seed_1/hme_s1_ae10_ab10_alr0p001__90cc4098,/raid/ext_csv/AMO_store/fql_amo_jax_loco9_tinit5_alr1e-3_seeds0to3/runs/fqlamo_jax_t5_alr1e-3_hc-me_s1,ext_csv,3f4401279175f33858c4fbf5993bd1fc2f3dfc84
ablation,fql_amo,fql_amo_jax,ae10_ab10_alr0p001,locomotion,halfcheetah-medium-expert-v2,2,jax,0.001,10.0,10.0,,,,,,False,,,,0.0003,0.0003,,initial_scale_outside_main,,,,,,False,,hme_s2_ae10_ab10_alr0p001__98d99c33,ablation/fql_amo/halfcheetah-medium-expert-v2/1e-3/seed_2/hme_s2_ae10_ab10_alr0p001__98d99c33,/raid/ext_csv/AMO_store/fql_amo_jax_loco9_tinit5_alr1e-3_seeds0to3/runs/fqlamo_jax_t5_alr1e-3_hc-me_s2,ext_csv,3f4401279175f33858c4fbf5993bd1fc2f3dfc84
ablation,fql_amo,fql_amo_jax,ae10_ab10_alr0p002,locomotion,halfcheetah-medium-expert-v2,0,jax,0.002,10.0,10.0,,,,,,False,,,,0.0003,0.0003,,initial_scale_outside_main,,,,,,False,,hme_s0_ae10_ab10_alr0p002__d7d4de26,ablation/fql_amo/halfcheetah-medium-expert-v2/2e-3/seed_0/hme_s0_ae10_ab10_alr0p002__d7d4de26,/raid/ext_csv/AMO_store/fql_amo_jax_loco9_tinit5_alr2e-3_seeds0to3/runs/fqlamo_jax_t5_alr2e-3_hc-me_s0,ext_csv,3f4401279175f33858c4fbf5993bd1fc2f3dfc84
ablation,fql_amo,fql_amo_jax,ae10_ab10_alr0p002,locomotion,halfcheetah-medium-expert-v2,1,jax,0.002,10.0,10.0,,,,,,False,,,,0.0003,0.0003,,initial_scale_outside_main,,,,,,False,,hme_s1_ae10_ab10_alr0p002__98734d9e,ablation/fql_amo/halfcheetah-medium-expert-v2/2e-3/seed_1/hme_s1_ae10_ab10_alr0p002__98734d9e,/raid/ext_csv/AMO_store/fql_amo_jax_loco9_tinit5_alr2e-3_seeds0to3/runs/fqlamo_jax_t5_alr2e-3_hc-me_s1,ext_csv,3f4401279175f33858c4fbf5993bd1fc2f3dfc84
ablation,fql_amo,fql_amo_jax,ae10_ab10_alr0p002,locomotion,halfcheetah-medium-expert-v2,2,jax,0.002,10.0,10.0,,,,,,False,,,,0.0003,0.0003,,initial_scale_outside_main,,,,,,False,,hme_s2_ae10_ab10_alr0p002__8342443f,ablation/fql_amo/halfcheetah-medium-expert-v2/2e-3/seed_2/hme_s2_ae10_ab10_alr0p002__8342443f,/raid/ext_csv/AMO_store/fql_amo_jax_loco9_tinit5_alr2e-3_seeds0to3/runs/fqlamo_jax_t5_alr2e-3_hc-me_s2,ext_csv,3f4401279175f33858c4fbf5993bd1fc2f3dfc84
ablation,fql_amo,fql_amo_jax,ae10_ab10_alr0p0003,locomotion,halfcheetah-medium-replay-v2,0,jax,0.0003,10.0,10.0,,,,,,False,,,,0.0003,0.0003,,initial_scale_outside_main,,,,,,False,,hcmr_s0_ae10_ab10_alr0p0003__9aa4cf6f,ablation/fql_amo/halfcheetah-medium-replay-v2/3e-4/seed_0/hcmr_s0_ae10_ab10_alr0p0003__9aa4cf6f,/raid/ext_csv/AMO_store/fql_amo_jax_loco9_tinit5_alr3e-4_seeds0to3/runs/fqlamo_jax_t5_alr3e-4_hc-mr_s0,ext_csv,3f4401279175f33858c4fbf5993bd1fc2f3dfc84
ablation,fql_amo,fql_amo_jax,ae10_ab10_alr0p0003,locomotion,halfcheetah-medium-replay-v2,1,jax,0.0003,10.0,10.0,,,,,,False,,,,0.0003,0.0003,,initial_scale_outside_main,,,,,,False,,hcmr_s1_ae10_ab10_alr0p0003__10aae752,ablation/fql_amo/halfcheetah-medium-replay-v2/3e-4/seed_1/hcmr_s1_ae10_ab10_alr0p0003__10aae752,/raid/ext_csv/AMO_store/fql_amo_jax_loco9_tinit5_alr3e-4_seeds0to3/runs/fqlamo_jax_t5_alr3e-4_hc-mr_s1,ext_csv,3f4401279175f33858c4fbf5993bd1fc2f3dfc84
ablation,fql_amo,fql_amo_jax,ae10_ab10_alr0p0003,locomotion,halfcheetah-medium-replay-v2,2,jax,0.0003,10.0,10.0,,,,,,False,,,,0.0003,0.0003,,initial_scale_outside_main,,,,,,False,,hcmr_s2_ae10_ab10_alr0p0003__e64f58e1,ablation/fql_amo/halfcheetah-medium-replay-v2/3e-4/seed_2/hcmr_s2_ae10_ab10_alr0p0003__e64f58e1,/raid/ext_csv/AMO_store/fql_amo_jax_loco9_tinit5_alr3e-4_seeds0to3/runs/fqlamo_jax_t5_alr3e-4_hc-mr_s2,ext_csv,3f4401279175f33858c4fbf5993bd1fc2f3dfc84
ablation,fql_amo,fql_amo_jax,ae10_ab10_alr0p0003,locomotion,halfcheetah-medium-replay-v2,3,jax,0.0003,10.0,10.0,,,,,,False,,,,0.0003,0.0003,,initial_scale_outside_main,,,,,,False,,hcmr_s3_ae10_ab10_alr0p0003__aecd58b1,ablation/fql_amo/halfcheetah-medium-replay-v2/3e-4/seed_3/hcmr_s3_ae10_ab10_alr0p0003__aecd58b1,/raid/ext_csv/AMO_store/fql_amo_jax_loco9_tinit5_alr3e-4_seeds0to3/runs/fqlamo_jax_t5_alr3e-4_hc-mr_s3,ext_csv,3f4401279175f33858c4fbf5993bd1fc2f3dfc84
ablation,fql_amo,fql_amo_jax,ae10_ab10_alr0p001,locomotion,halfcheetah-medium-replay-v2,0,jax,0.001,10.0,10.0,,,,,,False,,,,0.0003,0.0003,,initial_scale_outside_main,1000000,,1000000,49.02403405993792,50,True,,hcmr_s0_ae10_ab10_alr0p001__a8d6c797,ablation/fql_amo/halfcheetah-medium-replay-v2/1e-3/seed_0/hcmr_s0_ae10_ab10_alr0p001__a8d6c797,/raid/ext_csv/AMO_store/fql_amo_jax_loco9_tinit5_alr1e-3_seeds0to3/runs/fqlamo_jax_t5_alr1e-3_hc-mr_s0,ext_csv,3f4401279175f33858c4fbf5993bd1fc2f3dfc84
ablation,fql_amo,fql_amo_jax,ae10_ab10_alr0p001,locomotion,halfcheetah-medium-replay-v2,1,jax,0.001,10.0,10.0,,,,,,False,,,,0.0003,0.0003,,initial_scale_outside_main,,,,,,False,,hcmr_s1_ae10_ab10_alr0p001__e5196c5f,ablation/fql_amo/halfcheetah-medium-replay-v2/1e-3/seed_1/hcmr_s1_ae10_ab10_alr0p001__e5196c5f,/raid/ext_csv/AMO_store/fql_amo_jax_loco9_tinit5_alr1e-3_seeds0to3/runs/fqlamo_jax_t5_alr1e-3_hc-mr_s1,ext_csv,3f4401279175f33858c4fbf5993bd1fc2f3dfc84
ablation,fql_amo,fql_amo_jax,ae10_ab10_alr0p001,locomotion,halfcheetah-medium-replay-v2,2,jax,0.001,10.0,10.0,,,,,,False,,,,0.0003,0.0003,,initial_scale_outside_main,,,,,,False,,hcmr_s2_ae10_ab10_alr0p001__ab2f4e6e,ablation/fql_amo/halfcheetah-medium-replay-v2/1e-3/seed_2/hcmr_s2_ae10_ab10_alr0p001__ab2f4e6e,/raid/ext_csv/AMO_store/fql_amo_jax_loco9_tinit5_alr1e-3_seeds0to3/runs/fqlamo_jax_t5_alr1e-3_hc-mr_s2,ext_csv,3f4401279175f33858c4fbf5993bd1fc2f3dfc84
ablation,fql_amo,fql_amo_jax,ae10_ab10_alr0p001,locomotion,halfcheetah-medium-replay-v2,3,jax,0.001,10.0,10.0,,,,,,False,,,,0.0003,0.0003,,initial_scale_outside_main,,,,,,False,,hcmr_s3_ae10_ab10_alr0p001__821ed95d,ablation/fql_amo/halfcheetah-medium-replay-v2/1e-3/seed_3/hcmr_s3_ae10_ab10_alr0p001__821ed95d,/raid/ext_csv/AMO_store/fql_amo_jax_loco9_tinit5_alr1e-3_seeds0to3/runs/fqlamo_jax_t5_alr1e-3_hc-mr_s3,ext_csv,3f4401279175f33858c4fbf5993bd1fc2f3dfc84
ablation,fql_amo,fql_amo_jax,ae10_ab10_alr0p002,locomotion,halfcheetah-medium-replay-v2,0,jax,0.002,10.0,10.0,,,,,,False,,,,0.0003,0.0003,,initial_scale_outside_main,1000000,,1000000,51.0042118625339,50,True,,hcmr_s0_ae10_ab10_alr0p002__72e6f104,ablation/fql_amo/halfcheetah-medium-replay-v2/2e-3/seed_0/hcmr_s0_ae10_ab10_alr0p002__72e6f104,/raid/ext_csv/AMO_store/fql_amo_jax_loco9_tinit5_alr2e-3_seeds0to3/runs/fqlamo_jax_t5_alr2e-3_hc-mr_s0,ext_csv,3f4401279175f33858c4fbf5993bd1fc2f3dfc84
ablation,fql_amo,fql_amo_jax,ae10_ab10_alr0p002,locomotion,halfcheetah-medium-replay-v2,1,jax,0.002,10.0,10.0,,,,,,False,,,,0.0003,0.0003,,initial_scale_outside_main,,,,,,False,,hcmr_s1_ae10_ab10_alr0p002__79ef8905,ablation/fql_amo/halfcheetah-medium-replay-v2/2e-3/seed_1/hcmr_s1_ae10_ab10_alr0p002__79ef8905,/raid/ext_csv/AMO_store/fql_amo_jax_loco9_tinit5_alr2e-3_seeds0to3/runs/fqlamo_jax_t5_alr2e-3_hc-mr_s1,ext_csv,3f4401279175f33858c4fbf5993bd1fc2f3dfc84
ablation,fql_amo,fql_amo_jax,ae10_ab10_alr0p002,locomotion,halfcheetah-medium-replay-v2,2,jax,0.002,10.0,10.0,,,,,,False,,,,0.0003,0.0003,,initial_scale_outside_main,,,,,,False,,hcmr_s2_ae10_ab10_alr0p002__5a73c525,ablation/fql_amo/halfcheetah-medium-replay-v2/2e-3/seed_2/hcmr_s2_ae10_ab10_alr0p002__5a73c525,/raid/ext_csv/AMO_store/fql_amo_jax_loco9_tinit5_alr2e-3_seeds0to3/runs/fqlamo_jax_t5_alr2e-3_hc-mr_s2,ext_csv,3f4401279175f33858c4fbf5993bd1fc2f3dfc84
ablation,fql_amo,fql_amo_jax,ae10_ab10_alr0p002,locomotion,halfcheetah-medium-replay-v2,3,jax,0.002,10.0,10.0,,,,,,False,,,,0.0003,0.0003,,initial_scale_outside_main,,,,,,False,,hcmr_s3_ae10_ab10_alr0p002__84815188,ablation/fql_amo/halfcheetah-medium-replay-v2/2e-3/seed_3/hcmr_s3_ae10_ab10_alr0p002__84815188,/raid/ext_csv/AMO_store/fql_amo_jax_loco9_tinit5_alr2e-3_seeds0to3/runs/fqlamo_jax_t5_alr2e-3_hc-mr_s3,ext_csv,3f4401279175f33858c4fbf5993bd1fc2f3dfc84
ablation,fql_amo,fql_amo_jax,ae10_ab10_alr0p0003,locomotion,halfcheetah-medium-v2,0,jax,0.0003,10.0,10.0,,,,,,False,,,,0.0003,0.0003,,initial_scale_outside_main,1000000,,1000000,57.85269278516261,50,True,,hcm_s0_ae10_ab10_alr0p0003__b682b2fa,ablation/fql_amo/halfcheetah-medium-v2/3e-4/seed_0/hcm_s0_ae10_ab10_alr0p0003__b682b2fa,/raid/ext_csv/AMO_store/fql_amo_jax_loco9_tinit5_alr3e-4_seeds0to3/runs/fqlamo_jax_t5_alr3e-4_hc-m_s0,ext_csv,3f4401279175f33858c4fbf5993bd1fc2f3dfc84
ablation,fql_amo,fql_amo_jax,ae10_ab10_alr0p0003,locomotion,halfcheetah-medium-v2,1,jax,0.0003,10.0,10.0,,,,,,False,,,,0.0003,0.0003,,initial_scale_outside_main,1000000,,1000000,57.39157949160539,50,True,,hcm_s1_ae10_ab10_alr0p0003__d86a8892,ablation/fql_amo/halfcheetah-medium-v2/3e-4/seed_1/hcm_s1_ae10_ab10_alr0p0003__d86a8892,/raid/ext_csv/AMO_store/fql_amo_jax_loco9_tinit5_alr3e-4_seeds0to3/runs/fqlamo_jax_t5_alr3e-4_hc-m_s1,ext_csv,3f4401279175f33858c4fbf5993bd1fc2f3dfc84
ablation,fql_amo,fql_amo_jax,ae10_ab10_alr0p0003,locomotion,halfcheetah-medium-v2,2,jax,0.0003,10.0,10.0,,,,,,False,,,,0.0003,0.0003,,initial_scale_outside_main,,,,,,False,,hcm_s2_ae10_ab10_alr0p0003__be92c3c1,ablation/fql_amo/halfcheetah-medium-v2/3e-4/seed_2/hcm_s2_ae10_ab10_alr0p0003__be92c3c1,/raid/ext_csv/AMO_store/fql_amo_jax_loco9_tinit5_alr3e-4_seeds0to3/runs/fqlamo_jax_t5_alr3e-4_hc-m_s2,ext_csv,3f4401279175f33858c4fbf5993bd1fc2f3dfc84
ablation,fql_amo,fql_amo_jax,ae10_ab10_alr0p0003,locomotion,halfcheetah-medium-v2,3,jax,0.0003,10.0,10.0,,,,,,False,,,,0.0003,0.0003,,initial_scale_outside_main,,,,,,False,,hcm_s3_ae10_ab10_alr0p0003__3cfece43,ablation/fql_amo/halfcheetah-medium-v2/3e-4/seed_3/hcm_s3_ae10_ab10_alr0p0003__3cfece43,/raid/ext_csv/AMO_store/fql_amo_jax_loco9_tinit5_alr3e-4_seeds0to3/runs/fqlamo_jax_t5_alr3e-4_hc-m_s3,ext_csv,3f4401279175f33858c4fbf5993bd1fc2f3dfc84
ablation,fql_amo,fql_amo_jax,ae10_ab10_alr0p001,locomotion,halfcheetah-medium-v2,0,jax,0.001,10.0,10.0,,,,,,False,,,,0.0003,0.0003,,initial_scale_outside_main,1000000,,1000000,59.26505640279957,50,True,,hcm_s0_ae10_ab10_alr0p001__9cf172cf,ablation/fql_amo/halfcheetah-medium-v2/1e-3/seed_0/hcm_s0_ae10_ab10_alr0p001__9cf172cf,/raid/ext_csv/AMO_store/fql_amo_jax_loco9_tinit5_alr1e-3_seeds0to3/runs/fqlamo_jax_t5_alr1e-3_hc-m_s0,ext_csv,3f4401279175f33858c4fbf5993bd1fc2f3dfc84
ablation,fql_amo,fql_amo_jax,ae10_ab10_alr0p001,locomotion,halfcheetah-medium-v2,1,jax,0.001,10.0,10.0,,,,,,False,,,,0.0003,0.0003,,initial_scale_outside_main,1000000,,1000000,58.877717850941714,50,True,,hcm_s1_ae10_ab10_alr0p001__5f14b6fc,ablation/fql_amo/halfcheetah-medium-v2/1e-3/seed_1/hcm_s1_ae10_ab10_alr0p001__5f14b6fc,/raid/ext_csv/AMO_store/fql_amo_jax_loco9_tinit5_alr1e-3_seeds0to3/runs/fqlamo_jax_t5_alr1e-3_hc-m_s1,ext_csv,3f4401279175f33858c4fbf5993bd1fc2f3dfc84
ablation,fql_amo,fql_amo_jax,ae10_ab10_alr0p001,locomotion,halfcheetah-medium-v2,2,jax,0.001,10.0,10.0,,,,,,False,,,,0.0003,0.0003,,initial_scale_outside_main,,,,,,False,,hcm_s2_ae10_ab10_alr0p001__646c8578,ablation/fql_amo/halfcheetah-medium-v2/1e-3/seed_2/hcm_s2_ae10_ab10_alr0p001__646c8578,/raid/ext_csv/AMO_store/fql_amo_jax_loco9_tinit5_alr1e-3_seeds0to3/runs/fqlamo_jax_t5_alr1e-3_hc-m_s2,ext_csv,3f4401279175f33858c4fbf5993bd1fc2f3dfc84
ablation,fql_amo,fql_amo_jax,ae10_ab10_alr0p001,locomotion,halfcheetah-medium-v2,3,jax,0.001,10.0,10.0,,,,,,False,,,,0.0003,0.0003,,initial_scale_outside_main,,,,,,False,,hcm_s3_ae10_ab10_alr0p001__2500de55,ablation/fql_amo/halfcheetah-medium-v2/1e-3/seed_3/hcm_s3_ae10_ab10_alr0p001__2500de55,/raid/ext_csv/AMO_store/fql_amo_jax_loco9_tinit5_alr1e-3_seeds0to3/runs/fqlamo_jax_t5_alr1e-3_hc-m_s3,ext_csv,3f4401279175f33858c4fbf5993bd1fc2f3dfc84
ablation,fql_amo,fql_amo_jax,ae10_ab10_alr0p002,locomotion,halfcheetah-medium-v2,0,jax,0.002,10.0,10.0,,,,,,False,,,,0.0003,0.0003,,initial_scale_outside_main,1000000,,1000000,59.126583405381275,50,True,,hcm_s0_ae10_ab10_alr0p002__7cab2b70,ablation/fql_amo/halfcheetah-medium-v2/2e-3/seed_0/hcm_s0_ae10_ab10_alr0p002__7cab2b70,/raid/ext_csv/AMO_store/fql_amo_jax_loco9_tinit5_alr2e-3_seeds0to3/runs/fqlamo_jax_t5_alr2e-3_hc-m_s0,ext_csv,3f4401279175f33858c4fbf5993bd1fc2f3dfc84
ablation,fql_amo,fql_amo_jax,ae10_ab10_alr0p002,locomotion,halfcheetah-medium-v2,1,jax,0.002,10.0,10.0,,,,,,False,,,,0.0003,0.0003,,initial_scale_outside_main,1000000,,1000000,59.79909815248325,50,True,,hcm_s1_ae10_ab10_alr0p002__04c680e1,ablation/fql_amo/halfcheetah-medium-v2/2e-3/seed_1/hcm_s1_ae10_ab10_alr0p002__04c680e1,/raid/ext_csv/AMO_store/fql_amo_jax_loco9_tinit5_alr2e-3_seeds0to3/runs/fqlamo_jax_t5_alr2e-3_hc-m_s1,ext_csv,3f4401279175f33858c4fbf5993bd1fc2f3dfc84
ablation,fql_amo,fql_amo_jax,ae10_ab10_alr0p002,locomotion,halfcheetah-medium-v2,2,jax,0.002,10.0,10.0,,,,,,False,,,,0.0003,0.0003,,initial_scale_outside_main,,,,,,False,,hcm_s2_ae10_ab10_alr0p002__5e2ffea6,ablation/fql_amo/halfcheetah-medium-v2/2e-3/seed_2/hcm_s2_ae10_ab10_alr0p002__5e2ffea6,/raid/ext_csv/AMO_store/fql_amo_jax_loco9_tinit5_alr2e-3_seeds0to3/runs/fqlamo_jax_t5_alr2e-3_hc-m_s2,ext_csv,3f4401279175f33858c4fbf5993bd1fc2f3dfc84
ablation,fql_amo,fql_amo_jax,ae10_ab10_alr0p002,locomotion,halfcheetah-medium-v2,3,jax,0.002,10.0,10.0,,,,,,False,,,,0.0003,0.0003,,initial_scale_outside_main,,,,,,False,,hcm_s3_ae10_ab10_alr0p002__3338e86f,ablation/fql_amo/halfcheetah-medium-v2/2e-3/seed_3/hcm_s3_ae10_ab10_alr0p002__3338e86f,/raid/ext_csv/AMO_store/fql_amo_jax_loco9_tinit5_alr2e-3_seeds0to3/runs/fqlamo_jax_t5_alr2e-3_hc-m_s3,ext_csv,3f4401279175f33858c4fbf5993bd1fc2f3dfc84
ablation,fql_amo,fql_amo_jax,ae10_ab10_alr0p0003,locomotion,hopper-medium-expert-v2,0,jax,0.0003,10.0,10.0,,,,,,False,,,,0.0003,0.0003,,initial_scale_outside_main,,,,,,False,,hopme_s0_ae10_ab10_alr0p0003__e70063d9,ablation/fql_amo/hopper-medium-expert-v2/3e-4/seed_0/hopme_s0_ae10_ab10_alr0p0003__e70063d9,/raid/ext_csv/AMO_store/fql_amo_jax_loco9_tinit5_alr3e-4_seeds0to3/runs/fqlamo_jax_t5_alr3e-4_h-me_s0,ext_csv,3f4401279175f33858c4fbf5993bd1fc2f3dfc84
ablation,fql_amo,fql_amo_jax,ae10_ab10_alr0p001,locomotion,hopper-medium-expert-v2,0,jax,0.001,10.0,10.0,,,,,,False,,,,0.0003,0.0003,,initial_scale_outside_main,,,,,,False,,hopme_s0_ae10_ab10_alr0p001__961ced00,ablation/fql_amo/hopper-medium-expert-v2/1e-3/seed_0/hopme_s0_ae10_ab10_alr0p001__961ced00,/raid/ext_csv/AMO_store/fql_amo_jax_loco9_tinit5_alr1e-3_seeds0to3/runs/fqlamo_jax_t5_alr1e-3_h-me_s0,ext_csv,3f4401279175f33858c4fbf5993bd1fc2f3dfc84
ablation,fql_amo,fql_amo_jax,ae10_ab10_alr0p002,locomotion,hopper-medium-expert-v2,0,jax,0.002,10.0,10.0,,,,,,False,,,,0.0003,0.0003,,initial_scale_outside_main,,,,,,False,,hopme_s0_ae10_ab10_alr0p002__af5966d8,ablation/fql_amo/hopper-medium-expert-v2/2e-3/seed_0/hopme_s0_ae10_ab10_alr0p002__af5966d8,/raid/ext_csv/AMO_store/fql_amo_jax_loco9_tinit5_alr2e-3_seeds0to3/runs/fqlamo_jax_t5_alr2e-3_h-me_s0,ext_csv,3f4401279175f33858c4fbf5993bd1fc2f3dfc84
ablation,fql_amo,fql_amo_jax,ae10_ab10_alr0p0003,locomotion,hopper-medium-replay-v2,0,jax,0.0003,10.0,10.0,,,,,,False,,,,0.0003,0.0003,,initial_scale_outside_main,,,,,,False,,hopmr_s0_ae10_ab10_alr0p0003__42e772e4,ablation/fql_amo/hopper-medium-replay-v2/3e-4/seed_0/hopmr_s0_ae10_ab10_alr0p0003__42e772e4,/raid/ext_csv/AMO_store/fql_amo_jax_loco9_tinit5_alr3e-4_seeds0to3/runs/fqlamo_jax_t5_alr3e-4_h-mr_s0,ext_csv,3f4401279175f33858c4fbf5993bd1fc2f3dfc84
ablation,fql_amo,fql_amo_jax,ae10_ab10_alr0p001,locomotion,hopper-medium-replay-v2,0,jax,0.001,10.0,10.0,,,,,,False,,,,0.0003,0.0003,,initial_scale_outside_main,,,,,,False,,hopmr_s0_ae10_ab10_alr0p001__eeaf0afb,ablation/fql_amo/hopper-medium-replay-v2/1e-3/seed_0/hopmr_s0_ae10_ab10_alr0p001__eeaf0afb,/raid/ext_csv/AMO_store/fql_amo_jax_loco9_tinit5_alr1e-3_seeds0to3/runs/fqlamo_jax_t5_alr1e-3_h-mr_s0,ext_csv,3f4401279175f33858c4fbf5993bd1fc2f3dfc84
ablation,fql_amo,fql_amo_jax,ae10_ab10_alr0p002,locomotion,hopper-medium-replay-v2,0,jax,0.002,10.0,10.0,,,,,,False,,,,0.0003,0.0003,,initial_scale_outside_main,,,,,,False,,hopmr_s0_ae10_ab10_alr0p002__e966fb8d,ablation/fql_amo/hopper-medium-replay-v2/2e-3/seed_0/hopmr_s0_ae10_ab10_alr0p002__e966fb8d,/raid/ext_csv/AMO_store/fql_amo_jax_loco9_tinit5_alr2e-3_seeds0to3/runs/fqlamo_jax_t5_alr2e-3_h-mr_s0,ext_csv,3f4401279175f33858c4fbf5993bd1fc2f3dfc84
ablation,fql_amo,fql_amo_jax,ae10_ab10_alr0p0003,locomotion,hopper-medium-v2,0,jax,0.0003,10.0,10.0,,,,,,False,,,,0.0003,0.0003,,initial_scale_outside_main,,,,,,False,,hopm_s0_ae10_ab10_alr0p0003__c516b28c,ablation/fql_amo/hopper-medium-v2/3e-4/seed_0/hopm_s0_ae10_ab10_alr0p0003__c516b28c,/raid/ext_csv/AMO_store/fql_amo_jax_loco9_tinit5_alr3e-4_seeds0to3/runs/fqlamo_jax_t5_alr3e-4_h-m_s0,ext_csv,3f4401279175f33858c4fbf5993bd1fc2f3dfc84
ablation,fql_amo,fql_amo_jax,ae10_ab10_alr0p001,locomotion,hopper-medium-v2,0,jax,0.001,10.0,10.0,,,,,,False,,,,0.0003,0.0003,,initial_scale_outside_main,,,,,,False,,hopm_s0_ae10_ab10_alr0p001__9f3d07de,ablation/fql_amo/hopper-medium-v2/1e-3/seed_0/hopm_s0_ae10_ab10_alr0p001__9f3d07de,/raid/ext_csv/AMO_store/fql_amo_jax_loco9_tinit5_alr1e-3_seeds0to3/runs/fqlamo_jax_t5_alr1e-3_h-m_s0,ext_csv,3f4401279175f33858c4fbf5993bd1fc2f3dfc84
ablation,fql_amo,fql_amo_jax,ae10_ab10_alr0p002,locomotion,hopper-medium-v2,0,jax,0.002,10.0,10.0,,,,,,False,,,,0.0003,0.0003,,initial_scale_outside_main,,,,,,False,,hopm_s0_ae10_ab10_alr0p002__73210bf3,ablation/fql_amo/hopper-medium-v2/2e-3/seed_0/hopm_s0_ae10_ab10_alr0p002__73210bf3,/raid/ext_csv/AMO_store/fql_amo_jax_loco9_tinit5_alr2e-3_seeds0to3/runs/fqlamo_jax_t5_alr2e-3_h-m_s0,ext_csv,3f4401279175f33858c4fbf5993bd1fc2f3dfc84
ablation,fql_amo,fql_amo_jax,ae10_ab10_alr0p001,locomotion,walker2d-medium-expert-v2,0,jax,0.001,10.0,10.0,,,,,,False,,,,0.0003,0.0003,,initial_scale_outside_main,,,,,,False,,wme_s0_ae10_ab10_alr0p001__c9d9e067,ablation/fql_amo/walker2d-medium-expert-v2/1e-3/seed_0/wme_s0_ae10_ab10_alr0p001__c9d9e067,/raid/ext_csv/AMO_store/fql_amo_jax_loco9_tinit5_alr1e-3_seeds0to3/runs/fqlamo_jax_t5_alr1e-3_w-me_s0,ext_csv,3f4401279175f33858c4fbf5993bd1fc2f3dfc84
ablation,fql_amo,fql_amo_jax,ae10_ab10_alr0p002,locomotion,walker2d-medium-expert-v2,0,jax,0.002,10.0,10.0,,,,,,False,,,,0.0003,0.0003,,initial_scale_outside_main,,,,,,False,,wme_s0_ae10_ab10_alr0p002__0b6d8f34,ablation/fql_amo/walker2d-medium-expert-v2/2e-3/seed_0/wme_s0_ae10_ab10_alr0p002__0b6d8f34,/raid/ext_csv/AMO_store/fql_amo_jax_loco9_tinit5_alr2e-3_seeds0to3/runs/fqlamo_jax_t5_alr2e-3_w-me_s0,ext_csv,3f4401279175f33858c4fbf5993bd1fc2f3dfc84
ablation,fql_amo,fql_amo_jax,ae10_ab10_alr0p0003,locomotion,walker2d-medium-replay-v2,0,jax,0.0003,10.0,10.0,,,,,,False,,,,0.0003,0.0003,,initial_scale_outside_main,,,,,,False,,wmr_s0_ae10_ab10_alr0p0003__6d9707ab,ablation/fql_amo/walker2d-medium-replay-v2/3e-4/seed_0/wmr_s0_ae10_ab10_alr0p0003__6d9707ab,/raid/ext_csv/AMO_store/fql_amo_jax_loco9_tinit5_alr3e-4_seeds0to3/runs/fqlamo_jax_t5_alr3e-4_w-mr_s0,ext_csv,3f4401279175f33858c4fbf5993bd1fc2f3dfc84
ablation,fql_amo,fql_amo_jax,ae10_ab10_alr0p001,locomotion,walker2d-medium-replay-v2,0,jax,0.001,10.0,10.0,,,,,,False,,,,0.0003,0.0003,,initial_scale_outside_main,,,,,,False,,wmr_s0_ae10_ab10_alr0p001__25d59d72,ablation/fql_amo/walker2d-medium-replay-v2/1e-3/seed_0/wmr_s0_ae10_ab10_alr0p001__25d59d72,/raid/ext_csv/AMO_store/fql_amo_jax_loco9_tinit5_alr1e-3_seeds0to3/runs/fqlamo_jax_t5_alr1e-3_w-mr_s0,ext_csv,3f4401279175f33858c4fbf5993bd1fc2f3dfc84
ablation,fql_amo,fql_amo_jax,ae10_ab10_alr0p002,locomotion,walker2d-medium-replay-v2,0,jax,0.002,10.0,10.0,,,,,,False,,,,0.0003,0.0003,,initial_scale_outside_main,,,,,,False,,wmr_s0_ae10_ab10_alr0p002__6919a950,ablation/fql_amo/walker2d-medium-replay-v2/2e-3/seed_0/wmr_s0_ae10_ab10_alr0p002__6919a950,/raid/ext_csv/AMO_store/fql_amo_jax_loco9_tinit5_alr2e-3_seeds0to3/runs/fqlamo_jax_t5_alr2e-3_w-mr_s0,ext_csv,3f4401279175f33858c4fbf5993bd1fc2f3dfc84
ablation,fql_amo,fql_amo_jax,ae10_ab10_alr0p0003,locomotion,walker2d-medium-v2,0,jax,0.0003,10.0,10.0,,,,,,False,,,,0.0003,0.0003,,initial_scale_outside_main,,,,,,False,,wm_s0_ae10_ab10_alr0p0003__7e084505,ablation/fql_amo/walker2d-medium-v2/3e-4/seed_0/wm_s0_ae10_ab10_alr0p0003__7e084505,/raid/ext_csv/AMO_store/fql_amo_jax_loco9_tinit5_alr3e-4_seeds0to3/runs/fqlamo_jax_t5_alr3e-4_w-m_s0,ext_csv,3f4401279175f33858c4fbf5993bd1fc2f3dfc84
ablation,fql_amo,fql_amo_jax,ae10_ab10_alr0p001,locomotion,walker2d-medium-v2,0,jax,0.001,10.0,10.0,,,,,,False,,,,0.0003,0.0003,,initial_scale_outside_main,,,,,,False,,wm_s0_ae10_ab10_alr0p001__78dbd4a3,ablation/fql_amo/walker2d-medium-v2/1e-3/seed_0/wm_s0_ae10_ab10_alr0p001__78dbd4a3,/raid/ext_csv/AMO_store/fql_amo_jax_loco9_tinit5_alr1e-3_seeds0to3/runs/fqlamo_jax_t5_alr1e-3_w-m_s0,ext_csv,3f4401279175f33858c4fbf5993bd1fc2f3dfc84
ablation,fql_amo,fql_amo_jax,ae10_ab10_alr0p002,locomotion,walker2d-medium-v2,0,jax,0.002,10.0,10.0,,,,,,False,,,,0.0003,0.0003,,initial_scale_outside_main,,,,,,False,,wm_s0_ae10_ab10_alr0p002__05aead3a,ablation/fql_amo/walker2d-medium-v2/2e-3/seed_0/wm_s0_ae10_ab10_alr0p002__05aead3a,/raid/ext_csv/AMO_store/fql_amo_jax_loco9_tinit5_alr2e-3_seeds0to3/runs/fqlamo_jax_t5_alr2e-3_w-m_s0,ext_csv,3f4401279175f33858c4fbf5993bd1fc2f3dfc84
ablation,iql_amo,iql_amo_jax_adroit_beta1_rho,Tlr0p0003,adroit,relocate-expert-v1,1,jax,0.0003,,,1.0,,,,,False,,,,0.0003,0.0003,0.0003,adroit,,,,,,False,,rele_s1_Tlr0p0003__4af30ef5,ablation/iql_amo/relocate-expert-v1/3e-4/seed_1/rele_s1_Tlr0p0003__4af30ef5,/raid/ext_csv/AMO_store/iql_amo_jax_adroit_beta1_rho_seeds0to3/runs/iqlamo_jax_relocate-exp_beta1_rho3em4_s1,ext_csv,b9338d9815525482d2cf34d6fc6315ea4d2f93a6
ablation,iql_amo,iql_amo_jax_adroit_beta1_rho,Tlr0p0003,adroit,relocate-expert-v1,2,jax,0.0003,,,1.0,,,,,False,,,,0.0003,0.0003,0.0003,adroit,,,,,,False,,rele_s2_Tlr0p0003__792a9163,ablation/iql_amo/relocate-expert-v1/3e-4/seed_2/rele_s2_Tlr0p0003__792a9163,/raid/ext_csv/AMO_store/iql_amo_jax_adroit_beta1_rho_seeds0to3/runs/iqlamo_jax_relocate-exp_beta1_rho3em4_s2,ext_csv,b9338d9815525482d2cf34d6fc6315ea4d2f93a6
ablation,iql_amo,iql_amo_jax_adroit_beta1_rho,Tlr0p0003,adroit,relocate-expert-v1,3,jax,0.0003,,,1.0,,,,,False,,,,0.0003,0.0003,0.0003,adroit,,,,,,False,,rele_s3_Tlr0p0003__debcfcc0,ablation/iql_amo/relocate-expert-v1/3e-4/seed_3/rele_s3_Tlr0p0003__debcfcc0,/raid/ext_csv/AMO_store/iql_amo_jax_adroit_beta1_rho_seeds0to3/runs/iqlamo_jax_relocate-exp_beta1_rho3em4_s3,ext_csv,b9338d9815525482d2cf34d6fc6315ea4d2f93a6
ablation,iql_amo,iql_amo_jax_antmaze_beta5_rho,Tlr0p002,antmaze,antmaze-large-diverse-v2,0,jax,0.002,,,5.0,,,,,False,,,,0.0003,0.0003,0.0003,method_variant:iql_amo_jax_antmaze_beta5_rho,1000000,,1000000,0.0,500,True,,amld_s0_Tlr0p002__2214869e,ablation/iql_amo/antmaze-large-diverse-v2/2e-3/seed_0/amld_s0_Tlr0p002__2214869e,/raid/ext_csv/AMO_store/iql_amo_jax_antmaze_beta5_rho2em3_seeds0to3/runs/iqlamo_jax_am-large-div_beta5_rho2em3_s0,ext_csv,b9338d9815525482d2cf34d6fc6315ea4d2f93a6
ablation,iql_amo,iql_amo_jax_antmaze_beta5_rho,Tlr0p002,antmaze,antmaze-large-diverse-v2,1,jax,0.002,,,5.0,,,,,False,,,,0.0003,0.0003,0.0003,method_variant:iql_amo_jax_antmaze_beta5_rho,1000000,,1000000,0.0,500,True,,amld_s1_Tlr0p002__5d929d73,ablation/iql_amo/antmaze-large-diverse-v2/2e-3/seed_1/amld_s1_Tlr0p002__5d929d73,/raid/ext_csv/AMO_store/iql_amo_jax_antmaze_beta5_rho2em3_seeds0to3/runs/iqlamo_jax_am-large-div_beta5_rho2em3_s1,ext_csv,b9338d9815525482d2cf34d6fc6315ea4d2f93a6
ablation,iql_amo,iql_amo_jax_antmaze_beta5_rho,Tlr0p002,antmaze,antmaze-large-diverse-v2,2,jax,0.002,,,5.0,,,,,False,,,,0.0003,0.0003,0.0003,method_variant:iql_amo_jax_antmaze_beta5_rho,1000000,,1000000,0.0,500,True,,amld_s2_Tlr0p002__aae4ac88,ablation/iql_amo/antmaze-large-diverse-v2/2e-3/seed_2/amld_s2_Tlr0p002__aae4ac88,/raid/ext_csv/AMO_store/iql_amo_jax_antmaze_beta5_rho2em3_seeds0to3/runs/iqlamo_jax_am-large-div_beta5_rho2em3_s2,ext_csv,b9338d9815525482d2cf34d6fc6315ea4d2f93a6
ablation,iql_amo,iql_amo_jax_antmaze_beta5_rho,Tlr0p002,antmaze,antmaze-large-diverse-v2,3,jax,0.002,,,5.0,,,,,False,,,,0.0003,0.0003,0.0003,method_variant:iql_amo_jax_antmaze_beta5_rho,1000000,,1000000,0.0,500,True,,amld_s3_Tlr0p002__4c40090a,ablation/iql_amo/antmaze-large-diverse-v2/2e-3/seed_3/amld_s3_Tlr0p002__4c40090a,/raid/ext_csv/AMO_store/iql_amo_jax_antmaze_beta5_rho2em3_seeds0to3/runs/iqlamo_jax_am-large-div_beta5_rho2em3_s3,ext_csv,b9338d9815525482d2cf34d6fc6315ea4d2f93a6
ablation,iql_amo,iql_amo_jax_antmaze_beta5_rho,Tlr0p002,antmaze,antmaze-large-play-v2,0,jax,0.002,,,5.0,,,,,False,,,,0.0003,0.0003,0.0003,method_variant:iql_amo_jax_antmaze_beta5_rho,1000000,,1000000,0.0,500,True,,amlp_s0_Tlr0p002__36639071,ablation/iql_amo/antmaze-large-play-v2/2e-3/seed_0/amlp_s0_Tlr0p002__36639071,/raid/ext_csv/AMO_store/iql_amo_jax_antmaze_beta5_rho2em3_seeds0to3/runs/iqlamo_jax_am-large-play_beta5_rho2em3_s0,ext_csv,b9338d9815525482d2cf34d6fc6315ea4d2f93a6
ablation,iql_amo,iql_amo_jax_antmaze_beta5_rho,Tlr0p002,antmaze,antmaze-large-play-v2,1,jax,0.002,,,5.0,,,,,False,,,,0.0003,0.0003,0.0003,method_variant:iql_amo_jax_antmaze_beta5_rho,1000000,,1000000,0.0,500,True,,amlp_s1_Tlr0p002__8b9eaec6,ablation/iql_amo/antmaze-large-play-v2/2e-3/seed_1/amlp_s1_Tlr0p002__8b9eaec6,/raid/ext_csv/AMO_store/iql_amo_jax_antmaze_beta5_rho2em3_seeds0to3/runs/iqlamo_jax_am-large-play_beta5_rho2em3_s1,ext_csv,b9338d9815525482d2cf34d6fc6315ea4d2f93a6
ablation,iql_amo,iql_amo_jax_antmaze_beta5_rho,Tlr0p002,antmaze,antmaze-large-play-v2,2,jax,0.002,,,5.0,,,,,False,,,,0.0003,0.0003,0.0003,method_variant:iql_amo_jax_antmaze_beta5_rho,1000000,,1000000,0.0,500,True,,amlp_s2_Tlr0p002__22a758b2,ablation/iql_amo/antmaze-large-play-v2/2e-3/seed_2/amlp_s2_Tlr0p002__22a758b2,/raid/ext_csv/AMO_store/iql_amo_jax_antmaze_beta5_rho2em3_seeds0to3/runs/iqlamo_jax_am-large-play_beta5_rho2em3_s2,ext_csv,b9338d9815525482d2cf34d6fc6315ea4d2f93a6
ablation,iql_amo,iql_amo_jax_antmaze_beta5_rho,Tlr0p002,antmaze,antmaze-large-play-v2,3,jax,0.002,,,5.0,,,,,False,,,,0.0003,0.0003,0.0003,method_variant:iql_amo_jax_antmaze_beta5_rho,1000000,,1000000,0.0,500,True,,amlp_s3_Tlr0p002__c00febf1,ablation/iql_amo/antmaze-large-play-v2/2e-3/seed_3/amlp_s3_Tlr0p002__c00febf1,/raid/ext_csv/AMO_store/iql_amo_jax_antmaze_beta5_rho2em3_seeds0to3/runs/iqlamo_jax_am-large-play_beta5_rho2em3_s3,ext_csv,b9338d9815525482d2cf34d6fc6315ea4d2f93a6
ablation,iql_amo,iql_amo_jax_antmaze_beta5_rho,Tlr0p002,antmaze,antmaze-medium-diverse-v2,0,jax,0.002,,,5.0,,,,,False,,,,0.0003,0.0003,0.0003,method_variant:iql_amo_jax_antmaze_beta5_rho,1000000,,1000000,0.4,500,True,,ammd_s0_Tlr0p002__044a3fb3,ablation/iql_amo/antmaze-medium-diverse-v2/2e-3/seed_0/ammd_s0_Tlr0p002__044a3fb3,/raid/ext_csv/AMO_store/iql_amo_jax_antmaze_beta5_rho2em3_seeds0to3/runs/iqlamo_jax_am-medium-div_beta5_rho2em3_s0,ext_csv,b9338d9815525482d2cf34d6fc6315ea4d2f93a6
ablation,iql_amo,iql_amo_jax_antmaze_beta5_rho,Tlr0p002,antmaze,antmaze-medium-diverse-v2,1,jax,0.002,,,5.0,,,,,False,,,,0.0003,0.0003,0.0003,method_variant:iql_amo_jax_antmaze_beta5_rho,1000000,,1000000,0.0,500,True,,ammd_s1_Tlr0p002__ee4da9f4,ablation/iql_amo/antmaze-medium-diverse-v2/2e-3/seed_1/ammd_s1_Tlr0p002__ee4da9f4,/raid/ext_csv/AMO_store/iql_amo_jax_antmaze_beta5_rho2em3_seeds0to3/runs/iqlamo_jax_am-medium-div_beta5_rho2em3_s1,ext_csv,b9338d9815525482d2cf34d6fc6315ea4d2f93a6
ablation,iql_amo,iql_amo_jax_antmaze_beta5_rho,Tlr0p002,antmaze,antmaze-medium-diverse-v2,2,jax,0.002,,,5.0,,,,,False,,,,0.0003,0.0003,0.0003,method_variant:iql_amo_jax_antmaze_beta5_rho,1000000,,1000000,0.0,500,True,,ammd_s2_Tlr0p002__fb826cfd,ablation/iql_amo/antmaze-medium-diverse-v2/2e-3/seed_2/ammd_s2_Tlr0p002__fb826cfd,/raid/ext_csv/AMO_store/iql_amo_jax_antmaze_beta5_rho2em3_seeds0to3/runs/iqlamo_jax_am-medium-div_beta5_rho2em3_s2,ext_csv,b9338d9815525482d2cf34d6fc6315ea4d2f93a6
ablation,iql_amo,iql_amo_jax_antmaze_beta5_rho,Tlr0p002,antmaze,antmaze-medium-diverse-v2,3,jax,0.002,,,5.0,,,,,False,,,,0.0003,0.0003,0.0003,method_variant:iql_amo_jax_antmaze_beta5_rho,1000000,,1000000,0.0,500,True,,ammd_s3_Tlr0p002__d28328ff,ablation/iql_amo/antmaze-medium-diverse-v2/2e-3/seed_3/ammd_s3_Tlr0p002__d28328ff,/raid/ext_csv/AMO_store/iql_amo_jax_antmaze_beta5_rho2em3_seeds0to3/runs/iqlamo_jax_am-medium-div_beta5_rho2em3_s3,ext_csv,b9338d9815525482d2cf34d6fc6315ea4d2f93a6
ablation,iql_amo,iql_amo_jax_antmaze_beta5_rho,Tlr0p002,antmaze,antmaze-medium-play-v2,0,jax,0.002,,,5.0,,,,,False,,,,0.0003,0.0003,0.0003,method_variant:iql_amo_jax_antmaze_beta5_rho,1000000,,1000000,0.2,500,True,,ammp_s0_Tlr0p002__33b0669d,ablation/iql_amo/antmaze-medium-play-v2/2e-3/seed_0/ammp_s0_Tlr0p002__33b0669d,/raid/ext_csv/AMO_store/iql_amo_jax_antmaze_beta5_rho2em3_seeds0to3/runs/iqlamo_jax_am-medium-play_beta5_rho2em3_s0,ext_csv,b9338d9815525482d2cf34d6fc6315ea4d2f93a6
ablation,iql_amo,iql_amo_jax_antmaze_beta5_rho,Tlr0p002,antmaze,antmaze-medium-play-v2,1,jax,0.002,,,5.0,,,,,False,,,,0.0003,0.0003,0.0003,method_variant:iql_amo_jax_antmaze_beta5_rho,1000000,,1000000,0.0,500,True,,ammp_s1_Tlr0p002__2afcb204,ablation/iql_amo/antmaze-medium-play-v2/2e-3/seed_1/ammp_s1_Tlr0p002__2afcb204,/raid/ext_csv/AMO_store/iql_amo_jax_antmaze_beta5_rho2em3_seeds0to3/runs/iqlamo_jax_am-medium-play_beta5_rho2em3_s1,ext_csv,b9338d9815525482d2cf34d6fc6315ea4d2f93a6
ablation,iql_amo,iql_amo_jax_antmaze_beta5_rho,Tlr0p002,antmaze,antmaze-medium-play-v2,2,jax,0.002,,,5.0,,,,,False,,,,0.0003,0.0003,0.0003,method_variant:iql_amo_jax_antmaze_beta5_rho,1000000,,1000000,0.2,500,True,,ammp_s2_Tlr0p002__52004344,ablation/iql_amo/antmaze-medium-play-v2/2e-3/seed_2/ammp_s2_Tlr0p002__52004344,/raid/ext_csv/AMO_store/iql_amo_jax_antmaze_beta5_rho2em3_seeds0to3/runs/iqlamo_jax_am-medium-play_beta5_rho2em3_s2,ext_csv,b9338d9815525482d2cf34d6fc6315ea4d2f93a6
ablation,iql_amo,iql_amo_jax_antmaze_beta5_rho,Tlr0p002,antmaze,antmaze-medium-play-v2,3,jax,0.002,,,5.0,,,,,False,,,,0.0003,0.0003,0.0003,method_variant:iql_amo_jax_antmaze_beta5_rho,1000000,,1000000,0.2,500,True,,ammp_s3_Tlr0p002__4e1e5396,ablation/iql_amo/antmaze-medium-play-v2/2e-3/seed_3/ammp_s3_Tlr0p002__4e1e5396,/raid/ext_csv/AMO_store/iql_amo_jax_antmaze_beta5_rho2em3_seeds0to3/runs/iqlamo_jax_am-medium-play_beta5_rho2em3_s3,ext_csv,b9338d9815525482d2cf34d6fc6315ea4d2f93a6
ablation,iql_amo,iql_amo_jax_antmaze_beta5_rho,Tlr0p002,antmaze,antmaze-umaze-diverse-v2,0,jax,0.002,,,5.0,,,,,False,,,,0.0003,0.0003,0.0003,method_variant:iql_amo_jax_antmaze_beta5_rho,1000000,,1000000,40.8,500,True,,amud_s0_Tlr0p002__1d49a543,ablation/iql_amo/antmaze-umaze-diverse-v2/2e-3/seed_0/amud_s0_Tlr0p002__1d49a543,/raid/ext_csv/AMO_store/iql_amo_jax_antmaze_beta5_rho2em3_seeds0to3/runs/iqlamo_jax_am-umaze-div_beta5_rho2em3_s0,ext_csv,b9338d9815525482d2cf34d6fc6315ea4d2f93a6
ablation,iql_amo,iql_amo_jax_antmaze_beta5_rho,Tlr0p002,antmaze,antmaze-umaze-diverse-v2,1,jax,0.002,,,5.0,,,,,False,,,,0.0003,0.0003,0.0003,method_variant:iql_amo_jax_antmaze_beta5_rho,1000000,,1000000,41.6,500,True,,amud_s1_Tlr0p002__e805c266,ablation/iql_amo/antmaze-umaze-diverse-v2/2e-3/seed_1/amud_s1_Tlr0p002__e805c266,/raid/ext_csv/AMO_store/iql_amo_jax_antmaze_beta5_rho2em3_seeds0to3/runs/iqlamo_jax_am-umaze-div_beta5_rho2em3_s1,ext_csv,b9338d9815525482d2cf34d6fc6315ea4d2f93a6
ablation,iql_amo,iql_amo_jax_antmaze_beta5_rho,Tlr0p002,antmaze,antmaze-umaze-diverse-v2,2,jax,0.002,,,5.0,,,,,False,,,,0.0003,0.0003,0.0003,method_variant:iql_amo_jax_antmaze_beta5_rho,1000000,,1000000,43.8,500,True,,amud_s2_Tlr0p002__be9d802f,ablation/iql_amo/antmaze-umaze-diverse-v2/2e-3/seed_2/amud_s2_Tlr0p002__be9d802f,/raid/ext_csv/AMO_store/iql_amo_jax_antmaze_beta5_rho2em3_seeds0to3/runs/iqlamo_jax_am-umaze-div_beta5_rho2em3_s2,ext_csv,b9338d9815525482d2cf34d6fc6315ea4d2f93a6
ablation,iql_amo,iql_amo_jax_antmaze_beta5_rho,Tlr0p002,antmaze,antmaze-umaze-diverse-v2,3,jax,0.002,,,5.0,,,,,False,,,,0.0003,0.0003,0.0003,method_variant:iql_amo_jax_antmaze_beta5_rho,1000000,,1000000,43.0,500,True,,amud_s3_Tlr0p002__22a14982,ablation/iql_amo/antmaze-umaze-diverse-v2/2e-3/seed_3/amud_s3_Tlr0p002__22a14982,/raid/ext_csv/AMO_store/iql_amo_jax_antmaze_beta5_rho2em3_seeds0to3/runs/iqlamo_jax_am-umaze-div_beta5_rho2em3_s3,ext_csv,b9338d9815525482d2cf34d6fc6315ea4d2f93a6
ablation,iql_amo,iql_amo_jax_antmaze_beta5_rho,Tlr0p0003,antmaze,antmaze-umaze-v2,0,jax,0.0003,,,5.0,,,,,False,,,,0.0003,0.0003,0.0003,method_variant:iql_amo_jax_antmaze_beta5_rho,,,,,,False,,amu_s0_Tlr0p0003__b05b1f28,ablation/iql_amo/antmaze-umaze-v2/3e-4/seed_0/amu_s0_Tlr0p0003__b05b1f28,/raid/ext_csv/AMO_store/iql_amo_jax_antmaze_beta5_rho_seeds0to3/runs/iqlamo_jax_am-umaze_beta5_rho3em4_s0,ext_csv,b9338d9815525482d2cf34d6fc6315ea4d2f93a6
ablation,iql_amo,iql_amo_jax_antmaze_beta5_rho,Tlr0p0003,antmaze,antmaze-umaze-v2,1,jax,0.0003,,,5.0,,,,,False,,,,0.0003,0.0003,0.0003,method_variant:iql_amo_jax_antmaze_beta5_rho,,,,,,False,,amu_s1_Tlr0p0003__bbd68642,ablation/iql_amo/antmaze-umaze-v2/3e-4/seed_1/amu_s1_Tlr0p0003__bbd68642,/raid/ext_csv/AMO_store/iql_amo_jax_antmaze_beta5_rho_seeds0to3/runs/iqlamo_jax_am-umaze_beta5_rho3em4_s1,ext_csv,b9338d9815525482d2cf34d6fc6315ea4d2f93a6
ablation,iql_amo,iql_amo_jax_antmaze_beta5_rho,Tlr0p001,antmaze,antmaze-umaze-v2,0,jax,0.001,,,5.0,,,,,False,,,,0.0003,0.0003,0.0003,method_variant:iql_amo_jax_antmaze_beta5_rho,,,,,,False,,amu_s0_Tlr0p001__a4d3827d,ablation/iql_amo/antmaze-umaze-v2/1e-3/seed_0/amu_s0_Tlr0p001__a4d3827d,/raid/ext_csv/AMO_store/iql_amo_jax_antmaze_beta5_rho_seeds0to3/runs/iqlamo_jax_am-umaze_beta5_rho1em3_s0,ext_csv,b9338d9815525482d2cf34d6fc6315ea4d2f93a6
ablation,iql_amo,iql_amo_jax_antmaze_beta5_rho,Tlr0p001,antmaze,antmaze-umaze-v2,1,jax,0.001,,,5.0,,,,,False,,,,0.0003,0.0003,0.0003,method_variant:iql_amo_jax_antmaze_beta5_rho,,,,,,False,,amu_s1_Tlr0p001__a4e2d82c,ablation/iql_amo/antmaze-umaze-v2/1e-3/seed_1/amu_s1_Tlr0p001__a4e2d82c,/raid/ext_csv/AMO_store/iql_amo_jax_antmaze_beta5_rho_seeds0to3/runs/iqlamo_jax_am-umaze_beta5_rho1em3_s1,ext_csv,b9338d9815525482d2cf34d6fc6315ea4d2f93a6
ablation,iql_amo,iql_amo_jax_antmaze_beta5_rho,Tlr0p001,antmaze,antmaze-umaze-v2,2,jax,0.001,,,5.0,,,,,False,,,,0.0003,0.0003,0.0003,method_variant:iql_amo_jax_antmaze_beta5_rho,,,,,,False,,amu_s2_Tlr0p001__06b25f90,ablation/iql_amo/antmaze-umaze-v2/1e-3/seed_2/amu_s2_Tlr0p001__06b25f90,/raid/ext_csv/AMO_store/iql_amo_jax_antmaze_beta5_rho_seeds0to3/runs/iqlamo_jax_am-umaze_beta5_rho1em3_s2,ext_csv,b9338d9815525482d2cf34d6fc6315ea4d2f93a6
ablation,iql_amo,iql_amo_jax_antmaze_beta5_rho,Tlr0p001,antmaze,antmaze-umaze-v2,3,jax,0.001,,,5.0,,,,,False,,,,0.0003,0.0003,0.0003,method_variant:iql_amo_jax_antmaze_beta5_rho,,,,,,False,,amu_s3_Tlr0p001__b056a2e7,ablation/iql_amo/antmaze-umaze-v2/1e-3/seed_3/amu_s3_Tlr0p001__b056a2e7,/raid/ext_csv/AMO_store/iql_amo_jax_antmaze_beta5_rho_seeds0to3/runs/iqlamo_jax_am-umaze_beta5_rho1em3_s3,ext_csv,b9338d9815525482d2cf34d6fc6315ea4d2f93a6
ablation,iql_amo,iql_amo_jax_antmaze_beta5_rho,Tlr0p002,antmaze,antmaze-umaze-v2,0,jax,0.002,,,5.0,,,,,False,,,,0.0003,0.0003,0.0003,method_variant:iql_amo_jax_antmaze_beta5_rho,1000000,,1000000,58.8,500,True,,amu_s0_Tlr0p002__9cb68401,ablation/iql_amo/antmaze-umaze-v2/2e-3/seed_0/amu_s0_Tlr0p002__9cb68401,/raid/ext_csv/AMO_store/iql_amo_jax_antmaze_beta5_rho2em3_seeds0to3/runs/iqlamo_jax_am-umaze_beta5_rho2em3_s0,ext_csv,b9338d9815525482d2cf34d6fc6315ea4d2f93a6
ablation,iql_amo,iql_amo_jax_antmaze_beta5_rho,Tlr0p002,antmaze,antmaze-umaze-v2,1,jax,0.002,,,5.0,,,,,False,,,,0.0003,0.0003,0.0003,method_variant:iql_amo_jax_antmaze_beta5_rho,1000000,,1000000,57.8,500,True,,amu_s1_Tlr0p002__afff4cb5,ablation/iql_amo/antmaze-umaze-v2/2e-3/seed_1/amu_s1_Tlr0p002__afff4cb5,/raid/ext_csv/AMO_store/iql_amo_jax_antmaze_beta5_rho2em3_seeds0to3/runs/iqlamo_jax_am-umaze_beta5_rho2em3_s1,ext_csv,b9338d9815525482d2cf34d6fc6315ea4d2f93a6
ablation,iql_amo,iql_amo_jax_antmaze_beta5_rho,Tlr0p002,antmaze,antmaze-umaze-v2,2,jax,0.002,,,5.0,,,,,False,,,,0.0003,0.0003,0.0003,method_variant:iql_amo_jax_antmaze_beta5_rho,1000000,,1000000,65.8,500,True,,amu_s2_Tlr0p002__ba5945b2,ablation/iql_amo/antmaze-umaze-v2/2e-3/seed_2/amu_s2_Tlr0p002__ba5945b2,/raid/ext_csv/AMO_store/iql_amo_jax_antmaze_beta5_rho2em3_seeds0to3/runs/iqlamo_jax_am-umaze_beta5_rho2em3_s2,ext_csv,b9338d9815525482d2cf34d6fc6315ea4d2f93a6
ablation,iql_amo,iql_amo_jax_antmaze_beta5_rho,Tlr0p002,antmaze,antmaze-umaze-v2,3,jax,0.002,,,5.0,,,,,False,,,,0.0003,0.0003,0.0003,method_variant:iql_amo_jax_antmaze_beta5_rho,1000000,,1000000,64.2,500,True,,amu_s3_Tlr0p002__ed950bed,ablation/iql_amo/antmaze-umaze-v2/2e-3/seed_3/amu_s3_Tlr0p002__ed950bed,/raid/ext_csv/AMO_store/iql_amo_jax_antmaze_beta5_rho2em3_seeds0to3/runs/iqlamo_jax_am-umaze_beta5_rho2em3_s3,ext_csv,b9338d9815525482d2cf34d6fc6315ea4d2f93a6
ablation,iql_amo,iql_amo_jax_loco_beta1_rho,Tlr0p002,locomotion,walker2d-medium-replay-v2,3,jax,0.002,,,1.0,,,,,False,,,,0.0003,0.0003,0.0003,method_variant:iql_amo_jax_loco_beta1_rho,,,,,,False,,wmr_s3_Tlr0p002__333c4315,ablation/iql_amo/walker2d-medium-replay-v2/2e-3/seed_3/wmr_s3_Tlr0p002__333c4315,/raid/ext_csv/AMO_store/iql_amo_jax_loco_beta1_rho2em3_wm_wmr_s3/runs/iqlamo_jax_wmr_beta1_rho2em3_s3,ext_csv,b9338d9815525482d2cf34d6fc6315ea4d2f93a6
ablation,iql_amo,iql_amo_jax_loco_beta1_rho,Tlr0p002,locomotion,walker2d-medium-v2,3,jax,0.002,,,1.0,,,,,False,,,,0.0003,0.0003,0.0003,method_variant:iql_amo_jax_loco_beta1_rho,,,,,,False,,wm_s3_Tlr0p002__b1e5a545,ablation/iql_amo/walker2d-medium-v2/2e-3/seed_3/wm_s3_Tlr0p002__b1e5a545,/raid/ext_csv/AMO_store/iql_amo_jax_loco_beta1_rho2em3_wm_wmr_s3/runs/iqlamo_jax_wm_beta1_rho2em3_s3,ext_csv,b9338d9815525482d2cf34d6fc6315ea4d2f93a6
ablation,iql_amo,iql_amo_qweight_jax,beta1_Tlr0p0003,antmaze,antmaze-large-diverse-v2,0,jax,0.0003,,,1.0,,,,,False,,,,0.0003,0.0003,0.0003,method_variant:iql_amo_qweight_jax,1000000,,1000000,2.0,50,True,,amld_s0_beta1_Tlr0p0003__41de1601,ablation/iql_amo/antmaze-large-diverse-v2/3e-4/seed_0/amld_s0_beta1_Tlr0p0003__41de1601,/raid/ext_csv/AMO_store/iql_amo_qweight_jax_beta125_rho_loco_antmaze_seeds0to3/runs/iqlamo_qw_jax_am-l-div_b1_rho3em4_s0,ext_csv,ceffa5373681e09b20d5b513091bccd4d301a4eb
ablation,iql_amo,iql_amo_qweight_jax,beta2_Tlr0p0003,antmaze,antmaze-large-diverse-v2,0,jax,0.0003,,,2.0,,,,,False,,,,0.0003,0.0003,0.0003,method_variant:iql_amo_qweight_jax,1000000,,1000000,12.0,50,True,,amld_s0_beta2_Tlr0p0003__8dc343d7,ablation/iql_amo/antmaze-large-diverse-v2/3e-4/seed_0/amld_s0_beta2_Tlr0p0003__8dc343d7,/raid/ext_csv/AMO_store/iql_amo_qweight_jax_beta125_rho_loco_antmaze_seeds0to3/runs/iqlamo_qw_jax_am-l-div_b2_rho3em4_s0,ext_csv,ceffa5373681e09b20d5b513091bccd4d301a4eb
ablation,iql_amo,iql_amo_qweight_jax,beta5_Tlr0p0003,antmaze,antmaze-large-diverse-v2,0,jax,0.0003,,,5.0,,,,,False,,,,0.0003,0.0003,0.0003,method_variant:iql_amo_qweight_jax,1000000,,1000000,40.0,50,True,,amld_s0_beta5_Tlr0p0003__3a8c2f1c,ablation/iql_amo/antmaze-large-diverse-v2/3e-4/seed_0/amld_s0_beta5_Tlr0p0003__3a8c2f1c,/raid/ext_csv/AMO_store/iql_amo_qweight_jax_beta125_rho_loco_antmaze_seeds0to3/runs/iqlamo_qw_jax_am-l-div_b5_rho3em4_s0,ext_csv,ceffa5373681e09b20d5b513091bccd4d301a4eb
ablation,iql_amo,iql_amo_qweight_jax,beta1_Tlr0p0003,antmaze,antmaze-large-diverse-v2,1,jax,0.0003,,,1.0,,,,,False,,,,0.0003,0.0003,0.0003,method_variant:iql_amo_qweight_jax,1000000,,1000000,2.0,50,True,,amld_s1_beta1_Tlr0p0003__205eccf8,ablation/iql_amo/antmaze-large-diverse-v2/3e-4/seed_1/amld_s1_beta1_Tlr0p0003__205eccf8,/raid/ext_csv/AMO_store/iql_amo_qweight_jax_beta125_rho_loco_antmaze_seeds0to3/runs/iqlamo_qw_jax_am-l-div_b1_rho3em4_s1,ext_csv,ceffa5373681e09b20d5b513091bccd4d301a4eb
ablation,iql_amo,iql_amo_qweight_jax,beta2_Tlr0p0003,antmaze,antmaze-large-diverse-v2,1,jax,0.0003,,,2.0,,,,,False,,,,0.0003,0.0003,0.0003,method_variant:iql_amo_qweight_jax,1000000,,1000000,4.0,50,True,,amld_s1_beta2_Tlr0p0003__2bda15a9,ablation/iql_amo/antmaze-large-diverse-v2/3e-4/seed_1/amld_s1_beta2_Tlr0p0003__2bda15a9,/raid/ext_csv/AMO_store/iql_amo_qweight_jax_beta125_rho_loco_antmaze_seeds0to3/runs/iqlamo_qw_jax_am-l-div_b2_rho3em4_s1,ext_csv,ceffa5373681e09b20d5b513091bccd4d301a4eb
ablation,iql_amo,iql_amo_qweight_jax,beta5_Tlr0p0003,antmaze,antmaze-large-diverse-v2,1,jax,0.0003,,,5.0,,,,,False,,,,0.0003,0.0003,0.0003,method_variant:iql_amo_qweight_jax,1000000,,1000000,20.0,50,True,,amld_s1_beta5_Tlr0p0003__921a5c92,ablation/iql_amo/antmaze-large-diverse-v2/3e-4/seed_1/amld_s1_beta5_Tlr0p0003__921a5c92,/raid/ext_csv/AMO_store/iql_amo_qweight_jax_beta125_rho_loco_antmaze_seeds0to3/runs/iqlamo_qw_jax_am-l-div_b5_rho3em4_s1,ext_csv,ceffa5373681e09b20d5b513091bccd4d301a4eb
ablation,iql_amo,iql_amo_qweight_jax,beta1_Tlr0p001,antmaze,antmaze-large-diverse-v2,0,jax,0.001,,,1.0,,,,,False,,,,0.0003,0.0003,0.0003,method_variant:iql_amo_qweight_jax,1000000,,1000000,0.0,50,True,,amld_s0_beta1_Tlr0p001__3f56c915,ablation/iql_amo/antmaze-large-diverse-v2/1e-3/seed_0/amld_s0_beta1_Tlr0p001__3f56c915,/raid/ext_csv/AMO_store/iql_amo_qweight_jax_beta125_rho_loco_antmaze_seeds0to3/runs/iqlamo_qw_jax_am-l-div_b1_rho1em3_s0,ext_csv,ceffa5373681e09b20d5b513091bccd4d301a4eb
ablation,iql_amo,iql_amo_qweight_jax,beta2_Tlr0p001,antmaze,antmaze-large-diverse-v2,0,jax,0.001,,,2.0,,,,,False,,,,0.0003,0.0003,0.0003,method_variant:iql_amo_qweight_jax,1000000,,1000000,4.0,50,True,,amld_s0_beta2_Tlr0p001__7fc7fce5,ablation/iql_amo/antmaze-large-diverse-v2/1e-3/seed_0/amld_s0_beta2_Tlr0p001__7fc7fce5,/raid/ext_csv/AMO_store/iql_amo_qweight_jax_beta125_rho_loco_antmaze_seeds0to3/runs/iqlamo_qw_jax_am-l-div_b2_rho1em3_s0,ext_csv,ceffa5373681e09b20d5b513091bccd4d301a4eb
ablation,iql_amo,iql_amo_qweight_jax,beta5_Tlr0p001,antmaze,antmaze-large-diverse-v2,0,jax,0.001,,,5.0,,,,,False,,,,0.0003,0.0003,0.0003,method_variant:iql_amo_qweight_jax,1000000,,1000000,26.0,50,True,,amld_s0_beta5_Tlr0p001__0a3ea500,ablation/iql_amo/antmaze-large-diverse-v2/1e-3/seed_0/amld_s0_beta5_Tlr0p001__0a3ea500,/raid/ext_csv/AMO_store/iql_amo_qweight_jax_beta125_rho_loco_antmaze_seeds0to3/runs/iqlamo_qw_jax_am-l-div_b5_rho1em3_s0,ext_csv,ceffa5373681e09b20d5b513091bccd4d301a4eb
ablation,iql_amo,iql_amo_qweight_jax,beta1_Tlr0p001,antmaze,antmaze-large-diverse-v2,1,jax,0.001,,,1.0,,,,,False,,,,0.0003,0.0003,0.0003,method_variant:iql_amo_qweight_jax,1000000,,1000000,0.0,50,True,,amld_s1_beta1_Tlr0p001__e2c8ad46,ablation/iql_amo/antmaze-large-diverse-v2/1e-3/seed_1/amld_s1_beta1_Tlr0p001__e2c8ad46,/raid/ext_csv/AMO_store/iql_amo_qweight_jax_beta125_rho_loco_antmaze_seeds0to3/runs/iqlamo_qw_jax_am-l-div_b1_rho1em3_s1,ext_csv,ceffa5373681e09b20d5b513091bccd4d301a4eb
ablation,iql_amo,iql_amo_qweight_jax,beta2_Tlr0p001,antmaze,antmaze-large-diverse-v2,1,jax,0.001,,,2.0,,,,,False,,,,0.0003,0.0003,0.0003,method_variant:iql_amo_qweight_jax,1000000,,1000000,2.0,50,True,,amld_s1_beta2_Tlr0p001__8cb6fb2e,ablation/iql_amo/antmaze-large-diverse-v2/1e-3/seed_1/amld_s1_beta2_Tlr0p001__8cb6fb2e,/raid/ext_csv/AMO_store/iql_amo_qweight_jax_beta125_rho_loco_antmaze_seeds0to3/runs/iqlamo_qw_jax_am-l-div_b2_rho1em3_s1,ext_csv,ceffa5373681e09b20d5b513091bccd4d301a4eb
ablation,iql_amo,iql_amo_qweight_jax,beta5_Tlr0p001,antmaze,antmaze-large-diverse-v2,1,jax,0.001,,,5.0,,,,,False,,,,0.0003,0.0003,0.0003,method_variant:iql_amo_qweight_jax,1000000,,1000000,20.0,50,True,,amld_s1_beta5_Tlr0p001__2c20fe4f,ablation/iql_amo/antmaze-large-diverse-v2/1e-3/seed_1/amld_s1_beta5_Tlr0p001__2c20fe4f,/raid/ext_csv/AMO_store/iql_amo_qweight_jax_beta125_rho_loco_antmaze_seeds0to3/runs/iqlamo_qw_jax_am-l-div_b5_rho1em3_s1,ext_csv,ceffa5373681e09b20d5b513091bccd4d301a4eb
ablation,iql_amo,iql_amo_qweight_jax,beta1_Tlr0p002,antmaze,antmaze-large-diverse-v2,0,jax,0.002,,,1.0,,,,,False,,,,0.0003,0.0003,0.0003,method_variant:iql_amo_qweight_jax,1000000,,1000000,0.0,50,True,,amld_s0_beta1_Tlr0p002__e5a60b26,ablation/iql_amo/antmaze-large-diverse-v2/2e-3/seed_0/amld_s0_beta1_Tlr0p002__e5a60b26,/raid/ext_csv/AMO_store/iql_amo_qweight_jax_beta125_rho_loco_antmaze_seeds0to3/runs/iqlamo_qw_jax_am-l-div_b1_rho2em3_s0,ext_csv,ceffa5373681e09b20d5b513091bccd4d301a4eb
ablation,iql_amo,iql_amo_qweight_jax,beta2_Tlr0p002,antmaze,antmaze-large-diverse-v2,0,jax,0.002,,,2.0,,,,,False,,,,0.0003,0.0003,0.0003,method_variant:iql_amo_qweight_jax,1000000,,1000000,14.000000000000002,50,True,,amld_s0_beta2_Tlr0p002__897bea11,ablation/iql_amo/antmaze-large-diverse-v2/2e-3/seed_0/amld_s0_beta2_Tlr0p002__897bea11,/raid/ext_csv/AMO_store/iql_amo_qweight_jax_beta125_rho_loco_antmaze_seeds0to3/runs/iqlamo_qw_jax_am-l-div_b2_rho2em3_s0,ext_csv,ceffa5373681e09b20d5b513091bccd4d301a4eb
ablation,iql_amo,iql_amo_qweight_jax,beta5_Tlr0p002,antmaze,antmaze-large-diverse-v2,0,jax,0.002,,,5.0,,,,,False,,,,0.0003,0.0003,0.0003,method_variant:iql_amo_qweight_jax,1000000,,1000000,44.0,50,True,,amld_s0_beta5_Tlr0p002__60727fce,ablation/iql_amo/antmaze-large-diverse-v2/2e-3/seed_0/amld_s0_beta5_Tlr0p002__60727fce,/raid/ext_csv/AMO_store/iql_amo_qweight_jax_beta125_rho_loco_antmaze_seeds0to3/runs/iqlamo_qw_jax_am-l-div_b5_rho2em3_s0,ext_csv,ceffa5373681e09b20d5b513091bccd4d301a4eb
ablation,iql_amo,iql_amo_qweight_jax,beta1_Tlr0p002,antmaze,antmaze-large-diverse-v2,1,jax,0.002,,,1.0,,,,,False,,,,0.0003,0.0003,0.0003,method_variant:iql_amo_qweight_jax,1000000,,1000000,0.0,50,True,,amld_s1_beta1_Tlr0p002__90c5e586,ablation/iql_amo/antmaze-large-diverse-v2/2e-3/seed_1/amld_s1_beta1_Tlr0p002__90c5e586,/raid/ext_csv/AMO_store/iql_amo_qweight_jax_beta125_rho_loco_antmaze_seeds0to3/runs/iqlamo_qw_jax_am-l-div_b1_rho2em3_s1,ext_csv,ceffa5373681e09b20d5b513091bccd4d301a4eb
ablation,iql_amo,iql_amo_qweight_jax,beta2_Tlr0p002,antmaze,antmaze-large-diverse-v2,1,jax,0.002,,,2.0,,,,,False,,,,0.0003,0.0003,0.0003,method_variant:iql_amo_qweight_jax,1000000,,1000000,16.0,50,True,,amld_s1_beta2_Tlr0p002__d35701f8,ablation/iql_amo/antmaze-large-diverse-v2/2e-3/seed_1/amld_s1_beta2_Tlr0p002__d35701f8,/raid/ext_csv/AMO_store/iql_amo_qweight_jax_beta125_rho_loco_antmaze_seeds0to3/runs/iqlamo_qw_jax_am-l-div_b2_rho2em3_s1,ext_csv,ceffa5373681e09b20d5b513091bccd4d301a4eb
ablation,iql_amo,iql_amo_qweight_jax,beta5_Tlr0p002,antmaze,antmaze-large-diverse-v2,1,jax,0.002,,,5.0,,,,,False,,,,0.0003,0.0003,0.0003,method_variant:iql_amo_qweight_jax,1000000,,1000000,34.0,50,True,,amld_s1_beta5_Tlr0p002__a9ed4db3,ablation/iql_amo/antmaze-large-diverse-v2/2e-3/seed_1/amld_s1_beta5_Tlr0p002__a9ed4db3,/raid/ext_csv/AMO_store/iql_amo_qweight_jax_beta125_rho_loco_antmaze_seeds0to3/runs/iqlamo_qw_jax_am-l-div_b5_rho2em3_s1,ext_csv,ceffa5373681e09b20d5b513091bccd4d301a4eb
ablation,iql_amo,iql_amo_qweight_jax,beta1_Tlr0p0003,antmaze,antmaze-large-play-v2,0,jax,0.0003,,,1.0,,,,,False,,,,0.0003,0.0003,0.0003,method_variant:iql_amo_qweight_jax,1000000,,1000000,0.0,50,True,,amlp_s0_beta1_Tlr0p0003__ec06bb02,ablation/iql_amo/antmaze-large-play-v2/3e-4/seed_0/amlp_s0_beta1_Tlr0p0003__ec06bb02,/raid/ext_csv/AMO_store/iql_amo_qweight_jax_beta125_rho_loco_antmaze_seeds0to3/runs/iqlamo_qw_jax_am-l-p_b1_rho3em4_s0,ext_csv,ceffa5373681e09b20d5b513091bccd4d301a4eb
ablation,iql_amo,iql_amo_qweight_jax,beta2_Tlr0p0003,antmaze,antmaze-large-play-v2,0,jax,0.0003,,,2.0,,,,,False,,,,0.0003,0.0003,0.0003,method_variant:iql_amo_qweight_jax,1000000,,1000000,6.0,50,True,,amlp_s0_beta2_Tlr0p0003__ae8a8ef7,ablation/iql_amo/antmaze-large-play-v2/3e-4/seed_0/amlp_s0_beta2_Tlr0p0003__ae8a8ef7,/raid/ext_csv/AMO_store/iql_amo_qweight_jax_beta125_rho_loco_antmaze_seeds0to3/runs/iqlamo_qw_jax_am-l-p_b2_rho3em4_s0,ext_csv,ceffa5373681e09b20d5b513091bccd4d301a4eb
ablation,iql_amo,iql_amo_qweight_jax,beta5_Tlr0p0003,antmaze,antmaze-large-play-v2,0,jax,0.0003,,,5.0,,,,,False,,,,0.0003,0.0003,0.0003,method_variant:iql_amo_qweight_jax,1000000,,1000000,14.000000000000002,50,True,,amlp_s0_beta5_Tlr0p0003__692e0341,ablation/iql_amo/antmaze-large-play-v2/3e-4/seed_0/amlp_s0_beta5_Tlr0p0003__692e0341,/raid/ext_csv/AMO_store/iql_amo_qweight_jax_beta125_rho_loco_antmaze_seeds0to3/runs/iqlamo_qw_jax_am-l-p_b5_rho3em4_s0,ext_csv,ceffa5373681e09b20d5b513091bccd4d301a4eb
ablation,iql_amo,iql_amo_qweight_jax,beta1_Tlr0p0003,antmaze,antmaze-large-play-v2,1,jax,0.0003,,,1.0,,,,,False,,,,0.0003,0.0003,0.0003,method_variant:iql_amo_qweight_jax,1000000,,1000000,2.0,50,True,,amlp_s1_beta1_Tlr0p0003__25d66b8a,ablation/iql_amo/antmaze-large-play-v2/3e-4/seed_1/amlp_s1_beta1_Tlr0p0003__25d66b8a,/raid/ext_csv/AMO_store/iql_amo_qweight_jax_beta125_rho_loco_antmaze_seeds0to3/runs/iqlamo_qw_jax_am-l-p_b1_rho3em4_s1,ext_csv,ceffa5373681e09b20d5b513091bccd4d301a4eb
ablation,iql_amo,iql_amo_qweight_jax,beta2_Tlr0p0003,antmaze,antmaze-large-play-v2,1,jax,0.0003,,,2.0,,,,,False,,,,0.0003,0.0003,0.0003,method_variant:iql_amo_qweight_jax,1000000,,1000000,16.0,50,True,,amlp_s1_beta2_Tlr0p0003__b9bccd58,ablation/iql_amo/antmaze-large-play-v2/3e-4/seed_1/amlp_s1_beta2_Tlr0p0003__b9bccd58,/raid/ext_csv/AMO_store/iql_amo_qweight_jax_beta125_rho_loco_antmaze_seeds0to3/runs/iqlamo_qw_jax_am-l-p_b2_rho3em4_s1,ext_csv,ceffa5373681e09b20d5b513091bccd4d301a4eb
ablation,iql_amo,iql_amo_qweight_jax,beta5_Tlr0p0003,antmaze,antmaze-large-play-v2,1,jax,0.0003,,,5.0,,,,,False,,,,0.0003,0.0003,0.0003,method_variant:iql_amo_qweight_jax,1000000,,1000000,26.0,50,True,,amlp_s1_beta5_Tlr0p0003__38892dec,ablation/iql_amo/antmaze-large-play-v2/3e-4/seed_1/amlp_s1_beta5_Tlr0p0003__38892dec,/raid/ext_csv/AMO_store/iql_amo_qweight_jax_beta125_rho_loco_antmaze_seeds0to3/runs/iqlamo_qw_jax_am-l-p_b5_rho3em4_s1,ext_csv,ceffa5373681e09b20d5b513091bccd4d301a4eb
ablation,iql_amo,iql_amo_qweight_jax,beta5_Tlr0p0003,antmaze,antmaze-large-play-v2,2,jax,0.0003,,,5.0,,,,,False,,,,0.0003,0.0003,0.0003,method_variant:iql_amo_qweight_jax,,,,,,False,,amlp_s2_beta5_Tlr0p0003__838831e6,ablation/iql_amo/antmaze-large-play-v2/3e-4/seed_2/amlp_s2_beta5_Tlr0p0003__838831e6,/raid/ext_csv/AMO_store/iql_amo_qweight_jax_beta125_rho_loco_antmaze_seeds0to3/runs/iqlamo_qw_jax_am-l-p_b5_rho3em4_s2,ext_csv,ceffa5373681e09b20d5b513091bccd4d301a4eb
ablation,iql_amo,iql_amo_qweight_jax,beta1_Tlr0p001,antmaze,antmaze-large-play-v2,0,jax,0.001,,,1.0,,,,,False,,,,0.0003,0.0003,0.0003,method_variant:iql_amo_qweight_jax,1000000,,1000000,0.0,50,True,,amlp_s0_beta1_Tlr0p001__d3ba2fa5,ablation/iql_amo/antmaze-large-play-v2/1e-3/seed_0/amlp_s0_beta1_Tlr0p001__d3ba2fa5,/raid/ext_csv/AMO_store/iql_amo_qweight_jax_beta125_rho_loco_antmaze_seeds0to3/runs/iqlamo_qw_jax_am-l-p_b1_rho1em3_s0,ext_csv,ceffa5373681e09b20d5b513091bccd4d301a4eb
ablation,iql_amo,iql_amo_qweight_jax,beta2_Tlr0p001,antmaze,antmaze-large-play-v2,0,jax,0.001,,,2.0,,,,,False,,,,0.0003,0.0003,0.0003,method_variant:iql_amo_qweight_jax,1000000,,1000000,10.0,50,True,,amlp_s0_beta2_Tlr0p001__3c210721,ablation/iql_amo/antmaze-large-play-v2/1e-3/seed_0/amlp_s0_beta2_Tlr0p001__3c210721,/raid/ext_csv/AMO_store/iql_amo_qweight_jax_beta125_rho_loco_antmaze_seeds0to3/runs/iqlamo_qw_jax_am-l-p_b2_rho1em3_s0,ext_csv,ceffa5373681e09b20d5b513091bccd4d301a4eb
ablation,iql_amo,iql_amo_qweight_jax,beta5_Tlr0p001,antmaze,antmaze-large-play-v2,0,jax,0.001,,,5.0,,,,,False,,,,0.0003,0.0003,0.0003,method_variant:iql_amo_qweight_jax,1000000,,1000000,30.0,50,True,,amlp_s0_beta5_Tlr0p001__830f30ab,ablation/iql_amo/antmaze-large-play-v2/1e-3/seed_0/amlp_s0_beta5_Tlr0p001__830f30ab,/raid/ext_csv/AMO_store/iql_amo_qweight_jax_beta125_rho_loco_antmaze_seeds0to3/runs/iqlamo_qw_jax_am-l-p_b5_rho1em3_s0,ext_csv,ceffa5373681e09b20d5b513091bccd4d301a4eb
ablation,iql_amo,iql_amo_qweight_jax,beta1_Tlr0p001,antmaze,antmaze-large-play-v2,1,jax,0.001,,,1.0,,,,,False,,,,0.0003,0.0003,0.0003,method_variant:iql_amo_qweight_jax,1000000,,1000000,6.0,50,True,,amlp_s1_beta1_Tlr0p001__7a03eef9,ablation/iql_amo/antmaze-large-play-v2/1e-3/seed_1/amlp_s1_beta1_Tlr0p001__7a03eef9,/raid/ext_csv/AMO_store/iql_amo_qweight_jax_beta125_rho_loco_antmaze_seeds0to3/runs/iqlamo_qw_jax_am-l-p_b1_rho1em3_s1,ext_csv,ceffa5373681e09b20d5b513091bccd4d301a4eb
ablation,iql_amo,iql_amo_qweight_jax,beta2_Tlr0p001,antmaze,antmaze-large-play-v2,1,jax,0.001,,,2.0,,,,,False,,,,0.0003,0.0003,0.0003,method_variant:iql_amo_qweight_jax,1000000,,1000000,10.0,50,True,,amlp_s1_beta2_Tlr0p001__2a24b7b0,ablation/iql_amo/antmaze-large-play-v2/1e-3/seed_1/amlp_s1_beta2_Tlr0p001__2a24b7b0,/raid/ext_csv/AMO_store/iql_amo_qweight_jax_beta125_rho_loco_antmaze_seeds0to3/runs/iqlamo_qw_jax_am-l-p_b2_rho1em3_s1,ext_csv,ceffa5373681e09b20d5b513091bccd4d301a4eb
ablation,iql_amo,iql_amo_qweight_jax,beta5_Tlr0p001,antmaze,antmaze-large-play-v2,1,jax,0.001,,,5.0,,,,,False,,,,0.0003,0.0003,0.0003,method_variant:iql_amo_qweight_jax,1000000,,1000000,34.0,50,True,,amlp_s1_beta5_Tlr0p001__cc705863,ablation/iql_amo/antmaze-large-play-v2/1e-3/seed_1/amlp_s1_beta5_Tlr0p001__cc705863,/raid/ext_csv/AMO_store/iql_amo_qweight_jax_beta125_rho_loco_antmaze_seeds0to3/runs/iqlamo_qw_jax_am-l-p_b5_rho1em3_s1,ext_csv,ceffa5373681e09b20d5b513091bccd4d301a4eb
ablation,iql_amo,iql_amo_qweight_jax,beta5_Tlr0p001,antmaze,antmaze-large-play-v2,2,jax,0.001,,,5.0,,,,,False,,,,0.0003,0.0003,0.0003,method_variant:iql_amo_qweight_jax,,,,,,False,,amlp_s2_beta5_Tlr0p001__52c29283,ablation/iql_amo/antmaze-large-play-v2/1e-3/seed_2/amlp_s2_beta5_Tlr0p001__52c29283,/raid/ext_csv/AMO_store/iql_amo_qweight_jax_beta125_rho_loco_antmaze_seeds0to3/runs/iqlamo_qw_jax_am-l-p_b5_rho1em3_s2,ext_csv,ceffa5373681e09b20d5b513091bccd4d301a4eb
ablation,iql_amo,iql_amo_qweight_jax,beta1_Tlr0p002,antmaze,antmaze-large-play-v2,0,jax,0.002,,,1.0,,,,,False,,,,0.0003,0.0003,0.0003,method_variant:iql_amo_qweight_jax,1000000,,1000000,0.0,50,True,,amlp_s0_beta1_Tlr0p002__75afde7f,ablation/iql_amo/antmaze-large-play-v2/2e-3/seed_0/amlp_s0_beta1_Tlr0p002__75afde7f,/raid/ext_csv/AMO_store/iql_amo_qweight_jax_beta125_rho_loco_antmaze_seeds0to3/runs/iqlamo_qw_jax_am-l-p_b1_rho2em3_s0,ext_csv,ceffa5373681e09b20d5b513091bccd4d301a4eb
ablation,iql_amo,iql_amo_qweight_jax,beta2_Tlr0p002,antmaze,antmaze-large-play-v2,0,jax,0.002,,,2.0,,,,,False,,,,0.0003,0.0003,0.0003,method_variant:iql_amo_qweight_jax,1000000,,1000000,4.0,50,True,,amlp_s0_beta2_Tlr0p002__784b2040,ablation/iql_amo/antmaze-large-play-v2/2e-3/seed_0/amlp_s0_beta2_Tlr0p002__784b2040,/raid/ext_csv/AMO_store/iql_amo_qweight_jax_beta125_rho_loco_antmaze_seeds0to3/runs/iqlamo_qw_jax_am-l-p_b2_rho2em3_s0,ext_csv,ceffa5373681e09b20d5b513091bccd4d301a4eb
ablation,iql_amo,iql_amo_qweight_jax,beta5_Tlr0p002,antmaze,antmaze-large-play-v2,0,jax,0.002,,,5.0,,,,,False,,,,0.0003,0.0003,0.0003,method_variant:iql_amo_qweight_jax,1000000,,1000000,24.0,50,True,,amlp_s0_beta5_Tlr0p002__c05a4aeb,ablation/iql_amo/antmaze-large-play-v2/2e-3/seed_0/amlp_s0_beta5_Tlr0p002__c05a4aeb,/raid/ext_csv/AMO_store/iql_amo_qweight_jax_beta125_rho_loco_antmaze_seeds0to3/runs/iqlamo_qw_jax_am-l-p_b5_rho2em3_s0,ext_csv,ceffa5373681e09b20d5b513091bccd4d301a4eb
ablation,iql_amo,iql_amo_qweight_jax,beta1_Tlr0p002,antmaze,antmaze-large-play-v2,1,jax,0.002,,,1.0,,,,,False,,,,0.0003,0.0003,0.0003,method_variant:iql_amo_qweight_jax,1000000,,1000000,4.0,50,True,,amlp_s1_beta1_Tlr0p002__4675fa81,ablation/iql_amo/antmaze-large-play-v2/2e-3/seed_1/amlp_s1_beta1_Tlr0p002__4675fa81,/raid/ext_csv/AMO_store/iql_amo_qweight_jax_beta125_rho_loco_antmaze_seeds0to3/runs/iqlamo_qw_jax_am-l-p_b1_rho2em3_s1,ext_csv,ceffa5373681e09b20d5b513091bccd4d301a4eb
ablation,iql_amo,iql_amo_qweight_jax,beta2_Tlr0p002,antmaze,antmaze-large-play-v2,1,jax,0.002,,,2.0,,,,,False,,,,0.0003,0.0003,0.0003,method_variant:iql_amo_qweight_jax,1000000,,1000000,10.0,50,True,,amlp_s1_beta2_Tlr0p002__08a190bd,ablation/iql_amo/antmaze-large-play-v2/2e-3/seed_1/amlp_s1_beta2_Tlr0p002__08a190bd,/raid/ext_csv/AMO_store/iql_amo_qweight_jax_beta125_rho_loco_antmaze_seeds0to3/runs/iqlamo_qw_jax_am-l-p_b2_rho2em3_s1,ext_csv,ceffa5373681e09b20d5b513091bccd4d301a4eb
ablation,iql_amo,iql_amo_qweight_jax,beta5_Tlr0p002,antmaze,antmaze-large-play-v2,1,jax,0.002,,,5.0,,,,,False,,,,0.0003,0.0003,0.0003,method_variant:iql_amo_qweight_jax,1000000,,1000000,34.0,50,True,,amlp_s1_beta5_Tlr0p002__78ef5f2e,ablation/iql_amo/antmaze-large-play-v2/2e-3/seed_1/amlp_s1_beta5_Tlr0p002__78ef5f2e,/raid/ext_csv/AMO_store/iql_amo_qweight_jax_beta125_rho_loco_antmaze_seeds0to3/runs/iqlamo_qw_jax_am-l-p_b5_rho2em3_s1,ext_csv,ceffa5373681e09b20d5b513091bccd4d301a4eb
ablation,iql_amo,iql_amo_qweight_jax,beta1_Tlr0p0003,antmaze,antmaze-medium-diverse-v2,0,jax,0.0003,,,1.0,,,,,False,,,,0.0003,0.0003,0.0003,method_variant:iql_amo_qweight_jax,1000000,,1000000,6.0,50,True,,ammd_s0_beta1_Tlr0p0003__121710d3,ablation/iql_amo/antmaze-medium-diverse-v2/3e-4/seed_0/ammd_s0_beta1_Tlr0p0003__121710d3,/raid/ext_csv/AMO_store/iql_amo_qweight_jax_beta125_rho_loco_antmaze_seeds0to3/runs/iqlamo_qw_jax_am-m-div_b1_rho3em4_s0,ext_csv,ceffa5373681e09b20d5b513091bccd4d301a4eb
ablation,iql_amo,iql_amo_qweight_jax,beta2_Tlr0p0003,antmaze,antmaze-medium-diverse-v2,0,jax,0.0003,,,2.0,,,,,False,,,,0.0003,0.0003,0.0003,method_variant:iql_amo_qweight_jax,1000000,,1000000,46.0,50,True,,ammd_s0_beta2_Tlr0p0003__65c02bea,ablation/iql_amo/antmaze-medium-diverse-v2/3e-4/seed_0/ammd_s0_beta2_Tlr0p0003__65c02bea,/raid/ext_csv/AMO_store/iql_amo_qweight_jax_beta125_rho_loco_antmaze_seeds0to3/runs/iqlamo_qw_jax_am-m-div_b2_rho3em4_s0,ext_csv,ceffa5373681e09b20d5b513091bccd4d301a4eb
ablation,iql_amo,iql_amo_qweight_jax,beta5_Tlr0p0003,antmaze,antmaze-medium-diverse-v2,0,jax,0.0003,,,5.0,,,,,False,,,,0.0003,0.0003,0.0003,method_variant:iql_amo_qweight_jax,1000000,,1000000,56.00000000000001,50,True,,ammd_s0_beta5_Tlr0p0003__4802cca7,ablation/iql_amo/antmaze-medium-diverse-v2/3e-4/seed_0/ammd_s0_beta5_Tlr0p0003__4802cca7,/raid/ext_csv/AMO_store/iql_amo_qweight_jax_beta125_rho_loco_antmaze_seeds0to3/runs/iqlamo_qw_jax_am-m-div_b5_rho3em4_s0,ext_csv,ceffa5373681e09b20d5b513091bccd4d301a4eb
ablation,iql_amo,iql_amo_qweight_jax,beta1_Tlr0p0003,antmaze,antmaze-medium-diverse-v2,1,jax,0.0003,,,1.0,,,,,False,,,,0.0003,0.0003,0.0003,method_variant:iql_amo_qweight_jax,1000000,,1000000,22.0,50,True,,ammd_s1_beta1_Tlr0p0003__7f81ed20,ablation/iql_amo/antmaze-medium-diverse-v2/3e-4/seed_1/ammd_s1_beta1_Tlr0p0003__7f81ed20,/raid/ext_csv/AMO_store/iql_amo_qweight_jax_beta125_rho_loco_antmaze_seeds0to3/runs/iqlamo_qw_jax_am-m-div_b1_rho3em4_s1,ext_csv,ceffa5373681e09b20d5b513091bccd4d301a4eb
ablation,iql_amo,iql_amo_qweight_jax,beta2_Tlr0p0003,antmaze,antmaze-medium-diverse-v2,1,jax,0.0003,,,2.0,,,,,False,,,,0.0003,0.0003,0.0003,method_variant:iql_amo_qweight_jax,1000000,,1000000,40.0,50,True,,ammd_s1_beta2_Tlr0p0003__0284bb83,ablation/iql_amo/antmaze-medium-diverse-v2/3e-4/seed_1/ammd_s1_beta2_Tlr0p0003__0284bb83,/raid/ext_csv/AMO_store/iql_amo_qweight_jax_beta125_rho_loco_antmaze_seeds0to3/runs/iqlamo_qw_jax_am-m-div_b2_rho3em4_s1,ext_csv,ceffa5373681e09b20d5b513091bccd4d301a4eb
ablation,iql_amo,iql_amo_qweight_jax,beta5_Tlr0p0003,antmaze,antmaze-medium-diverse-v2,1,jax,0.0003,,,5.0,,,,,False,,,,0.0003,0.0003,0.0003,method_variant:iql_amo_qweight_jax,1000000,,1000000,54.0,50,True,,ammd_s1_beta5_Tlr0p0003__1dc06267,ablation/iql_amo/antmaze-medium-diverse-v2/3e-4/seed_1/ammd_s1_beta5_Tlr0p0003__1dc06267,/raid/ext_csv/AMO_store/iql_amo_qweight_jax_beta125_rho_loco_antmaze_seeds0to3/runs/iqlamo_qw_jax_am-m-div_b5_rho3em4_s1,ext_csv,ceffa5373681e09b20d5b513091bccd4d301a4eb
ablation,iql_amo,iql_amo_qweight_jax,beta5_Tlr0p0003,antmaze,antmaze-medium-diverse-v2,2,jax,0.0003,,,5.0,,,,,False,,,,0.0003,0.0003,0.0003,method_variant:iql_amo_qweight_jax,,,,,,False,,ammd_s2_beta5_Tlr0p0003__40cbbf56,ablation/iql_amo/antmaze-medium-diverse-v2/3e-4/seed_2/ammd_s2_beta5_Tlr0p0003__40cbbf56,/raid/ext_csv/AMO_store/iql_amo_qweight_jax_beta125_rho_loco_antmaze_seeds0to3/runs/iqlamo_qw_jax_am-m-div_b5_rho3em4_s2,ext_csv,ceffa5373681e09b20d5b513091bccd4d301a4eb
ablation,iql_amo,iql_amo_qweight_jax,beta1_Tlr0p001,antmaze,antmaze-medium-diverse-v2,0,jax,0.001,,,1.0,,,,,False,,,,0.0003,0.0003,0.0003,method_variant:iql_amo_qweight_jax,1000000,,1000000,14.000000000000002,50,True,,ammd_s0_beta1_Tlr0p001__f67db8ff,ablation/iql_amo/antmaze-medium-diverse-v2/1e-3/seed_0/ammd_s0_beta1_Tlr0p001__f67db8ff,/raid/ext_csv/AMO_store/iql_amo_qweight_jax_beta125_rho_loco_antmaze_seeds0to3/runs/iqlamo_qw_jax_am-m-div_b1_rho1em3_s0,ext_csv,ceffa5373681e09b20d5b513091bccd4d301a4eb
ablation,iql_amo,iql_amo_qweight_jax,beta2_Tlr0p001,antmaze,antmaze-medium-diverse-v2,0,jax,0.001,,,2.0,,,,,False,,,,0.0003,0.0003,0.0003,method_variant:iql_amo_qweight_jax,1000000,,1000000,56.00000000000001,50,True,,ammd_s0_beta2_Tlr0p001__30bc9d00,ablation/iql_amo/antmaze-medium-diverse-v2/1e-3/seed_0/ammd_s0_beta2_Tlr0p001__30bc9d00,/raid/ext_csv/AMO_store/iql_amo_qweight_jax_beta125_rho_loco_antmaze_seeds0to3/runs/iqlamo_qw_jax_am-m-div_b2_rho1em3_s0,ext_csv,ceffa5373681e09b20d5b513091bccd4d301a4eb
ablation,iql_amo,iql_amo_qweight_jax,beta5_Tlr0p001,antmaze,antmaze-medium-diverse-v2,0,jax,0.001,,,5.0,,,,,False,,,,0.0003,0.0003,0.0003,method_variant:iql_amo_qweight_jax,1000000,,1000000,48.0,50,True,,ammd_s0_beta5_Tlr0p001__25618d0e,ablation/iql_amo/antmaze-medium-diverse-v2/1e-3/seed_0/ammd_s0_beta5_Tlr0p001__25618d0e,/raid/ext_csv/AMO_store/iql_amo_qweight_jax_beta125_rho_loco_antmaze_seeds0to3/runs/iqlamo_qw_jax_am-m-div_b5_rho1em3_s0,ext_csv,ceffa5373681e09b20d5b513091bccd4d301a4eb
ablation,iql_amo,iql_amo_qweight_jax,beta1_Tlr0p001,antmaze,antmaze-medium-diverse-v2,1,jax,0.001,,,1.0,,,,,False,,,,0.0003,0.0003,0.0003,method_variant:iql_amo_qweight_jax,1000000,,1000000,30.0,50,True,,ammd_s1_beta1_Tlr0p001__9506ac63,ablation/iql_amo/antmaze-medium-diverse-v2/1e-3/seed_1/ammd_s1_beta1_Tlr0p001__9506ac63,/raid/ext_csv/AMO_store/iql_amo_qweight_jax_beta125_rho_loco_antmaze_seeds0to3/runs/iqlamo_qw_jax_am-m-div_b1_rho1em3_s1,ext_csv,ceffa5373681e09b20d5b513091bccd4d301a4eb
ablation,iql_amo,iql_amo_qweight_jax,beta2_Tlr0p001,antmaze,antmaze-medium-diverse-v2,1,jax,0.001,,,2.0,,,,,False,,,,0.0003,0.0003,0.0003,method_variant:iql_amo_qweight_jax,1000000,,1000000,30.0,50,True,,ammd_s1_beta2_Tlr0p001__2b715182,ablation/iql_amo/antmaze-medium-diverse-v2/1e-3/seed_1/ammd_s1_beta2_Tlr0p001__2b715182,/raid/ext_csv/AMO_store/iql_amo_qweight_jax_beta125_rho_loco_antmaze_seeds0to3/runs/iqlamo_qw_jax_am-m-div_b2_rho1em3_s1,ext_csv,ceffa5373681e09b20d5b513091bccd4d301a4eb
ablation,iql_amo,iql_amo_qweight_jax,beta5_Tlr0p001,antmaze,antmaze-medium-diverse-v2,1,jax,0.001,,,5.0,,,,,False,,,,0.0003,0.0003,0.0003,method_variant:iql_amo_qweight_jax,1000000,,1000000,50.0,50,True,,ammd_s1_beta5_Tlr0p001__28acc6a0,ablation/iql_amo/antmaze-medium-diverse-v2/1e-3/seed_1/ammd_s1_beta5_Tlr0p001__28acc6a0,/raid/ext_csv/AMO_store/iql_amo_qweight_jax_beta125_rho_loco_antmaze_seeds0to3/runs/iqlamo_qw_jax_am-m-div_b5_rho1em3_s1,ext_csv,ceffa5373681e09b20d5b513091bccd4d301a4eb
ablation,iql_amo,iql_amo_qweight_jax,beta5_Tlr0p001,antmaze,antmaze-medium-diverse-v2,2,jax,0.001,,,5.0,,,,,False,,,,0.0003,0.0003,0.0003,method_variant:iql_amo_qweight_jax,,,,,,False,,ammd_s2_beta5_Tlr0p001__7e66c8a6,ablation/iql_amo/antmaze-medium-diverse-v2/1e-3/seed_2/ammd_s2_beta5_Tlr0p001__7e66c8a6,/raid/ext_csv/AMO_store/iql_amo_qweight_jax_beta125_rho_loco_antmaze_seeds0to3/runs/iqlamo_qw_jax_am-m-div_b5_rho1em3_s2,ext_csv,ceffa5373681e09b20d5b513091bccd4d301a4eb
ablation,iql_amo,iql_amo_qweight_jax,beta1_Tlr0p002,antmaze,antmaze-medium-diverse-v2,0,jax,0.002,,,1.0,,,,,False,,,,0.0003,0.0003,0.0003,method_variant:iql_amo_qweight_jax,1000000,,1000000,8.0,50,True,,ammd_s0_beta1_Tlr0p002__24b1c7bb,ablation/iql_amo/antmaze-medium-diverse-v2/2e-3/seed_0/ammd_s0_beta1_Tlr0p002__24b1c7bb,/raid/ext_csv/AMO_store/iql_amo_qweight_jax_beta125_rho_loco_antmaze_seeds0to3/runs/iqlamo_qw_jax_am-m-div_b1_rho2em3_s0,ext_csv,ceffa5373681e09b20d5b513091bccd4d301a4eb
ablation,iql_amo,iql_amo_qweight_jax,beta2_Tlr0p002,antmaze,antmaze-medium-diverse-v2,0,jax,0.002,,,2.0,,,,,False,,,,0.0003,0.0003,0.0003,method_variant:iql_amo_qweight_jax,1000000,,1000000,44.0,50,True,,ammd_s0_beta2_Tlr0p002__707a022b,ablation/iql_amo/antmaze-medium-diverse-v2/2e-3/seed_0/ammd_s0_beta2_Tlr0p002__707a022b,/raid/ext_csv/AMO_store/iql_amo_qweight_jax_beta125_rho_loco_antmaze_seeds0to3/runs/iqlamo_qw_jax_am-m-div_b2_rho2em3_s0,ext_csv,ceffa5373681e09b20d5b513091bccd4d301a4eb
ablation,iql_amo,iql_amo_qweight_jax,beta5_Tlr0p002,antmaze,antmaze-medium-diverse-v2,0,jax,0.002,,,5.0,,,,,False,,,,0.0003,0.0003,0.0003,method_variant:iql_amo_qweight_jax,1000000,,1000000,57.99999999999999,50,True,,ammd_s0_beta5_Tlr0p002__3002f2e1,ablation/iql_amo/antmaze-medium-diverse-v2/2e-3/seed_0/ammd_s0_beta5_Tlr0p002__3002f2e1,/raid/ext_csv/AMO_store/iql_amo_qweight_jax_beta125_rho_loco_antmaze_seeds0to3/runs/iqlamo_qw_jax_am-m-div_b5_rho2em3_s0,ext_csv,ceffa5373681e09b20d5b513091bccd4d301a4eb
ablation,iql_amo,iql_amo_qweight_jax,beta1_Tlr0p002,antmaze,antmaze-medium-diverse-v2,1,jax,0.002,,,1.0,,,,,False,,,,0.0003,0.0003,0.0003,method_variant:iql_amo_qweight_jax,1000000,,1000000,14.000000000000002,50,True,,ammd_s1_beta1_Tlr0p002__b73d8abe,ablation/iql_amo/antmaze-medium-diverse-v2/2e-3/seed_1/ammd_s1_beta1_Tlr0p002__b73d8abe,/raid/ext_csv/AMO_store/iql_amo_qweight_jax_beta125_rho_loco_antmaze_seeds0to3/runs/iqlamo_qw_jax_am-m-div_b1_rho2em3_s1,ext_csv,ceffa5373681e09b20d5b513091bccd4d301a4eb
ablation,iql_amo,iql_amo_qweight_jax,beta2_Tlr0p002,antmaze,antmaze-medium-diverse-v2,1,jax,0.002,,,2.0,,,,,False,,,,0.0003,0.0003,0.0003,method_variant:iql_amo_qweight_jax,1000000,,1000000,30.0,50,True,,ammd_s1_beta2_Tlr0p002__4409e0dc,ablation/iql_amo/antmaze-medium-diverse-v2/2e-3/seed_1/ammd_s1_beta2_Tlr0p002__4409e0dc,/raid/ext_csv/AMO_store/iql_amo_qweight_jax_beta125_rho_loco_antmaze_seeds0to3/runs/iqlamo_qw_jax_am-m-div_b2_rho2em3_s1,ext_csv,ceffa5373681e09b20d5b513091bccd4d301a4eb
ablation,iql_amo,iql_amo_qweight_jax,beta5_Tlr0p002,antmaze,antmaze-medium-diverse-v2,1,jax,0.002,,,5.0,,,,,False,,,,0.0003,0.0003,0.0003,method_variant:iql_amo_qweight_jax,1000000,,1000000,57.99999999999999,50,True,,ammd_s1_beta5_Tlr0p002__2924f2f0,ablation/iql_amo/antmaze-medium-diverse-v2/2e-3/seed_1/ammd_s1_beta5_Tlr0p002__2924f2f0,/raid/ext_csv/AMO_store/iql_amo_qweight_jax_beta125_rho_loco_antmaze_seeds0to3/runs/iqlamo_qw_jax_am-m-div_b5_rho2em3_s1,ext_csv,ceffa5373681e09b20d5b513091bccd4d301a4eb
ablation,iql_amo,iql_amo_qweight_jax,beta5_Tlr0p002,antmaze,antmaze-medium-diverse-v2,2,jax,0.002,,,5.0,,,,,False,,,,0.0003,0.0003,0.0003,method_variant:iql_amo_qweight_jax,,,,,,False,,ammd_s2_beta5_Tlr0p002__c0be5504,ablation/iql_amo/antmaze-medium-diverse-v2/2e-3/seed_2/ammd_s2_beta5_Tlr0p002__c0be5504,/raid/ext_csv/AMO_store/iql_amo_qweight_jax_beta125_rho_loco_antmaze_seeds0to3/runs/iqlamo_qw_jax_am-m-div_b5_rho2em3_s2,ext_csv,ceffa5373681e09b20d5b513091bccd4d301a4eb
ablation,iql_amo,iql_amo_qweight_jax,beta1_Tlr0p0003,antmaze,antmaze-medium-play-v2,0,jax,0.0003,,,1.0,,,,,False,,,,0.0003,0.0003,0.0003,method_variant:iql_amo_qweight_jax,1000000,,1000000,34.0,50,True,,ammp_s0_beta1_Tlr0p0003__b43a7da8,ablation/iql_amo/antmaze-medium-play-v2/3e-4/seed_0/ammp_s0_beta1_Tlr0p0003__b43a7da8,/raid/ext_csv/AMO_store/iql_amo_qweight_jax_beta125_rho_loco_antmaze_seeds0to3/runs/iqlamo_qw_jax_am-m-p_b1_rho3em4_s0,ext_csv,ceffa5373681e09b20d5b513091bccd4d301a4eb
ablation,iql_amo,iql_amo_qweight_jax,beta2_Tlr0p0003,antmaze,antmaze-medium-play-v2,0,jax,0.0003,,,2.0,,,,,False,,,,0.0003,0.0003,0.0003,method_variant:iql_amo_qweight_jax,1000000,,1000000,34.0,50,True,,ammp_s0_beta2_Tlr0p0003__2d355e77,ablation/iql_amo/antmaze-medium-play-v2/3e-4/seed_0/ammp_s0_beta2_Tlr0p0003__2d355e77,/raid/ext_csv/AMO_store/iql_amo_qweight_jax_beta125_rho_loco_antmaze_seeds0to3/runs/iqlamo_qw_jax_am-m-p_b2_rho3em4_s0,ext_csv,ceffa5373681e09b20d5b513091bccd4d301a4eb
ablation,iql_amo,iql_amo_qweight_jax,beta5_Tlr0p0003,antmaze,antmaze-medium-play-v2,0,jax,0.0003,,,5.0,,,,,False,,,,0.0003,0.0003,0.0003,method_variant:iql_amo_qweight_jax,1000000,,1000000,54.0,50,True,,ammp_s0_beta5_Tlr0p0003__d535a6f5,ablation/iql_amo/antmaze-medium-play-v2/3e-4/seed_0/ammp_s0_beta5_Tlr0p0003__d535a6f5,/raid/ext_csv/AMO_store/iql_amo_qweight_jax_beta125_rho_loco_antmaze_seeds0to3/runs/iqlamo_qw_jax_am-m-p_b5_rho3em4_s0,ext_csv,ceffa5373681e09b20d5b513091bccd4d301a4eb
ablation,iql_amo,iql_amo_qweight_jax,beta1_Tlr0p0003,antmaze,antmaze-medium-play-v2,1,jax,0.0003,,,1.0,,,,,False,,,,0.0003,0.0003,0.0003,method_variant:iql_amo_qweight_jax,1000000,,1000000,14.000000000000002,50,True,,ammp_s1_beta1_Tlr0p0003__280dd55e,ablation/iql_amo/antmaze-medium-play-v2/3e-4/seed_1/ammp_s1_beta1_Tlr0p0003__280dd55e,/raid/ext_csv/AMO_store/iql_amo_qweight_jax_beta125_rho_loco_antmaze_seeds0to3/runs/iqlamo_qw_jax_am-m-p_b1_rho3em4_s1,ext_csv,ceffa5373681e09b20d5b513091bccd4d301a4eb
ablation,iql_amo,iql_amo_qweight_jax,beta2_Tlr0p0003,antmaze,antmaze-medium-play-v2,1,jax,0.0003,,,2.0,,,,,False,,,,0.0003,0.0003,0.0003,method_variant:iql_amo_qweight_jax,1000000,,1000000,56.00000000000001,50,True,,ammp_s1_beta2_Tlr0p0003__b6215faf,ablation/iql_amo/antmaze-medium-play-v2/3e-4/seed_1/ammp_s1_beta2_Tlr0p0003__b6215faf,/raid/ext_csv/AMO_store/iql_amo_qweight_jax_beta125_rho_loco_antmaze_seeds0to3/runs/iqlamo_qw_jax_am-m-p_b2_rho3em4_s1,ext_csv,ceffa5373681e09b20d5b513091bccd4d301a4eb
ablation,iql_amo,iql_amo_qweight_jax,beta5_Tlr0p0003,antmaze,antmaze-medium-play-v2,1,jax,0.0003,,,5.0,,,,,False,,,,0.0003,0.0003,0.0003,method_variant:iql_amo_qweight_jax,1000000,,1000000,64.0,50,True,,ammp_s1_beta5_Tlr0p0003__132b5233,ablation/iql_amo/antmaze-medium-play-v2/3e-4/seed_1/ammp_s1_beta5_Tlr0p0003__132b5233,/raid/ext_csv/AMO_store/iql_amo_qweight_jax_beta125_rho_loco_antmaze_seeds0to3/runs/iqlamo_qw_jax_am-m-p_b5_rho3em4_s1,ext_csv,ceffa5373681e09b20d5b513091bccd4d301a4eb
ablation,iql_amo,iql_amo_qweight_jax,beta5_Tlr0p0003,antmaze,antmaze-medium-play-v2,2,jax,0.0003,,,5.0,,,,,False,,,,0.0003,0.0003,0.0003,method_variant:iql_amo_qweight_jax,,,,,,False,,ammp_s2_beta5_Tlr0p0003__08aa4369,ablation/iql_amo/antmaze-medium-play-v2/3e-4/seed_2/ammp_s2_beta5_Tlr0p0003__08aa4369,/raid/ext_csv/AMO_store/iql_amo_qweight_jax_beta125_rho_loco_antmaze_seeds0to3/runs/iqlamo_qw_jax_am-m-p_b5_rho3em4_s2,ext_csv,ceffa5373681e09b20d5b513091bccd4d301a4eb
ablation,iql_amo,iql_amo_qweight_jax,beta1_Tlr0p001,antmaze,antmaze-medium-play-v2,0,jax,0.001,,,1.0,,,,,False,,,,0.0003,0.0003,0.0003,method_variant:iql_amo_qweight_jax,1000000,,1000000,18.0,50,True,,ammp_s0_beta1_Tlr0p001__18f8dca2,ablation/iql_amo/antmaze-medium-play-v2/1e-3/seed_0/ammp_s0_beta1_Tlr0p001__18f8dca2,/raid/ext_csv/AMO_store/iql_amo_qweight_jax_beta125_rho_loco_antmaze_seeds0to3/runs/iqlamo_qw_jax_am-m-p_b1_rho1em3_s0,ext_csv,ceffa5373681e09b20d5b513091bccd4d301a4eb
ablation,iql_amo,iql_amo_qweight_jax,beta2_Tlr0p001,antmaze,antmaze-medium-play-v2,0,jax,0.001,,,2.0,,,,,False,,,,0.0003,0.0003,0.0003,method_variant:iql_amo_qweight_jax,1000000,,1000000,44.0,50,True,,ammp_s0_beta2_Tlr0p001__4131982c,ablation/iql_amo/antmaze-medium-play-v2/1e-3/seed_0/ammp_s0_beta2_Tlr0p001__4131982c,/raid/ext_csv/AMO_store/iql_amo_qweight_jax_beta125_rho_loco_antmaze_seeds0to3/runs/iqlamo_qw_jax_am-m-p_b2_rho1em3_s0,ext_csv,ceffa5373681e09b20d5b513091bccd4d301a4eb
ablation,iql_amo,iql_amo_qweight_jax,beta5_Tlr0p001,antmaze,antmaze-medium-play-v2,0,jax,0.001,,,5.0,,,,,False,,,,0.0003,0.0003,0.0003,method_variant:iql_amo_qweight_jax,1000000,,1000000,56.00000000000001,50,True,,ammp_s0_beta5_Tlr0p001__824f4022,ablation/iql_amo/antmaze-medium-play-v2/1e-3/seed_0/ammp_s0_beta5_Tlr0p001__824f4022,/raid/ext_csv/AMO_store/iql_amo_qweight_jax_beta125_rho_loco_antmaze_seeds0to3/runs/iqlamo_qw_jax_am-m-p_b5_rho1em3_s0,ext_csv,ceffa5373681e09b20d5b513091bccd4d301a4eb
ablation,iql_amo,iql_amo_qweight_jax,beta1_Tlr0p001,antmaze,antmaze-medium-play-v2,1,jax,0.001,,,1.0,,,,,False,,,,0.0003,0.0003,0.0003,method_variant:iql_amo_qweight_jax,1000000,,1000000,18.0,50,True,,ammp_s1_beta1_Tlr0p001__964dc516,ablation/iql_amo/antmaze-medium-play-v2/1e-3/seed_1/ammp_s1_beta1_Tlr0p001__964dc516,/raid/ext_csv/AMO_store/iql_amo_qweight_jax_beta125_rho_loco_antmaze_seeds0to3/runs/iqlamo_qw_jax_am-m-p_b1_rho1em3_s1,ext_csv,ceffa5373681e09b20d5b513091bccd4d301a4eb
ablation,iql_amo,iql_amo_qweight_jax,beta2_Tlr0p001,antmaze,antmaze-medium-play-v2,1,jax,0.001,,,2.0,,,,,False,,,,0.0003,0.0003,0.0003,method_variant:iql_amo_qweight_jax,1000000,,1000000,60.0,50,True,,ammp_s1_beta2_Tlr0p001__c9876aa2,ablation/iql_amo/antmaze-medium-play-v2/1e-3/seed_1/ammp_s1_beta2_Tlr0p001__c9876aa2,/raid/ext_csv/AMO_store/iql_amo_qweight_jax_beta125_rho_loco_antmaze_seeds0to3/runs/iqlamo_qw_jax_am-m-p_b2_rho1em3_s1,ext_csv,ceffa5373681e09b20d5b513091bccd4d301a4eb
ablation,iql_amo,iql_amo_qweight_jax,beta5_Tlr0p001,antmaze,antmaze-medium-play-v2,1,jax,0.001,,,5.0,,,,,False,,,,0.0003,0.0003,0.0003,method_variant:iql_amo_qweight_jax,1000000,,1000000,52.0,50,True,,ammp_s1_beta5_Tlr0p001__deb2fdf8,ablation/iql_amo/antmaze-medium-play-v2/1e-3/seed_1/ammp_s1_beta5_Tlr0p001__deb2fdf8,/raid/ext_csv/AMO_store/iql_amo_qweight_jax_beta125_rho_loco_antmaze_seeds0to3/runs/iqlamo_qw_jax_am-m-p_b5_rho1em3_s1,ext_csv,ceffa5373681e09b20d5b513091bccd4d301a4eb
ablation,iql_amo,iql_amo_qweight_jax,beta5_Tlr0p001,antmaze,antmaze-medium-play-v2,2,jax,0.001,,,5.0,,,,,False,,,,0.0003,0.0003,0.0003,method_variant:iql_amo_qweight_jax,,,,,,False,,ammp_s2_beta5_Tlr0p001__85e20a5a,ablation/iql_amo/antmaze-medium-play-v2/1e-3/seed_2/ammp_s2_beta5_Tlr0p001__85e20a5a,/raid/ext_csv/AMO_store/iql_amo_qweight_jax_beta125_rho_loco_antmaze_seeds0to3/runs/iqlamo_qw_jax_am-m-p_b5_rho1em3_s2,ext_csv,ceffa5373681e09b20d5b513091bccd4d301a4eb
ablation,iql_amo,iql_amo_qweight_jax,beta1_Tlr0p002,antmaze,antmaze-medium-play-v2,0,jax,0.002,,,1.0,,,,,False,,,,0.0003,0.0003,0.0003,method_variant:iql_amo_qweight_jax,1000000,,1000000,22.0,50,True,,ammp_s0_beta1_Tlr0p002__255bd644,ablation/iql_amo/antmaze-medium-play-v2/2e-3/seed_0/ammp_s0_beta1_Tlr0p002__255bd644,/raid/ext_csv/AMO_store/iql_amo_qweight_jax_beta125_rho_loco_antmaze_seeds0to3/runs/iqlamo_qw_jax_am-m-p_b1_rho2em3_s0,ext_csv,ceffa5373681e09b20d5b513091bccd4d301a4eb
ablation,iql_amo,iql_amo_qweight_jax,beta2_Tlr0p002,antmaze,antmaze-medium-play-v2,0,jax,0.002,,,2.0,,,,,False,,,,0.0003,0.0003,0.0003,method_variant:iql_amo_qweight_jax,1000000,,1000000,38.0,50,True,,ammp_s0_beta2_Tlr0p002__a086597c,ablation/iql_amo/antmaze-medium-play-v2/2e-3/seed_0/ammp_s0_beta2_Tlr0p002__a086597c,/raid/ext_csv/AMO_store/iql_amo_qweight_jax_beta125_rho_loco_antmaze_seeds0to3/runs/iqlamo_qw_jax_am-m-p_b2_rho2em3_s0,ext_csv,ceffa5373681e09b20d5b513091bccd4d301a4eb
ablation,iql_amo,iql_amo_qweight_jax,beta5_Tlr0p002,antmaze,antmaze-medium-play-v2,0,jax,0.002,,,5.0,,,,,False,,,,0.0003,0.0003,0.0003,method_variant:iql_amo_qweight_jax,1000000,,1000000,50.0,50,True,,ammp_s0_beta5_Tlr0p002__28d5dcce,ablation/iql_amo/antmaze-medium-play-v2/2e-3/seed_0/ammp_s0_beta5_Tlr0p002__28d5dcce,/raid/ext_csv/AMO_store/iql_amo_qweight_jax_beta125_rho_loco_antmaze_seeds0to3/runs/iqlamo_qw_jax_am-m-p_b5_rho2em3_s0,ext_csv,ceffa5373681e09b20d5b513091bccd4d301a4eb
ablation,iql_amo,iql_amo_qweight_jax,beta1_Tlr0p002,antmaze,antmaze-medium-play-v2,1,jax,0.002,,,1.0,,,,,False,,,,0.0003,0.0003,0.0003,method_variant:iql_amo_qweight_jax,1000000,,1000000,24.0,50,True,,ammp_s1_beta1_Tlr0p002__07e1e806,ablation/iql_amo/antmaze-medium-play-v2/2e-3/seed_1/ammp_s1_beta1_Tlr0p002__07e1e806,/raid/ext_csv/AMO_store/iql_amo_qweight_jax_beta125_rho_loco_antmaze_seeds0to3/runs/iqlamo_qw_jax_am-m-p_b1_rho2em3_s1,ext_csv,ceffa5373681e09b20d5b513091bccd4d301a4eb
ablation,iql_amo,iql_amo_qweight_jax,beta2_Tlr0p002,antmaze,antmaze-medium-play-v2,1,jax,0.002,,,2.0,,,,,False,,,,0.0003,0.0003,0.0003,method_variant:iql_amo_qweight_jax,1000000,,1000000,48.0,50,True,,ammp_s1_beta2_Tlr0p002__74ea8e0e,ablation/iql_amo/antmaze-medium-play-v2/2e-3/seed_1/ammp_s1_beta2_Tlr0p002__74ea8e0e,/raid/ext_csv/AMO_store/iql_amo_qweight_jax_beta125_rho_loco_antmaze_seeds0to3/runs/iqlamo_qw_jax_am-m-p_b2_rho2em3_s1,ext_csv,ceffa5373681e09b20d5b513091bccd4d301a4eb
ablation,iql_amo,iql_amo_qweight_jax,beta5_Tlr0p002,antmaze,antmaze-medium-play-v2,1,jax,0.002,,,5.0,,,,,False,,,,0.0003,0.0003,0.0003,method_variant:iql_amo_qweight_jax,1000000,,1000000,54.0,50,True,,ammp_s1_beta5_Tlr0p002__4195a12c,ablation/iql_amo/antmaze-medium-play-v2/2e-3/seed_1/ammp_s1_beta5_Tlr0p002__4195a12c,/raid/ext_csv/AMO_store/iql_amo_qweight_jax_beta125_rho_loco_antmaze_seeds0to3/runs/iqlamo_qw_jax_am-m-p_b5_rho2em3_s1,ext_csv,ceffa5373681e09b20d5b513091bccd4d301a4eb
ablation,iql_amo,iql_amo_qweight_jax,beta5_Tlr0p002,antmaze,antmaze-medium-play-v2,2,jax,0.002,,,5.0,,,,,False,,,,0.0003,0.0003,0.0003,method_variant:iql_amo_qweight_jax,,,,,,False,,ammp_s2_beta5_Tlr0p002__46a46b95,ablation/iql_amo/antmaze-medium-play-v2/2e-3/seed_2/ammp_s2_beta5_Tlr0p002__46a46b95,/raid/ext_csv/AMO_store/iql_amo_qweight_jax_beta125_rho_loco_antmaze_seeds0to3/runs/iqlamo_qw_jax_am-m-p_b5_rho2em3_s2,ext_csv,ceffa5373681e09b20d5b513091bccd4d301a4eb
ablation,iql_amo,iql_amo_qweight_jax,beta1_Tlr0p0003,antmaze,antmaze-umaze-diverse-v2,0,jax,0.0003,,,1.0,,,,,False,,,,0.0003,0.0003,0.0003,method_variant:iql_amo_qweight_jax,1000000,,1000000,38.0,50,True,,amud_s0_beta1_Tlr0p0003__4520c57a,ablation/iql_amo/antmaze-umaze-diverse-v2/3e-4/seed_0/amud_s0_beta1_Tlr0p0003__4520c57a,/raid/ext_csv/AMO_store/iql_amo_qweight_jax_beta125_rho_loco_antmaze_seeds0to3/runs/iqlamo_qw_jax_am-u-div_b1_rho3em4_s0,ext_csv,ceffa5373681e09b20d5b513091bccd4d301a4eb
ablation,iql_amo,iql_amo_qweight_jax,beta2_Tlr0p0003,antmaze,antmaze-umaze-diverse-v2,0,jax,0.0003,,,2.0,,,,,False,,,,0.0003,0.0003,0.0003,method_variant:iql_amo_qweight_jax,1000000,,1000000,42.0,50,True,,amud_s0_beta2_Tlr0p0003__9cf718c1,ablation/iql_amo/antmaze-umaze-diverse-v2/3e-4/seed_0/amud_s0_beta2_Tlr0p0003__9cf718c1,/raid/ext_csv/AMO_store/iql_amo_qweight_jax_beta125_rho_loco_antmaze_seeds0to3/runs/iqlamo_qw_jax_am-u-div_b2_rho3em4_s0,ext_csv,ceffa5373681e09b20d5b513091bccd4d301a4eb
ablation,iql_amo,iql_amo_qweight_jax,beta5_Tlr0p0003,antmaze,antmaze-umaze-diverse-v2,0,jax,0.0003,,,5.0,,,,,False,,,,0.0003,0.0003,0.0003,method_variant:iql_amo_qweight_jax,1000000,,1000000,57.99999999999999,50,True,,amud_s0_beta5_Tlr0p0003__79a39453,ablation/iql_amo/antmaze-umaze-diverse-v2/3e-4/seed_0/amud_s0_beta5_Tlr0p0003__79a39453,/raid/ext_csv/AMO_store/iql_amo_qweight_jax_beta125_rho_loco_antmaze_seeds0to3/runs/iqlamo_qw_jax_am-u-div_b5_rho3em4_s0,ext_csv,ceffa5373681e09b20d5b513091bccd4d301a4eb
ablation,iql_amo,iql_amo_qweight_jax,beta1_Tlr0p0003,antmaze,antmaze-umaze-diverse-v2,1,jax,0.0003,,,1.0,,,,,False,,,,0.0003,0.0003,0.0003,method_variant:iql_amo_qweight_jax,1000000,,1000000,44.0,50,True,,amud_s1_beta1_Tlr0p0003__1d1761e6,ablation/iql_amo/antmaze-umaze-diverse-v2/3e-4/seed_1/amud_s1_beta1_Tlr0p0003__1d1761e6,/raid/ext_csv/AMO_store/iql_amo_qweight_jax_beta125_rho_loco_antmaze_seeds0to3/runs/iqlamo_qw_jax_am-u-div_b1_rho3em4_s1,ext_csv,ceffa5373681e09b20d5b513091bccd4d301a4eb
ablation,iql_amo,iql_amo_qweight_jax,beta2_Tlr0p0003,antmaze,antmaze-umaze-diverse-v2,1,jax,0.0003,,,2.0,,,,,False,,,,0.0003,0.0003,0.0003,method_variant:iql_amo_qweight_jax,1000000,,1000000,36.0,50,True,,amud_s1_beta2_Tlr0p0003__d5042c9c,ablation/iql_amo/antmaze-umaze-diverse-v2/3e-4/seed_1/amud_s1_beta2_Tlr0p0003__d5042c9c,/raid/ext_csv/AMO_store/iql_amo_qweight_jax_beta125_rho_loco_antmaze_seeds0to3/runs/iqlamo_qw_jax_am-u-div_b2_rho3em4_s1,ext_csv,ceffa5373681e09b20d5b513091bccd4d301a4eb
ablation,iql_amo,iql_amo_qweight_jax,beta5_Tlr0p0003,antmaze,antmaze-umaze-diverse-v2,1,jax,0.0003,,,5.0,,,,,False,,,,0.0003,0.0003,0.0003,method_variant:iql_amo_qweight_jax,1000000,,1000000,70.0,50,True,,amud_s1_beta5_Tlr0p0003__3ee2c5eb,ablation/iql_amo/antmaze-umaze-diverse-v2/3e-4/seed_1/amud_s1_beta5_Tlr0p0003__3ee2c5eb,/raid/ext_csv/AMO_store/iql_amo_qweight_jax_beta125_rho_loco_antmaze_seeds0to3/runs/iqlamo_qw_jax_am-u-div_b5_rho3em4_s1,ext_csv,ceffa5373681e09b20d5b513091bccd4d301a4eb
ablation,iql_amo,iql_amo_qweight_jax,beta5_Tlr0p0003,antmaze,antmaze-umaze-diverse-v2,2,jax,0.0003,,,5.0,,,,,False,,,,0.0003,0.0003,0.0003,method_variant:iql_amo_qweight_jax,,,,,,False,,amud_s2_beta5_Tlr0p0003__1d27aad1,ablation/iql_amo/antmaze-umaze-diverse-v2/3e-4/seed_2/amud_s2_beta5_Tlr0p0003__1d27aad1,/raid/ext_csv/AMO_store/iql_amo_qweight_jax_beta125_rho_loco_antmaze_seeds0to3/runs/iqlamo_qw_jax_am-u-div_b5_rho3em4_s2,ext_csv,ceffa5373681e09b20d5b513091bccd4d301a4eb
ablation,iql_amo,iql_amo_qweight_jax,beta1_Tlr0p001,antmaze,antmaze-umaze-diverse-v2,0,jax,0.001,,,1.0,,,,,False,,,,0.0003,0.0003,0.0003,method_variant:iql_amo_qweight_jax,1000000,,1000000,44.0,50,True,,amud_s0_beta1_Tlr0p001__aa267ec5,ablation/iql_amo/antmaze-umaze-diverse-v2/1e-3/seed_0/amud_s0_beta1_Tlr0p001__aa267ec5,/raid/ext_csv/AMO_store/iql_amo_qweight_jax_beta125_rho_loco_antmaze_seeds0to3/runs/iqlamo_qw_jax_am-u-div_b1_rho1em3_s0,ext_csv,ceffa5373681e09b20d5b513091bccd4d301a4eb
ablation,iql_amo,iql_amo_qweight_jax,beta2_Tlr0p001,antmaze,antmaze-umaze-diverse-v2,0,jax,0.001,,,2.0,,,,,False,,,,0.0003,0.0003,0.0003,method_variant:iql_amo_qweight_jax,1000000,,1000000,36.0,50,True,,amud_s0_beta2_Tlr0p001__a5cace78,ablation/iql_amo/antmaze-umaze-diverse-v2/1e-3/seed_0/amud_s0_beta2_Tlr0p001__a5cace78,/raid/ext_csv/AMO_store/iql_amo_qweight_jax_beta125_rho_loco_antmaze_seeds0to3/runs/iqlamo_qw_jax_am-u-div_b2_rho1em3_s0,ext_csv,ceffa5373681e09b20d5b513091bccd4d301a4eb
ablation,iql_amo,iql_amo_qweight_jax,beta5_Tlr0p001,antmaze,antmaze-umaze-diverse-v2,0,jax,0.001,,,5.0,,,,,False,,,,0.0003,0.0003,0.0003,method_variant:iql_amo_qweight_jax,1000000,,1000000,54.0,50,True,,amud_s0_beta5_Tlr0p001__c663d9a1,ablation/iql_amo/antmaze-umaze-diverse-v2/1e-3/seed_0/amud_s0_beta5_Tlr0p001__c663d9a1,/raid/ext_csv/AMO_store/iql_amo_qweight_jax_beta125_rho_loco_antmaze_seeds0to3/runs/iqlamo_qw_jax_am-u-div_b5_rho1em3_s0,ext_csv,ceffa5373681e09b20d5b513091bccd4d301a4eb
ablation,iql_amo,iql_amo_qweight_jax,beta1_Tlr0p001,antmaze,antmaze-umaze-diverse-v2,1,jax,0.001,,,1.0,,,,,False,,,,0.0003,0.0003,0.0003,method_variant:iql_amo_qweight_jax,1000000,,1000000,52.0,50,True,,amud_s1_beta1_Tlr0p001__23a226d2,ablation/iql_amo/antmaze-umaze-diverse-v2/1e-3/seed_1/amud_s1_beta1_Tlr0p001__23a226d2,/raid/ext_csv/AMO_store/iql_amo_qweight_jax_beta125_rho_loco_antmaze_seeds0to3/runs/iqlamo_qw_jax_am-u-div_b1_rho1em3_s1,ext_csv,ceffa5373681e09b20d5b513091bccd4d301a4eb
ablation,iql_amo,iql_amo_qweight_jax,beta2_Tlr0p001,antmaze,antmaze-umaze-diverse-v2,1,jax,0.001,,,2.0,,,,,False,,,,0.0003,0.0003,0.0003,method_variant:iql_amo_qweight_jax,1000000,,1000000,54.0,50,True,,amud_s1_beta2_Tlr0p001__7edbcbd2,ablation/iql_amo/antmaze-umaze-diverse-v2/1e-3/seed_1/amud_s1_beta2_Tlr0p001__7edbcbd2,/raid/ext_csv/AMO_store/iql_amo_qweight_jax_beta125_rho_loco_antmaze_seeds0to3/runs/iqlamo_qw_jax_am-u-div_b2_rho1em3_s1,ext_csv,ceffa5373681e09b20d5b513091bccd4d301a4eb
ablation,iql_amo,iql_amo_qweight_jax,beta5_Tlr0p001,antmaze,antmaze-umaze-diverse-v2,1,jax,0.001,,,5.0,,,,,False,,,,0.0003,0.0003,0.0003,method_variant:iql_amo_qweight_jax,1000000,,1000000,46.0,50,True,,amud_s1_beta5_Tlr0p001__de29b057,ablation/iql_amo/antmaze-umaze-diverse-v2/1e-3/seed_1/amud_s1_beta5_Tlr0p001__de29b057,/raid/ext_csv/AMO_store/iql_amo_qweight_jax_beta125_rho_loco_antmaze_seeds0to3/runs/iqlamo_qw_jax_am-u-div_b5_rho1em3_s1,ext_csv,ceffa5373681e09b20d5b513091bccd4d301a4eb
ablation,iql_amo,iql_amo_qweight_jax,beta5_Tlr0p001,antmaze,antmaze-umaze-diverse-v2,2,jax,0.001,,,5.0,,,,,False,,,,0.0003,0.0003,0.0003,method_variant:iql_amo_qweight_jax,,,,,,False,,amud_s2_beta5_Tlr0p001__f3e40318,ablation/iql_amo/antmaze-umaze-diverse-v2/1e-3/seed_2/amud_s2_beta5_Tlr0p001__f3e40318,/raid/ext_csv/AMO_store/iql_amo_qweight_jax_beta125_rho_loco_antmaze_seeds0to3/runs/iqlamo_qw_jax_am-u-div_b5_rho1em3_s2,ext_csv,ceffa5373681e09b20d5b513091bccd4d301a4eb
ablation,iql_amo,iql_amo_qweight_jax,beta1_Tlr0p002,antmaze,antmaze-umaze-diverse-v2,0,jax,0.002,,,1.0,,,,,False,,,,0.0003,0.0003,0.0003,method_variant:iql_amo_qweight_jax,1000000,,1000000,42.0,50,True,,amud_s0_beta1_Tlr0p002__30498850,ablation/iql_amo/antmaze-umaze-diverse-v2/2e-3/seed_0/amud_s0_beta1_Tlr0p002__30498850,/raid/ext_csv/AMO_store/iql_amo_qweight_jax_beta125_rho_loco_antmaze_seeds0to3/runs/iqlamo_qw_jax_am-u-div_b1_rho2em3_s0,ext_csv,ceffa5373681e09b20d5b513091bccd4d301a4eb
ablation,iql_amo,iql_amo_qweight_jax,beta2_Tlr0p002,antmaze,antmaze-umaze-diverse-v2,0,jax,0.002,,,2.0,,,,,False,,,,0.0003,0.0003,0.0003,method_variant:iql_amo_qweight_jax,1000000,,1000000,54.0,50,True,,amud_s0_beta2_Tlr0p002__bcd3f1e6,ablation/iql_amo/antmaze-umaze-diverse-v2/2e-3/seed_0/amud_s0_beta2_Tlr0p002__bcd3f1e6,/raid/ext_csv/AMO_store/iql_amo_qweight_jax_beta125_rho_loco_antmaze_seeds0to3/runs/iqlamo_qw_jax_am-u-div_b2_rho2em3_s0,ext_csv,ceffa5373681e09b20d5b513091bccd4d301a4eb
ablation,iql_amo,iql_amo_qweight_jax,beta5_Tlr0p002,antmaze,antmaze-umaze-diverse-v2,0,jax,0.002,,,5.0,,,,,False,,,,0.0003,0.0003,0.0003,method_variant:iql_amo_qweight_jax,1000000,,1000000,26.0,50,True,,amud_s0_beta5_Tlr0p002__48edb088,ablation/iql_amo/antmaze-umaze-diverse-v2/2e-3/seed_0/amud_s0_beta5_Tlr0p002__48edb088,/raid/ext_csv/AMO_store/iql_amo_qweight_jax_beta125_rho_loco_antmaze_seeds0to3/runs/iqlamo_qw_jax_am-u-div_b5_rho2em3_s0,ext_csv,ceffa5373681e09b20d5b513091bccd4d301a4eb
ablation,iql_amo,iql_amo_qweight_jax,beta1_Tlr0p002,antmaze,antmaze-umaze-diverse-v2,1,jax,0.002,,,1.0,,,,,False,,,,0.0003,0.0003,0.0003,method_variant:iql_amo_qweight_jax,1000000,,1000000,30.0,50,True,,amud_s1_beta1_Tlr0p002__b8b0746e,ablation/iql_amo/antmaze-umaze-diverse-v2/2e-3/seed_1/amud_s1_beta1_Tlr0p002__b8b0746e,/raid/ext_csv/AMO_store/iql_amo_qweight_jax_beta125_rho_loco_antmaze_seeds0to3/runs/iqlamo_qw_jax_am-u-div_b1_rho2em3_s1,ext_csv,ceffa5373681e09b20d5b513091bccd4d301a4eb
ablation,iql_amo,iql_amo_qweight_jax,beta2_Tlr0p002,antmaze,antmaze-umaze-diverse-v2,1,jax,0.002,,,2.0,,,,,False,,,,0.0003,0.0003,0.0003,method_variant:iql_amo_qweight_jax,1000000,,1000000,38.0,50,True,,amud_s1_beta2_Tlr0p002__17417a0f,ablation/iql_amo/antmaze-umaze-diverse-v2/2e-3/seed_1/amud_s1_beta2_Tlr0p002__17417a0f,/raid/ext_csv/AMO_store/iql_amo_qweight_jax_beta125_rho_loco_antmaze_seeds0to3/runs/iqlamo_qw_jax_am-u-div_b2_rho2em3_s1,ext_csv,ceffa5373681e09b20d5b513091bccd4d301a4eb
ablation,iql_amo,iql_amo_qweight_jax,beta5_Tlr0p002,antmaze,antmaze-umaze-diverse-v2,1,jax,0.002,,,5.0,,,,,False,,,,0.0003,0.0003,0.0003,method_variant:iql_amo_qweight_jax,1000000,,1000000,36.0,50,True,,amud_s1_beta5_Tlr0p002__07c5bbd9,ablation/iql_amo/antmaze-umaze-diverse-v2/2e-3/seed_1/amud_s1_beta5_Tlr0p002__07c5bbd9,/raid/ext_csv/AMO_store/iql_amo_qweight_jax_beta125_rho_loco_antmaze_seeds0to3/runs/iqlamo_qw_jax_am-u-div_b5_rho2em3_s1,ext_csv,ceffa5373681e09b20d5b513091bccd4d301a4eb
ablation,iql_amo,iql_amo_qweight_jax,beta5_Tlr0p002,antmaze,antmaze-umaze-diverse-v2,2,jax,0.002,,,5.0,,,,,False,,,,0.0003,0.0003,0.0003,method_variant:iql_amo_qweight_jax,,,,,,False,,amud_s2_beta5_Tlr0p002__536c6c6b,ablation/iql_amo/antmaze-umaze-diverse-v2/2e-3/seed_2/amud_s2_beta5_Tlr0p002__536c6c6b,/raid/ext_csv/AMO_store/iql_amo_qweight_jax_beta125_rho_loco_antmaze_seeds0to3/runs/iqlamo_qw_jax_am-u-div_b5_rho2em3_s2,ext_csv,ceffa5373681e09b20d5b513091bccd4d301a4eb
ablation,iql_amo,iql_amo_qweight_jax,beta1_Tlr0p0003,antmaze,antmaze-umaze-v2,0,jax,0.0003,,,1.0,,,,,False,,,,0.0003,0.0003,0.0003,method_variant:iql_amo_qweight_jax,1000000,,1000000,84.0,50,True,,amu_s0_beta1_Tlr0p0003__1fb87079,ablation/iql_amo/antmaze-umaze-v2/3e-4/seed_0/amu_s0_beta1_Tlr0p0003__1fb87079,/raid/ext_csv/AMO_store/iql_amo_qweight_jax_beta125_rho_loco_antmaze_seeds0to3/runs/iqlamo_qw_jax_am-u_b1_rho3em4_s0,ext_csv,ceffa5373681e09b20d5b513091bccd4d301a4eb
ablation,iql_amo,iql_amo_qweight_jax,beta2_Tlr0p0003,antmaze,antmaze-umaze-v2,0,jax,0.0003,,,2.0,,,,,False,,,,0.0003,0.0003,0.0003,method_variant:iql_amo_qweight_jax,1000000,,1000000,57.99999999999999,50,True,,amu_s0_beta2_Tlr0p0003__b11e26b3,ablation/iql_amo/antmaze-umaze-v2/3e-4/seed_0/amu_s0_beta2_Tlr0p0003__b11e26b3,/raid/ext_csv/AMO_store/iql_amo_qweight_jax_beta125_rho_loco_antmaze_seeds0to3/runs/iqlamo_qw_jax_am-u_b2_rho3em4_s0,ext_csv,ceffa5373681e09b20d5b513091bccd4d301a4eb
ablation,iql_amo,iql_amo_qweight_jax,beta5_Tlr0p0003,antmaze,antmaze-umaze-v2,0,jax,0.0003,,,5.0,,,,,False,,,,0.0003,0.0003,0.0003,method_variant:iql_amo_qweight_jax,1000000,,1000000,60.0,50,True,,amu_s0_beta5_Tlr0p0003__ff5cce2e,ablation/iql_amo/antmaze-umaze-v2/3e-4/seed_0/amu_s0_beta5_Tlr0p0003__ff5cce2e,/raid/ext_csv/AMO_store/iql_amo_qweight_jax_beta125_rho_loco_antmaze_seeds0to3/runs/iqlamo_qw_jax_am-u_b5_rho3em4_s0,ext_csv,ceffa5373681e09b20d5b513091bccd4d301a4eb
ablation,iql_amo,iql_amo_qweight_jax,beta1_Tlr0p0003,antmaze,antmaze-umaze-v2,1,jax,0.0003,,,1.0,,,,,False,,,,0.0003,0.0003,0.0003,method_variant:iql_amo_qweight_jax,1000000,,1000000,86.0,50,True,,amu_s1_beta1_Tlr0p0003__1312a354,ablation/iql_amo/antmaze-umaze-v2/3e-4/seed_1/amu_s1_beta1_Tlr0p0003__1312a354,/raid/ext_csv/AMO_store/iql_amo_qweight_jax_beta125_rho_loco_antmaze_seeds0to3/runs/iqlamo_qw_jax_am-u_b1_rho3em4_s1,ext_csv,ceffa5373681e09b20d5b513091bccd4d301a4eb
ablation,iql_amo,iql_amo_qweight_jax,beta2_Tlr0p0003,antmaze,antmaze-umaze-v2,1,jax,0.0003,,,2.0,,,,,False,,,,0.0003,0.0003,0.0003,method_variant:iql_amo_qweight_jax,1000000,,1000000,68.0,50,True,,amu_s1_beta2_Tlr0p0003__84e849b8,ablation/iql_amo/antmaze-umaze-v2/3e-4/seed_1/amu_s1_beta2_Tlr0p0003__84e849b8,/raid/ext_csv/AMO_store/iql_amo_qweight_jax_beta125_rho_loco_antmaze_seeds0to3/runs/iqlamo_qw_jax_am-u_b2_rho3em4_s1,ext_csv,ceffa5373681e09b20d5b513091bccd4d301a4eb
ablation,iql_amo,iql_amo_qweight_jax,beta5_Tlr0p0003,antmaze,antmaze-umaze-v2,1,jax,0.0003,,,5.0,,,,,False,,,,0.0003,0.0003,0.0003,method_variant:iql_amo_qweight_jax,1000000,,1000000,68.0,50,True,,amu_s1_beta5_Tlr0p0003__659c4c34,ablation/iql_amo/antmaze-umaze-v2/3e-4/seed_1/amu_s1_beta5_Tlr0p0003__659c4c34,/raid/ext_csv/AMO_store/iql_amo_qweight_jax_beta125_rho_loco_antmaze_seeds0to3/runs/iqlamo_qw_jax_am-u_b5_rho3em4_s1,ext_csv,ceffa5373681e09b20d5b513091bccd4d301a4eb
ablation,iql_amo,iql_amo_qweight_jax,beta5_Tlr0p0003,antmaze,antmaze-umaze-v2,2,jax,0.0003,,,5.0,,,,,False,,,,0.0003,0.0003,0.0003,method_variant:iql_amo_qweight_jax,,,,,,False,,amu_s2_beta5_Tlr0p0003__f936c750,ablation/iql_amo/antmaze-umaze-v2/3e-4/seed_2/amu_s2_beta5_Tlr0p0003__f936c750,/raid/ext_csv/AMO_store/iql_amo_qweight_jax_beta125_rho_loco_antmaze_seeds0to3/runs/iqlamo_qw_jax_am-u_b5_rho3em4_s2,ext_csv,ceffa5373681e09b20d5b513091bccd4d301a4eb
ablation,iql_amo,iql_amo_qweight_jax,beta1_Tlr0p001,antmaze,antmaze-umaze-v2,0,jax,0.001,,,1.0,,,,,False,,,,0.0003,0.0003,0.0003,method_variant:iql_amo_qweight_jax,1000000,,1000000,86.0,50,True,,amu_s0_beta1_Tlr0p001__84bdd3cc,ablation/iql_amo/antmaze-umaze-v2/1e-3/seed_0/amu_s0_beta1_Tlr0p001__84bdd3cc,/raid/ext_csv/AMO_store/iql_amo_qweight_jax_beta125_rho_loco_antmaze_seeds0to3/runs/iqlamo_qw_jax_am-u_b1_rho1em3_s0,ext_csv,ceffa5373681e09b20d5b513091bccd4d301a4eb
ablation,iql_amo,iql_amo_qweight_jax,beta2_Tlr0p001,antmaze,antmaze-umaze-v2,0,jax,0.001,,,2.0,,,,,False,,,,0.0003,0.0003,0.0003,method_variant:iql_amo_qweight_jax,1000000,,1000000,64.0,50,True,,amu_s0_beta2_Tlr0p001__9fa6708f,ablation/iql_amo/antmaze-umaze-v2/1e-3/seed_0/amu_s0_beta2_Tlr0p001__9fa6708f,/raid/ext_csv/AMO_store/iql_amo_qweight_jax_beta125_rho_loco_antmaze_seeds0to3/runs/iqlamo_qw_jax_am-u_b2_rho1em3_s0,ext_csv,ceffa5373681e09b20d5b513091bccd4d301a4eb
ablation,iql_amo,iql_amo_qweight_jax,beta5_Tlr0p001,antmaze,antmaze-umaze-v2,0,jax,0.001,,,5.0,,,,,False,,,,0.0003,0.0003,0.0003,method_variant:iql_amo_qweight_jax,1000000,,1000000,57.99999999999999,50,True,,amu_s0_beta5_Tlr0p001__3ecf16d0,ablation/iql_amo/antmaze-umaze-v2/1e-3/seed_0/amu_s0_beta5_Tlr0p001__3ecf16d0,/raid/ext_csv/AMO_store/iql_amo_qweight_jax_beta125_rho_loco_antmaze_seeds0to3/runs/iqlamo_qw_jax_am-u_b5_rho1em3_s0,ext_csv,ceffa5373681e09b20d5b513091bccd4d301a4eb
ablation,iql_amo,iql_amo_qweight_jax,beta1_Tlr0p001,antmaze,antmaze-umaze-v2,1,jax,0.001,,,1.0,,,,,False,,,,0.0003,0.0003,0.0003,method_variant:iql_amo_qweight_jax,1000000,,1000000,74.0,50,True,,amu_s1_beta1_Tlr0p001__d1e18fd3,ablation/iql_amo/antmaze-umaze-v2/1e-3/seed_1/amu_s1_beta1_Tlr0p001__d1e18fd3,/raid/ext_csv/AMO_store/iql_amo_qweight_jax_beta125_rho_loco_antmaze_seeds0to3/runs/iqlamo_qw_jax_am-u_b1_rho1em3_s1,ext_csv,ceffa5373681e09b20d5b513091bccd4d301a4eb
ablation,iql_amo,iql_amo_qweight_jax,beta2_Tlr0p001,antmaze,antmaze-umaze-v2,1,jax,0.001,,,2.0,,,,,False,,,,0.0003,0.0003,0.0003,method_variant:iql_amo_qweight_jax,1000000,,1000000,57.99999999999999,50,True,,amu_s1_beta2_Tlr0p001__9d63269b,ablation/iql_amo/antmaze-umaze-v2/1e-3/seed_1/amu_s1_beta2_Tlr0p001__9d63269b,/raid/ext_csv/AMO_store/iql_amo_qweight_jax_beta125_rho_loco_antmaze_seeds0to3/runs/iqlamo_qw_jax_am-u_b2_rho1em3_s1,ext_csv,ceffa5373681e09b20d5b513091bccd4d301a4eb
ablation,iql_amo,iql_amo_qweight_jax,beta5_Tlr0p001,antmaze,antmaze-umaze-v2,1,jax,0.001,,,5.0,,,,,False,,,,0.0003,0.0003,0.0003,method_variant:iql_amo_qweight_jax,1000000,,1000000,54.0,50,True,,amu_s1_beta5_Tlr0p001__5fc16466,ablation/iql_amo/antmaze-umaze-v2/1e-3/seed_1/amu_s1_beta5_Tlr0p001__5fc16466,/raid/ext_csv/AMO_store/iql_amo_qweight_jax_beta125_rho_loco_antmaze_seeds0to3/runs/iqlamo_qw_jax_am-u_b5_rho1em3_s1,ext_csv,ceffa5373681e09b20d5b513091bccd4d301a4eb
ablation,iql_amo,iql_amo_qweight_jax,beta5_Tlr0p001,antmaze,antmaze-umaze-v2,2,jax,0.001,,,5.0,,,,,False,,,,0.0003,0.0003,0.0003,method_variant:iql_amo_qweight_jax,,,,,,False,,amu_s2_beta5_Tlr0p001__a283d903,ablation/iql_amo/antmaze-umaze-v2/1e-3/seed_2/amu_s2_beta5_Tlr0p001__a283d903,/raid/ext_csv/AMO_store/iql_amo_qweight_jax_beta125_rho_loco_antmaze_seeds0to3/runs/iqlamo_qw_jax_am-u_b5_rho1em3_s2,ext_csv,ceffa5373681e09b20d5b513091bccd4d301a4eb
ablation,iql_amo,iql_amo_qweight_jax,beta1_Tlr0p002,antmaze,antmaze-umaze-v2,0,jax,0.002,,,1.0,,,,,False,,,,0.0003,0.0003,0.0003,method_variant:iql_amo_qweight_jax,1000000,,1000000,78.0,50,True,,amu_s0_beta1_Tlr0p002__ce34a525,ablation/iql_amo/antmaze-umaze-v2/2e-3/seed_0/amu_s0_beta1_Tlr0p002__ce34a525,/raid/ext_csv/AMO_store/iql_amo_qweight_jax_beta125_rho_loco_antmaze_seeds0to3/runs/iqlamo_qw_jax_am-u_b1_rho2em3_s0,ext_csv,ceffa5373681e09b20d5b513091bccd4d301a4eb
ablation,iql_amo,iql_amo_qweight_jax,beta2_Tlr0p002,antmaze,antmaze-umaze-v2,0,jax,0.002,,,2.0,,,,,False,,,,0.0003,0.0003,0.0003,method_variant:iql_amo_qweight_jax,1000000,,1000000,60.0,50,True,,amu_s0_beta2_Tlr0p002__32c9be02,ablation/iql_amo/antmaze-umaze-v2/2e-3/seed_0/amu_s0_beta2_Tlr0p002__32c9be02,/raid/ext_csv/AMO_store/iql_amo_qweight_jax_beta125_rho_loco_antmaze_seeds0to3/runs/iqlamo_qw_jax_am-u_b2_rho2em3_s0,ext_csv,ceffa5373681e09b20d5b513091bccd4d301a4eb
ablation,iql_amo,iql_amo_qweight_jax,beta5_Tlr0p002,antmaze,antmaze-umaze-v2,0,jax,0.002,,,5.0,,,,,False,,,,0.0003,0.0003,0.0003,method_variant:iql_amo_qweight_jax,1000000,,1000000,66.0,50,True,,amu_s0_beta5_Tlr0p002__90b8767d,ablation/iql_amo/antmaze-umaze-v2/2e-3/seed_0/amu_s0_beta5_Tlr0p002__90b8767d,/raid/ext_csv/AMO_store/iql_amo_qweight_jax_beta125_rho_loco_antmaze_seeds0to3/runs/iqlamo_qw_jax_am-u_b5_rho2em3_s0,ext_csv,ceffa5373681e09b20d5b513091bccd4d301a4eb
ablation,iql_amo,iql_amo_qweight_jax,beta1_Tlr0p002,antmaze,antmaze-umaze-v2,1,jax,0.002,,,1.0,,,,,False,,,,0.0003,0.0003,0.0003,method_variant:iql_amo_qweight_jax,1000000,,1000000,82.0,50,True,,amu_s1_beta1_Tlr0p002__9ebd3ddd,ablation/iql_amo/antmaze-umaze-v2/2e-3/seed_1/amu_s1_beta1_Tlr0p002__9ebd3ddd,/raid/ext_csv/AMO_store/iql_amo_qweight_jax_beta125_rho_loco_antmaze_seeds0to3/runs/iqlamo_qw_jax_am-u_b1_rho2em3_s1,ext_csv,ceffa5373681e09b20d5b513091bccd4d301a4eb
ablation,iql_amo,iql_amo_qweight_jax,beta2_Tlr0p002,antmaze,antmaze-umaze-v2,1,jax,0.002,,,2.0,,,,,False,,,,0.0003,0.0003,0.0003,method_variant:iql_amo_qweight_jax,1000000,,1000000,68.0,50,True,,amu_s1_beta2_Tlr0p002__c028c5d8,ablation/iql_amo/antmaze-umaze-v2/2e-3/seed_1/amu_s1_beta2_Tlr0p002__c028c5d8,/raid/ext_csv/AMO_store/iql_amo_qweight_jax_beta125_rho_loco_antmaze_seeds0to3/runs/iqlamo_qw_jax_am-u_b2_rho2em3_s1,ext_csv,ceffa5373681e09b20d5b513091bccd4d301a4eb
ablation,iql_amo,iql_amo_qweight_jax,beta5_Tlr0p002,antmaze,antmaze-umaze-v2,1,jax,0.002,,,5.0,,,,,False,,,,0.0003,0.0003,0.0003,method_variant:iql_amo_qweight_jax,1000000,,1000000,62.0,50,True,,amu_s1_beta5_Tlr0p002__8c60ee8b,ablation/iql_amo/antmaze-umaze-v2/2e-3/seed_1/amu_s1_beta5_Tlr0p002__8c60ee8b,/raid/ext_csv/AMO_store/iql_amo_qweight_jax_beta125_rho_loco_antmaze_seeds0to3/runs/iqlamo_qw_jax_am-u_b5_rho2em3_s1,ext_csv,ceffa5373681e09b20d5b513091bccd4d301a4eb
ablation,iql_amo,iql_amo_qweight_jax,beta5_Tlr0p002,antmaze,antmaze-umaze-v2,2,jax,0.002,,,5.0,,,,,False,,,,0.0003,0.0003,0.0003,method_variant:iql_amo_qweight_jax,,,,,,False,,amu_s2_beta5_Tlr0p002__9e4a8a27,ablation/iql_amo/antmaze-umaze-v2/2e-3/seed_2/amu_s2_beta5_Tlr0p002__9e4a8a27,/raid/ext_csv/AMO_store/iql_amo_qweight_jax_beta125_rho_loco_antmaze_seeds0to3/runs/iqlamo_qw_jax_am-u_b5_rho2em3_s2,ext_csv,ceffa5373681e09b20d5b513091bccd4d301a4eb
ablation,iql_amo,iql_amo_qweight_jax,beta5_Tlr0p0003,locomotion,hopper-medium-expert-v2,0,jax,0.0003,,,5.0,,,,,False,,,,0.0003,0.0003,0.0003,method_variant:iql_amo_qweight_jax,1000000,,1000000,109.33336384157077,50,True,,hopme_s0_beta5_Tlr0p0003__0477a770,ablation/iql_amo/hopper-medium-expert-v2/3e-4/seed_0/hopme_s0_beta5_Tlr0p0003__0477a770,/raid/ext_csv/AMO_store/iql_amo_qweight_jax_beta125_rho_loco_antmaze_seeds0to3/runs/iqlamo_qw_jax_h-me_b5_rho3em4_s0,ext_csv,ceffa5373681e09b20d5b513091bccd4d301a4eb
ablation,iql_amo,iql_amo_qweight_jax,beta5_Tlr0p001,locomotion,hopper-medium-expert-v2,0,jax,0.001,,,5.0,,,,,False,,,,0.0003,0.0003,0.0003,method_variant:iql_amo_qweight_jax,1000000,,1000000,112.10274945897429,50,True,,hopme_s0_beta5_Tlr0p001__10ad3c3c,ablation/iql_amo/hopper-medium-expert-v2/1e-3/seed_0/hopme_s0_beta5_Tlr0p001__10ad3c3c,/raid/ext_csv/AMO_store/iql_amo_qweight_jax_beta125_rho_loco_antmaze_seeds0to3/runs/iqlamo_qw_jax_h-me_b5_rho1em3_s0,ext_csv,ceffa5373681e09b20d5b513091bccd4d301a4eb
ablation,iql_amo,iql_amo_qweight_jax,beta5_Tlr0p002,locomotion,hopper-medium-expert-v2,0,jax,0.002,,,5.0,,,,,False,,,,0.0003,0.0003,0.0003,method_variant:iql_amo_qweight_jax,1000000,,1000000,112.16417791373941,50,True,,hopme_s0_beta5_Tlr0p002__0f1fa504,ablation/iql_amo/hopper-medium-expert-v2/2e-3/seed_0/hopme_s0_beta5_Tlr0p002__0f1fa504,/raid/ext_csv/AMO_store/iql_amo_qweight_jax_beta125_rho_loco_antmaze_seeds0to3/runs/iqlamo_qw_jax_h-me_b5_rho2em3_s0,ext_csv,ceffa5373681e09b20d5b513091bccd4d301a4eb
ablation,iql_amo,iql_amo_qweight_jax,beta5_Tlr0p0003,locomotion,hopper-medium-replay-v2,0,jax,0.0003,,,5.0,,,,,False,,,,0.0003,0.0003,0.0003,method_variant:iql_amo_qweight_jax,1000000,,1000000,102.17644398402015,50,True,,hopmr_s0_beta5_Tlr0p0003__eb359221,ablation/iql_amo/hopper-medium-replay-v2/3e-4/seed_0/hopmr_s0_beta5_Tlr0p0003__eb359221,/raid/ext_csv/AMO_store/iql_amo_qweight_jax_beta125_rho_loco_antmaze_seeds0to3/runs/iqlamo_qw_jax_h-mr_b5_rho3em4_s0,ext_csv,ceffa5373681e09b20d5b513091bccd4d301a4eb
ablation,iql_amo,iql_amo_qweight_jax,beta5_Tlr0p001,locomotion,hopper-medium-replay-v2,0,jax,0.001,,,5.0,,,,,False,,,,0.0003,0.0003,0.0003,method_variant:iql_amo_qweight_jax,1000000,,1000000,97.49172847629806,50,True,,hopmr_s0_beta5_Tlr0p001__06bdbf71,ablation/iql_amo/hopper-medium-replay-v2/1e-3/seed_0/hopmr_s0_beta5_Tlr0p001__06bdbf71,/raid/ext_csv/AMO_store/iql_amo_qweight_jax_beta125_rho_loco_antmaze_seeds0to3/runs/iqlamo_qw_jax_h-mr_b5_rho1em3_s0,ext_csv,ceffa5373681e09b20d5b513091bccd4d301a4eb
ablation,iql_amo,iql_amo_qweight_jax,beta5_Tlr0p002,locomotion,hopper-medium-replay-v2,0,jax,0.002,,,5.0,,,,,False,,,,0.0003,0.0003,0.0003,method_variant:iql_amo_qweight_jax,1000000,,1000000,99.87906873287788,50,True,,hopmr_s0_beta5_Tlr0p002__19781c6c,ablation/iql_amo/hopper-medium-replay-v2/2e-3/seed_0/hopmr_s0_beta5_Tlr0p002__19781c6c,/raid/ext_csv/AMO_store/iql_amo_qweight_jax_beta125_rho_loco_antmaze_seeds0to3/runs/iqlamo_qw_jax_h-mr_b5_rho2em3_s0,ext_csv,ceffa5373681e09b20d5b513091bccd4d301a4eb
ablation,iql_amo,iql_amo_qweight_jax,beta5_Tlr0p0003,locomotion,hopper-medium-v2,0,jax,0.0003,,,5.0,,,,,False,,,,0.0003,0.0003,0.0003,method_variant:iql_amo_qweight_jax,1000000,,1000000,58.082574919968074,50,True,,hopm_s0_beta5_Tlr0p0003__54af0a0a,ablation/iql_amo/hopper-medium-v2/3e-4/seed_0/hopm_s0_beta5_Tlr0p0003__54af0a0a,/raid/ext_csv/AMO_store/iql_amo_qweight_jax_beta125_rho_loco_antmaze_seeds0to3/runs/iqlamo_qw_jax_h-m_b5_rho3em4_s0,ext_csv,ceffa5373681e09b20d5b513091bccd4d301a4eb
ablation,iql_amo,iql_amo_qweight_jax,beta5_Tlr0p001,locomotion,hopper-medium-v2,0,jax,0.001,,,5.0,,,,,False,,,,0.0003,0.0003,0.0003,method_variant:iql_amo_qweight_jax,1000000,,1000000,65.33715381811895,50,True,,hopm_s0_beta5_Tlr0p001__5ddd9b5b,ablation/iql_amo/hopper-medium-v2/1e-3/seed_0/hopm_s0_beta5_Tlr0p001__5ddd9b5b,/raid/ext_csv/AMO_store/iql_amo_qweight_jax_beta125_rho_loco_antmaze_seeds0to3/runs/iqlamo_qw_jax_h-m_b5_rho1em3_s0,ext_csv,ceffa5373681e09b20d5b513091bccd4d301a4eb
ablation,iql_amo,iql_amo_qweight_jax,beta5_Tlr0p002,locomotion,hopper-medium-v2,0,jax,0.002,,,5.0,,,,,False,,,,0.0003,0.0003,0.0003,method_variant:iql_amo_qweight_jax,1000000,,1000000,62.717311348574256,50,True,,hopm_s0_beta5_Tlr0p002__ae3b9fd5,ablation/iql_amo/hopper-medium-v2/2e-3/seed_0/hopm_s0_beta5_Tlr0p002__ae3b9fd5,/raid/ext_csv/AMO_store/iql_amo_qweight_jax_beta125_rho_loco_antmaze_seeds0to3/runs/iqlamo_qw_jax_h-m_b5_rho2em3_s0,ext_csv,ceffa5373681e09b20d5b513091bccd4d301a4eb
ablation,iql_amo,iql_amo_qweight_jax,beta5_Tlr0p0003,locomotion,walker2d-medium-expert-v2,0,jax,0.0003,,,5.0,,,,,False,,,,0.0003,0.0003,0.0003,method_variant:iql_amo_qweight_jax,,,,,,False,,wme_s0_beta5_Tlr0p0003__a91199b5,ablation/iql_amo/walker2d-medium-expert-v2/3e-4/seed_0/wme_s0_beta5_Tlr0p0003__a91199b5,/raid/ext_csv/AMO_store/iql_amo_qweight_jax_beta125_rho_loco_antmaze_seeds0to3/runs/iqlamo_qw_jax_w-me_b5_rho3em4_s0,ext_csv,ceffa5373681e09b20d5b513091bccd4d301a4eb
ablation,iql_amo,iql_amo_qweight_jax,beta5_Tlr0p001,locomotion,walker2d-medium-expert-v2,0,jax,0.001,,,5.0,,,,,False,,,,0.0003,0.0003,0.0003,method_variant:iql_amo_qweight_jax,,,,,,False,,wme_s0_beta5_Tlr0p001__e27fba83,ablation/iql_amo/walker2d-medium-expert-v2/1e-3/seed_0/wme_s0_beta5_Tlr0p001__e27fba83,/raid/ext_csv/AMO_store/iql_amo_qweight_jax_beta125_rho_loco_antmaze_seeds0to3/runs/iqlamo_qw_jax_w-me_b5_rho1em3_s0,ext_csv,ceffa5373681e09b20d5b513091bccd4d301a4eb
ablation,iql_amo,iql_amo_qweight_jax,beta5_Tlr0p002,locomotion,walker2d-medium-expert-v2,0,jax,0.002,,,5.0,,,,,False,,,,0.0003,0.0003,0.0003,method_variant:iql_amo_qweight_jax,,,,,,False,,wme_s0_beta5_Tlr0p002__432fca2f,ablation/iql_amo/walker2d-medium-expert-v2/2e-3/seed_0/wme_s0_beta5_Tlr0p002__432fca2f,/raid/ext_csv/AMO_store/iql_amo_qweight_jax_beta125_rho_loco_antmaze_seeds0to3/runs/iqlamo_qw_jax_w-me_b5_rho2em3_s0,ext_csv,ceffa5373681e09b20d5b513091bccd4d301a4eb
ablation,iql_amo,iql_amo_qweight_jax,beta5_Tlr0p0003,locomotion,walker2d-medium-replay-v2,0,jax,0.0003,,,5.0,,,,,False,,,,0.0003,0.0003,0.0003,method_variant:iql_amo_qweight_jax,1000000,,1000000,89.51552857105285,50,True,,wmr_s0_beta5_Tlr0p0003__da3bd28a,ablation/iql_amo/walker2d-medium-replay-v2/3e-4/seed_0/wmr_s0_beta5_Tlr0p0003__da3bd28a,/raid/ext_csv/AMO_store/iql_amo_qweight_jax_beta125_rho_loco_antmaze_seeds0to3/runs/iqlamo_qw_jax_w-mr_b5_rho3em4_s0,ext_csv,ceffa5373681e09b20d5b513091bccd4d301a4eb
ablation,iql_amo,iql_amo_qweight_jax,beta5_Tlr0p001,locomotion,walker2d-medium-replay-v2,0,jax,0.001,,,5.0,,,,,False,,,,0.0003,0.0003,0.0003,method_variant:iql_amo_qweight_jax,1000000,,1000000,68.88062708160636,50,True,,wmr_s0_beta5_Tlr0p001__30533fdc,ablation/iql_amo/walker2d-medium-replay-v2/1e-3/seed_0/wmr_s0_beta5_Tlr0p001__30533fdc,/raid/ext_csv/AMO_store/iql_amo_qweight_jax_beta125_rho_loco_antmaze_seeds0to3/runs/iqlamo_qw_jax_w-mr_b5_rho1em3_s0,ext_csv,ceffa5373681e09b20d5b513091bccd4d301a4eb
ablation,iql_amo,iql_amo_qweight_jax,beta5_Tlr0p002,locomotion,walker2d-medium-replay-v2,0,jax,0.002,,,5.0,,,,,False,,,,0.0003,0.0003,0.0003,method_variant:iql_amo_qweight_jax,,,,,,False,,wmr_s0_beta5_Tlr0p002__1f3c54b2,ablation/iql_amo/walker2d-medium-replay-v2/2e-3/seed_0/wmr_s0_beta5_Tlr0p002__1f3c54b2,/raid/ext_csv/AMO_store/iql_amo_qweight_jax_beta125_rho_loco_antmaze_seeds0to3/runs/iqlamo_qw_jax_w-mr_b5_rho2em3_s0,ext_csv,ceffa5373681e09b20d5b513091bccd4d301a4eb
ablation,iql_amo,iql_amo_qweight_jax,beta5_Tlr0p0003,locomotion,walker2d-medium-v2,0,jax,0.0003,,,5.0,,,,,False,,,,0.0003,0.0003,0.0003,method_variant:iql_amo_qweight_jax,1000000,,1000000,85.96075652024966,50,True,,wm_s0_beta5_Tlr0p0003__424130f1,ablation/iql_amo/walker2d-medium-v2/3e-4/seed_0/wm_s0_beta5_Tlr0p0003__424130f1,/raid/ext_csv/AMO_store/iql_amo_qweight_jax_beta125_rho_loco_antmaze_seeds0to3/runs/iqlamo_qw_jax_w-m_b5_rho3em4_s0,ext_csv,ceffa5373681e09b20d5b513091bccd4d301a4eb
ablation,iql_amo,iql_amo_qweight_jax,beta5_Tlr0p001,locomotion,walker2d-medium-v2,0,jax,0.001,,,5.0,,,,,False,,,,0.0003,0.0003,0.0003,method_variant:iql_amo_qweight_jax,1000000,,1000000,85.43943825749778,50,True,,wm_s0_beta5_Tlr0p001__ce03b882,ablation/iql_amo/walker2d-medium-v2/1e-3/seed_0/wm_s0_beta5_Tlr0p001__ce03b882,/raid/ext_csv/AMO_store/iql_amo_qweight_jax_beta125_rho_loco_antmaze_seeds0to3/runs/iqlamo_qw_jax_w-m_b5_rho1em3_s0,ext_csv,ceffa5373681e09b20d5b513091bccd4d301a4eb
ablation,iql_amo,iql_amo_qweight_jax,beta5_Tlr0p002,locomotion,walker2d-medium-v2,0,jax,0.002,,,5.0,,,,,False,,,,0.0003,0.0003,0.0003,method_variant:iql_amo_qweight_jax,1000000,,1000000,85.92597229554151,50,True,,wm_s0_beta5_Tlr0p002__67ba40e3,ablation/iql_amo/walker2d-medium-v2/2e-3/seed_0/wm_s0_beta5_Tlr0p002__67ba40e3,/raid/ext_csv/AMO_store/iql_amo_qweight_jax_beta125_rho_loco_antmaze_seeds0to3/runs/iqlamo_qw_jax_w-m_b5_rho2em3_s0,ext_csv,ceffa5373681e09b20d5b513091bccd4d301a4eb
ablation,iql_amo,iql_ddpgbc_amo_fixed_alpha_E,Tlr0p001,locomotion,hopper-medium-v2,1,jax,,,,,False,True,True,False,False,,,,0.0003,0.0003,0.0003,initial_beta_outside_main;method_variant:iql_ddpgbc_amo_fixed_alpha_E;meta_lr_outside_main,1000000,,1000000,59.0312567525757,50,True,,hopm_s1_Tlr0p001__df6ad190,ablation/iql_amo/hopper-medium-v2/unspecified/seed_1/hopm_s1_Tlr0p001__df6ad190,/home/svcho/amo/results/amo_fixed_alpha_ablation_seeds03/jobs/iql_E5_h-m_s1/run,svcho,d9be263443ffc1ca8834e277418826cff4ac6dc0
ablation,td3_amo,adaptive_multiscale,te1_tb1_Tlr0p0005,antmaze,antmaze-large-diverse-v2,0,torch,0.0005,2.0,2.0,,,,,,False,,,,,,,bootstrap_loss_not_l2_rms;meta_lr_outside_main,1000000,,1000000,10.0,10,True,,amld_s0_te1_tb1_Tlr0p0005__e4db6bec,ablation/td3_amo/antmaze-large-diverse-v2/5e-4/seed_0/amld_s0_te1_tb1_Tlr0p0005__e4db6bec,/raid/ext_csv/AMO_store/amo_adaptive_multiscale_antmaze6_tlr_te1tb1_seed0/runs/amo_ams_large-div_Te1_Tb1_5em4_s0-antmaze-large-diverse-v2-e4db6bec,ext_csv,c45671c47cfae89154331e9c9dab59b9cdbc9c40
ablation,td3_amo,adaptive_multiscale,te1_tb0p25_Tlr0p001,antmaze,antmaze-large-diverse-v2,0,torch,0.001,2.0,0.5,,,,,,False,,,,,,,bootstrap_loss_not_l2_rms;initial_scale_outside_main;initial_scale_mismatch,1000000,,1000000,10.0,10,True,,amld_s0_te1_tb0p25_Tlr0p001__c1d9f9d5,ablation/td3_amo/antmaze-large-diverse-v2/1e-3/seed_0/amld_s0_te1_tb0p25_Tlr0p001__c1d9f9d5,/raid/ext_csv/AMO_store/amo_adaptive_multiscale_antmaze6_te1_tb025_seed0/runs/amo_ams_large-div_Te1_Tb025_1em3_s0-antmaze-large-diverse-v2-c1d9f9d5,ext_csv,30abcfcfbc62b892c6c0a7d0763c1c8323154d11
ablation,td3_amo,adaptive_multiscale,te1_tb1_Tlr0p001,antmaze,antmaze-large-diverse-v2,0,torch,0.001,2.0,2.0,,,,,,False,,,,,,,bootstrap_loss_not_l2_rms,1000000,,1000000,50.0,10,True,,amld_s0_te1_tb1_Tlr0p001__d3ec830d,ablation/td3_amo/antmaze-large-diverse-v2/1e-3/seed_0/amld_s0_te1_tb1_Tlr0p001__d3ec830d,/raid/ext_csv/AMO_store/amo_adaptive_multiscale_antmaze6_tlr_te1tb1_seed0/runs/amo_ams_large-div_Te1_Tb1_1em3_s0-antmaze-large-diverse-v2-d3ec830d,ext_csv,c45671c47cfae89154331e9c9dab59b9cdbc9c40
ablation,td3_amo,adaptive_multiscale,te1_tb1_Tlr0p001,antmaze,antmaze-large-diverse-v2,0,torch,0.001,2.0,2.0,,,,,,False,,,,,,,bootstrap_loss_not_l2_rms,1000000,,1000000,40.0,10,True,,amld_s0_te1_tb1_Tlr0p001__f1b9ca2e,ablation/td3_amo/antmaze-large-diverse-v2/1e-3/seed_0/amld_s0_te1_tb1_Tlr0p001__f1b9ca2e,/raid/ext_csv/AMO_store/amo_adaptive_multiscale_antmaze6_tb_bc_qimprove_1em3_seed0/runs/amo_ams_large-div_Te1_Tb1_BCq_1em3_s0-antmaze-large-diverse-v2-f1b9ca2e,ext_csv,c45671c47cfae89154331e9c9dab59b9cdbc9c40
ablation,td3_amo,adaptive_multiscale,te1_tb1_Tlr0p001,antmaze,antmaze-large-diverse-v2,1,torch,0.001,2.0,2.0,,,,,,False,,,,,,,bootstrap_loss_not_l2_rms,,,,,,False,,amld_s1_te1_tb1_Tlr0p001__363a73f8,ablation/td3_amo/antmaze-large-diverse-v2/1e-3/seed_1/amld_s1_te1_tb1_Tlr0p001__363a73f8,/raid/ext_csv/AMO_store/amo_adaptive_multiscale_antmaze6_tlr_te1tb1_1em3_seeds123/runs/amo_ams_large-div_Te1_Tb1_1em3_s1-antmaze-large-diverse-v2-363a73f8,ext_csv,c45671c47cfae89154331e9c9dab59b9cdbc9c40
ablation,td3_amo,adaptive_multiscale,te1_tb1_Tlr0p002,antmaze,antmaze-large-diverse-v2,0,torch,0.002,2.0,2.0,,,,,,False,,,,,,,bootstrap_loss_not_l2_rms,1000000,,1000000,40.0,10,True,,amld_s0_te1_tb1_Tlr0p002__e7595ffa,ablation/td3_amo/antmaze-large-diverse-v2/2e-3/seed_0/amld_s0_te1_tb1_Tlr0p002__e7595ffa,/raid/ext_csv/AMO_store/amo_adaptive_multiscale_antmaze6_scale_sweep_seed0/runs/amo_ams_large-div_Te1_Tb1_s0-antmaze-large-diverse-v2-e7595ffa,ext_csv,c45671c47cfae89154331e9c9dab59b9cdbc9c40
ablation,td3_amo,adaptive_multiscale,te5_tb1_Tlr0p002,antmaze,antmaze-large-diverse-v2,0,torch,0.002,10.0,2.0,,,,,,False,,,,,,,bootstrap_loss_not_l2_rms;initial_scale_outside_main;initial_scale_mismatch,1000000,,1000000,10.0,10,True,,amld_s0_te5_tb1_Tlr0p002__9101a128,ablation/td3_amo/antmaze-large-diverse-v2/2e-3/seed_0/amld_s0_te5_tb1_Tlr0p002__9101a128,/raid/ext_csv/AMO_store/amo_adaptive_multiscale_antmaze6_scale_sweep_seed0/runs/amo_ams_large-div_Te5_Tb1_s0-antmaze-large-diverse-v2-9101a128,ext_csv,c45671c47cfae89154331e9c9dab59b9cdbc9c40
ablation,td3_amo,adaptive_multiscale,te5_tb5_Tlr0p002,antmaze,antmaze-large-diverse-v2,0,torch,0.002,10.0,10.0,,,,,,False,,,,,,,bootstrap_loss_not_l2_rms;initial_scale_outside_main,1000000,,1000000,10.0,10,True,,amld_s0_te5_tb5_Tlr0p002__32122198,ablation/td3_amo/antmaze-large-diverse-v2/2e-3/seed_0/amld_s0_te5_tb5_Tlr0p002__32122198,/raid/ext_csv/AMO_store/amo_adaptive_multiscale_antmaze6_scale_sweep_seed0/runs/amo_ams_large-div_Te5_Tb5_s0-antmaze-large-diverse-v2-32122198,ext_csv,c45671c47cfae89154331e9c9dab59b9cdbc9c40
ablation,td3_amo,adaptive_multiscale,te1_tb1_Tlr0p0005,antmaze,antmaze-large-play-v2,0,torch,0.0005,2.0,2.0,,,,,,False,,,,,,,bootstrap_loss_not_l2_rms;meta_lr_outside_main,1000000,,1000000,60.0,10,True,,amlp_s0_te1_tb1_Tlr0p0005__8f7b103b,ablation/td3_amo/antmaze-large-play-v2/5e-4/seed_0/amlp_s0_te1_tb1_Tlr0p0005__8f7b103b,/raid/ext_csv/AMO_store/amo_adaptive_multiscale_antmaze6_tlr_te1tb1_seed0/runs/amo_ams_large-play_Te1_Tb1_5em4_s0-antmaze-large-play-v2-8f7b103b,ext_csv,c45671c47cfae89154331e9c9dab59b9cdbc9c40
ablation,td3_amo,adaptive_multiscale,te1_tb0p25_Tlr0p001,antmaze,antmaze-large-play-v2,0,torch,0.001,2.0,0.5,,,,,,False,,,,,,,bootstrap_loss_not_l2_rms;initial_scale_outside_main;initial_scale_mismatch,1000000,,1000000,10.0,10,True,,amlp_s0_te1_tb0p25_Tlr0p001__cca47666,ablation/td3_amo/antmaze-large-play-v2/1e-3/seed_0/amlp_s0_te1_tb0p25_Tlr0p001__cca47666,/raid/ext_csv/AMO_store/amo_adaptive_multiscale_antmaze6_te1_tb025_seed0/runs/amo_ams_large-play_Te1_Tb025_1em3_s0-antmaze-large-play-v2-cca47666,ext_csv,30abcfcfbc62b892c6c0a7d0763c1c8323154d11
ablation,td3_amo,adaptive_multiscale,te1_tb1_Tlr0p001,antmaze,antmaze-large-play-v2,0,torch,0.001,2.0,2.0,,,,,,False,,,,,,,bootstrap_loss_not_l2_rms,1000000,,1000000,40.0,10,True,,amlp_s0_te1_tb1_Tlr0p001__41af8157,ablation/td3_amo/antmaze-large-play-v2/1e-3/seed_0/amlp_s0_te1_tb1_Tlr0p001__41af8157,/raid/ext_csv/AMO_store/amo_adaptive_multiscale_antmaze6_tb_bc_qimprove_1em3_seed0/runs/amo_ams_large-play_Te1_Tb1_BCq_1em3_s0-antmaze-large-play-v2-41af8157,ext_csv,c45671c47cfae89154331e9c9dab59b9cdbc9c40
ablation,td3_amo,adaptive_multiscale,te1_tb1_Tlr0p001,antmaze,antmaze-large-play-v2,0,torch,0.001,2.0,2.0,,,,,,False,,,,,,,bootstrap_loss_not_l2_rms,1000000,,1000000,60.0,10,True,,amlp_s0_te1_tb1_Tlr0p001__da0b4ffa,ablation/td3_amo/antmaze-large-play-v2/1e-3/seed_0/amlp_s0_te1_tb1_Tlr0p001__da0b4ffa,/raid/ext_csv/AMO_store/amo_adaptive_multiscale_antmaze6_tlr_te1tb1_seed0/runs/amo_ams_large-play_Te1_Tb1_1em3_s0-antmaze-large-play-v2-da0b4ffa,ext_csv,c45671c47cfae89154331e9c9dab59b9cdbc9c40
ablation,td3_amo,adaptive_multiscale,te1_tb1_Tlr0p001,antmaze,antmaze-large-play-v2,1,torch,0.001,2.0,2.0,,,,,,False,,,,,,,bootstrap_loss_not_l2_rms,,,,,,False,,amlp_s1_te1_tb1_Tlr0p001__6e0e2162,ablation/td3_amo/antmaze-large-play-v2/1e-3/seed_1/amlp_s1_te1_tb1_Tlr0p001__6e0e2162,/raid/ext_csv/AMO_store/amo_adaptive_multiscale_antmaze6_tlr_te1tb1_1em3_seeds123/runs/amo_ams_large-play_Te1_Tb1_1em3_s1-antmaze-large-play-v2-6e0e2162,ext_csv,c45671c47cfae89154331e9c9dab59b9cdbc9c40
ablation,td3_amo,adaptive_multiscale,te1_tb1_Tlr0p002,antmaze,antmaze-large-play-v2,0,torch,0.002,2.0,2.0,,,,,,False,,,,,,,bootstrap_loss_not_l2_rms,1000000,,1000000,30.0,10,True,,amlp_s0_te1_tb1_Tlr0p002__03774c0e,ablation/td3_amo/antmaze-large-play-v2/2e-3/seed_0/amlp_s0_te1_tb1_Tlr0p002__03774c0e,/raid/ext_csv/AMO_store/amo_adaptive_multiscale_antmaze6_scale_sweep_seed0/runs/amo_ams_large-play_Te1_Tb1_s0-antmaze-large-play-v2-03774c0e,ext_csv,c45671c47cfae89154331e9c9dab59b9cdbc9c40
ablation,td3_amo,adaptive_multiscale,te5_tb1_Tlr0p002,antmaze,antmaze-large-play-v2,0,torch,0.002,10.0,2.0,,,,,,False,,,,,,,bootstrap_loss_not_l2_rms;initial_scale_outside_main;initial_scale_mismatch,1000000,,1000000,20.0,10,True,,amlp_s0_te5_tb1_Tlr0p002__52d12cfd,ablation/td3_amo/antmaze-large-play-v2/2e-3/seed_0/amlp_s0_te5_tb1_Tlr0p002__52d12cfd,/raid/ext_csv/AMO_store/amo_adaptive_multiscale_antmaze6_scale_sweep_seed0/runs/amo_ams_large-play_Te5_Tb1_s0-antmaze-large-play-v2-52d12cfd,ext_csv,c45671c47cfae89154331e9c9dab59b9cdbc9c40
ablation,td3_amo,adaptive_multiscale,te5_tb5_Tlr0p002,antmaze,antmaze-large-play-v2,0,torch,0.002,10.0,10.0,,,,,,False,,,,,,,bootstrap_loss_not_l2_rms;initial_scale_outside_main,1000000,,1000000,70.0,10,True,,amlp_s0_te5_tb5_Tlr0p002__c0f315dd,ablation/td3_amo/antmaze-large-play-v2/2e-3/seed_0/amlp_s0_te5_tb5_Tlr0p002__c0f315dd,/raid/ext_csv/AMO_store/amo_adaptive_multiscale_antmaze6_scale_sweep_seed0/runs/amo_ams_large-play_Te5_Tb5_s0-antmaze-large-play-v2-c0f315dd,ext_csv,c45671c47cfae89154331e9c9dab59b9cdbc9c40
ablation,td3_amo,adaptive_multiscale,te1_tb1_Tlr0p0005,antmaze,antmaze-medium-diverse-v2,0,torch,0.0005,2.0,2.0,,,,,,False,,,,,,,bootstrap_loss_not_l2_rms;meta_lr_outside_main,1000000,,1000000,20.0,10,True,,ammd_s0_te1_tb1_Tlr0p0005__3b854dcb,ablation/td3_amo/antmaze-medium-diverse-v2/5e-4/seed_0/ammd_s0_te1_tb1_Tlr0p0005__3b854dcb,/raid/ext_csv/AMO_store/amo_adaptive_multiscale_antmaze6_tlr_te1tb1_seed0/runs/amo_ams_med-div_Te1_Tb1_5em4_s0-antmaze-medium-diverse-v2-3b854dcb,ext_csv,c45671c47cfae89154331e9c9dab59b9cdbc9c40
ablation,td3_amo,adaptive_multiscale,te1_tb0p25_Tlr0p001,antmaze,antmaze-medium-diverse-v2,0,torch,0.001,2.0,0.5,,,,,,False,,,,,,,bootstrap_loss_not_l2_rms;initial_scale_outside_main;initial_scale_mismatch,1000000,,1000000,10.0,10,True,,ammd_s0_te1_tb0p25_Tlr0p001__a0cabb92,ablation/td3_amo/antmaze-medium-diverse-v2/1e-3/seed_0/ammd_s0_te1_tb0p25_Tlr0p001__a0cabb92,/raid/ext_csv/AMO_store/amo_adaptive_multiscale_antmaze6_te1_tb025_seed0/runs/amo_ams_med-div_Te1_Tb025_1em3_s0-antmaze-medium-diverse-v2-a0cabb92,ext_csv,30abcfcfbc62b892c6c0a7d0763c1c8323154d11
ablation,td3_amo,adaptive_multiscale,te1_tb1_Tlr0p001,antmaze,antmaze-medium-diverse-v2,0,torch,0.001,2.0,2.0,,,,,,False,,,,,,,bootstrap_loss_not_l2_rms,1000000,,1000000,40.0,10,True,,ammd_s0_te1_tb1_Tlr0p001__a96c2874,ablation/td3_amo/antmaze-medium-diverse-v2/1e-3/seed_0/ammd_s0_te1_tb1_Tlr0p001__a96c2874,/raid/ext_csv/AMO_store/amo_adaptive_multiscale_antmaze6_tb_bc_qimprove_1em3_seed0/runs/amo_ams_med-div_Te1_Tb1_BCq_1em3_s0-antmaze-medium-diverse-v2-a96c2874,ext_csv,c45671c47cfae89154331e9c9dab59b9cdbc9c40
ablation,td3_amo,adaptive_multiscale,te1_tb1_Tlr0p001,antmaze,antmaze-medium-diverse-v2,0,torch,0.001,2.0,2.0,,,,,,False,,,,,,,bootstrap_loss_not_l2_rms,1000000,,1000000,10.0,10,True,,ammd_s0_te1_tb1_Tlr0p001__c136d997,ablation/td3_amo/antmaze-medium-diverse-v2/1e-3/seed_0/ammd_s0_te1_tb1_Tlr0p001__c136d997,/raid/ext_csv/AMO_store/amo_adaptive_multiscale_antmaze6_tlr_te1tb1_seed0/runs/amo_ams_med-div_Te1_Tb1_1em3_s0-antmaze-medium-diverse-v2-c136d997,ext_csv,c45671c47cfae89154331e9c9dab59b9cdbc9c40
ablation,td3_amo,adaptive_multiscale,te1_tb1_Tlr0p001,antmaze,antmaze-medium-diverse-v2,1,torch,0.001,2.0,2.0,,,,,,False,,,,,,,bootstrap_loss_not_l2_rms,,,,,,False,,ammd_s1_te1_tb1_Tlr0p001__d32e0ec2,ablation/td3_amo/antmaze-medium-diverse-v2/1e-3/seed_1/ammd_s1_te1_tb1_Tlr0p001__d32e0ec2,/raid/ext_csv/AMO_store/amo_adaptive_multiscale_antmaze6_tlr_te1tb1_1em3_seeds123/runs/amo_ams_med-div_Te1_Tb1_1em3_s1-antmaze-medium-diverse-v2-d32e0ec2,ext_csv,c45671c47cfae89154331e9c9dab59b9cdbc9c40
ablation,td3_amo,adaptive_multiscale,te1_tb1_Tlr0p002,antmaze,antmaze-medium-diverse-v2,0,torch,0.002,2.0,2.0,,,,,,False,,,,,,,bootstrap_loss_not_l2_rms,1000000,,1000000,20.0,10,True,,ammd_s0_te1_tb1_Tlr0p002__918083c0,ablation/td3_amo/antmaze-medium-diverse-v2/2e-3/seed_0/ammd_s0_te1_tb1_Tlr0p002__918083c0,/raid/ext_csv/AMO_store/amo_adaptive_multiscale_antmaze6_scale_sweep_seed0/runs/amo_ams_med-div_Te1_Tb1_s0-antmaze-medium-diverse-v2-918083c0,ext_csv,c45671c47cfae89154331e9c9dab59b9cdbc9c40
ablation,td3_amo,adaptive_multiscale,te5_tb1_Tlr0p002,antmaze,antmaze-medium-diverse-v2,0,torch,0.002,10.0,2.0,,,,,,False,,,,,,,bootstrap_loss_not_l2_rms;initial_scale_outside_main;initial_scale_mismatch,1000000,,1000000,0.0,10,True,,ammd_s0_te5_tb1_Tlr0p002__fa96c07d,ablation/td3_amo/antmaze-medium-diverse-v2/2e-3/seed_0/ammd_s0_te5_tb1_Tlr0p002__fa96c07d,/raid/ext_csv/AMO_store/amo_adaptive_multiscale_antmaze6_scale_sweep_seed0/runs/amo_ams_med-div_Te5_Tb1_s0-antmaze-medium-diverse-v2-fa96c07d,ext_csv,c45671c47cfae89154331e9c9dab59b9cdbc9c40
ablation,td3_amo,adaptive_multiscale,te5_tb5_Tlr0p002,antmaze,antmaze-medium-diverse-v2,0,torch,0.002,10.0,10.0,,,,,,False,,,,,,,bootstrap_loss_not_l2_rms;initial_scale_outside_main,1000000,,1000000,60.0,10,True,,ammd_s0_te5_tb5_Tlr0p002__eef200f7,ablation/td3_amo/antmaze-medium-diverse-v2/2e-3/seed_0/ammd_s0_te5_tb5_Tlr0p002__eef200f7,/raid/ext_csv/AMO_store/amo_adaptive_multiscale_antmaze6_scale_sweep_seed0/runs/amo_ams_med-div_Te5_Tb5_s0-antmaze-medium-diverse-v2-eef200f7,ext_csv,c45671c47cfae89154331e9c9dab59b9cdbc9c40
ablation,td3_amo,adaptive_multiscale,te1_tb1_Tlr0p0005,antmaze,antmaze-medium-play-v2,0,torch,0.0005,2.0,2.0,,,,,,False,,,,,,,bootstrap_loss_not_l2_rms;meta_lr_outside_main,1000000,,1000000,30.0,10,True,,ammp_s0_te1_tb1_Tlr0p0005__b29e0cf5,ablation/td3_amo/antmaze-medium-play-v2/5e-4/seed_0/ammp_s0_te1_tb1_Tlr0p0005__b29e0cf5,/raid/ext_csv/AMO_store/amo_adaptive_multiscale_antmaze6_tlr_te1tb1_seed0/runs/amo_ams_med-play_Te1_Tb1_5em4_s0-antmaze-medium-play-v2-b29e0cf5,ext_csv,c45671c47cfae89154331e9c9dab59b9cdbc9c40
ablation,td3_amo,adaptive_multiscale,te1_tb0p25_Tlr0p001,antmaze,antmaze-medium-play-v2,0,torch,0.001,2.0,0.5,,,,,,False,,,,,,,bootstrap_loss_not_l2_rms;initial_scale_outside_main;initial_scale_mismatch,1000000,,1000000,30.0,10,True,,ammp_s0_te1_tb0p25_Tlr0p001__1498e9fc,ablation/td3_amo/antmaze-medium-play-v2/1e-3/seed_0/ammp_s0_te1_tb0p25_Tlr0p001__1498e9fc,/raid/ext_csv/AMO_store/amo_adaptive_multiscale_antmaze6_te1_tb025_seed0/runs/amo_ams_med-play_Te1_Tb025_1em3_s0-antmaze-medium-play-v2-1498e9fc,ext_csv,30abcfcfbc62b892c6c0a7d0763c1c8323154d11
ablation,td3_amo,adaptive_multiscale,te1_tb1_Tlr0p001,antmaze,antmaze-medium-play-v2,0,torch,0.001,2.0,2.0,,,,,,False,,,,,,,bootstrap_loss_not_l2_rms,1000000,,1000000,60.0,10,True,,ammp_s0_te1_tb1_Tlr0p001__3655f7a4,ablation/td3_amo/antmaze-medium-play-v2/1e-3/seed_0/ammp_s0_te1_tb1_Tlr0p001__3655f7a4,/raid/ext_csv/AMO_store/amo_adaptive_multiscale_antmaze6_tlr_te1tb1_seed0/runs/amo_ams_med-play_Te1_Tb1_1em3_s0-antmaze-medium-play-v2-3655f7a4,ext_csv,c45671c47cfae89154331e9c9dab59b9cdbc9c40
ablation,td3_amo,adaptive_multiscale,te1_tb1_Tlr0p001,antmaze,antmaze-medium-play-v2,0,torch,0.001,2.0,2.0,,,,,,False,,,,,,,bootstrap_loss_not_l2_rms,1000000,,1000000,90.0,10,True,,ammp_s0_te1_tb1_Tlr0p001__79cedde3,ablation/td3_amo/antmaze-medium-play-v2/1e-3/seed_0/ammp_s0_te1_tb1_Tlr0p001__79cedde3,/raid/ext_csv/AMO_store/amo_adaptive_multiscale_antmaze6_tb_bc_qimprove_1em3_seed0/runs/amo_ams_med-play_Te1_Tb1_BCq_1em3_s0-antmaze-medium-play-v2-79cedde3,ext_csv,c45671c47cfae89154331e9c9dab59b9cdbc9c40
ablation,td3_amo,adaptive_multiscale,te1_tb1_Tlr0p001,antmaze,antmaze-medium-play-v2,1,torch,0.001,2.0,2.0,,,,,,False,,,,,,,bootstrap_loss_not_l2_rms,1000000,,1000000,76.0,50,True,,ammp_s1_te1_tb1_Tlr0p001__c198b33f,ablation/td3_amo/antmaze-medium-play-v2/1e-3/seed_1/ammp_s1_te1_tb1_Tlr0p001__c198b33f,/raid/ext_csv/AMO_store/amo_adaptive_multiscale_antmaze6_tlr_te1tb1_1em3_seeds123/runs/amo_ams_med-play_Te1_Tb1_1em3_s1-antmaze-medium-play-v2-c198b33f,ext_csv,c45671c47cfae89154331e9c9dab59b9cdbc9c40
ablation,td3_amo,adaptive_multiscale,te1_tb1_Tlr0p002,antmaze,antmaze-medium-play-v2,0,torch,0.002,2.0,2.0,,,,,,False,,,,,,,bootstrap_loss_not_l2_rms,1000000,,1000000,60.0,10,True,,ammp_s0_te1_tb1_Tlr0p002__4780db25,ablation/td3_amo/antmaze-medium-play-v2/2e-3/seed_0/ammp_s0_te1_tb1_Tlr0p002__4780db25,/raid/ext_csv/AMO_store/amo_adaptive_multiscale_antmaze6_scale_sweep_seed0/runs/amo_ams_med-play_Te1_Tb1_s0-antmaze-medium-play-v2-4780db25,ext_csv,c45671c47cfae89154331e9c9dab59b9cdbc9c40
ablation,td3_amo,adaptive_multiscale,te5_tb1_Tlr0p002,antmaze,antmaze-medium-play-v2,0,torch,0.002,10.0,2.0,,,,,,False,,,,,,,bootstrap_loss_not_l2_rms;initial_scale_outside_main;initial_scale_mismatch,1000000,,1000000,60.0,10,True,,ammp_s0_te5_tb1_Tlr0p002__615f0ea5,ablation/td3_amo/antmaze-medium-play-v2/2e-3/seed_0/ammp_s0_te5_tb1_Tlr0p002__615f0ea5,/raid/ext_csv/AMO_store/amo_adaptive_multiscale_antmaze6_scale_sweep_seed0/runs/amo_ams_med-play_Te5_Tb1_s0-antmaze-medium-play-v2-615f0ea5,ext_csv,c45671c47cfae89154331e9c9dab59b9cdbc9c40
ablation,td3_amo,adaptive_multiscale,te5_tb5_Tlr0p002,antmaze,antmaze-medium-play-v2,0,torch,0.002,10.0,10.0,,,,,,False,,,,,,,bootstrap_loss_not_l2_rms;initial_scale_outside_main,1000000,,1000000,50.0,10,True,,ammp_s0_te5_tb5_Tlr0p002__009db25d,ablation/td3_amo/antmaze-medium-play-v2/2e-3/seed_0/ammp_s0_te5_tb5_Tlr0p002__009db25d,/raid/ext_csv/AMO_store/amo_adaptive_multiscale_antmaze6_scale_sweep_seed0/runs/amo_ams_med-play_Te5_Tb5_s0-antmaze-medium-play-v2-009db25d,ext_csv,c45671c47cfae89154331e9c9dab59b9cdbc9c40
ablation,td3_amo,adaptive_multiscale,te1_tb1_Tlr0p0005,antmaze,antmaze-umaze-diverse-v2,0,torch,0.0005,2.0,2.0,,,,,,False,,,,,,,bootstrap_loss_not_l2_rms;meta_lr_outside_main,1000000,,1000000,50.0,10,True,,amud_s0_te1_tb1_Tlr0p0005__4d6cfda9,ablation/td3_amo/antmaze-umaze-diverse-v2/5e-4/seed_0/amud_s0_te1_tb1_Tlr0p0005__4d6cfda9,/raid/ext_csv/AMO_store/amo_adaptive_multiscale_antmaze6_tlr_te1tb1_seed0/runs/amo_ams_umaze-div_Te1_Tb1_5em4_s0-antmaze-umaze-diverse-v2-4d6cfda9,ext_csv,c45671c47cfae89154331e9c9dab59b9cdbc9c40
ablation,td3_amo,adaptive_multiscale,te1_tb0p25_Tlr0p001,antmaze,antmaze-umaze-diverse-v2,0,torch,0.001,2.0,0.5,,,,,,False,,,,,,,bootstrap_loss_not_l2_rms;initial_scale_outside_main;initial_scale_mismatch,1000000,,1000000,70.0,10,True,,amud_s0_te1_tb0p25_Tlr0p001__56d4a630,ablation/td3_amo/antmaze-umaze-diverse-v2/1e-3/seed_0/amud_s0_te1_tb0p25_Tlr0p001__56d4a630,/raid/ext_csv/AMO_store/amo_adaptive_multiscale_antmaze6_te1_tb025_seed0/runs/amo_ams_umaze-div_Te1_Tb025_1em3_s0-antmaze-umaze-diverse-v2-56d4a630,ext_csv,30abcfcfbc62b892c6c0a7d0763c1c8323154d11
ablation,td3_amo,adaptive_multiscale,te1_tb1_Tlr0p001,antmaze,antmaze-umaze-diverse-v2,0,torch,0.001,2.0,2.0,,,,,,False,,,,,,,bootstrap_loss_not_l2_rms,1000000,,1000000,80.0,10,True,,amud_s0_te1_tb1_Tlr0p001__90f71451,ablation/td3_amo/antmaze-umaze-diverse-v2/1e-3/seed_0/amud_s0_te1_tb1_Tlr0p001__90f71451,/raid/ext_csv/AMO_store/amo_adaptive_multiscale_antmaze6_tb_bc_qimprove_1em3_seed0/runs/amo_ams_umaze-div_Te1_Tb1_BCq_1em3_s0-antmaze-umaze-diverse-v2-90f71451,ext_csv,c45671c47cfae89154331e9c9dab59b9cdbc9c40
ablation,td3_amo,adaptive_multiscale,te1_tb1_Tlr0p001,antmaze,antmaze-umaze-diverse-v2,0,torch,0.001,2.0,2.0,,,,,,False,,,,,,,bootstrap_loss_not_l2_rms,1000000,,1000000,70.0,10,True,,amud_s0_te1_tb1_Tlr0p001__9a179fb0,ablation/td3_amo/antmaze-umaze-diverse-v2/1e-3/seed_0/amud_s0_te1_tb1_Tlr0p001__9a179fb0,/raid/ext_csv/AMO_store/amo_adaptive_multiscale_antmaze6_tlr_te1tb1_seed0/runs/amo_ams_umaze-div_Te1_Tb1_1em3_s0-antmaze-umaze-diverse-v2-9a179fb0,ext_csv,c45671c47cfae89154331e9c9dab59b9cdbc9c40
ablation,td3_amo,adaptive_multiscale,te1_tb1_Tlr0p001,antmaze,antmaze-umaze-diverse-v2,1,torch,0.001,2.0,2.0,,,,,,False,,,,,,,bootstrap_loss_not_l2_rms,1000000,,1000000,22.0,50,True,,amud_s1_te1_tb1_Tlr0p001__009e3452,ablation/td3_amo/antmaze-umaze-diverse-v2/1e-3/seed_1/amud_s1_te1_tb1_Tlr0p001__009e3452,/raid/ext_csv/AMO_store/amo_adaptive_multiscale_antmaze6_tlr_te1tb1_1em3_seeds123/runs/amo_ams_umaze-div_Te1_Tb1_1em3_s1-antmaze-umaze-diverse-v2-009e3452,ext_csv,c45671c47cfae89154331e9c9dab59b9cdbc9c40
ablation,td3_amo,adaptive_multiscale,te1_tb1_Tlr0p002,antmaze,antmaze-umaze-diverse-v2,0,torch,0.002,2.0,2.0,,,,,,False,,,,,,,bootstrap_loss_not_l2_rms,1000000,,1000000,80.0,10,True,,amud_s0_te1_tb1_Tlr0p002__c6a40782,ablation/td3_amo/antmaze-umaze-diverse-v2/2e-3/seed_0/amud_s0_te1_tb1_Tlr0p002__c6a40782,/raid/ext_csv/AMO_store/amo_adaptive_multiscale_antmaze6_scale_sweep_seed0/runs/amo_ams_umaze-div_Te1_Tb1_s0-antmaze-umaze-diverse-v2-c6a40782,ext_csv,c45671c47cfae89154331e9c9dab59b9cdbc9c40
ablation,td3_amo,adaptive_multiscale,te5_tb1_Tlr0p002,antmaze,antmaze-umaze-diverse-v2,0,torch,0.002,10.0,2.0,,,,,,False,,,,,,,bootstrap_loss_not_l2_rms;initial_scale_outside_main;initial_scale_mismatch,1000000,,1000000,80.0,10,True,,amud_s0_te5_tb1_Tlr0p002__e092491a,ablation/td3_amo/antmaze-umaze-diverse-v2/2e-3/seed_0/amud_s0_te5_tb1_Tlr0p002__e092491a,/raid/ext_csv/AMO_store/amo_adaptive_multiscale_antmaze6_scale_sweep_seed0/runs/amo_ams_umaze-div_Te5_Tb1_s0-antmaze-umaze-diverse-v2-e092491a,ext_csv,c45671c47cfae89154331e9c9dab59b9cdbc9c40
ablation,td3_amo,adaptive_multiscale,te5_tb5_Tlr0p002,antmaze,antmaze-umaze-diverse-v2,0,torch,0.002,10.0,10.0,,,,,,False,,,,,,,bootstrap_loss_not_l2_rms;initial_scale_outside_main,1000000,,1000000,70.0,10,True,,amud_s0_te5_tb5_Tlr0p002__adac12dc,ablation/td3_amo/antmaze-umaze-diverse-v2/2e-3/seed_0/amud_s0_te5_tb5_Tlr0p002__adac12dc,/raid/ext_csv/AMO_store/amo_adaptive_multiscale_antmaze6_scale_sweep_seed0/runs/amo_ams_umaze-div_Te5_Tb5_s0-antmaze-umaze-diverse-v2-adac12dc,ext_csv,c45671c47cfae89154331e9c9dab59b9cdbc9c40
ablation,td3_amo,adaptive_multiscale,te1_tb1_Tlr0p0005,antmaze,antmaze-umaze-v2,0,torch,0.0005,2.0,2.0,,,,,,False,,,,,,,bootstrap_loss_not_l2_rms;meta_lr_outside_main,1000000,,1000000,100.0,10,True,,amu_s0_te1_tb1_Tlr0p0005__555160aa,ablation/td3_amo/antmaze-umaze-v2/5e-4/seed_0/amu_s0_te1_tb1_Tlr0p0005__555160aa,/raid/ext_csv/AMO_store/amo_adaptive_multiscale_antmaze6_tlr_te1tb1_seed0/runs/amo_ams_umaze_Te1_Tb1_5em4_s0-antmaze-umaze-v2-555160aa,ext_csv,c45671c47cfae89154331e9c9dab59b9cdbc9c40
ablation,td3_amo,adaptive_multiscale,te1_tb0p25_Tlr0p001,antmaze,antmaze-umaze-v2,0,torch,0.001,2.0,0.5,,,,,,False,,,,,,,bootstrap_loss_not_l2_rms;initial_scale_outside_main;initial_scale_mismatch,1000000,,1000000,70.0,10,True,,amu_s0_te1_tb0p25_Tlr0p001__de736822,ablation/td3_amo/antmaze-umaze-v2/1e-3/seed_0/amu_s0_te1_tb0p25_Tlr0p001__de736822,/raid/ext_csv/AMO_store/amo_adaptive_multiscale_antmaze6_te1_tb025_seed0/runs/amo_ams_umaze_Te1_Tb025_1em3_s0-antmaze-umaze-v2-de736822,ext_csv,30abcfcfbc62b892c6c0a7d0763c1c8323154d11
ablation,td3_amo,adaptive_multiscale,te1_tb1_Tlr0p001,antmaze,antmaze-umaze-v2,0,torch,0.001,2.0,2.0,,,,,,False,,,,,,,bootstrap_loss_not_l2_rms,1000000,,1000000,90.0,10,True,,amu_s0_te1_tb1_Tlr0p001__435aa2a2,ablation/td3_amo/antmaze-umaze-v2/1e-3/seed_0/amu_s0_te1_tb1_Tlr0p001__435aa2a2,/raid/ext_csv/AMO_store/amo_adaptive_multiscale_antmaze6_tb_bc_qimprove_1em3_seed0/runs/amo_ams_umaze_Te1_Tb1_BCq_1em3_s0-antmaze-umaze-v2-435aa2a2,ext_csv,c45671c47cfae89154331e9c9dab59b9cdbc9c40
ablation,td3_amo,adaptive_multiscale,te1_tb1_Tlr0p001,antmaze,antmaze-umaze-v2,0,torch,0.001,2.0,2.0,,,,,,False,,,,,,,bootstrap_loss_not_l2_rms,1000000,,1000000,90.0,10,True,,amu_s0_te1_tb1_Tlr0p001__7f3e7a0e,ablation/td3_amo/antmaze-umaze-v2/1e-3/seed_0/amu_s0_te1_tb1_Tlr0p001__7f3e7a0e,/raid/ext_csv/AMO_store/amo_adaptive_multiscale_antmaze6_tlr_te1tb1_seed0/runs/amo_ams_umaze_Te1_Tb1_1em3_s0-antmaze-umaze-v2-7f3e7a0e,ext_csv,c45671c47cfae89154331e9c9dab59b9cdbc9c40
ablation,td3_amo,adaptive_multiscale,te1_tb1_Tlr0p001,antmaze,antmaze-umaze-v2,1,torch,0.001,2.0,2.0,,,,,,False,,,,,,,bootstrap_loss_not_l2_rms,1000000,,1000000,94.0,50,True,,amu_s1_te1_tb1_Tlr0p001__8dca75a3,ablation/td3_amo/antmaze-umaze-v2/1e-3/seed_1/amu_s1_te1_tb1_Tlr0p001__8dca75a3,/raid/ext_csv/AMO_store/amo_adaptive_multiscale_antmaze6_tlr_te1tb1_1em3_seeds123/runs/amo_ams_umaze_Te1_Tb1_1em3_s1-antmaze-umaze-v2-8dca75a3,ext_csv,c45671c47cfae89154331e9c9dab59b9cdbc9c40
ablation,td3_amo,adaptive_multiscale,te1_tb1_Tlr0p002,antmaze,antmaze-umaze-v2,0,torch,0.002,2.0,2.0,,,,,,False,,,,,,,bootstrap_loss_not_l2_rms,1000000,,1000000,90.0,10,True,,amu_s0_te1_tb1_Tlr0p002__9c6fdf8b,ablation/td3_amo/antmaze-umaze-v2/2e-3/seed_0/amu_s0_te1_tb1_Tlr0p002__9c6fdf8b,/raid/ext_csv/AMO_store/amo_adaptive_multiscale_antmaze6_scale_sweep_seed0/runs/amo_ams_umaze_Te1_Tb1_s0-antmaze-umaze-v2-9c6fdf8b,ext_csv,c45671c47cfae89154331e9c9dab59b9cdbc9c40
ablation,td3_amo,adaptive_multiscale,te5_tb1_Tlr0p002,antmaze,antmaze-umaze-v2,0,torch,0.002,10.0,2.0,,,,,,False,,,,,,,bootstrap_loss_not_l2_rms;initial_scale_outside_main;initial_scale_mismatch,1000000,,1000000,90.0,10,True,,amu_s0_te5_tb1_Tlr0p002__96ab2d75,ablation/td3_amo/antmaze-umaze-v2/2e-3/seed_0/amu_s0_te5_tb1_Tlr0p002__96ab2d75,/raid/ext_csv/AMO_store/amo_adaptive_multiscale_antmaze6_scale_sweep_seed0/runs/amo_ams_umaze_Te5_Tb1_s0-antmaze-umaze-v2-96ab2d75,ext_csv,c45671c47cfae89154331e9c9dab59b9cdbc9c40
ablation,td3_amo,adaptive_multiscale,te5_tb5_Tlr0p002,antmaze,antmaze-umaze-v2,0,torch,0.002,10.0,10.0,,,,,,False,,,,,,,bootstrap_loss_not_l2_rms;initial_scale_outside_main,1000000,,1000000,100.0,10,True,,amu_s0_te5_tb5_Tlr0p002__9e6b5864,ablation/td3_amo/antmaze-umaze-v2/2e-3/seed_0/amu_s0_te5_tb5_Tlr0p002__9e6b5864,/raid/ext_csv/AMO_store/amo_adaptive_multiscale_antmaze6_scale_sweep_seed0/runs/amo_ams_umaze_Te5_Tb5_s0-antmaze-umaze-v2-9e6b5864,ext_csv,c45671c47cfae89154331e9c9dab59b9cdbc9c40
ablation,td3_amo,adaptive_multiscale,te10_tb10_Tlr0p0003,locomotion,halfcheetah-medium-expert-v2,0,torch,0.0003,20.0,20.0,,,,,,False,,,,,,,bootstrap_loss_not_l2_rms;initial_scale_outside_main,1000000,,1000000,88.39998862584267,10,True,,hme_s0_te10_tb10_Tlr0p0003__b68678e7,ablation/td3_amo/halfcheetah-medium-expert-v2/3e-4/seed_0/hme_s0_te10_tb10_Tlr0p0003__b68678e7,/raid/ext_csv/AMO_store/amo_adaptive_multiscale_loco9_te_tb_tlr_grid_seed0/runs/amo_ams_hc-me_Te10_Tb10_Tlr0p0003_s0-halfcheetah-medium-expert-v2-b68678e7,ext_csv,30abcfcfbc62b892c6c0a7d0763c1c8323154d11
ablation,td3_amo,adaptive_multiscale,te1_tb1_Tlr0p0003,locomotion,halfcheetah-medium-expert-v2,0,torch,0.0003,2.0,2.0,,,,,,False,,,,,,,bootstrap_loss_not_l2_rms,1000000,,1000000,100.73275492730396,50,True,,hme_s0_te1_tb1_Tlr0p0003__e19be219,ablation/td3_amo/halfcheetah-medium-expert-v2/3e-4/seed_0/hme_s0_te1_tb1_Tlr0p0003__e19be219,/raid/ext_csv/AMO_store/amo_adaptive_multiscale_loco9_te_tb_tlr_grid_seed0/runs/amo_ams_hc-me_Te1_Tb1_Tlr0p0003_s0-halfcheetah-medium-expert-v2-e19be219,ext_csv,30abcfcfbc62b892c6c0a7d0763c1c8323154d11
ablation,td3_amo,adaptive_multiscale,te5_tb5_Tlr0p0003,locomotion,halfcheetah-medium-expert-v2,0,torch,0.0003,10.0,10.0,,,,,,False,,,,,,,bootstrap_loss_not_l2_rms;initial_scale_outside_main,1000000,,1000000,95.21261452076337,10,True,,hme_s0_te5_tb5_Tlr0p0003__dac7e83d,ablation/td3_amo/halfcheetah-medium-expert-v2/3e-4/seed_0/hme_s0_te5_tb5_Tlr0p0003__dac7e83d,/raid/ext_csv/AMO_store/amo_adaptive_multiscale_loco9_te_tb_tlr_grid_seed0/runs/amo_ams_hc-me_Te5_Tb5_Tlr0p0003_s0-halfcheetah-medium-expert-v2-dac7e83d,ext_csv,30abcfcfbc62b892c6c0a7d0763c1c8323154d11
ablation,td3_amo,adaptive_multiscale,te1_tb1_Tlr0p0003,locomotion,halfcheetah-medium-expert-v2,1,torch,0.0003,2.0,2.0,,,,,,False,,,,,,,bootstrap_loss_not_l2_rms,1000000,,1000000,96.52980249858037,50,True,,hme_s1_te1_tb1_Tlr0p0003__ba58d9c4,ablation/td3_amo/halfcheetah-medium-expert-v2/3e-4/seed_1/hme_s1_te1_tb1_Tlr0p0003__ba58d9c4,/raid/ext_csv/AMO_store/amo_adaptive_multiscale_loco9_tlr3e4_band95_seeds1to3/runs/amo_ams_hc-me_Te1_Tb1_Tlr0p0003_s1-halfcheetah-medium-expert-v2-ba58d9c4,ext_csv,30abcfcfbc62b892c6c0a7d0763c1c8323154d11
ablation,td3_amo,adaptive_multiscale,te1_tb1_Tlr0p0003,locomotion,halfcheetah-medium-expert-v2,2,torch,0.0003,2.0,2.0,,,,,,False,,,,,,,bootstrap_loss_not_l2_rms,1000000,,1000000,98.00693095697508,50,True,,hme_s2_te1_tb1_Tlr0p0003__e95efb67,ablation/td3_amo/halfcheetah-medium-expert-v2/3e-4/seed_2/hme_s2_te1_tb1_Tlr0p0003__e95efb67,/raid/ext_csv/AMO_store/amo_adaptive_multiscale_loco9_tlr3e4_band95_seeds1to3/runs/amo_ams_hc-me_Te1_Tb1_Tlr0p0003_s2-halfcheetah-medium-expert-v2-e95efb67,ext_csv,30abcfcfbc62b892c6c0a7d0763c1c8323154d11
ablation,td3_amo,adaptive_multiscale,te1_tb1_Tlr0p0003,locomotion,halfcheetah-medium-expert-v2,3,torch,0.0003,2.0,2.0,,,,,,False,,,,,,,bootstrap_loss_not_l2_rms,1000000,,1000000,100.23272023312634,50,True,,hme_s3_te1_tb1_Tlr0p0003__bc9427d0,ablation/td3_amo/halfcheetah-medium-expert-v2/3e-4/seed_3/hme_s3_te1_tb1_Tlr0p0003__bc9427d0,/raid/ext_csv/AMO_store/amo_adaptive_multiscale_loco9_tlr3e4_band95_seeds1to3/runs/amo_ams_hc-me_Te1_Tb1_Tlr0p0003_s3-halfcheetah-medium-expert-v2-bc9427d0,ext_csv,30abcfcfbc62b892c6c0a7d0763c1c8323154d11
ablation,td3_amo,adaptive_multiscale,te10_tb10_Tlr0p001,locomotion,halfcheetah-medium-expert-v2,0,torch,0.001,20.0,20.0,,,,,,False,,,,,,,bootstrap_loss_not_l2_rms;initial_scale_outside_main,1000000,,1000000,96.11698451535717,10,True,,hme_s0_te10_tb10_Tlr0p001__2141f64b,ablation/td3_amo/halfcheetah-medium-expert-v2/1e-3/seed_0/hme_s0_te10_tb10_Tlr0p001__2141f64b,/raid/ext_csv/AMO_store/amo_adaptive_multiscale_loco9_te_tb_tlr_grid_seed0/runs/amo_ams_hc-me_Te10_Tb10_Tlr0p001_s0-halfcheetah-medium-expert-v2-2141f64b,ext_csv,30abcfcfbc62b892c6c0a7d0763c1c8323154d11
ablation,td3_amo,adaptive_multiscale,te1_tb0p25_Tlr0p001,locomotion,halfcheetah-medium-expert-v2,0,torch,0.001,2.0,0.5,,,,,,False,,,,,,,bootstrap_loss_not_l2_rms;initial_scale_outside_main;initial_scale_mismatch,1000000,,1000000,104.08203879634182,10,True,,hme_s0_te1_tb0p25_Tlr0p001__f95622b8,ablation/td3_amo/halfcheetah-medium-expert-v2/1e-3/seed_0/hme_s0_te1_tb0p25_Tlr0p001__f95622b8,/raid/ext_csv/AMO_store/amo_adaptive_multiscale_loco9_te1_tb025_seed0/runs/amo_ams_hc-me_Te1_Tb025_1em3_s0-halfcheetah-medium-expert-v2-f95622b8,ext_csv,30abcfcfbc62b892c6c0a7d0763c1c8323154d11
ablation,td3_amo,adaptive_multiscale,te5_tb5_Tlr0p001,locomotion,halfcheetah-medium-expert-v2,0,torch,0.001,10.0,10.0,,,,,,False,,,,,,,bootstrap_loss_not_l2_rms;initial_scale_outside_main,1000000,,1000000,98.49051134045749,10,True,,hme_s0_te5_tb5_Tlr0p001__5e3d11ed,ablation/td3_amo/halfcheetah-medium-expert-v2/1e-3/seed_0/hme_s0_te5_tb5_Tlr0p001__5e3d11ed,/raid/ext_csv/AMO_store/amo_adaptive_multiscale_loco9_te_tb_tlr_grid_seed0/runs/amo_ams_hc-me_Te5_Tb5_Tlr0p001_s0-halfcheetah-medium-expert-v2-5e3d11ed,ext_csv,30abcfcfbc62b892c6c0a7d0763c1c8323154d11
ablation,td3_amo,adaptive_multiscale,te1_tb1_Tlr0p001,locomotion,halfcheetah-medium-expert-v2,1,torch,0.001,2.0,2.0,,,,,,False,,,,,,,bootstrap_loss_not_l2_rms,1000000,,1000000,95.63453666863505,10,True,,hme_s1_te1_tb1_Tlr0p001__a7a01a9b,ablation/td3_amo/halfcheetah-medium-expert-v2/1e-3/seed_1/hme_s1_te1_tb1_Tlr0p001__a7a01a9b,/raid/ext_csv/AMO_store/amo_adaptive_multiscale_loco9_te1_tb1_seeds1to3/runs/amo_ams_hc-me_Te1_Tb1_1em3_s1-halfcheetah-medium-expert-v2-a7a01a9b,ext_csv,30abcfcfbc62b892c6c0a7d0763c1c8323154d11
ablation,td3_amo,adaptive_multiscale,te1_tb1_Tlr0p001,locomotion,halfcheetah-medium-expert-v2,2,torch,0.001,2.0,2.0,,,,,,False,,,,,,,bootstrap_loss_not_l2_rms,1000000,,1000000,100.22725455257648,10,True,,hme_s2_te1_tb1_Tlr0p001__acae0113,ablation/td3_amo/halfcheetah-medium-expert-v2/1e-3/seed_2/hme_s2_te1_tb1_Tlr0p001__acae0113,/raid/ext_csv/AMO_store/amo_adaptive_multiscale_loco9_te1_tb1_seeds1to3/runs/amo_ams_hc-me_Te1_Tb1_1em3_s2-halfcheetah-medium-expert-v2-acae0113,ext_csv,30abcfcfbc62b892c6c0a7d0763c1c8323154d11
ablation,td3_amo,adaptive_multiscale,te1_tb1_Tlr0p001,locomotion,halfcheetah-medium-expert-v2,3,torch,0.001,2.0,2.0,,,,,,False,,,,,,,bootstrap_loss_not_l2_rms,1000000,,1000000,100.76110032049827,10,True,,hme_s3_te1_tb1_Tlr0p001__749e57ed,ablation/td3_amo/halfcheetah-medium-expert-v2/1e-3/seed_3/hme_s3_te1_tb1_Tlr0p001__749e57ed,/raid/ext_csv/AMO_store/amo_adaptive_multiscale_loco9_te1_tb1_seeds1to3/runs/amo_ams_hc-me_Te1_Tb1_1em3_s3-halfcheetah-medium-expert-v2-749e57ed,ext_csv,30abcfcfbc62b892c6c0a7d0763c1c8323154d11
ablation,td3_amo,adaptive_multiscale,te1_tb1_Tlr0p002,locomotion,halfcheetah-medium-expert-v2,0,torch,0.002,2.0,2.0,,,,,,False,,,,,,,bootstrap_loss_not_l2_rms,450000,,450000,97.67666658953735,10,False,,hme_s0_te1_tb1_Tlr0p002__e7305f91,ablation/td3_amo/halfcheetah-medium-expert-v2/2e-3/seed_0/hme_s0_te1_tb1_Tlr0p002__e7305f91,/raid/ext_csv/AMO_store/amo_te1_tb1_tlr_gapfill_seeds0to3/runs/amo_ams_hc-me_Te1_Tb1_Tlr0p002_s0-halfcheetah-medium-expert-v2-e7305f91,ext_csv,eee3d486fac0c9f5ecbbea411424e6691b715265
ablation,td3_amo,adaptive_multiscale,te1_tb1_Tlr0p002,locomotion,halfcheetah-medium-expert-v2,1,torch,0.002,2.0,2.0,,,,,,False,,,,,,,bootstrap_loss_not_l2_rms,445000,,445000,86.07325314520958,10,False,,hme_s1_te1_tb1_Tlr0p002__3ba6d257,ablation/td3_amo/halfcheetah-medium-expert-v2/2e-3/seed_1/hme_s1_te1_tb1_Tlr0p002__3ba6d257,/raid/ext_csv/AMO_store/amo_te1_tb1_tlr_gapfill_seeds0to3/runs/amo_ams_hc-me_Te1_Tb1_Tlr0p002_s1-halfcheetah-medium-expert-v2-3ba6d257,ext_csv,eee3d486fac0c9f5ecbbea411424e6691b715265
ablation,td3_amo,adaptive_multiscale,te10_tb10_Tlr0p0003,locomotion,halfcheetah-medium-replay-v2,0,torch,0.0003,20.0,20.0,,,,,,False,,,,,,,bootstrap_loss_not_l2_rms;initial_scale_outside_main,1000000,,1000000,50.06178552481786,50,True,,hcmr_s0_te10_tb10_Tlr0p0003__748c0b05,ablation/td3_amo/halfcheetah-medium-replay-v2/3e-4/seed_0/hcmr_s0_te10_tb10_Tlr0p0003__748c0b05,/raid/ext_csv/AMO_store/amo_adaptive_multiscale_loco9_te_tb_tlr_grid_seed0/runs/amo_ams_hc-mr_Te10_Tb10_Tlr0p0003_s0-halfcheetah-medium-replay-v2-748c0b05,ext_csv,30abcfcfbc62b892c6c0a7d0763c1c8323154d11
ablation,td3_amo,adaptive_multiscale,te1_tb1_Tlr0p0003,locomotion,halfcheetah-medium-replay-v2,0,torch,0.0003,2.0,2.0,,,,,,False,,,,,,,bootstrap_loss_not_l2_rms,1000000,,1000000,45.518779668295004,10,True,,hcmr_s0_te1_tb1_Tlr0p0003__7647448a,ablation/td3_amo/halfcheetah-medium-replay-v2/3e-4/seed_0/hcmr_s0_te1_tb1_Tlr0p0003__7647448a,/raid/ext_csv/AMO_store/amo_adaptive_multiscale_loco9_te_tb_tlr_grid_seed0/runs/amo_ams_hc-mr_Te1_Tb1_Tlr0p0003_s0-halfcheetah-medium-replay-v2-7647448a,ext_csv,30abcfcfbc62b892c6c0a7d0763c1c8323154d11
ablation,td3_amo,adaptive_multiscale,te5_tb5_Tlr0p0003,locomotion,halfcheetah-medium-replay-v2,0,torch,0.0003,10.0,10.0,,,,,,False,,,,,,,bootstrap_loss_not_l2_rms;initial_scale_outside_main,1000000,,1000000,49.13857503664182,50,True,,hcmr_s0_te5_tb5_Tlr0p0003__c3124c3c,ablation/td3_amo/halfcheetah-medium-replay-v2/3e-4/seed_0/hcmr_s0_te5_tb5_Tlr0p0003__c3124c3c,/raid/ext_csv/AMO_store/amo_adaptive_multiscale_loco9_te_tb_tlr_grid_seed0/runs/amo_ams_hc-mr_Te5_Tb5_Tlr0p0003_s0-halfcheetah-medium-replay-v2-c3124c3c,ext_csv,30abcfcfbc62b892c6c0a7d0763c1c8323154d11
ablation,td3_amo,adaptive_multiscale,te10_tb10_Tlr0p0003,locomotion,halfcheetah-medium-replay-v2,1,torch,0.0003,20.0,20.0,,,,,,False,,,,,,,bootstrap_loss_not_l2_rms;initial_scale_outside_main,1000000,,1000000,49.093150402884774,50,True,,hcmr_s1_te10_tb10_Tlr0p0003__503d07bc,ablation/td3_amo/halfcheetah-medium-replay-v2/3e-4/seed_1/hcmr_s1_te10_tb10_Tlr0p0003__503d07bc,/raid/ext_csv/AMO_store/amo_adaptive_multiscale_loco9_tlr3e4_band95_seeds1to3/runs/amo_ams_hc-mr_Te10_Tb10_Tlr0p0003_s1-halfcheetah-medium-replay-v2-503d07bc,ext_csv,30abcfcfbc62b892c6c0a7d0763c1c8323154d11
ablation,td3_amo,adaptive_multiscale,te10_tb10_Tlr0p0003,locomotion,halfcheetah-medium-replay-v2,2,torch,0.0003,20.0,20.0,,,,,,False,,,,,,,bootstrap_loss_not_l2_rms;initial_scale_outside_main,1000000,,1000000,50.901863682548345,50,True,,hcmr_s2_te10_tb10_Tlr0p0003__3be17c20,ablation/td3_amo/halfcheetah-medium-replay-v2/3e-4/seed_2/hcmr_s2_te10_tb10_Tlr0p0003__3be17c20,/raid/ext_csv/AMO_store/amo_adaptive_multiscale_loco9_tlr3e4_band95_seeds1to3/runs/amo_ams_hc-mr_Te10_Tb10_Tlr0p0003_s2-halfcheetah-medium-replay-v2-3be17c20,ext_csv,30abcfcfbc62b892c6c0a7d0763c1c8323154d11
ablation,td3_amo,adaptive_multiscale,te10_tb10_Tlr0p0003,locomotion,halfcheetah-medium-replay-v2,3,torch,0.0003,20.0,20.0,,,,,,False,,,,,,,bootstrap_loss_not_l2_rms;initial_scale_outside_main,1000000,,1000000,49.34044198015917,50,True,,hcmr_s3_te10_tb10_Tlr0p0003__d8e5a7d2,ablation/td3_amo/halfcheetah-medium-replay-v2/3e-4/seed_3/hcmr_s3_te10_tb10_Tlr0p0003__d8e5a7d2,/raid/ext_csv/AMO_store/amo_adaptive_multiscale_loco9_tlr3e4_band95_seeds1to3/runs/amo_ams_hc-mr_Te10_Tb10_Tlr0p0003_s3-halfcheetah-medium-replay-v2-d8e5a7d2,ext_csv,30abcfcfbc62b892c6c0a7d0763c1c8323154d11
ablation,td3_amo,adaptive_multiscale,te10_tb10_Tlr0p001,locomotion,halfcheetah-medium-replay-v2,0,torch,0.001,20.0,20.0,,,,,,False,,,,,,,bootstrap_loss_not_l2_rms;initial_scale_outside_main,1000000,,1000000,50.459684833157695,10,True,,hcmr_s0_te10_tb10_Tlr0p001__fa174577,ablation/td3_amo/halfcheetah-medium-replay-v2/1e-3/seed_0/hcmr_s0_te10_tb10_Tlr0p001__fa174577,/raid/ext_csv/AMO_store/amo_adaptive_multiscale_loco9_te_tb_tlr_grid_seed0/runs/amo_ams_hc-mr_Te10_Tb10_Tlr0p001_s0-halfcheetah-medium-replay-v2-fa174577,ext_csv,30abcfcfbc62b892c6c0a7d0763c1c8323154d11
ablation,td3_amo,adaptive_multiscale,te1_tb0p25_Tlr0p001,locomotion,halfcheetah-medium-replay-v2,0,torch,0.001,2.0,0.5,,,,,,False,,,,,,,bootstrap_loss_not_l2_rms;initial_scale_outside_main;initial_scale_mismatch,1000000,,1000000,49.51935963565351,10,True,,hcmr_s0_te1_tb0p25_Tlr0p001__e6e86402,ablation/td3_amo/halfcheetah-medium-replay-v2/1e-3/seed_0/hcmr_s0_te1_tb0p25_Tlr0p001__e6e86402,/raid/ext_csv/AMO_store/amo_adaptive_multiscale_loco9_te1_tb025_seed0/runs/amo_ams_hc-mr_Te1_Tb025_1em3_s0-halfcheetah-medium-replay-v2-e6e86402,ext_csv,30abcfcfbc62b892c6c0a7d0763c1c8323154d11
ablation,td3_amo,adaptive_multiscale,te5_tb5_Tlr0p001,locomotion,halfcheetah-medium-replay-v2,0,torch,0.001,10.0,10.0,,,,,,False,,,,,,,bootstrap_loss_not_l2_rms;initial_scale_outside_main,1000000,,1000000,47.158111407419675,10,True,,hcmr_s0_te5_tb5_Tlr0p001__f07c31f7,ablation/td3_amo/halfcheetah-medium-replay-v2/1e-3/seed_0/hcmr_s0_te5_tb5_Tlr0p001__f07c31f7,/raid/ext_csv/AMO_store/amo_adaptive_multiscale_loco9_te_tb_tlr_grid_seed0/runs/amo_ams_hc-mr_Te5_Tb5_Tlr0p001_s0-halfcheetah-medium-replay-v2-f07c31f7,ext_csv,30abcfcfbc62b892c6c0a7d0763c1c8323154d11
ablation,td3_amo,adaptive_multiscale,te1_tb1_Tlr0p001,locomotion,halfcheetah-medium-replay-v2,1,torch,0.001,2.0,2.0,,,,,,False,,,,,,,bootstrap_loss_not_l2_rms,1000000,,1000000,48.639186449636995,10,True,,hcmr_s1_te1_tb1_Tlr0p001__2479d7b2,ablation/td3_amo/halfcheetah-medium-replay-v2/1e-3/seed_1/hcmr_s1_te1_tb1_Tlr0p001__2479d7b2,/raid/ext_csv/AMO_store/amo_adaptive_multiscale_loco9_te1_tb1_seeds1to3/runs/amo_ams_hc-mr_Te1_Tb1_1em3_s1-halfcheetah-medium-replay-v2-2479d7b2,ext_csv,30abcfcfbc62b892c6c0a7d0763c1c8323154d11
ablation,td3_amo,adaptive_multiscale,te1_tb1_Tlr0p001,locomotion,halfcheetah-medium-replay-v2,2,torch,0.001,2.0,2.0,,,,,,False,,,,,,,bootstrap_loss_not_l2_rms,1000000,,1000000,49.0190937290169,10,True,,hcmr_s2_te1_tb1_Tlr0p001__d317dbc3,ablation/td3_amo/halfcheetah-medium-replay-v2/1e-3/seed_2/hcmr_s2_te1_tb1_Tlr0p001__d317dbc3,/raid/ext_csv/AMO_store/amo_adaptive_multiscale_loco9_te1_tb1_seeds1to3/runs/amo_ams_hc-mr_Te1_Tb1_1em3_s2-halfcheetah-medium-replay-v2-d317dbc3,ext_csv,30abcfcfbc62b892c6c0a7d0763c1c8323154d11
ablation,td3_amo,adaptive_multiscale,te1_tb1_Tlr0p001,locomotion,halfcheetah-medium-replay-v2,3,torch,0.001,2.0,2.0,,,,,,False,,,,,,,bootstrap_loss_not_l2_rms,1000000,,1000000,49.3069740028259,10,True,,hcmr_s3_te1_tb1_Tlr0p001__3f9ec528,ablation/td3_amo/halfcheetah-medium-replay-v2/1e-3/seed_3/hcmr_s3_te1_tb1_Tlr0p001__3f9ec528,/raid/ext_csv/AMO_store/amo_adaptive_multiscale_loco9_te1_tb1_seeds1to3/runs/amo_ams_hc-mr_Te1_Tb1_1em3_s3-halfcheetah-medium-replay-v2-3f9ec528,ext_csv,30abcfcfbc62b892c6c0a7d0763c1c8323154d11
ablation,td3_amo,adaptive_multiscale,te1_tb1_Tlr0p002,locomotion,halfcheetah-medium-replay-v2,1,torch,0.002,2.0,2.0,,,,,,False,,,,,,,bootstrap_loss_not_l2_rms,435000,,435000,48.62126722326548,10,False,,hcmr_s1_te1_tb1_Tlr0p002__4db153d5,ablation/td3_amo/halfcheetah-medium-replay-v2/2e-3/seed_1/hcmr_s1_te1_tb1_Tlr0p002__4db153d5,/raid/ext_csv/AMO_store/amo_te1_tb1_tlr_gapfill_seeds0to3/runs/amo_ams_hc-mr_Te1_Tb1_Tlr0p002_s1-halfcheetah-medium-replay-v2-4db153d5,ext_csv,eee3d486fac0c9f5ecbbea411424e6691b715265
ablation,td3_amo,adaptive_multiscale,te10_tb10_Tlr0p0003,locomotion,halfcheetah-medium-v2,0,torch,0.0003,20.0,20.0,,,,,,False,,,,,,,bootstrap_loss_not_l2_rms;initial_scale_outside_main,1000000,,1000000,58.43329336846169,50,True,,hcm_s0_te10_tb10_Tlr0p0003__4cd1bb08,ablation/td3_amo/halfcheetah-medium-v2/3e-4/seed_0/hcm_s0_te10_tb10_Tlr0p0003__4cd1bb08,/raid/ext_csv/AMO_store/amo_adaptive_multiscale_loco9_te_tb_tlr_grid_seed0/runs/amo_ams_hc-m_Te10_Tb10_Tlr0p0003_s0-halfcheetah-medium-v2-4cd1bb08,ext_csv,30abcfcfbc62b892c6c0a7d0763c1c8323154d11
ablation,td3_amo,adaptive_multiscale,te1_tb1_Tlr0p0003,locomotion,halfcheetah-medium-v2,0,torch,0.0003,2.0,2.0,,,,,,False,,,,,,,bootstrap_loss_not_l2_rms,1000000,,1000000,52.921173257449226,10,True,,hcm_s0_te1_tb1_Tlr0p0003__7c2d557e,ablation/td3_amo/halfcheetah-medium-v2/3e-4/seed_0/hcm_s0_te1_tb1_Tlr0p0003__7c2d557e,/raid/ext_csv/AMO_store/amo_adaptive_multiscale_loco9_te_tb_tlr_grid_seed0/runs/amo_ams_hc-m_Te1_Tb1_Tlr0p0003_s0-halfcheetah-medium-v2-7c2d557e,ext_csv,30abcfcfbc62b892c6c0a7d0763c1c8323154d11
ablation,td3_amo,adaptive_multiscale,te5_tb5_Tlr0p0003,locomotion,halfcheetah-medium-v2,0,torch,0.0003,10.0,10.0,,,,,,False,,,,,,,bootstrap_loss_not_l2_rms;initial_scale_outside_main,1000000,,1000000,57.57007710242477,50,True,,hcm_s0_te5_tb5_Tlr0p0003__a11d2860,ablation/td3_amo/halfcheetah-medium-v2/3e-4/seed_0/hcm_s0_te5_tb5_Tlr0p0003__a11d2860,/raid/ext_csv/AMO_store/amo_adaptive_multiscale_loco9_te_tb_tlr_grid_seed0/runs/amo_ams_hc-m_Te5_Tb5_Tlr0p0003_s0-halfcheetah-medium-v2-a11d2860,ext_csv,30abcfcfbc62b892c6c0a7d0763c1c8323154d11
ablation,td3_amo,adaptive_multiscale,te10_tb10_Tlr0p0003,locomotion,halfcheetah-medium-v2,1,torch,0.0003,20.0,20.0,,,,,,False,,,,,,,bootstrap_loss_not_l2_rms;initial_scale_outside_main,1000000,,1000000,59.431928747686555,50,True,,hcm_s1_te10_tb10_Tlr0p0003__ccbdc78f,ablation/td3_amo/halfcheetah-medium-v2/3e-4/seed_1/hcm_s1_te10_tb10_Tlr0p0003__ccbdc78f,/raid/ext_csv/AMO_store/amo_adaptive_multiscale_loco9_tlr3e4_band95_seeds1to3/runs/amo_ams_hc-m_Te10_Tb10_Tlr0p0003_s1-halfcheetah-medium-v2-ccbdc78f,ext_csv,30abcfcfbc62b892c6c0a7d0763c1c8323154d11
ablation,td3_amo,adaptive_multiscale,te5_tb5_Tlr0p0003,locomotion,halfcheetah-medium-v2,1,torch,0.0003,10.0,10.0,,,,,,False,,,,,,,bootstrap_loss_not_l2_rms;initial_scale_outside_main,1000000,,1000000,56.4016704599223,50,True,,hcm_s1_te5_tb5_Tlr0p0003__87428b57,ablation/td3_amo/halfcheetah-medium-v2/3e-4/seed_1/hcm_s1_te5_tb5_Tlr0p0003__87428b57,/raid/ext_csv/AMO_store/amo_adaptive_multiscale_loco9_tlr3e4_band95_seeds1to3/runs/amo_ams_hc-m_Te5_Tb5_Tlr0p0003_s1-halfcheetah-medium-v2-87428b57,ext_csv,30abcfcfbc62b892c6c0a7d0763c1c8323154d11
ablation,td3_amo,adaptive_multiscale,te10_tb10_Tlr0p0003,locomotion,halfcheetah-medium-v2,2,torch,0.0003,20.0,20.0,,,,,,False,,,,,,,bootstrap_loss_not_l2_rms;initial_scale_outside_main,1000000,,1000000,58.43641846491027,50,True,,hcm_s2_te10_tb10_Tlr0p0003__93320927,ablation/td3_amo/halfcheetah-medium-v2/3e-4/seed_2/hcm_s2_te10_tb10_Tlr0p0003__93320927,/raid/ext_csv/AMO_store/amo_adaptive_multiscale_loco9_tlr3e4_band95_seeds1to3/runs/amo_ams_hc-m_Te10_Tb10_Tlr0p0003_s2-halfcheetah-medium-v2-93320927,ext_csv,30abcfcfbc62b892c6c0a7d0763c1c8323154d11
ablation,td3_amo,adaptive_multiscale,te5_tb5_Tlr0p0003,locomotion,halfcheetah-medium-v2,2,torch,0.0003,10.0,10.0,,,,,,False,,,,,,,bootstrap_loss_not_l2_rms;initial_scale_outside_main,1000000,,1000000,57.82139387249511,50,True,,hcm_s2_te5_tb5_Tlr0p0003__be886760,ablation/td3_amo/halfcheetah-medium-v2/3e-4/seed_2/hcm_s2_te5_tb5_Tlr0p0003__be886760,/raid/ext_csv/AMO_store/amo_adaptive_multiscale_loco9_tlr3e4_band95_seeds1to3/runs/amo_ams_hc-m_Te5_Tb5_Tlr0p0003_s2-halfcheetah-medium-v2-be886760,ext_csv,30abcfcfbc62b892c6c0a7d0763c1c8323154d11
ablation,td3_amo,adaptive_multiscale,te10_tb10_Tlr0p0003,locomotion,halfcheetah-medium-v2,3,torch,0.0003,20.0,20.0,,,,,,False,,,,,,,bootstrap_loss_not_l2_rms;initial_scale_outside_main,1000000,,1000000,58.80298677037429,50,True,,hcm_s3_te10_tb10_Tlr0p0003__f90366a4,ablation/td3_amo/halfcheetah-medium-v2/3e-4/seed_3/hcm_s3_te10_tb10_Tlr0p0003__f90366a4,/raid/ext_csv/AMO_store/amo_adaptive_multiscale_loco9_tlr3e4_band95_seeds1to3/runs/amo_ams_hc-m_Te10_Tb10_Tlr0p0003_s3-halfcheetah-medium-v2-f90366a4,ext_csv,30abcfcfbc62b892c6c0a7d0763c1c8323154d11
ablation,td3_amo,adaptive_multiscale,te5_tb5_Tlr0p0003,locomotion,halfcheetah-medium-v2,3,torch,0.0003,10.0,10.0,,,,,,False,,,,,,,bootstrap_loss_not_l2_rms;initial_scale_outside_main,1000000,,1000000,57.567625547082926,50,True,,hcm_s3_te5_tb5_Tlr0p0003__34bf9b32,ablation/td3_amo/halfcheetah-medium-v2/3e-4/seed_3/hcm_s3_te5_tb5_Tlr0p0003__34bf9b32,/raid/ext_csv/AMO_store/amo_adaptive_multiscale_loco9_tlr3e4_band95_seeds1to3/runs/amo_ams_hc-m_Te5_Tb5_Tlr0p0003_s3-halfcheetah-medium-v2-34bf9b32,ext_csv,30abcfcfbc62b892c6c0a7d0763c1c8323154d11
ablation,td3_amo,adaptive_multiscale,te10_tb10_Tlr0p001,locomotion,halfcheetah-medium-v2,0,torch,0.001,20.0,20.0,,,,,,False,,,,,,,bootstrap_loss_not_l2_rms;initial_scale_outside_main,1000000,,1000000,59.67260522876175,10,True,,hcm_s0_te10_tb10_Tlr0p001__3de57a2f,ablation/td3_amo/halfcheetah-medium-v2/1e-3/seed_0/hcm_s0_te10_tb10_Tlr0p001__3de57a2f,/raid/ext_csv/AMO_store/amo_adaptive_multiscale_loco9_te_tb_tlr_grid_seed0/runs/amo_ams_hc-m_Te10_Tb10_Tlr0p001_s0-halfcheetah-medium-v2-3de57a2f,ext_csv,30abcfcfbc62b892c6c0a7d0763c1c8323154d11
ablation,td3_amo,adaptive_multiscale,te1_tb0p25_Tlr0p001,locomotion,halfcheetah-medium-v2,0,torch,0.001,2.0,0.5,,,,,,False,,,,,,,bootstrap_loss_not_l2_rms;initial_scale_outside_main;initial_scale_mismatch,1000000,,1000000,48.76429767452101,10,True,,hcm_s0_te1_tb0p25_Tlr0p001__91f0fe7c,ablation/td3_amo/halfcheetah-medium-v2/1e-3/seed_0/hcm_s0_te1_tb0p25_Tlr0p001__91f0fe7c,/raid/ext_csv/AMO_store/amo_adaptive_multiscale_loco9_te1_tb025_seed0/runs/amo_ams_hc-m_Te1_Tb025_1em3_s0-halfcheetah-medium-v2-91f0fe7c,ext_csv,30abcfcfbc62b892c6c0a7d0763c1c8323154d11
ablation,td3_amo,adaptive_multiscale,te5_tb5_Tlr0p001,locomotion,halfcheetah-medium-v2,0,torch,0.001,10.0,10.0,,,,,,False,,,,,,,bootstrap_loss_not_l2_rms;initial_scale_outside_main,1000000,,1000000,59.21960130591758,10,True,,hcm_s0_te5_tb5_Tlr0p001__ebf847ef,ablation/td3_amo/halfcheetah-medium-v2/1e-3/seed_0/hcm_s0_te5_tb5_Tlr0p001__ebf847ef,/raid/ext_csv/AMO_store/amo_adaptive_multiscale_loco9_te_tb_tlr_grid_seed0/runs/amo_ams_hc-m_Te5_Tb5_Tlr0p001_s0-halfcheetah-medium-v2-ebf847ef,ext_csv,30abcfcfbc62b892c6c0a7d0763c1c8323154d11
ablation,td3_amo,adaptive_multiscale,te1_tb1_Tlr0p001,locomotion,halfcheetah-medium-v2,1,torch,0.001,2.0,2.0,,,,,,False,,,,,,,bootstrap_loss_not_l2_rms,1000000,,1000000,57.08446899593389,10,True,,hcm_s1_te1_tb1_Tlr0p001__9cb24bd9,ablation/td3_amo/halfcheetah-medium-v2/1e-3/seed_1/hcm_s1_te1_tb1_Tlr0p001__9cb24bd9,/raid/ext_csv/AMO_store/amo_adaptive_multiscale_loco9_te1_tb1_seeds1to3/runs/amo_ams_hc-m_Te1_Tb1_1em3_s1-halfcheetah-medium-v2-9cb24bd9,ext_csv,30abcfcfbc62b892c6c0a7d0763c1c8323154d11
ablation,td3_amo,adaptive_multiscale,te1_tb1_Tlr0p001,locomotion,halfcheetah-medium-v2,2,torch,0.001,2.0,2.0,,,,,,False,,,,,,,bootstrap_loss_not_l2_rms,1000000,,1000000,58.16646372360223,10,True,,hcm_s2_te1_tb1_Tlr0p001__7bc0dfef,ablation/td3_amo/halfcheetah-medium-v2/1e-3/seed_2/hcm_s2_te1_tb1_Tlr0p001__7bc0dfef,/raid/ext_csv/AMO_store/amo_adaptive_multiscale_loco9_te1_tb1_seeds1to3/runs/amo_ams_hc-m_Te1_Tb1_1em3_s2-halfcheetah-medium-v2-7bc0dfef,ext_csv,30abcfcfbc62b892c6c0a7d0763c1c8323154d11
ablation,td3_amo,adaptive_multiscale,te1_tb1_Tlr0p001,locomotion,halfcheetah-medium-v2,3,torch,0.001,2.0,2.0,,,,,,False,,,,,,,bootstrap_loss_not_l2_rms,1000000,,1000000,56.93881173120187,10,True,,hcm_s3_te1_tb1_Tlr0p001__7693ae87,ablation/td3_amo/halfcheetah-medium-v2/1e-3/seed_3/hcm_s3_te1_tb1_Tlr0p001__7693ae87,/raid/ext_csv/AMO_store/amo_adaptive_multiscale_loco9_te1_tb1_seeds1to3/runs/amo_ams_hc-m_Te1_Tb1_1em3_s3-halfcheetah-medium-v2-7693ae87,ext_csv,30abcfcfbc62b892c6c0a7d0763c1c8323154d11
ablation,td3_amo,adaptive_multiscale,te1_tb1_Tlr0p002,locomotion,halfcheetah-medium-v2,1,torch,0.002,2.0,2.0,,,,,,False,,,,,,,bootstrap_loss_not_l2_rms,445000,,445000,57.69770137578818,10,False,,hcm_s1_te1_tb1_Tlr0p002__4ddad439,ablation/td3_amo/halfcheetah-medium-v2/2e-3/seed_1/hcm_s1_te1_tb1_Tlr0p002__4ddad439,/raid/ext_csv/AMO_store/amo_te1_tb1_tlr_gapfill_seeds0to3/runs/amo_ams_hc-m_Te1_Tb1_Tlr0p002_s1-halfcheetah-medium-v2-4ddad439,ext_csv,eee3d486fac0c9f5ecbbea411424e6691b715265
ablation,td3_amo,adaptive_multiscale,te10_tb10_Tlr0p0003,locomotion,hopper-medium-expert-v2,0,torch,0.0003,20.0,20.0,,,,,,False,,,,,,,bootstrap_loss_not_l2_rms;initial_scale_outside_main,1000000,,1000000,31.44648022172079,10,True,,hopme_s0_te10_tb10_Tlr0p0003__008e84aa,ablation/td3_amo/hopper-medium-expert-v2/3e-4/seed_0/hopme_s0_te10_tb10_Tlr0p0003__008e84aa,/raid/ext_csv/AMO_store/amo_adaptive_multiscale_loco9_te_tb_tlr_grid_seed0/runs/amo_ams_h-me_Te10_Tb10_Tlr0p0003_s0-hopper-medium-expert-v2-008e84aa,ext_csv,30abcfcfbc62b892c6c0a7d0763c1c8323154d11
ablation,td3_amo,adaptive_multiscale,te1_tb1_Tlr0p0003,locomotion,hopper-medium-expert-v2,0,torch,0.0003,2.0,2.0,,,,,,False,,,,,,,bootstrap_loss_not_l2_rms,1000000,,1000000,108.23498633083423,50,True,,hopme_s0_te1_tb1_Tlr0p0003__4079d96d,ablation/td3_amo/hopper-medium-expert-v2/3e-4/seed_0/hopme_s0_te1_tb1_Tlr0p0003__4079d96d,/raid/ext_csv/AMO_store/amo_adaptive_multiscale_loco9_te_tb_tlr_grid_seed0/runs/amo_ams_h-me_Te1_Tb1_Tlr0p0003_s0-hopper-medium-expert-v2-4079d96d,ext_csv,30abcfcfbc62b892c6c0a7d0763c1c8323154d11
ablation,td3_amo,adaptive_multiscale,te5_tb5_Tlr0p0003,locomotion,hopper-medium-expert-v2,0,torch,0.0003,10.0,10.0,,,,,,False,,,,,,,bootstrap_loss_not_l2_rms;initial_scale_outside_main,1000000,,1000000,49.40251277615955,10,True,,hopme_s0_te5_tb5_Tlr0p0003__d90b0848,ablation/td3_amo/hopper-medium-expert-v2/3e-4/seed_0/hopme_s0_te5_tb5_Tlr0p0003__d90b0848,/raid/ext_csv/AMO_store/amo_adaptive_multiscale_loco9_te_tb_tlr_grid_seed0/runs/amo_ams_h-me_Te5_Tb5_Tlr0p0003_s0-hopper-medium-expert-v2-d90b0848,ext_csv,30abcfcfbc62b892c6c0a7d0763c1c8323154d11
ablation,td3_amo,adaptive_multiscale,te1_tb1_Tlr0p0003,locomotion,hopper-medium-expert-v2,1,torch,0.0003,2.0,2.0,,,,,,False,,,,,,,bootstrap_loss_not_l2_rms,1000000,,1000000,112.28611569955895,50,True,,hopme_s1_te1_tb1_Tlr0p0003__f5736030,ablation/td3_amo/hopper-medium-expert-v2/3e-4/seed_1/hopme_s1_te1_tb1_Tlr0p0003__f5736030,/raid/ext_csv/AMO_store/amo_adaptive_multiscale_loco9_tlr3e4_band95_seeds1to3/runs/amo_ams_h-me_Te1_Tb1_Tlr0p0003_s1-hopper-medium-expert-v2-f5736030,ext_csv,30abcfcfbc62b892c6c0a7d0763c1c8323154d11
ablation,td3_amo,adaptive_multiscale,te1_tb1_Tlr0p0003,locomotion,hopper-medium-expert-v2,2,torch,0.0003,2.0,2.0,,,,,,False,,,,,,,bootstrap_loss_not_l2_rms,1000000,,1000000,109.76788276304947,50,True,,hopme_s2_te1_tb1_Tlr0p0003__5afd4fd1,ablation/td3_amo/hopper-medium-expert-v2/3e-4/seed_2/hopme_s2_te1_tb1_Tlr0p0003__5afd4fd1,/raid/ext_csv/AMO_store/amo_adaptive_multiscale_loco9_tlr3e4_band95_seeds1to3/runs/amo_ams_h-me_Te1_Tb1_Tlr0p0003_s2-hopper-medium-expert-v2-5afd4fd1,ext_csv,30abcfcfbc62b892c6c0a7d0763c1c8323154d11
ablation,td3_amo,adaptive_multiscale,te1_tb1_Tlr0p0003,locomotion,hopper-medium-expert-v2,3,torch,0.0003,2.0,2.0,,,,,,False,,,,,,,bootstrap_loss_not_l2_rms,1000000,,1000000,112.36004871221603,50,True,,hopme_s3_te1_tb1_Tlr0p0003__b568fe0e,ablation/td3_amo/hopper-medium-expert-v2/3e-4/seed_3/hopme_s3_te1_tb1_Tlr0p0003__b568fe0e,/raid/ext_csv/AMO_store/amo_adaptive_multiscale_loco9_tlr3e4_band95_seeds1to3/runs/amo_ams_h-me_Te1_Tb1_Tlr0p0003_s3-hopper-medium-expert-v2-b568fe0e,ext_csv,30abcfcfbc62b892c6c0a7d0763c1c8323154d11
ablation,td3_amo,adaptive_multiscale,te10_tb10_Tlr0p001,locomotion,hopper-medium-expert-v2,0,torch,0.001,20.0,20.0,,,,,,False,,,,,,,bootstrap_loss_not_l2_rms;initial_scale_outside_main,1000000,,1000000,39.42510553468142,10,True,,hopme_s0_te10_tb10_Tlr0p001__322eeaea,ablation/td3_amo/hopper-medium-expert-v2/1e-3/seed_0/hopme_s0_te10_tb10_Tlr0p001__322eeaea,/raid/ext_csv/AMO_store/amo_adaptive_multiscale_loco9_te_tb_tlr_grid_seed0/runs/amo_ams_h-me_Te10_Tb10_Tlr0p001_s0-hopper-medium-expert-v2-322eeaea,ext_csv,30abcfcfbc62b892c6c0a7d0763c1c8323154d11
ablation,td3_amo,adaptive_multiscale,te1_tb0p25_Tlr0p001,locomotion,hopper-medium-expert-v2,0,torch,0.001,2.0,0.5,,,,,,False,,,,,,,bootstrap_loss_not_l2_rms;initial_scale_outside_main;initial_scale_mismatch,1000000,,1000000,103.01741860352556,10,True,,hopme_s0_te1_tb0p25_Tlr0p001__b82fb9f0,ablation/td3_amo/hopper-medium-expert-v2/1e-3/seed_0/hopme_s0_te1_tb0p25_Tlr0p001__b82fb9f0,/raid/ext_csv/AMO_store/amo_adaptive_multiscale_loco9_te1_tb025_seed0/runs/amo_ams_h-me_Te1_Tb025_1em3_s0-hopper-medium-expert-v2-b82fb9f0,ext_csv,30abcfcfbc62b892c6c0a7d0763c1c8323154d11
ablation,td3_amo,adaptive_multiscale,te5_tb5_Tlr0p001,locomotion,hopper-medium-expert-v2,0,torch,0.001,10.0,10.0,,,,,,False,,,,,,,bootstrap_loss_not_l2_rms;initial_scale_outside_main,1000000,,1000000,55.268644646828754,10,True,,hopme_s0_te5_tb5_Tlr0p001__2eb0ea41,ablation/td3_amo/hopper-medium-expert-v2/1e-3/seed_0/hopme_s0_te5_tb5_Tlr0p001__2eb0ea41,/raid/ext_csv/AMO_store/amo_adaptive_multiscale_loco9_te_tb_tlr_grid_seed0/runs/amo_ams_h-me_Te5_Tb5_Tlr0p001_s0-hopper-medium-expert-v2-2eb0ea41,ext_csv,30abcfcfbc62b892c6c0a7d0763c1c8323154d11
ablation,td3_amo,adaptive_multiscale,te1_tb1_Tlr0p001,locomotion,hopper-medium-expert-v2,1,torch,0.001,2.0,2.0,,,,,,False,,,,,,,bootstrap_loss_not_l2_rms,1000000,,1000000,111.8606328447946,10,True,,hopme_s1_te1_tb1_Tlr0p001__0b611349,ablation/td3_amo/hopper-medium-expert-v2/1e-3/seed_1/hopme_s1_te1_tb1_Tlr0p001__0b611349,/raid/ext_csv/AMO_store/amo_adaptive_multiscale_loco9_te1_tb1_seeds1to3/runs/amo_ams_h-me_Te1_Tb1_1em3_s1-hopper-medium-expert-v2-0b611349,ext_csv,30abcfcfbc62b892c6c0a7d0763c1c8323154d11
ablation,td3_amo,adaptive_multiscale,te1_tb1_Tlr0p001,locomotion,hopper-medium-expert-v2,2,torch,0.001,2.0,2.0,,,,,,False,,,,,,,bootstrap_loss_not_l2_rms,1000000,,1000000,59.58479233741178,10,True,,hopme_s2_te1_tb1_Tlr0p001__21ee11d6,ablation/td3_amo/hopper-medium-expert-v2/1e-3/seed_2/hopme_s2_te1_tb1_Tlr0p001__21ee11d6,/raid/ext_csv/AMO_store/amo_adaptive_multiscale_loco9_te1_tb1_seeds1to3/runs/amo_ams_h-me_Te1_Tb1_1em3_s2-hopper-medium-expert-v2-21ee11d6,ext_csv,30abcfcfbc62b892c6c0a7d0763c1c8323154d11
ablation,td3_amo,adaptive_multiscale,te1_tb1_Tlr0p001,locomotion,hopper-medium-expert-v2,3,torch,0.001,2.0,2.0,,,,,,False,,,,,,,bootstrap_loss_not_l2_rms,1000000,,1000000,112.30830671871989,10,True,,hopme_s3_te1_tb1_Tlr0p001__ed518fc0,ablation/td3_amo/hopper-medium-expert-v2/1e-3/seed_3/hopme_s3_te1_tb1_Tlr0p001__ed518fc0,/raid/ext_csv/AMO_store/amo_adaptive_multiscale_loco9_te1_tb1_seeds1to3/runs/amo_ams_h-me_Te1_Tb1_1em3_s3-hopper-medium-expert-v2-ed518fc0,ext_csv,30abcfcfbc62b892c6c0a7d0763c1c8323154d11
ablation,td3_amo,adaptive_multiscale,te10_tb10_Tlr0p0003,locomotion,hopper-medium-replay-v2,0,torch,0.0003,20.0,20.0,,,,,,False,,,,,,,bootstrap_loss_not_l2_rms;initial_scale_outside_main,1000000,,1000000,90.06458285418424,10,True,,hopmr_s0_te10_tb10_Tlr0p0003__09a8c039,ablation/td3_amo/hopper-medium-replay-v2/3e-4/seed_0/hopmr_s0_te10_tb10_Tlr0p0003__09a8c039,/raid/ext_csv/AMO_store/amo_adaptive_multiscale_loco9_te_tb_tlr_grid_seed0/runs/amo_ams_h-mr_Te10_Tb10_Tlr0p0003_s0-hopper-medium-replay-v2-09a8c039,ext_csv,30abcfcfbc62b892c6c0a7d0763c1c8323154d11
ablation,td3_amo,adaptive_multiscale,te1_tb1_Tlr0p0003,locomotion,hopper-medium-replay-v2,0,torch,0.0003,2.0,2.0,,,,,,False,,,,,,,bootstrap_loss_not_l2_rms,1000000,,1000000,101.1480596288405,50,True,,hopmr_s0_te1_tb1_Tlr0p0003__6a3b732e,ablation/td3_amo/hopper-medium-replay-v2/3e-4/seed_0/hopmr_s0_te1_tb1_Tlr0p0003__6a3b732e,/raid/ext_csv/AMO_store/amo_adaptive_multiscale_loco9_te_tb_tlr_grid_seed0/runs/amo_ams_h-mr_Te1_Tb1_Tlr0p0003_s0-hopper-medium-replay-v2-6a3b732e,ext_csv,30abcfcfbc62b892c6c0a7d0763c1c8323154d11
ablation,td3_amo,adaptive_multiscale,te5_tb5_Tlr0p0003,locomotion,hopper-medium-replay-v2,0,torch,0.0003,10.0,10.0,,,,,,False,,,,,,,bootstrap_loss_not_l2_rms;initial_scale_outside_main,1000000,,1000000,101.56679597237803,50,True,,hopmr_s0_te5_tb5_Tlr0p0003__b1fe91af,ablation/td3_amo/hopper-medium-replay-v2/3e-4/seed_0/hopmr_s0_te5_tb5_Tlr0p0003__b1fe91af,/raid/ext_csv/AMO_store/amo_adaptive_multiscale_loco9_te_tb_tlr_grid_seed0/runs/amo_ams_h-mr_Te5_Tb5_Tlr0p0003_s0-hopper-medium-replay-v2-b1fe91af,ext_csv,30abcfcfbc62b892c6c0a7d0763c1c8323154d11
ablation,td3_amo,adaptive_multiscale,te5_tb5_Tlr0p0003,locomotion,hopper-medium-replay-v2,1,torch,0.0003,10.0,10.0,,,,,,False,,,,,,,bootstrap_loss_not_l2_rms;initial_scale_outside_main,1000000,,1000000,101.32213104816215,50,True,,hopmr_s1_te5_tb5_Tlr0p0003__53119f93,ablation/td3_amo/hopper-medium-replay-v2/3e-4/seed_1/hopmr_s1_te5_tb5_Tlr0p0003__53119f93,/raid/ext_csv/AMO_store/amo_adaptive_multiscale_loco9_tlr3e4_band95_seeds1to3/runs/amo_ams_h-mr_Te5_Tb5_Tlr0p0003_s1-hopper-medium-replay-v2-53119f93,ext_csv,30abcfcfbc62b892c6c0a7d0763c1c8323154d11
ablation,td3_amo,adaptive_multiscale,te5_tb5_Tlr0p0003,locomotion,hopper-medium-replay-v2,2,torch,0.0003,10.0,10.0,,,,,,False,,,,,,,bootstrap_loss_not_l2_rms;initial_scale_outside_main,1000000,,1000000,101.08430471251292,50,True,,hopmr_s2_te5_tb5_Tlr0p0003__3224da09,ablation/td3_amo/hopper-medium-replay-v2/3e-4/seed_2/hopmr_s2_te5_tb5_Tlr0p0003__3224da09,/raid/ext_csv/AMO_store/amo_adaptive_multiscale_loco9_tlr3e4_band95_seeds1to3/runs/amo_ams_h-mr_Te5_Tb5_Tlr0p0003_s2-hopper-medium-replay-v2-3224da09,ext_csv,30abcfcfbc62b892c6c0a7d0763c1c8323154d11
ablation,td3_amo,adaptive_multiscale,te5_tb5_Tlr0p0003,locomotion,hopper-medium-replay-v2,3,torch,0.0003,10.0,10.0,,,,,,False,,,,,,,bootstrap_loss_not_l2_rms;initial_scale_outside_main,1000000,,1000000,101.25030289570952,50,True,,hopmr_s3_te5_tb5_Tlr0p0003__54bdd111,ablation/td3_amo/hopper-medium-replay-v2/3e-4/seed_3/hopmr_s3_te5_tb5_Tlr0p0003__54bdd111,/raid/ext_csv/AMO_store/amo_adaptive_multiscale_loco9_tlr3e4_band95_seeds1to3/runs/amo_ams_h-mr_Te5_Tb5_Tlr0p0003_s3-hopper-medium-replay-v2-54bdd111,ext_csv,30abcfcfbc62b892c6c0a7d0763c1c8323154d11
ablation,td3_amo,adaptive_multiscale,te10_tb10_Tlr0p001,locomotion,hopper-medium-replay-v2,0,torch,0.001,20.0,20.0,,,,,,False,,,,,,,bootstrap_loss_not_l2_rms;initial_scale_outside_main,1000000,,1000000,96.79521398054844,10,True,,hopmr_s0_te10_tb10_Tlr0p001__098f9510,ablation/td3_amo/hopper-medium-replay-v2/1e-3/seed_0/hopmr_s0_te10_tb10_Tlr0p001__098f9510,/raid/ext_csv/AMO_store/amo_adaptive_multiscale_loco9_te_tb_tlr_grid_seed0/runs/amo_ams_h-mr_Te10_Tb10_Tlr0p001_s0-hopper-medium-replay-v2-098f9510,ext_csv,30abcfcfbc62b892c6c0a7d0763c1c8323154d11
ablation,td3_amo,adaptive_multiscale,te1_tb0p25_Tlr0p001,locomotion,hopper-medium-replay-v2,0,torch,0.001,2.0,0.5,,,,,,False,,,,,,,bootstrap_loss_not_l2_rms;initial_scale_outside_main;initial_scale_mismatch,1000000,,1000000,99.43290755396323,10,True,,hopmr_s0_te1_tb0p25_Tlr0p001__0c2793b4,ablation/td3_amo/hopper-medium-replay-v2/1e-3/seed_0/hopmr_s0_te1_tb0p25_Tlr0p001__0c2793b4,/raid/ext_csv/AMO_store/amo_adaptive_multiscale_loco9_te1_tb025_seed0/runs/amo_ams_h-mr_Te1_Tb025_1em3_s0-hopper-medium-replay-v2-0c2793b4,ext_csv,30abcfcfbc62b892c6c0a7d0763c1c8323154d11
ablation,td3_amo,adaptive_multiscale,te5_tb5_Tlr0p001,locomotion,hopper-medium-replay-v2,0,torch,0.001,10.0,10.0,,,,,,False,,,,,,,bootstrap_loss_not_l2_rms;initial_scale_outside_main,1000000,,1000000,102.64121523608705,10,True,,hopmr_s0_te5_tb5_Tlr0p001__5f2fc866,ablation/td3_amo/hopper-medium-replay-v2/1e-3/seed_0/hopmr_s0_te5_tb5_Tlr0p001__5f2fc866,/raid/ext_csv/AMO_store/amo_adaptive_multiscale_loco9_te_tb_tlr_grid_seed0/runs/amo_ams_h-mr_Te5_Tb5_Tlr0p001_s0-hopper-medium-replay-v2-5f2fc866,ext_csv,30abcfcfbc62b892c6c0a7d0763c1c8323154d11
ablation,td3_amo,adaptive_multiscale,te1_tb1_Tlr0p001,locomotion,hopper-medium-replay-v2,1,torch,0.001,2.0,2.0,,,,,,False,,,,,,,bootstrap_loss_not_l2_rms,1000000,,1000000,101.8376894604214,10,True,,hopmr_s1_te1_tb1_Tlr0p001__f080c915,ablation/td3_amo/hopper-medium-replay-v2/1e-3/seed_1/hopmr_s1_te1_tb1_Tlr0p001__f080c915,/raid/ext_csv/AMO_store/amo_adaptive_multiscale_loco9_te1_tb1_seeds1to3/runs/amo_ams_h-mr_Te1_Tb1_1em3_s1-hopper-medium-replay-v2-f080c915,ext_csv,30abcfcfbc62b892c6c0a7d0763c1c8323154d11
ablation,td3_amo,adaptive_multiscale,te1_tb1_Tlr0p001,locomotion,hopper-medium-replay-v2,2,torch,0.001,2.0,2.0,,,,,,False,,,,,,,bootstrap_loss_not_l2_rms,1000000,,1000000,98.96401970408706,10,True,,hopmr_s2_te1_tb1_Tlr0p001__b42f2154,ablation/td3_amo/hopper-medium-replay-v2/1e-3/seed_2/hopmr_s2_te1_tb1_Tlr0p001__b42f2154,/raid/ext_csv/AMO_store/amo_adaptive_multiscale_loco9_te1_tb1_seeds1to3/runs/amo_ams_h-mr_Te1_Tb1_1em3_s2-hopper-medium-replay-v2-b42f2154,ext_csv,30abcfcfbc62b892c6c0a7d0763c1c8323154d11
ablation,td3_amo,adaptive_multiscale,te1_tb1_Tlr0p001,locomotion,hopper-medium-replay-v2,3,torch,0.001,2.0,2.0,,,,,,False,,,,,,,bootstrap_loss_not_l2_rms,1000000,,1000000,101.24606919663064,10,True,,hopmr_s3_te1_tb1_Tlr0p001__d6f53a73,ablation/td3_amo/hopper-medium-replay-v2/1e-3/seed_3/hopmr_s3_te1_tb1_Tlr0p001__d6f53a73,/raid/ext_csv/AMO_store/amo_adaptive_multiscale_loco9_te1_tb1_seeds1to3/runs/amo_ams_h-mr_Te1_Tb1_1em3_s3-hopper-medium-replay-v2-d6f53a73,ext_csv,30abcfcfbc62b892c6c0a7d0763c1c8323154d11
ablation,td3_amo,adaptive_multiscale,te1_tb1_Tlr0p002,locomotion,hopper-medium-replay-v2,1,torch,0.002,2.0,2.0,,,,,,False,,,,,,,bootstrap_loss_not_l2_rms,450000,,450000,101.10838200262522,10,False,,hopmr_s1_te1_tb1_Tlr0p002__5370c612,ablation/td3_amo/hopper-medium-replay-v2/2e-3/seed_1/hopmr_s1_te1_tb1_Tlr0p002__5370c612,/raid/ext_csv/AMO_store/amo_te1_tb1_tlr_gapfill_seeds0to3/runs/amo_ams_h-mr_Te1_Tb1_Tlr0p002_s1-hopper-medium-replay-v2-5370c612,ext_csv,eee3d486fac0c9f5ecbbea411424e6691b715265
ablation,td3_amo,adaptive_multiscale,te10_tb10_Tlr0p0003,locomotion,hopper-medium-v2,0,torch,0.0003,20.0,20.0,,,,,,False,,,,,,,bootstrap_loss_not_l2_rms;initial_scale_outside_main,1000000,,1000000,102.7174341212624,50,True,,hopm_s0_te10_tb10_Tlr0p0003__23e68436,ablation/td3_amo/hopper-medium-v2/3e-4/seed_0/hopm_s0_te10_tb10_Tlr0p0003__23e68436,/raid/ext_csv/AMO_store/amo_adaptive_multiscale_loco9_te_tb_tlr_grid_seed0/runs/amo_ams_h-m_Te10_Tb10_Tlr0p0003_s0-hopper-medium-v2-23e68436,ext_csv,30abcfcfbc62b892c6c0a7d0763c1c8323154d11
ablation,td3_amo,adaptive_multiscale,te1_tb1_Tlr0p0003,locomotion,hopper-medium-v2,0,torch,0.0003,2.0,2.0,,,,,,False,,,,,,,bootstrap_loss_not_l2_rms,1000000,,1000000,58.869481729317855,10,True,,hopm_s0_te1_tb1_Tlr0p0003__5b41f8ad,ablation/td3_amo/hopper-medium-v2/3e-4/seed_0/hopm_s0_te1_tb1_Tlr0p0003__5b41f8ad,/raid/ext_csv/AMO_store/amo_adaptive_multiscale_loco9_te_tb_tlr_grid_seed0/runs/amo_ams_h-m_Te1_Tb1_Tlr0p0003_s0-hopper-medium-v2-5b41f8ad,ext_csv,30abcfcfbc62b892c6c0a7d0763c1c8323154d11
ablation,td3_amo,adaptive_multiscale,te5_tb5_Tlr0p0003,locomotion,hopper-medium-v2,0,torch,0.0003,10.0,10.0,,,,,,False,,,,,,,bootstrap_loss_not_l2_rms;initial_scale_outside_main,1000000,,1000000,101.80110030506637,50,True,,hopm_s0_te5_tb5_Tlr0p0003__b702c013,ablation/td3_amo/hopper-medium-v2/3e-4/seed_0/hopm_s0_te5_tb5_Tlr0p0003__b702c013,/raid/ext_csv/AMO_store/amo_adaptive_multiscale_loco9_te_tb_tlr_grid_seed0/runs/amo_ams_h-m_Te5_Tb5_Tlr0p0003_s0-hopper-medium-v2-b702c013,ext_csv,30abcfcfbc62b892c6c0a7d0763c1c8323154d11
ablation,td3_amo,adaptive_multiscale,te10_tb10_Tlr0p0003,locomotion,hopper-medium-v2,1,torch,0.0003,20.0,20.0,,,,,,False,,,,,,,bootstrap_loss_not_l2_rms;initial_scale_outside_main,1000000,,1000000,102.71002691191919,50,True,,hopm_s1_te10_tb10_Tlr0p0003__035d91bc,ablation/td3_amo/hopper-medium-v2/3e-4/seed_1/hopm_s1_te10_tb10_Tlr0p0003__035d91bc,/raid/ext_csv/AMO_store/amo_adaptive_multiscale_loco9_tlr3e4_band95_seeds1to3/runs/amo_ams_h-m_Te10_Tb10_Tlr0p0003_s1-hopper-medium-v2-035d91bc,ext_csv,30abcfcfbc62b892c6c0a7d0763c1c8323154d11
ablation,td3_amo,adaptive_multiscale,te10_tb10_Tlr0p0003,locomotion,hopper-medium-v2,2,torch,0.0003,20.0,20.0,,,,,,False,,,,,,,bootstrap_loss_not_l2_rms;initial_scale_outside_main,1000000,,1000000,101.98462261743066,50,True,,hopm_s2_te10_tb10_Tlr0p0003__93b1069f,ablation/td3_amo/hopper-medium-v2/3e-4/seed_2/hopm_s2_te10_tb10_Tlr0p0003__93b1069f,/raid/ext_csv/AMO_store/amo_adaptive_multiscale_loco9_tlr3e4_band95_seeds1to3/runs/amo_ams_h-m_Te10_Tb10_Tlr0p0003_s2-hopper-medium-v2-93b1069f,ext_csv,30abcfcfbc62b892c6c0a7d0763c1c8323154d11
ablation,td3_amo,adaptive_multiscale,te10_tb10_Tlr0p0003,locomotion,hopper-medium-v2,3,torch,0.0003,20.0,20.0,,,,,,False,,,,,,,bootstrap_loss_not_l2_rms;initial_scale_outside_main,1000000,,1000000,101.93475329350987,50,True,,hopm_s3_te10_tb10_Tlr0p0003__fdd1fceb,ablation/td3_amo/hopper-medium-v2/3e-4/seed_3/hopm_s3_te10_tb10_Tlr0p0003__fdd1fceb,/raid/ext_csv/AMO_store/amo_adaptive_multiscale_loco9_tlr3e4_band95_seeds1to3/runs/amo_ams_h-m_Te10_Tb10_Tlr0p0003_s3-hopper-medium-v2-fdd1fceb,ext_csv,30abcfcfbc62b892c6c0a7d0763c1c8323154d11
ablation,td3_amo,adaptive_multiscale,te10_tb10_Tlr0p001,locomotion,hopper-medium-v2,0,torch,0.001,20.0,20.0,,,,,,False,,,,,,,bootstrap_loss_not_l2_rms;initial_scale_outside_main,1000000,,1000000,102.84938028028643,10,True,,hopm_s0_te10_tb10_Tlr0p001__14a6f17a,ablation/td3_amo/hopper-medium-v2/1e-3/seed_0/hopm_s0_te10_tb10_Tlr0p001__14a6f17a,/raid/ext_csv/AMO_store/amo_adaptive_multiscale_loco9_te_tb_tlr_grid_seed0/runs/amo_ams_h-m_Te10_Tb10_Tlr0p001_s0-hopper-medium-v2-14a6f17a,ext_csv,30abcfcfbc62b892c6c0a7d0763c1c8323154d11
ablation,td3_amo,adaptive_multiscale,te1_tb0p25_Tlr0p001,locomotion,hopper-medium-v2,0,torch,0.001,2.0,0.5,,,,,,False,,,,,,,bootstrap_loss_not_l2_rms;initial_scale_outside_main;initial_scale_mismatch,1000000,,1000000,100.3117543472591,10,True,,hopm_s0_te1_tb0p25_Tlr0p001__ceda205a,ablation/td3_amo/hopper-medium-v2/1e-3/seed_0/hopm_s0_te1_tb0p25_Tlr0p001__ceda205a,/raid/ext_csv/AMO_store/amo_adaptive_multiscale_loco9_te1_tb025_seed0/runs/amo_ams_h-m_Te1_Tb025_1em3_s0-hopper-medium-v2-ceda205a,ext_csv,30abcfcfbc62b892c6c0a7d0763c1c8323154d11
ablation,td3_amo,adaptive_multiscale,te5_tb5_Tlr0p001,locomotion,hopper-medium-v2,0,torch,0.001,10.0,10.0,,,,,,False,,,,,,,bootstrap_loss_not_l2_rms;initial_scale_outside_main,1000000,,1000000,101.83253797727217,10,True,,hopm_s0_te5_tb5_Tlr0p001__bbb73567,ablation/td3_amo/hopper-medium-v2/1e-3/seed_0/hopm_s0_te5_tb5_Tlr0p001__bbb73567,/raid/ext_csv/AMO_store/amo_adaptive_multiscale_loco9_te_tb_tlr_grid_seed0/runs/amo_ams_h-m_Te5_Tb5_Tlr0p001_s0-hopper-medium-v2-bbb73567,ext_csv,30abcfcfbc62b892c6c0a7d0763c1c8323154d11
ablation,td3_amo,adaptive_multiscale,te1_tb1_Tlr0p001,locomotion,hopper-medium-v2,1,torch,0.001,2.0,2.0,,,,,,False,,,,,,,bootstrap_loss_not_l2_rms,1000000,,1000000,100.70724440767107,10,True,,hopm_s1_te1_tb1_Tlr0p001__85749f1c,ablation/td3_amo/hopper-medium-v2/1e-3/seed_1/hopm_s1_te1_tb1_Tlr0p001__85749f1c,/raid/ext_csv/AMO_store/amo_adaptive_multiscale_loco9_te1_tb1_seeds1to3/runs/amo_ams_h-m_Te1_Tb1_1em3_s1-hopper-medium-v2-85749f1c,ext_csv,30abcfcfbc62b892c6c0a7d0763c1c8323154d11
ablation,td3_amo,adaptive_multiscale,te1_tb1_Tlr0p001,locomotion,hopper-medium-v2,2,torch,0.001,2.0,2.0,,,,,,False,,,,,,,bootstrap_loss_not_l2_rms,1000000,,1000000,101.02667122596165,10,True,,hopm_s2_te1_tb1_Tlr0p001__3647d003,ablation/td3_amo/hopper-medium-v2/1e-3/seed_2/hopm_s2_te1_tb1_Tlr0p001__3647d003,/raid/ext_csv/AMO_store/amo_adaptive_multiscale_loco9_te1_tb1_seeds1to3/runs/amo_ams_h-m_Te1_Tb1_1em3_s2-hopper-medium-v2-3647d003,ext_csv,30abcfcfbc62b892c6c0a7d0763c1c8323154d11
ablation,td3_amo,adaptive_multiscale,te1_tb1_Tlr0p001,locomotion,hopper-medium-v2,3,torch,0.001,2.0,2.0,,,,,,False,,,,,,,bootstrap_loss_not_l2_rms,1000000,,1000000,100.50894147262002,10,True,,hopm_s3_te1_tb1_Tlr0p001__a821f10d,ablation/td3_amo/hopper-medium-v2/1e-3/seed_3/hopm_s3_te1_tb1_Tlr0p001__a821f10d,/raid/ext_csv/AMO_store/amo_adaptive_multiscale_loco9_te1_tb1_seeds1to3/runs/amo_ams_h-m_Te1_Tb1_1em3_s3-hopper-medium-v2-a821f10d,ext_csv,30abcfcfbc62b892c6c0a7d0763c1c8323154d11
ablation,td3_amo,adaptive_multiscale,te1_tb1_Tlr0p002,locomotion,hopper-medium-v2,1,torch,0.002,2.0,2.0,,,,,,False,,,,,,,bootstrap_loss_not_l2_rms,455000,,455000,99.23949165600965,10,False,,hopm_s1_te1_tb1_Tlr0p002__c8cd479a,ablation/td3_amo/hopper-medium-v2/2e-3/seed_1/hopm_s1_te1_tb1_Tlr0p002__c8cd479a,/raid/ext_csv/AMO_store/amo_te1_tb1_tlr_gapfill_seeds0to3/runs/amo_ams_h-m_Te1_Tb1_Tlr0p002_s1-hopper-medium-v2-c8cd479a,ext_csv,eee3d486fac0c9f5ecbbea411424e6691b715265
ablation,td3_amo,adaptive_multiscale,te10_tb10_Tlr0p0003,locomotion,walker2d-medium-expert-v2,0,torch,0.0003,20.0,20.0,,,,,,False,,,,,,,bootstrap_loss_not_l2_rms;initial_scale_outside_main,1000000,,1000000,110.41240826793775,50,True,,wme_s0_te10_tb10_Tlr0p0003__c19ee97b,ablation/td3_amo/walker2d-medium-expert-v2/3e-4/seed_0/wme_s0_te10_tb10_Tlr0p0003__c19ee97b,/raid/ext_csv/AMO_store/amo_adaptive_multiscale_loco9_te_tb_tlr_grid_seed0/runs/amo_ams_w-me_Te10_Tb10_Tlr0p0003_s0-walker2d-medium-expert-v2-c19ee97b,ext_csv,30abcfcfbc62b892c6c0a7d0763c1c8323154d11
ablation,td3_amo,adaptive_multiscale,te1_tb1_Tlr0p0003,locomotion,walker2d-medium-expert-v2,0,torch,0.0003,2.0,2.0,,,,,,False,,,,,,,bootstrap_loss_not_l2_rms,1000000,,1000000,109.63288114296273,50,True,,wme_s0_te1_tb1_Tlr0p0003__e1c0c7c2,ablation/td3_amo/walker2d-medium-expert-v2/3e-4/seed_0/wme_s0_te1_tb1_Tlr0p0003__e1c0c7c2,/raid/ext_csv/AMO_store/amo_adaptive_multiscale_loco9_te_tb_tlr_grid_seed0/runs/amo_ams_w-me_Te1_Tb1_Tlr0p0003_s0-walker2d-medium-expert-v2-e1c0c7c2,ext_csv,30abcfcfbc62b892c6c0a7d0763c1c8323154d11
ablation,td3_amo,adaptive_multiscale,te5_tb5_Tlr0p0003,locomotion,walker2d-medium-expert-v2,0,torch,0.0003,10.0,10.0,,,,,,False,,,,,,,bootstrap_loss_not_l2_rms;initial_scale_outside_main,1000000,,1000000,110.80125271774348,50,True,,wme_s0_te5_tb5_Tlr0p0003__dbcdd5c9,ablation/td3_amo/walker2d-medium-expert-v2/3e-4/seed_0/wme_s0_te5_tb5_Tlr0p0003__dbcdd5c9,/raid/ext_csv/AMO_store/amo_adaptive_multiscale_loco9_te_tb_tlr_grid_seed0/runs/amo_ams_w-me_Te5_Tb5_Tlr0p0003_s0-walker2d-medium-expert-v2-dbcdd5c9,ext_csv,30abcfcfbc62b892c6c0a7d0763c1c8323154d11
ablation,td3_amo,adaptive_multiscale,te5_tb5_Tlr0p0003,locomotion,walker2d-medium-expert-v2,1,torch,0.0003,10.0,10.0,,,,,,False,,,,,,,bootstrap_loss_not_l2_rms;initial_scale_outside_main,1000000,,1000000,111.17994914977218,50,True,,wme_s1_te5_tb5_Tlr0p0003__555e9685,ablation/td3_amo/walker2d-medium-expert-v2/3e-4/seed_1/wme_s1_te5_tb5_Tlr0p0003__555e9685,/raid/ext_csv/AMO_store/amo_adaptive_multiscale_loco9_tlr3e4_band95_seeds1to3/runs/amo_ams_w-me_Te5_Tb5_Tlr0p0003_s1-walker2d-medium-expert-v2-555e9685,ext_csv,30abcfcfbc62b892c6c0a7d0763c1c8323154d11
ablation,td3_amo,adaptive_multiscale,te5_tb5_Tlr0p0003,locomotion,walker2d-medium-expert-v2,2,torch,0.0003,10.0,10.0,,,,,,False,,,,,,,bootstrap_loss_not_l2_rms;initial_scale_outside_main,1000000,,1000000,111.09775197758377,50,True,,wme_s2_te5_tb5_Tlr0p0003__7b8123f5,ablation/td3_amo/walker2d-medium-expert-v2/3e-4/seed_2/wme_s2_te5_tb5_Tlr0p0003__7b8123f5,/raid/ext_csv/AMO_store/amo_adaptive_multiscale_loco9_tlr3e4_band95_seeds1to3/runs/amo_ams_w-me_Te5_Tb5_Tlr0p0003_s2-walker2d-medium-expert-v2-7b8123f5,ext_csv,30abcfcfbc62b892c6c0a7d0763c1c8323154d11
ablation,td3_amo,adaptive_multiscale,te5_tb5_Tlr0p0003,locomotion,walker2d-medium-expert-v2,3,torch,0.0003,10.0,10.0,,,,,,False,,,,,,,bootstrap_loss_not_l2_rms;initial_scale_outside_main,1000000,,1000000,111.30475532376428,50,True,,wme_s3_te5_tb5_Tlr0p0003__a7d32217,ablation/td3_amo/walker2d-medium-expert-v2/3e-4/seed_3/wme_s3_te5_tb5_Tlr0p0003__a7d32217,/raid/ext_csv/AMO_store/amo_adaptive_multiscale_loco9_tlr3e4_band95_seeds1to3/runs/amo_ams_w-me_Te5_Tb5_Tlr0p0003_s3-walker2d-medium-expert-v2-a7d32217,ext_csv,30abcfcfbc62b892c6c0a7d0763c1c8323154d11
ablation,td3_amo,adaptive_multiscale,te10_tb10_Tlr0p001,locomotion,walker2d-medium-expert-v2,0,torch,0.001,20.0,20.0,,,,,,False,,,,,,,bootstrap_loss_not_l2_rms;initial_scale_outside_main,1000000,,1000000,113.0763554179314,10,True,,wme_s0_te10_tb10_Tlr0p001__5b2004bb,ablation/td3_amo/walker2d-medium-expert-v2/1e-3/seed_0/wme_s0_te10_tb10_Tlr0p001__5b2004bb,/raid/ext_csv/AMO_store/amo_adaptive_multiscale_loco9_te_tb_tlr_grid_seed0/runs/amo_ams_w-me_Te10_Tb10_Tlr0p001_s0-walker2d-medium-expert-v2-5b2004bb,ext_csv,30abcfcfbc62b892c6c0a7d0763c1c8323154d11
ablation,td3_amo,adaptive_multiscale,te1_tb0p25_Tlr0p001,locomotion,walker2d-medium-expert-v2,0,torch,0.001,2.0,0.5,,,,,,False,,,,,,,bootstrap_loss_not_l2_rms;initial_scale_outside_main;initial_scale_mismatch,1000000,,1000000,110.34647107991174,10,True,,wme_s0_te1_tb0p25_Tlr0p001__32c2ab5a,ablation/td3_amo/walker2d-medium-expert-v2/1e-3/seed_0/wme_s0_te1_tb0p25_Tlr0p001__32c2ab5a,/raid/ext_csv/AMO_store/amo_adaptive_multiscale_loco9_te1_tb025_seed0/runs/amo_ams_w-me_Te1_Tb025_1em3_s0-walker2d-medium-expert-v2-32c2ab5a,ext_csv,30abcfcfbc62b892c6c0a7d0763c1c8323154d11
ablation,td3_amo,adaptive_multiscale,te5_tb5_Tlr0p001,locomotion,walker2d-medium-expert-v2,0,torch,0.001,10.0,10.0,,,,,,False,,,,,,,bootstrap_loss_not_l2_rms;initial_scale_outside_main,1000000,,1000000,112.2796845502234,10,True,,wme_s0_te5_tb5_Tlr0p001__fbfbb788,ablation/td3_amo/walker2d-medium-expert-v2/1e-3/seed_0/wme_s0_te5_tb5_Tlr0p001__fbfbb788,/raid/ext_csv/AMO_store/amo_adaptive_multiscale_loco9_te_tb_tlr_grid_seed0/runs/amo_ams_w-me_Te5_Tb5_Tlr0p001_s0-walker2d-medium-expert-v2-fbfbb788,ext_csv,30abcfcfbc62b892c6c0a7d0763c1c8323154d11
ablation,td3_amo,adaptive_multiscale,te1_tb1_Tlr0p001,locomotion,walker2d-medium-expert-v2,1,torch,0.001,2.0,2.0,,,,,,False,,,,,,,bootstrap_loss_not_l2_rms,1000000,,1000000,111.00927010418648,10,True,,wme_s1_te1_tb1_Tlr0p001__e0307c97,ablation/td3_amo/walker2d-medium-expert-v2/1e-3/seed_1/wme_s1_te1_tb1_Tlr0p001__e0307c97,/raid/ext_csv/AMO_store/amo_adaptive_multiscale_loco9_te1_tb1_seeds1to3/runs/amo_ams_w-me_Te1_Tb1_1em3_s1-walker2d-medium-expert-v2-e0307c97,ext_csv,30abcfcfbc62b892c6c0a7d0763c1c8323154d11
ablation,td3_amo,adaptive_multiscale,te1_tb1_Tlr0p001,locomotion,walker2d-medium-expert-v2,2,torch,0.001,2.0,2.0,,,,,,False,,,,,,,bootstrap_loss_not_l2_rms,1000000,,1000000,111.338182503909,10,True,,wme_s2_te1_tb1_Tlr0p001__47a0d898,ablation/td3_amo/walker2d-medium-expert-v2/1e-3/seed_2/wme_s2_te1_tb1_Tlr0p001__47a0d898,/raid/ext_csv/AMO_store/amo_adaptive_multiscale_loco9_te1_tb1_seeds1to3/runs/amo_ams_w-me_Te1_Tb1_1em3_s2-walker2d-medium-expert-v2-47a0d898,ext_csv,30abcfcfbc62b892c6c0a7d0763c1c8323154d11
ablation,td3_amo,adaptive_multiscale,te1_tb1_Tlr0p001,locomotion,walker2d-medium-expert-v2,3,torch,0.001,2.0,2.0,,,,,,False,,,,,,,bootstrap_loss_not_l2_rms,1000000,,1000000,111.1129995135084,10,True,,wme_s3_te1_tb1_Tlr0p001__4c07cc8c,ablation/td3_amo/walker2d-medium-expert-v2/1e-3/seed_3/wme_s3_te1_tb1_Tlr0p001__4c07cc8c,/raid/ext_csv/AMO_store/amo_adaptive_multiscale_loco9_te1_tb1_seeds1to3/runs/amo_ams_w-me_Te1_Tb1_1em3_s3-walker2d-medium-expert-v2-4c07cc8c,ext_csv,30abcfcfbc62b892c6c0a7d0763c1c8323154d11
ablation,td3_amo,adaptive_multiscale,te10_tb10_Tlr0p0003,locomotion,walker2d-medium-replay-v2,0,torch,0.0003,20.0,20.0,,,,,,False,,,,,,,bootstrap_loss_not_l2_rms;initial_scale_outside_main,1000000,,1000000,98.68109086627493,50,True,,wmr_s0_te10_tb10_Tlr0p0003__e2b66dba,ablation/td3_amo/walker2d-medium-replay-v2/3e-4/seed_0/wmr_s0_te10_tb10_Tlr0p0003__e2b66dba,/raid/ext_csv/AMO_store/amo_adaptive_multiscale_loco9_te_tb_tlr_grid_seed0/runs/amo_ams_w-mr_Te10_Tb10_Tlr0p0003_s0-walker2d-medium-replay-v2-e2b66dba,ext_csv,30abcfcfbc62b892c6c0a7d0763c1c8323154d11
ablation,td3_amo,adaptive_multiscale,te1_tb1_Tlr0p0003,locomotion,walker2d-medium-replay-v2,0,torch,0.0003,2.0,2.0,,,,,,False,,,,,,,bootstrap_loss_not_l2_rms,1000000,,1000000,94.33002057990788,10,True,,wmr_s0_te1_tb1_Tlr0p0003__1070611e,ablation/td3_amo/walker2d-medium-replay-v2/3e-4/seed_0/wmr_s0_te1_tb1_Tlr0p0003__1070611e,/raid/ext_csv/AMO_store/amo_adaptive_multiscale_loco9_te_tb_tlr_grid_seed0/runs/amo_ams_w-mr_Te1_Tb1_Tlr0p0003_s0-walker2d-medium-replay-v2-1070611e,ext_csv,30abcfcfbc62b892c6c0a7d0763c1c8323154d11
ablation,td3_amo,adaptive_multiscale,te5_tb5_Tlr0p0003,locomotion,walker2d-medium-replay-v2,0,torch,0.0003,10.0,10.0,,,,,,False,,,,,,,bootstrap_loss_not_l2_rms;initial_scale_outside_main,1000000,,1000000,95.08757209724946,50,True,,wmr_s0_te5_tb5_Tlr0p0003__4b52aff4,ablation/td3_amo/walker2d-medium-replay-v2/3e-4/seed_0/wmr_s0_te5_tb5_Tlr0p0003__4b52aff4,/raid/ext_csv/AMO_store/amo_adaptive_multiscale_loco9_te_tb_tlr_grid_seed0/runs/amo_ams_w-mr_Te5_Tb5_Tlr0p0003_s0-walker2d-medium-replay-v2-4b52aff4,ext_csv,30abcfcfbc62b892c6c0a7d0763c1c8323154d11
ablation,td3_amo,adaptive_multiscale,te10_tb10_Tlr0p0003,locomotion,walker2d-medium-replay-v2,1,torch,0.0003,20.0,20.0,,,,,,False,,,,,,,bootstrap_loss_not_l2_rms;initial_scale_outside_main,1000000,,1000000,85.20996403316335,50,True,,wmr_s1_te10_tb10_Tlr0p0003__c6d319ea,ablation/td3_amo/walker2d-medium-replay-v2/3e-4/seed_1/wmr_s1_te10_tb10_Tlr0p0003__c6d319ea,/raid/ext_csv/AMO_store/amo_adaptive_multiscale_loco9_tlr3e4_band95_seeds1to3/runs/amo_ams_w-mr_Te10_Tb10_Tlr0p0003_s1-walker2d-medium-replay-v2-c6d319ea,ext_csv,30abcfcfbc62b892c6c0a7d0763c1c8323154d11
ablation,td3_amo,adaptive_multiscale,te10_tb10_Tlr0p0003,locomotion,walker2d-medium-replay-v2,2,torch,0.0003,20.0,20.0,,,,,,False,,,,,,,bootstrap_loss_not_l2_rms;initial_scale_outside_main,1000000,,1000000,65.8487687592395,50,True,,wmr_s2_te10_tb10_Tlr0p0003__1b3cede7,ablation/td3_amo/walker2d-medium-replay-v2/3e-4/seed_2/wmr_s2_te10_tb10_Tlr0p0003__1b3cede7,/raid/ext_csv/AMO_store/amo_adaptive_multiscale_loco9_tlr3e4_band95_seeds1to3/runs/amo_ams_w-mr_Te10_Tb10_Tlr0p0003_s2-walker2d-medium-replay-v2-1b3cede7,ext_csv,30abcfcfbc62b892c6c0a7d0763c1c8323154d11
ablation,td3_amo,adaptive_multiscale,te10_tb10_Tlr0p0003,locomotion,walker2d-medium-replay-v2,3,torch,0.0003,20.0,20.0,,,,,,False,,,,,,,bootstrap_loss_not_l2_rms;initial_scale_outside_main,1000000,,1000000,93.01296790386036,50,True,,wmr_s3_te10_tb10_Tlr0p0003__ced31c0e,ablation/td3_amo/walker2d-medium-replay-v2/3e-4/seed_3/wmr_s3_te10_tb10_Tlr0p0003__ced31c0e,/raid/ext_csv/AMO_store/amo_adaptive_multiscale_loco9_tlr3e4_band95_seeds1to3/runs/amo_ams_w-mr_Te10_Tb10_Tlr0p0003_s3-walker2d-medium-replay-v2-ced31c0e,ext_csv,30abcfcfbc62b892c6c0a7d0763c1c8323154d11
ablation,td3_amo,adaptive_multiscale,te10_tb10_Tlr0p001,locomotion,walker2d-medium-replay-v2,0,torch,0.001,20.0,20.0,,,,,,False,,,,,,,bootstrap_loss_not_l2_rms;initial_scale_outside_main,1000000,,1000000,103.33511728549966,10,True,,wmr_s0_te10_tb10_Tlr0p001__aa44bf32,ablation/td3_amo/walker2d-medium-replay-v2/1e-3/seed_0/wmr_s0_te10_tb10_Tlr0p001__aa44bf32,/raid/ext_csv/AMO_store/amo_adaptive_multiscale_loco9_te_tb_tlr_grid_seed0/runs/amo_ams_w-mr_Te10_Tb10_Tlr0p001_s0-walker2d-medium-replay-v2-aa44bf32,ext_csv,30abcfcfbc62b892c6c0a7d0763c1c8323154d11
ablation,td3_amo,adaptive_multiscale,te1_tb0p25_Tlr0p001,locomotion,walker2d-medium-replay-v2,0,torch,0.001,2.0,0.5,,,,,,False,,,,,,,bootstrap_loss_not_l2_rms;initial_scale_outside_main;initial_scale_mismatch,1000000,,1000000,38.22785586840713,10,True,,wmr_s0_te1_tb0p25_Tlr0p001__3b11f27d,ablation/td3_amo/walker2d-medium-replay-v2/1e-3/seed_0/wmr_s0_te1_tb0p25_Tlr0p001__3b11f27d,/raid/ext_csv/AMO_store/amo_adaptive_multiscale_loco9_te1_tb025_seed0/runs/amo_ams_w-mr_Te1_Tb025_1em3_s0-walker2d-medium-replay-v2-3b11f27d,ext_csv,30abcfcfbc62b892c6c0a7d0763c1c8323154d11
ablation,td3_amo,adaptive_multiscale,te5_tb5_Tlr0p001,locomotion,walker2d-medium-replay-v2,0,torch,0.001,10.0,10.0,,,,,,False,,,,,,,bootstrap_loss_not_l2_rms;initial_scale_outside_main,1000000,,1000000,81.56505573786376,10,True,,wmr_s0_te5_tb5_Tlr0p001__67519dac,ablation/td3_amo/walker2d-medium-replay-v2/1e-3/seed_0/wmr_s0_te5_tb5_Tlr0p001__67519dac,/raid/ext_csv/AMO_store/amo_adaptive_multiscale_loco9_te_tb_tlr_grid_seed0/runs/amo_ams_w-mr_Te5_Tb5_Tlr0p001_s0-walker2d-medium-replay-v2-67519dac,ext_csv,30abcfcfbc62b892c6c0a7d0763c1c8323154d11
ablation,td3_amo,adaptive_multiscale,te1_tb1_Tlr0p001,locomotion,walker2d-medium-replay-v2,1,torch,0.001,2.0,2.0,,,,,,False,,,,,,,bootstrap_loss_not_l2_rms,1000000,,1000000,91.61039931740362,10,True,,wmr_s1_te1_tb1_Tlr0p001__f0372dc0,ablation/td3_amo/walker2d-medium-replay-v2/1e-3/seed_1/wmr_s1_te1_tb1_Tlr0p001__f0372dc0,/raid/ext_csv/AMO_store/amo_adaptive_multiscale_loco9_te1_tb1_seeds1to3/runs/amo_ams_w-mr_Te1_Tb1_1em3_s1-walker2d-medium-replay-v2-f0372dc0,ext_csv,30abcfcfbc62b892c6c0a7d0763c1c8323154d11
ablation,td3_amo,adaptive_multiscale,te1_tb1_Tlr0p001,locomotion,walker2d-medium-replay-v2,2,torch,0.001,2.0,2.0,,,,,,False,,,,,,,bootstrap_loss_not_l2_rms,1000000,,1000000,90.2108957507884,10,True,,wmr_s2_te1_tb1_Tlr0p001__0700d3fe,ablation/td3_amo/walker2d-medium-replay-v2/1e-3/seed_2/wmr_s2_te1_tb1_Tlr0p001__0700d3fe,/raid/ext_csv/AMO_store/amo_adaptive_multiscale_loco9_te1_tb1_seeds1to3/runs/amo_ams_w-mr_Te1_Tb1_1em3_s2-walker2d-medium-replay-v2-0700d3fe,ext_csv,30abcfcfbc62b892c6c0a7d0763c1c8323154d11
ablation,td3_amo,adaptive_multiscale,te1_tb1_Tlr0p001,locomotion,walker2d-medium-replay-v2,3,torch,0.001,2.0,2.0,,,,,,False,,,,,,,bootstrap_loss_not_l2_rms,1000000,,1000000,100.80470702899777,10,True,,wmr_s3_te1_tb1_Tlr0p001__35b7e2b7,ablation/td3_amo/walker2d-medium-replay-v2/1e-3/seed_3/wmr_s3_te1_tb1_Tlr0p001__35b7e2b7,/raid/ext_csv/AMO_store/amo_adaptive_multiscale_loco9_te1_tb1_seeds1to3/runs/amo_ams_w-mr_Te1_Tb1_1em3_s3-walker2d-medium-replay-v2-35b7e2b7,ext_csv,30abcfcfbc62b892c6c0a7d0763c1c8323154d11
ablation,td3_amo,adaptive_multiscale,te10_tb10_Tlr0p0003,locomotion,walker2d-medium-v2,0,torch,0.0003,20.0,20.0,,,,,,False,,,,,,,bootstrap_loss_not_l2_rms;initial_scale_outside_main,1000000,,1000000,61.082987049806526,10,True,,wm_s0_te10_tb10_Tlr0p0003__3d98d88a,ablation/td3_amo/walker2d-medium-v2/3e-4/seed_0/wm_s0_te10_tb10_Tlr0p0003__3d98d88a,/raid/ext_csv/AMO_store/amo_adaptive_multiscale_loco9_te_tb_tlr_grid_seed0/runs/amo_ams_w-m_Te10_Tb10_Tlr0p0003_s0-walker2d-medium-v2-3d98d88a,ext_csv,30abcfcfbc62b892c6c0a7d0763c1c8323154d11
ablation,td3_amo,adaptive_multiscale,te1_tb1_Tlr0p0003,locomotion,walker2d-medium-v2,0,torch,0.0003,2.0,2.0,,,,,,False,,,,,,,bootstrap_loss_not_l2_rms,1000000,,1000000,88.28871898298264,50,True,,wm_s0_te1_tb1_Tlr0p0003__06068a10,ablation/td3_amo/walker2d-medium-v2/3e-4/seed_0/wm_s0_te1_tb1_Tlr0p0003__06068a10,/raid/ext_csv/AMO_store/amo_adaptive_multiscale_loco9_te_tb_tlr_grid_seed0/runs/amo_ams_w-m_Te1_Tb1_Tlr0p0003_s0-walker2d-medium-v2-06068a10,ext_csv,30abcfcfbc62b892c6c0a7d0763c1c8323154d11
ablation,td3_amo,adaptive_multiscale,te5_tb5_Tlr0p0003,locomotion,walker2d-medium-v2,0,torch,0.0003,10.0,10.0,,,,,,False,,,,,,,bootstrap_loss_not_l2_rms;initial_scale_outside_main,1000000,,1000000,24.862533311542837,10,True,,wm_s0_te5_tb5_Tlr0p0003__3195c7f6,ablation/td3_amo/walker2d-medium-v2/3e-4/seed_0/wm_s0_te5_tb5_Tlr0p0003__3195c7f6,/raid/ext_csv/AMO_store/amo_adaptive_multiscale_loco9_te_tb_tlr_grid_seed0/runs/amo_ams_w-m_Te5_Tb5_Tlr0p0003_s0-walker2d-medium-v2-3195c7f6,ext_csv,30abcfcfbc62b892c6c0a7d0763c1c8323154d11
ablation,td3_amo,adaptive_multiscale,te1_tb1_Tlr0p0003,locomotion,walker2d-medium-v2,1,torch,0.0003,2.0,2.0,,,,,,False,,,,,,,bootstrap_loss_not_l2_rms,1000000,,1000000,87.1062541550465,50,True,,wm_s1_te1_tb1_Tlr0p0003__4c3d21b0,ablation/td3_amo/walker2d-medium-v2/3e-4/seed_1/wm_s1_te1_tb1_Tlr0p0003__4c3d21b0,/raid/ext_csv/AMO_store/amo_adaptive_multiscale_loco9_tlr3e4_band95_seeds1to3/runs/amo_ams_w-m_Te1_Tb1_Tlr0p0003_s1-walker2d-medium-v2-4c3d21b0,ext_csv,30abcfcfbc62b892c6c0a7d0763c1c8323154d11
ablation,td3_amo,adaptive_multiscale,te1_tb1_Tlr0p0003,locomotion,walker2d-medium-v2,2,torch,0.0003,2.0,2.0,,,,,,False,,,,,,,bootstrap_loss_not_l2_rms,1000000,,1000000,86.41615846110426,50,True,,wm_s2_te1_tb1_Tlr0p0003__fc36e71c,ablation/td3_amo/walker2d-medium-v2/3e-4/seed_2/wm_s2_te1_tb1_Tlr0p0003__fc36e71c,/raid/ext_csv/AMO_store/amo_adaptive_multiscale_loco9_tlr3e4_band95_seeds1to3/runs/amo_ams_w-m_Te1_Tb1_Tlr0p0003_s2-walker2d-medium-v2-fc36e71c,ext_csv,30abcfcfbc62b892c6c0a7d0763c1c8323154d11
ablation,td3_amo,adaptive_multiscale,te1_tb1_Tlr0p0003,locomotion,walker2d-medium-v2,3,torch,0.0003,2.0,2.0,,,,,,False,,,,,,,bootstrap_loss_not_l2_rms,1000000,,1000000,87.4598235405451,50,True,,wm_s3_te1_tb1_Tlr0p0003__6451a151,ablation/td3_amo/walker2d-medium-v2/3e-4/seed_3/wm_s3_te1_tb1_Tlr0p0003__6451a151,/raid/ext_csv/AMO_store/amo_adaptive_multiscale_loco9_tlr3e4_band95_seeds1to3/runs/amo_ams_w-m_Te1_Tb1_Tlr0p0003_s3-walker2d-medium-v2-6451a151,ext_csv,30abcfcfbc62b892c6c0a7d0763c1c8323154d11
ablation,td3_amo,adaptive_multiscale,te10_tb10_Tlr0p001,locomotion,walker2d-medium-v2,0,torch,0.001,20.0,20.0,,,,,,False,,,,,,,bootstrap_loss_not_l2_rms;initial_scale_outside_main,1000000,,1000000,5.060534617596641,10,True,,wm_s0_te10_tb10_Tlr0p001__b7cec18f,ablation/td3_amo/walker2d-medium-v2/1e-3/seed_0/wm_s0_te10_tb10_Tlr0p001__b7cec18f,/raid/ext_csv/AMO_store/amo_adaptive_multiscale_loco9_te_tb_tlr_grid_seed0/runs/amo_ams_w-m_Te10_Tb10_Tlr0p001_s0-walker2d-medium-v2-b7cec18f,ext_csv,30abcfcfbc62b892c6c0a7d0763c1c8323154d11
ablation,td3_amo,adaptive_multiscale,te1_tb0p25_Tlr0p001,locomotion,walker2d-medium-v2,0,torch,0.001,2.0,0.5,,,,,,False,,,,,,,bootstrap_loss_not_l2_rms;initial_scale_outside_main;initial_scale_mismatch,1000000,,1000000,80.50536487530024,10,True,,wm_s0_te1_tb0p25_Tlr0p001__c151a61a,ablation/td3_amo/walker2d-medium-v2/1e-3/seed_0/wm_s0_te1_tb0p25_Tlr0p001__c151a61a,/raid/ext_csv/AMO_store/amo_adaptive_multiscale_loco9_te1_tb025_seed0/runs/amo_ams_w-m_Te1_Tb025_1em3_s0-walker2d-medium-v2-c151a61a,ext_csv,30abcfcfbc62b892c6c0a7d0763c1c8323154d11
ablation,td3_amo,adaptive_multiscale,te5_tb5_Tlr0p001,locomotion,walker2d-medium-v2,0,torch,0.001,10.0,10.0,,,,,,False,,,,,,,bootstrap_loss_not_l2_rms;initial_scale_outside_main,1000000,,1000000,35.77011274705618,10,True,,wm_s0_te5_tb5_Tlr0p001__b69b967e,ablation/td3_amo/walker2d-medium-v2/1e-3/seed_0/wm_s0_te5_tb5_Tlr0p001__b69b967e,/raid/ext_csv/AMO_store/amo_adaptive_multiscale_loco9_te_tb_tlr_grid_seed0/runs/amo_ams_w-m_Te5_Tb5_Tlr0p001_s0-walker2d-medium-v2-b69b967e,ext_csv,30abcfcfbc62b892c6c0a7d0763c1c8323154d11
ablation,td3_amo,adaptive_multiscale,te1_tb1_Tlr0p001,locomotion,walker2d-medium-v2,1,torch,0.001,2.0,2.0,,,,,,False,,,,,,,bootstrap_loss_not_l2_rms,1000000,,1000000,88.9077535935994,10,True,,wm_s1_te1_tb1_Tlr0p001__37cd42ba,ablation/td3_amo/walker2d-medium-v2/1e-3/seed_1/wm_s1_te1_tb1_Tlr0p001__37cd42ba,/raid/ext_csv/AMO_store/amo_adaptive_multiscale_loco9_te1_tb1_seeds1to3/runs/amo_ams_w-m_Te1_Tb1_1em3_s1-walker2d-medium-v2-37cd42ba,ext_csv,30abcfcfbc62b892c6c0a7d0763c1c8323154d11
ablation,td3_amo,adaptive_multiscale,te1_tb1_Tlr0p001,locomotion,walker2d-medium-v2,2,torch,0.001,2.0,2.0,,,,,,False,,,,,,,bootstrap_loss_not_l2_rms,1000000,,1000000,93.16744835534,10,True,,wm_s2_te1_tb1_Tlr0p001__2a2bf0ad,ablation/td3_amo/walker2d-medium-v2/1e-3/seed_2/wm_s2_te1_tb1_Tlr0p001__2a2bf0ad,/raid/ext_csv/AMO_store/amo_adaptive_multiscale_loco9_te1_tb1_seeds1to3/runs/amo_ams_w-m_Te1_Tb1_1em3_s2-walker2d-medium-v2-2a2bf0ad,ext_csv,30abcfcfbc62b892c6c0a7d0763c1c8323154d11
ablation,td3_amo,adaptive_multiscale,te1_tb1_Tlr0p001,locomotion,walker2d-medium-v2,3,torch,0.001,2.0,2.0,,,,,,False,,,,,,,bootstrap_loss_not_l2_rms,1000000,,1000000,93.78212412960121,10,True,,wm_s3_te1_tb1_Tlr0p001__61585211,ablation/td3_amo/walker2d-medium-v2/1e-3/seed_3/wm_s3_te1_tb1_Tlr0p001__61585211,/raid/ext_csv/AMO_store/amo_adaptive_multiscale_loco9_te1_tb1_seeds1to3/runs/amo_ams_w-m_Te1_Tb1_1em3_s3-walker2d-medium-v2-61585211,ext_csv,30abcfcfbc62b892c6c0a7d0763c1c8323154d11
ablation,td3_amo,behavior_bc_l1_joint,joint_te4_l1e_1m_Tlr0p0001,antmaze,antmaze-medium-play-v2,0,torch,,8.0,8.0,,,,,,False,,,,0.0003,0.0003,,method_variant:behavior_bc_l1_joint;bootstrap_loss_not_l2_rms;initial_scale_outside_main;critic_architecture;execution_loss;meta_lr_outside_main,1000000,,,,,False,,ammp_s0_joint_te4_l1e_1m_Tlr0p0001__f941b738,ablation/td3_amo/antmaze-medium-play-v2/unspecified/seed_0/ammp_s0_joint_te4_l1e_1m_Tlr0p0001__f941b738,/home/ext_csv/AMO_results/behavior_l1_joint/behavior_l1_joint_suite6_s0/behavior_l1_med-play_s0,ext_csv,9710464f82c4db33b95ec9d6a68d7a822228e598
ablation,td3_amo,behavior_bc_l1_joint,joint_te4_l1e_1m_Tlr0p0001,antmaze,antmaze-umaze-diverse-v2,0,torch,,8.0,8.0,,,,,,False,,,,0.0003,0.0003,,method_variant:behavior_bc_l1_joint;bootstrap_loss_not_l2_rms;initial_scale_outside_main;critic_architecture;execution_loss;meta_lr_outside_main,1000000,,,,,False,,amud_s0_joint_te4_l1e_1m_Tlr0p0001__f62bebe8,ablation/td3_amo/antmaze-umaze-diverse-v2/unspecified/seed_0/amud_s0_joint_te4_l1e_1m_Tlr0p0001__f62bebe8,/home/ext_csv/AMO_results/behavior_l1_joint/behavior_l1_joint_suite6_s0/behavior_l1_umaze-div_s0,ext_csv,9710464f82c4db33b95ec9d6a68d7a822228e598
ablation,td3_amo,behavior_bc_l1_joint,joint_te4_l1e_1m_Tlr0p0001,locomotion,halfcheetah-medium-expert-v2,0,torch,,8.0,8.0,,,,,,False,,,,0.0003,0.0003,,method_variant:behavior_bc_l1_joint;bootstrap_loss_not_l2_rms;initial_scale_outside_main;critic_architecture;execution_loss;meta_lr_outside_main,1000000,,,,,False,,hme_s0_joint_te4_l1e_1m_Tlr0p0001__84d649dd,ablation/td3_amo/halfcheetah-medium-expert-v2/unspecified/seed_0/hme_s0_joint_te4_l1e_1m_Tlr0p0001__84d649dd,/home/ext_csv/AMO_results/behavior_l1_joint/behavior_l1_joint_suite6_s0/behavior_l1_hc-me_s0,ext_csv,9710464f82c4db33b95ec9d6a68d7a822228e598
ablation,td3_amo,behavior_bc_l1_joint,joint_te4_l1e_1m_Tlr0p0001,locomotion,halfcheetah-medium-v2,0,torch,,8.0,8.0,,,,,,False,,,,0.0003,0.0003,,method_variant:behavior_bc_l1_joint;bootstrap_loss_not_l2_rms;initial_scale_outside_main;critic_architecture;execution_loss;meta_lr_outside_main,1000000,,,,,False,,hcm_s0_joint_te4_l1e_1m_Tlr0p0001__66b83dd3,ablation/td3_amo/halfcheetah-medium-v2/unspecified/seed_0/hcm_s0_joint_te4_l1e_1m_Tlr0p0001__66b83dd3,/home/ext_csv/AMO_results/behavior_l1_joint/behavior_l1_joint_suite6_s0/behavior_l1_hc-m_s0,ext_csv,9710464f82c4db33b95ec9d6a68d7a822228e598
ablation,td3_amo,behavior_bc_l1_joint,joint_te4_l1e_1m_Tlr0p0001,locomotion,hopper-medium-expert-v2,0,torch,,8.0,8.0,,,,,,False,,,,0.0003,0.0003,,method_variant:behavior_bc_l1_joint;bootstrap_loss_not_l2_rms;initial_scale_outside_main;critic_architecture;execution_loss;meta_lr_outside_main,1000000,,,,,False,,hopme_s0_joint_te4_l1e_1m_Tlr0p0001__f1184e87,ablation/td3_amo/hopper-medium-expert-v2/unspecified/seed_0/hopme_s0_joint_te4_l1e_1m_Tlr0p0001__f1184e87,/home/ext_csv/AMO_results/behavior_l1_joint/behavior_l1_joint_suite6_s0/behavior_l1_hop-me_s0,ext_csv,9710464f82c4db33b95ec9d6a68d7a822228e598
ablation,td3_amo,behavior_bc_l1_joint,joint_te4_l1e_1m_Tlr0p0001,locomotion,hopper-medium-v2,0,torch,,8.0,8.0,,,,,,False,,,,0.0003,0.0003,,method_variant:behavior_bc_l1_joint;bootstrap_loss_not_l2_rms;initial_scale_outside_main;critic_architecture;execution_loss;meta_lr_outside_main,1000000,,,,,False,,hopm_s0_joint_te4_l1e_1m_Tlr0p0001__8506951f,ablation/td3_amo/hopper-medium-v2/unspecified/seed_0/hopm_s0_joint_te4_l1e_1m_Tlr0p0001__8506951f,/home/ext_csv/AMO_results/behavior_l1_joint/behavior_l1_joint_suite6_s0/behavior_l1_hop-m_s0,ext_csv,9710464f82c4db33b95ec9d6a68d7a822228e598
ablation,td3_amo,td3_amo_directq_l2rms,Tlr0p0003,antmaze,antmaze-medium-diverse-v2,0,jax,0.0003,5.0,5.0,,,,,,False,l2_rms,le,direct_q,0.0003,0.0003,,method_variant:td3_amo_directq_l2rms;execution_loss,1000000,,1000000,80.0,50,True,,ammd_s0_Tlr0p0003__6ba59f77,ablation/td3_amo/antmaze-medium-diverse-v2/3e-4/seed_0/ammd_s0_Tlr0p0003__6ba59f77,/raid/ext_csv/AMO_store/directq_rms_a5/am-md_directq_rms_a5_s0,ext_csv,92ecc5491b585a79b99efb8bbe35b5d2cb1c3b3c
ablation,td3_amo,td3_amo_directq_l2rms,Tlr0p0003,antmaze,antmaze-medium-diverse-v2,1,jax,0.0003,5.0,5.0,,,,,,False,l2_rms,le,direct_q,0.0003,0.0003,,method_variant:td3_amo_directq_l2rms;execution_loss,1000000,,1000000,72.0,50,True,,ammd_s1_Tlr0p0003__a187f714,ablation/td3_amo/antmaze-medium-diverse-v2/3e-4/seed_1/ammd_s1_Tlr0p0003__a187f714,/raid/ext_csv/AMO_store/directq_rms_a5/am-md_directq_rms_a5_s1,ext_csv,92ecc5491b585a79b99efb8bbe35b5d2cb1c3b3c
ablation,td3_amo,td3_amo_directq_l2rms,Tlr0p0003,antmaze,antmaze-medium-diverse-v2,2,jax,0.0003,5.0,5.0,,,,,,False,l2_rms,le,direct_q,0.0003,0.0003,,method_variant:td3_amo_directq_l2rms;execution_loss,1000000,,1000000,56.00000000000001,50,True,,ammd_s2_Tlr0p0003__550d282d,ablation/td3_amo/antmaze-medium-diverse-v2/3e-4/seed_2/ammd_s2_Tlr0p0003__550d282d,/raid/ext_csv/AMO_store/directq_rms_a5/am-md_directq_rms_a5_s2,ext_csv,92ecc5491b585a79b99efb8bbe35b5d2cb1c3b3c
ablation,td3_amo,td3_amo_directq_l2rms,Tlr0p0003,antmaze,antmaze-medium-diverse-v2,3,jax,0.0003,5.0,5.0,,,,,,False,l2_rms,le,direct_q,0.0003,0.0003,,method_variant:td3_amo_directq_l2rms;execution_loss,1000000,,1000000,48.0,50,True,,ammd_s3_Tlr0p0003__d26e1712,ablation/td3_amo/antmaze-medium-diverse-v2/3e-4/seed_3/ammd_s3_Tlr0p0003__d26e1712,/raid/ext_csv/AMO_store/directq_rms_a5/am-md_directq_rms_a5_s3,ext_csv,92ecc5491b585a79b99efb8bbe35b5d2cb1c3b3c
ablation,td3_amo,td3_amo_directq_l2rms,Tlr0p002,locomotion,hopper-medium-replay-v2,0,jax,0.002,5.0,5.0,,,,,,False,l2_rms,le,direct_q,0.0003,0.0003,,method_variant:td3_amo_directq_l2rms;execution_loss,1000000,,1000000,102.37352284814934,50,True,,hopmr_s0_Tlr0p002__c29cbc51,ablation/td3_amo/hopper-medium-replay-v2/2e-3/seed_0/hopmr_s0_Tlr0p002__c29cbc51,/raid/ext_csv/AMO_store/directq_rms_a5/h-mr_directq_rms_a5_s0,ext_csv,92ecc5491b585a79b99efb8bbe35b5d2cb1c3b3c
ablation,td3_amo,td3_amo_directq_l2rms,Tlr0p002,locomotion,hopper-medium-replay-v2,1,jax,0.002,5.0,5.0,,,,,,False,l2_rms,le,direct_q,0.0003,0.0003,,method_variant:td3_amo_directq_l2rms;execution_loss,1000000,,1000000,98.19645400389835,50,True,,hopmr_s1_Tlr0p002__f699fc8a,ablation/td3_amo/hopper-medium-replay-v2/2e-3/seed_1/hopmr_s1_Tlr0p002__f699fc8a,/raid/ext_csv/AMO_store/directq_rms_a5/h-mr_directq_rms_a5_s1,ext_csv,92ecc5491b585a79b99efb8bbe35b5d2cb1c3b3c
ablation,td3_amo,td3_amo_directq_l2rms,Tlr0p002,locomotion,hopper-medium-replay-v2,2,jax,0.002,5.0,5.0,,,,,,False,l2_rms,le,direct_q,0.0003,0.0003,,method_variant:td3_amo_directq_l2rms;execution_loss,1000000,,1000000,100.34480172190163,50,True,,hopmr_s2_Tlr0p002__5734b9fd,ablation/td3_amo/hopper-medium-replay-v2/2e-3/seed_2/hopmr_s2_Tlr0p002__5734b9fd,/raid/ext_csv/AMO_store/directq_rms_a5/h-mr_directq_rms_a5_s2,ext_csv,92ecc5491b585a79b99efb8bbe35b5d2cb1c3b3c
ablation,td3_amo,td3_amo_directq_l2rms,Tlr0p002,locomotion,hopper-medium-replay-v2,3,jax,0.002,5.0,5.0,,,,,,False,l2_rms,le,direct_q,0.0003,0.0003,,method_variant:td3_amo_directq_l2rms;execution_loss,1000000,,1000000,102.10145042094577,50,True,,hopmr_s3_Tlr0p002__a9eaba15,ablation/td3_amo/hopper-medium-replay-v2/2e-3/seed_3/hopmr_s3_Tlr0p002__a9eaba15,/raid/ext_csv/AMO_store/directq_rms_a5/h-mr_directq_rms_a5_s3,ext_csv,92ecc5491b585a79b99efb8bbe35b5d2cb1c3b3c
ablation,td3_amo,td3_amo_directq_l2rms,Tlr0p002,locomotion,walker2d-medium-replay-v2,0,jax,0.002,5.0,5.0,,,,,,False,l2_rms,le,direct_q,0.0003,0.0003,,method_variant:td3_amo_directq_l2rms;execution_loss,1000000,,1000000,59.1336034594198,50,True,,wmr_s0_Tlr0p002__bee04525,ablation/td3_amo/walker2d-medium-replay-v2/2e-3/seed_0/wmr_s0_Tlr0p002__bee04525,/raid/ext_csv/AMO_store/directq_rms_a5/w-mr_directq_rms_a5_s0,ext_csv,92ecc5491b585a79b99efb8bbe35b5d2cb1c3b3c
ablation,td3_amo,td3_amo_directq_l2rms,Tlr0p002,locomotion,walker2d-medium-replay-v2,1,jax,0.002,5.0,5.0,,,,,,False,l2_rms,le,direct_q,0.0003,0.0003,,method_variant:td3_amo_directq_l2rms;execution_loss,1000000,,1000000,95.63909746870907,50,True,,wmr_s1_Tlr0p002__155eeba5,ablation/td3_amo/walker2d-medium-replay-v2/2e-3/seed_1/wmr_s1_Tlr0p002__155eeba5,/raid/ext_csv/AMO_store/directq_rms_a5/w-mr_directq_rms_a5_s1,ext_csv,92ecc5491b585a79b99efb8bbe35b5d2cb1c3b3c
ablation,td3_amo,td3_amo_directq_l2rms,Tlr0p002,locomotion,walker2d-medium-replay-v2,2,jax,0.002,5.0,5.0,,,,,,False,l2_rms,le,direct_q,0.0003,0.0003,,method_variant:td3_amo_directq_l2rms;execution_loss,1000000,,1000000,97.06308616181776,50,True,,wmr_s2_Tlr0p002__b19b90d8,ablation/td3_amo/walker2d-medium-replay-v2/2e-3/seed_2/wmr_s2_Tlr0p002__b19b90d8,/raid/ext_csv/AMO_store/directq_rms_a5/w-mr_directq_rms_a5_s2,ext_csv,92ecc5491b585a79b99efb8bbe35b5d2cb1c3b3c
ablation,td3_amo,td3_amo_directq_l2rms,Tlr0p002,locomotion,walker2d-medium-replay-v2,3,jax,0.002,5.0,5.0,,,,,,False,l2_rms,le,direct_q,0.0003,0.0003,,method_variant:td3_amo_directq_l2rms;execution_loss,1000000,,1000000,97.40175378345013,50,True,,wmr_s3_Tlr0p002__2795b1fd,ablation/td3_amo/walker2d-medium-replay-v2/2e-3/seed_3/wmr_s3_Tlr0p002__2795b1fd,/raid/ext_csv/AMO_store/directq_rms_a5/w-mr_directq_rms_a5_s3,ext_csv,92ecc5491b585a79b99efb8bbe35b5d2cb1c3b3c
ablation,td3_amo,td3_amo_firstorder_l2rms,Tlr0p0003,antmaze,antmaze-medium-diverse-v2,0,jax,0.0003,5.0,5.0,,,,,,False,l2_rms,le,first_order,0.0003,0.0003,,method_variant:td3_amo_firstorder_l2rms;execution_loss,1000000,,1000000,80.0,50,True,,ammd_s0_Tlr0p0003__14f4e86b,ablation/td3_amo/antmaze-medium-diverse-v2/3e-4/seed_0/ammd_s0_Tlr0p0003__14f4e86b,/raid/ext_csv/AMO_store/firstorder_rms_a5/am-md_firstorder_rms_a5_s0,ext_csv,92ecc5491b585a79b99efb8bbe35b5d2cb1c3b3c
ablation,td3_amo,td3_amo_firstorder_l2rms,Tlr0p0003,antmaze,antmaze-medium-diverse-v2,1,jax,0.0003,5.0,5.0,,,,,,False,l2_rms,le,first_order,0.0003,0.0003,,method_variant:td3_amo_firstorder_l2rms;execution_loss,1000000,,1000000,54.0,50,True,,ammd_s1_Tlr0p0003__6806ce08,ablation/td3_amo/antmaze-medium-diverse-v2/3e-4/seed_1/ammd_s1_Tlr0p0003__6806ce08,/raid/ext_csv/AMO_store/firstorder_rms_a5/am-md_firstorder_rms_a5_s1,ext_csv,92ecc5491b585a79b99efb8bbe35b5d2cb1c3b3c
ablation,td3_amo,td3_amo_firstorder_l2rms,Tlr0p0003,antmaze,antmaze-medium-diverse-v2,2,jax,0.0003,5.0,5.0,,,,,,False,l2_rms,le,first_order,0.0003,0.0003,,method_variant:td3_amo_firstorder_l2rms;execution_loss,1000000,,1000000,54.0,50,True,,ammd_s2_Tlr0p0003__ebc44128,ablation/td3_amo/antmaze-medium-diverse-v2/3e-4/seed_2/ammd_s2_Tlr0p0003__ebc44128,/raid/ext_csv/AMO_store/firstorder_rms_a5/am-md_firstorder_rms_a5_s2,ext_csv,92ecc5491b585a79b99efb8bbe35b5d2cb1c3b3c
ablation,td3_amo,td3_amo_firstorder_l2rms,Tlr0p0003,antmaze,antmaze-medium-diverse-v2,3,jax,0.0003,5.0,5.0,,,,,,False,l2_rms,le,first_order,0.0003,0.0003,,method_variant:td3_amo_firstorder_l2rms;execution_loss,1000000,,1000000,68.0,50,True,,ammd_s3_Tlr0p0003__63568914,ablation/td3_amo/antmaze-medium-diverse-v2/3e-4/seed_3/ammd_s3_Tlr0p0003__63568914,/raid/ext_csv/AMO_store/firstorder_rms_a5/am-md_firstorder_rms_a5_s3,ext_csv,92ecc5491b585a79b99efb8bbe35b5d2cb1c3b3c
ablation,td3_amo,td3_amo_firstorder_l2rms,Tlr0p002,locomotion,hopper-medium-replay-v2,0,jax,0.002,5.0,5.0,,,,,,False,l2_rms,le,first_order,0.0003,0.0003,,method_variant:td3_amo_firstorder_l2rms;execution_loss,1000000,,1000000,101.47816972038994,50,True,,hopmr_s0_Tlr0p002__746ea30c,ablation/td3_amo/hopper-medium-replay-v2/2e-3/seed_0/hopmr_s0_Tlr0p002__746ea30c,/raid/ext_csv/AMO_store/firstorder_rms_a5/h-mr_firstorder_rms_a5_s0,ext_csv,92ecc5491b585a79b99efb8bbe35b5d2cb1c3b3c
ablation,td3_amo,td3_amo_firstorder_l2rms,Tlr0p002,locomotion,hopper-medium-replay-v2,1,jax,0.002,5.0,5.0,,,,,,False,l2_rms,le,first_order,0.0003,0.0003,,method_variant:td3_amo_firstorder_l2rms;execution_loss,1000000,,1000000,99.56000323951767,50,True,,hopmr_s1_Tlr0p002__d6e121ef,ablation/td3_amo/hopper-medium-replay-v2/2e-3/seed_1/hopmr_s1_Tlr0p002__d6e121ef,/raid/ext_csv/AMO_store/firstorder_rms_a5/h-mr_firstorder_rms_a5_s1,ext_csv,92ecc5491b585a79b99efb8bbe35b5d2cb1c3b3c
ablation,td3_amo,td3_amo_firstorder_l2rms,Tlr0p002,locomotion,hopper-medium-replay-v2,2,jax,0.002,5.0,5.0,,,,,,False,l2_rms,le,first_order,0.0003,0.0003,,method_variant:td3_amo_firstorder_l2rms;execution_loss,1000000,,1000000,99.8858289440964,50,True,,hopmr_s2_Tlr0p002__2c3d490d,ablation/td3_amo/hopper-medium-replay-v2/2e-3/seed_2/hopmr_s2_Tlr0p002__2c3d490d,/raid/ext_csv/AMO_store/firstorder_rms_a5/h-mr_firstorder_rms_a5_s2,ext_csv,92ecc5491b585a79b99efb8bbe35b5d2cb1c3b3c
ablation,td3_amo,td3_amo_firstorder_l2rms,Tlr0p002,locomotion,hopper-medium-replay-v2,3,jax,0.002,5.0,5.0,,,,,,False,l2_rms,le,first_order,0.0003,0.0003,,method_variant:td3_amo_firstorder_l2rms;execution_loss,1000000,,1000000,102.09386155075637,50,True,,hopmr_s3_Tlr0p002__cac5b323,ablation/td3_amo/hopper-medium-replay-v2/2e-3/seed_3/hopmr_s3_Tlr0p002__cac5b323,/raid/ext_csv/AMO_store/firstorder_rms_a5/h-mr_firstorder_rms_a5_s3,ext_csv,92ecc5491b585a79b99efb8bbe35b5d2cb1c3b3c
ablation,td3_amo,td3_amo_firstorder_l2rms,Tlr0p002,locomotion,walker2d-medium-replay-v2,0,jax,0.002,5.0,5.0,,,,,,False,l2_rms,le,first_order,0.0003,0.0003,,method_variant:td3_amo_firstorder_l2rms;execution_loss,1000000,,1000000,78.68045679810051,50,True,,wmr_s0_Tlr0p002__7859e54e,ablation/td3_amo/walker2d-medium-replay-v2/2e-3/seed_0/wmr_s0_Tlr0p002__7859e54e,/raid/ext_csv/AMO_store/firstorder_rms_a5/w-mr_firstorder_rms_a5_s0,ext_csv,92ecc5491b585a79b99efb8bbe35b5d2cb1c3b3c
ablation,td3_amo,td3_amo_firstorder_l2rms,Tlr0p002,locomotion,walker2d-medium-replay-v2,1,jax,0.002,5.0,5.0,,,,,,False,l2_rms,le,first_order,0.0003,0.0003,,method_variant:td3_amo_firstorder_l2rms;execution_loss,1000000,,1000000,94.0649751787878,50,True,,wmr_s1_Tlr0p002__f202cc9b,ablation/td3_amo/walker2d-medium-replay-v2/2e-3/seed_1/wmr_s1_Tlr0p002__f202cc9b,/raid/ext_csv/AMO_store/firstorder_rms_a5/w-mr_firstorder_rms_a5_s1,ext_csv,92ecc5491b585a79b99efb8bbe35b5d2cb1c3b3c
ablation,td3_amo,td3_amo_firstorder_l2rms,Tlr0p002,locomotion,walker2d-medium-replay-v2,2,jax,0.002,5.0,5.0,,,,,,False,l2_rms,le,first_order,0.0003,0.0003,,method_variant:td3_amo_firstorder_l2rms;execution_loss,1000000,,1000000,94.640200149294,50,True,,wmr_s2_Tlr0p002__4ae0f4ad,ablation/td3_amo/walker2d-medium-replay-v2/2e-3/seed_2/wmr_s2_Tlr0p002__4ae0f4ad,/raid/ext_csv/AMO_store/firstorder_rms_a5/w-mr_firstorder_rms_a5_s2,ext_csv,92ecc5491b585a79b99efb8bbe35b5d2cb1c3b3c
ablation,td3_amo,td3_amo_firstorder_l2rms,Tlr0p002,locomotion,walker2d-medium-replay-v2,3,jax,0.002,5.0,5.0,,,,,,False,l2_rms,le,first_order,0.0003,0.0003,,method_variant:td3_amo_firstorder_l2rms;execution_loss,1000000,,1000000,52.78613341828127,50,True,,wmr_s3_Tlr0p002__c1093a2b,ablation/td3_amo/walker2d-medium-replay-v2/2e-3/seed_3/wmr_s3_Tlr0p002__c1093a2b,/raid/ext_csv/AMO_store/firstorder_rms_a5/w-mr_firstorder_rms_a5_s3,ext_csv,92ecc5491b585a79b99efb8bbe35b5d2cb1c3b3c
ablation,td3_amo,td3_amo_fixedB_lrmatch,Tlr0p001,antmaze,antmaze-large-diverse-v2,0,jax,0.001,5.0,5.0,,,,,True,False,l2_rms,le,bpi,0.0003,0.0003,,method_variant:td3_amo_fixedB_lrmatch;critic_architecture,,,,,,False,,amld_s0_Tlr0p001__8fa60e75,ablation/td3_amo/antmaze-large-diverse-v2/1e-3/seed_0/amld_s0_Tlr0p001__8fa60e75,/raid/ext_csv/AMO_store/td3_rapo_fixedB_lrmatch/am-l-div_b5_s0,ext_csv,c5bffd3
ablation,td3_amo,td3_amo_fixedB_lrmatch,Tlr0p001,antmaze,antmaze-large-diverse-v2,1,jax,0.001,5.0,5.0,,,,,True,False,l2_rms,le,bpi,0.0003,0.0003,,method_variant:td3_amo_fixedB_lrmatch;critic_architecture,,,,,,False,,amld_s1_Tlr0p001__2d9e30bf,ablation/td3_amo/antmaze-large-diverse-v2/1e-3/seed_1/amld_s1_Tlr0p001__2d9e30bf,/raid/ext_csv/AMO_store/td3_rapo_fixedB_lrmatch/am-l-div_b5_s1,ext_csv,c5bffd3
ablation,td3_amo,td3_amo_fixedB_lrmatch,Tlr0p001,antmaze,antmaze-large-diverse-v2,2,jax,0.001,5.0,5.0,,,,,True,False,l2_rms,le,bpi,0.0003,0.0003,,method_variant:td3_amo_fixedB_lrmatch;critic_architecture,,,,,,False,,amld_s2_Tlr0p001__3a64a9d3,ablation/td3_amo/antmaze-large-diverse-v2/1e-3/seed_2/amld_s2_Tlr0p001__3a64a9d3,/raid/ext_csv/AMO_store/td3_rapo_fixedB_lrmatch/am-l-div_b5_s2,ext_csv,c5bffd3
ablation,td3_amo,td3_amo_fixedB_lrmatch,Tlr0p001,antmaze,antmaze-large-diverse-v2,3,jax,0.001,5.0,5.0,,,,,True,False,l2_rms,le,bpi,0.0003,0.0003,,method_variant:td3_amo_fixedB_lrmatch;critic_architecture,,,,,,False,,amld_s3_Tlr0p001__59e38cd8,ablation/td3_amo/antmaze-large-diverse-v2/1e-3/seed_3/amld_s3_Tlr0p001__59e38cd8,/raid/ext_csv/AMO_store/td3_rapo_fixedB_lrmatch/am-l-div_b5_s3,ext_csv,c5bffd3
ablation,td3_amo,td3_amo_fixedB_lrmatch,Tlr0p001,antmaze,antmaze-large-play-v2,0,jax,0.001,5.0,5.0,,,,,True,False,l2_rms,le,bpi,0.0003,0.0003,,method_variant:td3_amo_fixedB_lrmatch;critic_architecture,1000000,,1000000,0.0,50,True,,amlp_s0_Tlr0p001__661c81fd,ablation/td3_amo/antmaze-large-play-v2/1e-3/seed_0/amlp_s0_Tlr0p001__661c81fd,/raid/ext_csv/AMO_store/td3_rapo_fixedB_lrmatch/am-l-p_b5_s0,ext_csv,c5bffd3
ablation,td3_amo,td3_amo_fixedB_lrmatch,Tlr0p001,antmaze,antmaze-large-play-v2,1,jax,0.001,5.0,5.0,,,,,True,False,l2_rms,le,bpi,0.0003,0.0003,,method_variant:td3_amo_fixedB_lrmatch;critic_architecture,1000000,,1000000,0.0,50,True,,amlp_s1_Tlr0p001__1dc3945c,ablation/td3_amo/antmaze-large-play-v2/1e-3/seed_1/amlp_s1_Tlr0p001__1dc3945c,/raid/ext_csv/AMO_store/td3_rapo_fixedB_lrmatch/am-l-p_b5_s1,ext_csv,c5bffd3
ablation,td3_amo,td3_amo_fixedB_lrmatch,Tlr0p001,antmaze,antmaze-large-play-v2,2,jax,0.001,5.0,5.0,,,,,True,False,l2_rms,le,bpi,0.0003,0.0003,,method_variant:td3_amo_fixedB_lrmatch;critic_architecture,,,,,,False,,amlp_s2_Tlr0p001__058b8817,ablation/td3_amo/antmaze-large-play-v2/1e-3/seed_2/amlp_s2_Tlr0p001__058b8817,/raid/ext_csv/AMO_store/td3_rapo_fixedB_lrmatch/am-l-p_b5_s2,ext_csv,c5bffd3
ablation,td3_amo,td3_amo_fixedB_lrmatch,Tlr0p001,antmaze,antmaze-large-play-v2,3,jax,0.001,5.0,5.0,,,,,True,False,l2_rms,le,bpi,0.0003,0.0003,,method_variant:td3_amo_fixedB_lrmatch;critic_architecture,,,,,,False,,amlp_s3_Tlr0p001__2ff89804,ablation/td3_amo/antmaze-large-play-v2/1e-3/seed_3/amlp_s3_Tlr0p001__2ff89804,/raid/ext_csv/AMO_store/td3_rapo_fixedB_lrmatch/am-l-p_b5_s3,ext_csv,c5bffd3
ablation,td3_amo,td3_amo_fixedB_lrmatch,Tlr0p001,antmaze,antmaze-medium-play-v2,0,jax,0.001,5.0,5.0,,,,,True,False,l2_rms,le,bpi,0.0003,0.0003,,method_variant:td3_amo_fixedB_lrmatch;critic_architecture,1000000,,1000000,0.0,50,True,,ammp_s0_Tlr0p001__efd56720,ablation/td3_amo/antmaze-medium-play-v2/1e-3/seed_0/ammp_s0_Tlr0p001__efd56720,/raid/ext_csv/AMO_store/td3_rapo_fixedB_lrmatch/am-m-p_b5_s0,ext_csv,c5bffd3
ablation,td3_amo,td3_amo_fixedB_lrmatch,Tlr0p001,antmaze,antmaze-medium-play-v2,1,jax,0.001,5.0,5.0,,,,,True,False,l2_rms,le,bpi,0.0003,0.0003,,method_variant:td3_amo_fixedB_lrmatch;critic_architecture,1000000,,1000000,56.00000000000001,50,True,,ammp_s1_Tlr0p001__6f6d5eed,ablation/td3_amo/antmaze-medium-play-v2/1e-3/seed_1/ammp_s1_Tlr0p001__6f6d5eed,/raid/ext_csv/AMO_store/td3_rapo_fixedB_lrmatch/am-m-p_b5_s1,ext_csv,c5bffd3
ablation,td3_amo,td3_amo_fixedB_lrmatch,Tlr0p001,antmaze,antmaze-medium-play-v2,2,jax,0.001,5.0,5.0,,,,,True,False,l2_rms,le,bpi,0.0003,0.0003,,method_variant:td3_amo_fixedB_lrmatch;critic_architecture,1000000,,1000000,0.0,50,True,,ammp_s2_Tlr0p001__9d486744,ablation/td3_amo/antmaze-medium-play-v2/1e-3/seed_2/ammp_s2_Tlr0p001__9d486744,/raid/ext_csv/AMO_store/td3_rapo_fixedB_lrmatch/am-m-p_b5_s2,ext_csv,c5bffd3
ablation,td3_amo,td3_amo_fixedB_lrmatch,Tlr0p001,antmaze,antmaze-medium-play-v2,3,jax,0.001,5.0,5.0,,,,,True,False,l2_rms,le,bpi,0.0003,0.0003,,method_variant:td3_amo_fixedB_lrmatch;critic_architecture,1000000,,1000000,56.00000000000001,50,True,,ammp_s3_Tlr0p001__6c921269,ablation/td3_amo/antmaze-medium-play-v2/1e-3/seed_3/ammp_s3_Tlr0p001__6c921269,/raid/ext_csv/AMO_store/td3_rapo_fixedB_lrmatch/am-m-p_b5_s3,ext_csv,c5bffd3
ablation,td3_amo,td3_amo_fixedB_lrmatch,Tlr0p001,locomotion,halfcheetah-medium-expert-v2,0,jax,0.001,5.0,5.0,,,,,True,False,l2_rms,le,bpi,0.0003,0.0003,,method_variant:td3_amo_fixedB_lrmatch,1000000,,1000000,94.95283090465136,50,True,,hme_s0_Tlr0p001__28a0f51b,ablation/td3_amo/halfcheetah-medium-expert-v2/1e-3/seed_0/hme_s0_Tlr0p001__28a0f51b,/raid/ext_csv/AMO_store/td3_rapo_fixedB_lrmatch/hc-me_b5_s0,ext_csv,c5bffd3
ablation,td3_amo,td3_amo_fixedB_lrmatch,Tlr0p001,locomotion,halfcheetah-medium-expert-v2,1,jax,0.001,5.0,5.0,,,,,True,False,l2_rms,le,bpi,0.0003,0.0003,,method_variant:td3_amo_fixedB_lrmatch,1000000,,1000000,100.67731903306839,50,True,,hme_s1_Tlr0p001__fdc0223b,ablation/td3_amo/halfcheetah-medium-expert-v2/1e-3/seed_1/hme_s1_Tlr0p001__fdc0223b,/raid/ext_csv/AMO_store/td3_rapo_fixedB_lrmatch/hc-me_b5_s1,ext_csv,c5bffd3
ablation,td3_amo,td3_amo_fixedB_lrmatch,Tlr0p001,locomotion,halfcheetah-medium-expert-v2,2,jax,0.001,5.0,5.0,,,,,True,False,l2_rms,le,bpi,0.0003,0.0003,,method_variant:td3_amo_fixedB_lrmatch,1000000,,1000000,102.93854445535078,50,True,,hme_s2_Tlr0p001__45cf7c64,ablation/td3_amo/halfcheetah-medium-expert-v2/1e-3/seed_2/hme_s2_Tlr0p001__45cf7c64,/raid/ext_csv/AMO_store/td3_rapo_fixedB_lrmatch/hc-me_b5_s2,ext_csv,c5bffd3
ablation,td3_amo,td3_amo_fixedB_lrmatch,Tlr0p001,locomotion,halfcheetah-medium-expert-v2,3,jax,0.001,5.0,5.0,,,,,True,False,l2_rms,le,bpi,0.0003,0.0003,,method_variant:td3_amo_fixedB_lrmatch,1000000,,1000000,96.62521668187225,50,True,,hme_s3_Tlr0p001__fbc47ef8,ablation/td3_amo/halfcheetah-medium-expert-v2/1e-3/seed_3/hme_s3_Tlr0p001__fbc47ef8,/raid/ext_csv/AMO_store/td3_rapo_fixedB_lrmatch/hc-me_b5_s3,ext_csv,c5bffd3
ablation,td3_amo,td3_amo_fixedB_lrmatch,Tlr0p0003,locomotion,hopper-medium-expert-v2,0,jax,0.0003,5.0,5.0,,,,,True,False,l2_rms,le,bpi,0.0003,0.0003,,method_variant:td3_amo_fixedB_lrmatch,1000000,,1000000,74.95553412022072,50,True,,hopme_s0_Tlr0p0003__025f029e,ablation/td3_amo/hopper-medium-expert-v2/3e-4/seed_0/hopme_s0_Tlr0p0003__025f029e,/raid/ext_csv/AMO_store/td3_rapo_fixedB_lrmatch/h-me_b5_s0,ext_csv,c5bffd3
ablation,td3_amo,td3_amo_fixedB_lrmatch,Tlr0p0003,locomotion,hopper-medium-expert-v2,1,jax,0.0003,5.0,5.0,,,,,True,False,l2_rms,le,bpi,0.0003,0.0003,,method_variant:td3_amo_fixedB_lrmatch,1000000,,1000000,104.6288763256555,50,True,,hopme_s1_Tlr0p0003__9e22c5c7,ablation/td3_amo/hopper-medium-expert-v2/3e-4/seed_1/hopme_s1_Tlr0p0003__9e22c5c7,/raid/ext_csv/AMO_store/td3_rapo_fixedB_lrmatch/h-me_b5_s1,ext_csv,c5bffd3
ablation,td3_amo,td3_amo_fixedB_lrmatch,Tlr0p0003,locomotion,hopper-medium-expert-v2,2,jax,0.0003,5.0,5.0,,,,,True,False,l2_rms,le,bpi,0.0003,0.0003,,method_variant:td3_amo_fixedB_lrmatch;critic_architecture,1000000,,1000000,101.79133272203849,50,True,,hopme_s2_Tlr0p0003__3ff2557c,ablation/td3_amo/hopper-medium-expert-v2/3e-4/seed_2/hopme_s2_Tlr0p0003__3ff2557c,/raid/ext_csv/AMO_store/td3_rapo_fixedB_lrmatch/h-me_b5_s2,ext_csv,c5bffd3
ablation,td3_amo,td3_amo_fixedB_lrmatch,Tlr0p0003,locomotion,hopper-medium-expert-v2,3,jax,0.0003,5.0,5.0,,,,,True,False,l2_rms,le,bpi,0.0003,0.0003,,method_variant:td3_amo_fixedB_lrmatch;critic_architecture,1000000,,1000000,0.6300988004030323,50,True,,hopme_s3_Tlr0p0003__51369bb2,ablation/td3_amo/hopper-medium-expert-v2/3e-4/seed_3/hopme_s3_Tlr0p0003__51369bb2,/raid/ext_csv/AMO_store/td3_rapo_fixedB_lrmatch/h-me_b5_s3,ext_csv,c5bffd3
ablation,td3_amo,td3_amo_fixedB_lrmatch,Tlr0p001,locomotion,walker2d-medium-v2,0,jax,0.001,5.0,5.0,,,,,True,False,l2_rms,le,bpi,0.0003,0.0003,,method_variant:td3_amo_fixedB_lrmatch;critic_architecture,1000000,,1000000,6.748445711334101,50,True,,wm_s0_Tlr0p001__d8e748e9,ablation/td3_amo/walker2d-medium-v2/1e-3/seed_0/wm_s0_Tlr0p001__d8e748e9,/raid/ext_csv/AMO_store/td3_rapo_fixedB_lrmatch/w-m_b5_s0,ext_csv,c5bffd3
ablation,td3_amo,td3_amo_fixedB_lrmatch,Tlr0p001,locomotion,walker2d-medium-v2,1,jax,0.001,5.0,5.0,,,,,True,False,l2_rms,le,bpi,0.0003,0.0003,,method_variant:td3_amo_fixedB_lrmatch;critic_architecture,1000000,,1000000,1.7480080801380065,50,True,,wm_s1_Tlr0p001__a363061f,ablation/td3_amo/walker2d-medium-v2/1e-3/seed_1/wm_s1_Tlr0p001__a363061f,/raid/ext_csv/AMO_store/td3_rapo_fixedB_lrmatch/w-m_b5_s1,ext_csv,c5bffd3
ablation,td3_amo,td3_amo_fixedB_lrmatch,Tlr0p001,locomotion,walker2d-medium-v2,2,jax,0.001,5.0,5.0,,,,,True,False,l2_rms,le,bpi,0.0003,0.0003,,method_variant:td3_amo_fixedB_lrmatch;critic_architecture,1000000,,1000000,1.930143924535654,50,True,,wm_s2_Tlr0p001__9a405d07,ablation/td3_amo/walker2d-medium-v2/1e-3/seed_2/wm_s2_Tlr0p001__9a405d07,/raid/ext_csv/AMO_store/td3_rapo_fixedB_lrmatch/w-m_b5_s2,ext_csv,c5bffd3
ablation,td3_amo,td3_amo_fixedB_lrmatch,Tlr0p001,locomotion,walker2d-medium-v2,3,jax,0.001,5.0,5.0,,,,,True,False,l2_rms,le,bpi,0.0003,0.0003,,method_variant:td3_amo_fixedB_lrmatch;critic_architecture,1000000,,1000000,1.9804328752645577,50,True,,wm_s3_Tlr0p001__68ad795b,ablation/td3_amo/walker2d-medium-v2/1e-3/seed_3/wm_s3_Tlr0p001__68ad795b,/raid/ext_csv/AMO_store/td3_rapo_fixedB_lrmatch/w-m_b5_s3,ext_csv,c5bffd3
ablation,td3_amo,td3_amo_fixed_alpha_B,Tlr0p002,locomotion,hopper-medium-replay-v2,1,jax,0.002,5.0,5.0,,True,False,False,True,False,l2_rms,le,bpi,0.0003,0.0003,,method_variant:td3_amo_fixed_alpha_B,,,,,,False,,hopmr_s1_Tlr0p002__df6ad190,ablation/td3_amo/hopper-medium-replay-v2/2e-3/seed_1/hopmr_s1_Tlr0p002__df6ad190,/home/svcho/amo/results/amo_fixed_alpha_ablation_seeds03/jobs/td3_B5_h-mr_s1/run,svcho,d9be263443ffc1ca8834e277418826cff4ac6dc0
ablation,td3_amo,td3_amo_fixed_alpha_B,Tlr0p002,locomotion,hopper-medium-replay-v2,3,jax,0.002,5.0,5.0,,True,False,False,True,False,l2_rms,le,bpi,0.0003,0.0003,,method_variant:td3_amo_fixed_alpha_B,1000000,,1000000,101.12316470805709,50,True,,hopmr_s3_Tlr0p002__df6ad190,ablation/td3_amo/hopper-medium-replay-v2/2e-3/seed_3/hopmr_s3_Tlr0p002__df6ad190,/home/svcho/amo/results/amo_fixed_alpha_ablation_seeds03/jobs/td3_B5_h-mr_s3/run,svcho,d9be263443ffc1ca8834e277418826cff4ac6dc0
ablation,td3_amo,td3_amo_fixed_alpha_B,Tlr0p002,locomotion,walker2d-medium-replay-v2,1,jax,0.002,5.0,5.0,,True,False,False,True,False,l2_rms,le,bpi,0.0003,0.0003,,method_variant:td3_amo_fixed_alpha_B,1000000,,1000000,102.90398746301062,50,True,,wmr_s1_Tlr0p002__df6ad190,ablation/td3_amo/walker2d-medium-replay-v2/2e-3/seed_1/wmr_s1_Tlr0p002__df6ad190,/home/svcho/amo/results/amo_fixed_alpha_ablation_seeds03/jobs/td3_B5_w-mr_s1/run,svcho,d9be263443ffc1ca8834e277418826cff4ac6dc0
ablation,td3_amo,td3_amo_fixed_alpha_B,Tlr0p002,locomotion,walker2d-medium-replay-v2,3,jax,0.002,5.0,5.0,,True,False,False,True,False,l2_rms,le,bpi,0.0003,0.0003,,method_variant:td3_amo_fixed_alpha_B,1000000,,1000000,93.4229013991311,50,True,,wmr_s3_Tlr0p002__df6ad190,ablation/td3_amo/walker2d-medium-replay-v2/2e-3/seed_3/wmr_s3_Tlr0p002__df6ad190,/home/svcho/amo/results/amo_fixed_alpha_ablation_seeds03/jobs/td3_B5_w-mr_s3/run,svcho,d9be263443ffc1ca8834e277418826cff4ac6dc0
ablation,td3_amo,td3_amo_jax,ae1_ab1_Tlr0p0003,antmaze,antmaze-large-diverse-v2,0,jax,0.0003,1.0,1.0,,,,,,False,,,,0.0003,0.0003,,bootstrap_loss_not_l2_rms,1000000,,1000000,0.0,50,True,,amld_s0_ae1_ab1_Tlr0p0003__4bf5b183,ablation/td3_amo/antmaze-large-diverse-v2/3e-4/seed_0/amld_s0_ae1_ab1_Tlr0p0003__4bf5b183,/raid/ext_csv/AMO_store/td3_amo_jax_loco_antmaze_alpha1_alr_seeds0to3/runs/td3amo_jax_am-large-div_a1_alr3em4_s0,ext_csv,1e34514ddf70bfc8a78757d9a78b82306627164c
ablation,td3_amo,td3_amo_jax,ae1_ab1_Tlr0p0003,antmaze,antmaze-large-diverse-v2,1,jax,0.0003,1.0,1.0,,,,,,False,,,,0.0003,0.0003,,bootstrap_loss_not_l2_rms,1000000,,1000000,0.0,50,True,,amld_s1_ae1_ab1_Tlr0p0003__5424a48b,ablation/td3_amo/antmaze-large-diverse-v2/3e-4/seed_1/amld_s1_ae1_ab1_Tlr0p0003__5424a48b,/raid/ext_csv/AMO_store/td3_amo_jax_loco_antmaze_alpha1_alr_seeds0to3/runs/td3amo_jax_am-large-div_a1_alr3em4_s1,ext_csv,1e34514ddf70bfc8a78757d9a78b82306627164c
ablation,td3_amo,td3_amo_jax,ae1_ab1_Tlr0p0003,antmaze,antmaze-large-diverse-v2,2,jax,0.0003,1.0,1.0,,,,,,False,,,,0.0003,0.0003,,bootstrap_loss_not_l2_rms,1000000,,1000000,0.0,50,True,,amld_s2_ae1_ab1_Tlr0p0003__3ae20939,ablation/td3_amo/antmaze-large-diverse-v2/3e-4/seed_2/amld_s2_ae1_ab1_Tlr0p0003__3ae20939,/raid/ext_csv/AMO_store/td3_amo_jax_loco_antmaze_alpha1_alr_seeds0to3/runs/td3amo_jax_am-large-div_a1_alr3em4_s2,ext_csv,1e34514ddf70bfc8a78757d9a78b82306627164c
ablation,td3_amo,td3_amo_jax,ae1_ab1_Tlr0p0003,antmaze,antmaze-large-diverse-v2,3,jax,0.0003,1.0,1.0,,,,,,False,,,,0.0003,0.0003,,bootstrap_loss_not_l2_rms,1000000,,1000000,0.0,50,True,,amld_s3_ae1_ab1_Tlr0p0003__7a3db537,ablation/td3_amo/antmaze-large-diverse-v2/3e-4/seed_3/amld_s3_ae1_ab1_Tlr0p0003__7a3db537,/raid/ext_csv/AMO_store/td3_amo_jax_loco_antmaze_alpha1_alr_seeds0to3/runs/td3amo_jax_am-large-div_a1_alr3em4_s3,ext_csv,1e34514ddf70bfc8a78757d9a78b82306627164c
ablation,td3_amo,td3_amo_jax,ae1_ab1_Tlr0p001,antmaze,antmaze-large-diverse-v2,0,jax,0.001,1.0,1.0,,,,,,False,,,,0.0003,0.0003,,bootstrap_loss_not_l2_rms,1000000,,1000000,6.0,50,True,,amld_s0_ae1_ab1_Tlr0p001__8e9f99a1,ablation/td3_amo/antmaze-large-diverse-v2/1e-3/seed_0/amld_s0_ae1_ab1_Tlr0p001__8e9f99a1,/raid/ext_csv/AMO_store/td3_amo_jax_loco_antmaze_alpha1_alr_seeds0to3/runs/td3amo_jax_am-large-div_a1_alr1em3_s0,ext_csv,1e34514ddf70bfc8a78757d9a78b82306627164c
ablation,td3_amo,td3_amo_jax,ae1_ab1_Tlr0p001,antmaze,antmaze-large-diverse-v2,1,jax,0.001,1.0,1.0,,,,,,False,,,,0.0003,0.0003,,bootstrap_loss_not_l2_rms,1000000,,1000000,24.0,50,True,,amld_s1_ae1_ab1_Tlr0p001__e261c768,ablation/td3_amo/antmaze-large-diverse-v2/1e-3/seed_1/amld_s1_ae1_ab1_Tlr0p001__e261c768,/raid/ext_csv/AMO_store/td3_amo_jax_loco_antmaze_alpha1_alr_seeds0to3/runs/td3amo_jax_am-large-div_a1_alr1em3_s1,ext_csv,1e34514ddf70bfc8a78757d9a78b82306627164c
ablation,td3_amo,td3_amo_jax,ae1_ab1_Tlr0p001,antmaze,antmaze-large-diverse-v2,2,jax,0.001,1.0,1.0,,,,,,False,,,,0.0003,0.0003,,bootstrap_loss_not_l2_rms,1000000,,1000000,12.0,50,True,,amld_s2_ae1_ab1_Tlr0p001__b750b075,ablation/td3_amo/antmaze-large-diverse-v2/1e-3/seed_2/amld_s2_ae1_ab1_Tlr0p001__b750b075,/raid/ext_csv/AMO_store/td3_amo_jax_loco_antmaze_alpha1_alr_seeds0to3/runs/td3amo_jax_am-large-div_a1_alr1em3_s2,ext_csv,1e34514ddf70bfc8a78757d9a78b82306627164c
ablation,td3_amo,td3_amo_jax,ae1_ab1_Tlr0p001,antmaze,antmaze-large-diverse-v2,3,jax,0.001,1.0,1.0,,,,,,False,,,,0.0003,0.0003,,bootstrap_loss_not_l2_rms,1000000,,1000000,10.0,50,True,,amld_s3_ae1_ab1_Tlr0p001__7bec5e91,ablation/td3_amo/antmaze-large-diverse-v2/1e-3/seed_3/amld_s3_ae1_ab1_Tlr0p001__7bec5e91,/raid/ext_csv/AMO_store/td3_amo_jax_loco_antmaze_alpha1_alr_seeds0to3/runs/td3amo_jax_am-large-div_a1_alr1em3_s3,ext_csv,1e34514ddf70bfc8a78757d9a78b82306627164c
ablation,td3_amo,td3_amo_jax,ae1_ab1_Tlr0p002,antmaze,antmaze-large-diverse-v2,0,jax,0.002,1.0,1.0,,,,,,False,,,,0.0003,0.0003,,bootstrap_loss_not_l2_rms,1000000,,1000000,12.0,50,True,,amld_s0_ae1_ab1_Tlr0p002__240b6b3c,ablation/td3_amo/antmaze-large-diverse-v2/2e-3/seed_0/amld_s0_ae1_ab1_Tlr0p002__240b6b3c,/raid/ext_csv/AMO_store/td3_amo_jax_loco_antmaze_alpha1_alr_seeds0to3/runs/td3amo_jax_am-large-div_a1_alr2em3_s0,ext_csv,1e34514ddf70bfc8a78757d9a78b82306627164c
ablation,td3_amo,td3_amo_jax,ae1_ab1_Tlr0p002,antmaze,antmaze-large-diverse-v2,1,jax,0.002,1.0,1.0,,,,,,False,,,,0.0003,0.0003,,bootstrap_loss_not_l2_rms,1000000,,1000000,26.0,50,True,,amld_s1_ae1_ab1_Tlr0p002__c7837a12,ablation/td3_amo/antmaze-large-diverse-v2/2e-3/seed_1/amld_s1_ae1_ab1_Tlr0p002__c7837a12,/raid/ext_csv/AMO_store/td3_amo_jax_loco_antmaze_alpha1_alr_seeds0to3/runs/td3amo_jax_am-large-div_a1_alr2em3_s1,ext_csv,1e34514ddf70bfc8a78757d9a78b82306627164c
ablation,td3_amo,td3_amo_jax,ae1_ab1_Tlr0p002,antmaze,antmaze-large-diverse-v2,2,jax,0.002,1.0,1.0,,,,,,False,,,,0.0003,0.0003,,bootstrap_loss_not_l2_rms,1000000,,1000000,36.0,50,True,,amld_s2_ae1_ab1_Tlr0p002__9cc696b7,ablation/td3_amo/antmaze-large-diverse-v2/2e-3/seed_2/amld_s2_ae1_ab1_Tlr0p002__9cc696b7,/raid/ext_csv/AMO_store/td3_amo_jax_loco_antmaze_alpha1_alr_seeds0to3/runs/td3amo_jax_am-large-div_a1_alr2em3_s2,ext_csv,1e34514ddf70bfc8a78757d9a78b82306627164c
ablation,td3_amo,td3_amo_jax,ae1_ab1_Tlr0p002,antmaze,antmaze-large-diverse-v2,3,jax,0.002,1.0,1.0,,,,,,False,,,,0.0003,0.0003,,bootstrap_loss_not_l2_rms,1000000,,1000000,30.0,50,True,,amld_s3_ae1_ab1_Tlr0p002__55a9b516,ablation/td3_amo/antmaze-large-diverse-v2/2e-3/seed_3/amld_s3_ae1_ab1_Tlr0p002__55a9b516,/raid/ext_csv/AMO_store/td3_amo_jax_loco_antmaze_alpha1_alr_seeds0to3/runs/td3amo_jax_am-large-div_a1_alr2em3_s3,ext_csv,1e34514ddf70bfc8a78757d9a78b82306627164c
ablation,td3_amo,td3_amo_jax,ae1_ab1_Tlr0p0003,antmaze,antmaze-large-play-v2,0,jax,0.0003,1.0,1.0,,,,,,False,,,,0.0003,0.0003,,bootstrap_loss_not_l2_rms,1000000,,1000000,0.0,50,True,,amlp_s0_ae1_ab1_Tlr0p0003__8ff1b670,ablation/td3_amo/antmaze-large-play-v2/3e-4/seed_0/amlp_s0_ae1_ab1_Tlr0p0003__8ff1b670,/raid/ext_csv/AMO_store/td3_amo_jax_loco_antmaze_alpha1_alr_seeds0to3/runs/td3amo_jax_am-large-play_a1_alr3em4_s0,ext_csv,1e34514ddf70bfc8a78757d9a78b82306627164c
ablation,td3_amo,td3_amo_jax,ae1_ab1_Tlr0p0003,antmaze,antmaze-large-play-v2,1,jax,0.0003,1.0,1.0,,,,,,False,,,,0.0003,0.0003,,bootstrap_loss_not_l2_rms,1000000,,1000000,0.0,50,True,,amlp_s1_ae1_ab1_Tlr0p0003__45481182,ablation/td3_amo/antmaze-large-play-v2/3e-4/seed_1/amlp_s1_ae1_ab1_Tlr0p0003__45481182,/raid/ext_csv/AMO_store/td3_amo_jax_loco_antmaze_alpha1_alr_seeds0to3/runs/td3amo_jax_am-large-play_a1_alr3em4_s1,ext_csv,1e34514ddf70bfc8a78757d9a78b82306627164c
ablation,td3_amo,td3_amo_jax,ae1_ab1_Tlr0p0003,antmaze,antmaze-large-play-v2,2,jax,0.0003,1.0,1.0,,,,,,False,,,,0.0003,0.0003,,bootstrap_loss_not_l2_rms,1000000,,1000000,0.0,50,True,,amlp_s2_ae1_ab1_Tlr0p0003__418ae677,ablation/td3_amo/antmaze-large-play-v2/3e-4/seed_2/amlp_s2_ae1_ab1_Tlr0p0003__418ae677,/raid/ext_csv/AMO_store/td3_amo_jax_loco_antmaze_alpha1_alr_seeds0to3/runs/td3amo_jax_am-large-play_a1_alr3em4_s2,ext_csv,1e34514ddf70bfc8a78757d9a78b82306627164c
ablation,td3_amo,td3_amo_jax,ae1_ab1_Tlr0p0003,antmaze,antmaze-large-play-v2,3,jax,0.0003,1.0,1.0,,,,,,False,,,,0.0003,0.0003,,bootstrap_loss_not_l2_rms,1000000,,1000000,0.0,50,True,,amlp_s3_ae1_ab1_Tlr0p0003__0965478c,ablation/td3_amo/antmaze-large-play-v2/3e-4/seed_3/amlp_s3_ae1_ab1_Tlr0p0003__0965478c,/raid/ext_csv/AMO_store/td3_amo_jax_loco_antmaze_alpha1_alr_seeds0to3/runs/td3amo_jax_am-large-play_a1_alr3em4_s3,ext_csv,1e34514ddf70bfc8a78757d9a78b82306627164c
ablation,td3_amo,td3_amo_jax,ae1_ab1_Tlr0p001,antmaze,antmaze-large-play-v2,0,jax,0.001,1.0,1.0,,,,,,False,,,,0.0003,0.0003,,bootstrap_loss_not_l2_rms,1000000,,1000000,14.000000000000002,50,True,,amlp_s0_ae1_ab1_Tlr0p001__ddceddba,ablation/td3_amo/antmaze-large-play-v2/1e-3/seed_0/amlp_s0_ae1_ab1_Tlr0p001__ddceddba,/raid/ext_csv/AMO_store/td3_amo_jax_loco_antmaze_alpha1_alr_seeds0to3/runs/td3amo_jax_am-large-play_a1_alr1em3_s0,ext_csv,1e34514ddf70bfc8a78757d9a78b82306627164c
ablation,td3_amo,td3_amo_jax,ae1_ab1_Tlr0p001,antmaze,antmaze-large-play-v2,1,jax,0.001,1.0,1.0,,,,,,False,,,,0.0003,0.0003,,bootstrap_loss_not_l2_rms,1000000,,1000000,8.0,50,True,,amlp_s1_ae1_ab1_Tlr0p001__5724674b,ablation/td3_amo/antmaze-large-play-v2/1e-3/seed_1/amlp_s1_ae1_ab1_Tlr0p001__5724674b,/raid/ext_csv/AMO_store/td3_amo_jax_loco_antmaze_alpha1_alr_seeds0to3/runs/td3amo_jax_am-large-play_a1_alr1em3_s1,ext_csv,1e34514ddf70bfc8a78757d9a78b82306627164c
ablation,td3_amo,td3_amo_jax,ae1_ab1_Tlr0p001,antmaze,antmaze-large-play-v2,2,jax,0.001,1.0,1.0,,,,,,False,,,,0.0003,0.0003,,bootstrap_loss_not_l2_rms,1000000,,1000000,6.0,50,True,,amlp_s2_ae1_ab1_Tlr0p001__36c713f9,ablation/td3_amo/antmaze-large-play-v2/1e-3/seed_2/amlp_s2_ae1_ab1_Tlr0p001__36c713f9,/raid/ext_csv/AMO_store/td3_amo_jax_loco_antmaze_alpha1_alr_seeds0to3/runs/td3amo_jax_am-large-play_a1_alr1em3_s2,ext_csv,1e34514ddf70bfc8a78757d9a78b82306627164c
ablation,td3_amo,td3_amo_jax,ae1_ab1_Tlr0p001,antmaze,antmaze-large-play-v2,3,jax,0.001,1.0,1.0,,,,,,False,,,,0.0003,0.0003,,bootstrap_loss_not_l2_rms,1000000,,1000000,40.0,50,True,,amlp_s3_ae1_ab1_Tlr0p001__82cd5e5d,ablation/td3_amo/antmaze-large-play-v2/1e-3/seed_3/amlp_s3_ae1_ab1_Tlr0p001__82cd5e5d,/raid/ext_csv/AMO_store/td3_amo_jax_loco_antmaze_alpha1_alr_seeds0to3/runs/td3amo_jax_am-large-play_a1_alr1em3_s3,ext_csv,1e34514ddf70bfc8a78757d9a78b82306627164c
ablation,td3_amo,td3_amo_jax,ae1_ab1_Tlr0p002,antmaze,antmaze-large-play-v2,0,jax,0.002,1.0,1.0,,,,,,False,,,,0.0003,0.0003,,bootstrap_loss_not_l2_rms,1000000,,1000000,50.0,50,True,,amlp_s0_ae1_ab1_Tlr0p002__9be5bcd8,ablation/td3_amo/antmaze-large-play-v2/2e-3/seed_0/amlp_s0_ae1_ab1_Tlr0p002__9be5bcd8,/raid/ext_csv/AMO_store/td3_amo_jax_loco_antmaze_alpha1_alr_seeds0to3/runs/td3amo_jax_am-large-play_a1_alr2em3_s0,ext_csv,1e34514ddf70bfc8a78757d9a78b82306627164c
ablation,td3_amo,td3_amo_jax,ae1_ab1_Tlr0p002,antmaze,antmaze-large-play-v2,1,jax,0.002,1.0,1.0,,,,,,False,,,,0.0003,0.0003,,bootstrap_loss_not_l2_rms,1000000,,1000000,22.0,50,True,,amlp_s1_ae1_ab1_Tlr0p002__9305f828,ablation/td3_amo/antmaze-large-play-v2/2e-3/seed_1/amlp_s1_ae1_ab1_Tlr0p002__9305f828,/raid/ext_csv/AMO_store/td3_amo_jax_loco_antmaze_alpha1_alr_seeds0to3/runs/td3amo_jax_am-large-play_a1_alr2em3_s1,ext_csv,1e34514ddf70bfc8a78757d9a78b82306627164c
ablation,td3_amo,td3_amo_jax,ae1_ab1_Tlr0p002,antmaze,antmaze-large-play-v2,2,jax,0.002,1.0,1.0,,,,,,False,,,,0.0003,0.0003,,bootstrap_loss_not_l2_rms,1000000,,1000000,46.0,50,True,,amlp_s2_ae1_ab1_Tlr0p002__c6472905,ablation/td3_amo/antmaze-large-play-v2/2e-3/seed_2/amlp_s2_ae1_ab1_Tlr0p002__c6472905,/raid/ext_csv/AMO_store/td3_amo_jax_loco_antmaze_alpha1_alr_seeds0to3/runs/td3amo_jax_am-large-play_a1_alr2em3_s2,ext_csv,1e34514ddf70bfc8a78757d9a78b82306627164c
ablation,td3_amo,td3_amo_jax,ae1_ab1_Tlr0p002,antmaze,antmaze-large-play-v2,3,jax,0.002,1.0,1.0,,,,,,False,,,,0.0003,0.0003,,bootstrap_loss_not_l2_rms,1000000,,1000000,64.0,50,True,,amlp_s3_ae1_ab1_Tlr0p002__2163ed12,ablation/td3_amo/antmaze-large-play-v2/2e-3/seed_3/amlp_s3_ae1_ab1_Tlr0p002__2163ed12,/raid/ext_csv/AMO_store/td3_amo_jax_loco_antmaze_alpha1_alr_seeds0to3/runs/td3amo_jax_am-large-play_a1_alr2em3_s3,ext_csv,1e34514ddf70bfc8a78757d9a78b82306627164c
ablation,td3_amo,td3_amo_jax,ae1_ab1_Tlr0p0003,antmaze,antmaze-medium-diverse-v2,0,jax,0.0003,1.0,1.0,,,,,,False,,,,0.0003,0.0003,,bootstrap_loss_not_l2_rms,1000000,,1000000,6.0,50,True,,ammd_s0_ae1_ab1_Tlr0p0003__6edde38f,ablation/td3_amo/antmaze-medium-diverse-v2/3e-4/seed_0/ammd_s0_ae1_ab1_Tlr0p0003__6edde38f,/raid/ext_csv/AMO_store/td3_amo_jax_loco_antmaze_alpha1_alr_seeds0to3/runs/td3amo_jax_am-medium-div_a1_alr3em4_s0,ext_csv,1e34514ddf70bfc8a78757d9a78b82306627164c
ablation,td3_amo,td3_amo_jax,ae1_ab1_Tlr0p0003,antmaze,antmaze-medium-diverse-v2,1,jax,0.0003,1.0,1.0,,,,,,False,,,,0.0003,0.0003,,bootstrap_loss_not_l2_rms,1000000,,1000000,0.0,50,True,,ammd_s1_ae1_ab1_Tlr0p0003__cd8d7d76,ablation/td3_amo/antmaze-medium-diverse-v2/3e-4/seed_1/ammd_s1_ae1_ab1_Tlr0p0003__cd8d7d76,/raid/ext_csv/AMO_store/td3_amo_jax_loco_antmaze_alpha1_alr_seeds0to3/runs/td3amo_jax_am-medium-div_a1_alr3em4_s1,ext_csv,1e34514ddf70bfc8a78757d9a78b82306627164c
ablation,td3_amo,td3_amo_jax,ae1_ab1_Tlr0p0003,antmaze,antmaze-medium-diverse-v2,2,jax,0.0003,1.0,1.0,,,,,,False,,,,0.0003,0.0003,,bootstrap_loss_not_l2_rms,1000000,,1000000,6.0,50,True,,ammd_s2_ae1_ab1_Tlr0p0003__ca332b62,ablation/td3_amo/antmaze-medium-diverse-v2/3e-4/seed_2/ammd_s2_ae1_ab1_Tlr0p0003__ca332b62,/raid/ext_csv/AMO_store/td3_amo_jax_loco_antmaze_alpha1_alr_seeds0to3/runs/td3amo_jax_am-medium-div_a1_alr3em4_s2,ext_csv,1e34514ddf70bfc8a78757d9a78b82306627164c
ablation,td3_amo,td3_amo_jax,ae1_ab1_Tlr0p0003,antmaze,antmaze-medium-diverse-v2,3,jax,0.0003,1.0,1.0,,,,,,False,,,,0.0003,0.0003,,bootstrap_loss_not_l2_rms,1000000,,1000000,4.0,50,True,,ammd_s3_ae1_ab1_Tlr0p0003__ed52aed7,ablation/td3_amo/antmaze-medium-diverse-v2/3e-4/seed_3/ammd_s3_ae1_ab1_Tlr0p0003__ed52aed7,/raid/ext_csv/AMO_store/td3_amo_jax_loco_antmaze_alpha1_alr_seeds0to3/runs/td3amo_jax_am-medium-div_a1_alr3em4_s3,ext_csv,1e34514ddf70bfc8a78757d9a78b82306627164c
ablation,td3_amo,td3_amo_jax,ae1_ab1_Tlr0p001,antmaze,antmaze-medium-diverse-v2,0,jax,0.001,1.0,1.0,,,,,,False,,,,0.0003,0.0003,,bootstrap_loss_not_l2_rms,1000000,,1000000,24.0,50,True,,ammd_s0_ae1_ab1_Tlr0p001__f1dad95f,ablation/td3_amo/antmaze-medium-diverse-v2/1e-3/seed_0/ammd_s0_ae1_ab1_Tlr0p001__f1dad95f,/raid/ext_csv/AMO_store/td3_amo_jax_loco_antmaze_alpha1_alr_seeds0to3/runs/td3amo_jax_am-medium-div_a1_alr1em3_s0,ext_csv,1e34514ddf70bfc8a78757d9a78b82306627164c
ablation,td3_amo,td3_amo_jax,ae1_ab1_Tlr0p001,antmaze,antmaze-medium-diverse-v2,1,jax,0.001,1.0,1.0,,,,,,False,,,,0.0003,0.0003,,bootstrap_loss_not_l2_rms,1000000,,1000000,0.0,50,True,,ammd_s1_ae1_ab1_Tlr0p001__563e23a5,ablation/td3_amo/antmaze-medium-diverse-v2/1e-3/seed_1/ammd_s1_ae1_ab1_Tlr0p001__563e23a5,/raid/ext_csv/AMO_store/td3_amo_jax_loco_antmaze_alpha1_alr_seeds0to3/runs/td3amo_jax_am-medium-div_a1_alr1em3_s1,ext_csv,1e34514ddf70bfc8a78757d9a78b82306627164c
ablation,td3_amo,td3_amo_jax,ae1_ab1_Tlr0p001,antmaze,antmaze-medium-diverse-v2,2,jax,0.001,1.0,1.0,,,,,,False,,,,0.0003,0.0003,,bootstrap_loss_not_l2_rms,1000000,,1000000,12.0,50,True,,ammd_s2_ae1_ab1_Tlr0p001__e1711538,ablation/td3_amo/antmaze-medium-diverse-v2/1e-3/seed_2/ammd_s2_ae1_ab1_Tlr0p001__e1711538,/raid/ext_csv/AMO_store/td3_amo_jax_loco_antmaze_alpha1_alr_seeds0to3/runs/td3amo_jax_am-medium-div_a1_alr1em3_s2,ext_csv,1e34514ddf70bfc8a78757d9a78b82306627164c
ablation,td3_amo,td3_amo_jax,ae1_ab1_Tlr0p001,antmaze,antmaze-medium-diverse-v2,3,jax,0.001,1.0,1.0,,,,,,False,,,,0.0003,0.0003,,bootstrap_loss_not_l2_rms,1000000,,1000000,28.000000000000004,50,True,,ammd_s3_ae1_ab1_Tlr0p001__be7cb7de,ablation/td3_amo/antmaze-medium-diverse-v2/1e-3/seed_3/ammd_s3_ae1_ab1_Tlr0p001__be7cb7de,/raid/ext_csv/AMO_store/td3_amo_jax_loco_antmaze_alpha1_alr_seeds0to3/runs/td3amo_jax_am-medium-div_a1_alr1em3_s3,ext_csv,1e34514ddf70bfc8a78757d9a78b82306627164c
ablation,td3_amo,td3_amo_jax,ae1_ab1_Tlr0p002,antmaze,antmaze-medium-diverse-v2,0,jax,0.002,1.0,1.0,,,,,,False,,,,0.0003,0.0003,,bootstrap_loss_not_l2_rms,1000000,,1000000,34.0,50,True,,ammd_s0_ae1_ab1_Tlr0p002__734e28cb,ablation/td3_amo/antmaze-medium-diverse-v2/2e-3/seed_0/ammd_s0_ae1_ab1_Tlr0p002__734e28cb,/raid/ext_csv/AMO_store/td3_amo_jax_loco_antmaze_alpha1_alr_seeds0to3/runs/td3amo_jax_am-medium-div_a1_alr2em3_s0,ext_csv,1e34514ddf70bfc8a78757d9a78b82306627164c
ablation,td3_amo,td3_amo_jax,ae1_ab1_Tlr0p002,antmaze,antmaze-medium-diverse-v2,1,jax,0.002,1.0,1.0,,,,,,False,,,,0.0003,0.0003,,bootstrap_loss_not_l2_rms,1000000,,1000000,50.0,50,True,,ammd_s1_ae1_ab1_Tlr0p002__746ae166,ablation/td3_amo/antmaze-medium-diverse-v2/2e-3/seed_1/ammd_s1_ae1_ab1_Tlr0p002__746ae166,/raid/ext_csv/AMO_store/td3_amo_jax_loco_antmaze_alpha1_alr_seeds0to3/runs/td3amo_jax_am-medium-div_a1_alr2em3_s1,ext_csv,1e34514ddf70bfc8a78757d9a78b82306627164c
ablation,td3_amo,td3_amo_jax,ae1_ab1_Tlr0p002,antmaze,antmaze-medium-diverse-v2,2,jax,0.002,1.0,1.0,,,,,,False,,,,0.0003,0.0003,,bootstrap_loss_not_l2_rms,1000000,,1000000,64.0,50,True,,ammd_s2_ae1_ab1_Tlr0p002__542e086a,ablation/td3_amo/antmaze-medium-diverse-v2/2e-3/seed_2/ammd_s2_ae1_ab1_Tlr0p002__542e086a,/raid/ext_csv/AMO_store/td3_amo_jax_loco_antmaze_alpha1_alr_seeds0to3/runs/td3amo_jax_am-medium-div_a1_alr2em3_s2,ext_csv,1e34514ddf70bfc8a78757d9a78b82306627164c
ablation,td3_amo,td3_amo_jax,ae1_ab1_Tlr0p002,antmaze,antmaze-medium-diverse-v2,3,jax,0.002,1.0,1.0,,,,,,False,,,,0.0003,0.0003,,bootstrap_loss_not_l2_rms,1000000,,1000000,42.0,50,True,,ammd_s3_ae1_ab1_Tlr0p002__0f89cbca,ablation/td3_amo/antmaze-medium-diverse-v2/2e-3/seed_3/ammd_s3_ae1_ab1_Tlr0p002__0f89cbca,/raid/ext_csv/AMO_store/td3_amo_jax_loco_antmaze_alpha1_alr_seeds0to3/runs/td3amo_jax_am-medium-div_a1_alr2em3_s3,ext_csv,1e34514ddf70bfc8a78757d9a78b82306627164c
ablation,td3_amo,td3_amo_jax,ae1_ab1_Tlr0p0003,antmaze,antmaze-medium-play-v2,0,jax,0.0003,1.0,1.0,,,,,,False,,,,0.0003,0.0003,,bootstrap_loss_not_l2_rms,1000000,,1000000,4.0,50,True,,ammp_s0_ae1_ab1_Tlr0p0003__b506ac51,ablation/td3_amo/antmaze-medium-play-v2/3e-4/seed_0/ammp_s0_ae1_ab1_Tlr0p0003__b506ac51,/raid/ext_csv/AMO_store/td3_amo_jax_loco_antmaze_alpha1_alr_seeds0to3/runs/td3amo_jax_am-medium-play_a1_alr3em4_s0,ext_csv,1e34514ddf70bfc8a78757d9a78b82306627164c
ablation,td3_amo,td3_amo_jax,ae1_ab1_Tlr0p0003,antmaze,antmaze-medium-play-v2,1,jax,0.0003,1.0,1.0,,,,,,False,,,,0.0003,0.0003,,bootstrap_loss_not_l2_rms,1000000,,1000000,4.0,50,True,,ammp_s1_ae1_ab1_Tlr0p0003__5f7d7734,ablation/td3_amo/antmaze-medium-play-v2/3e-4/seed_1/ammp_s1_ae1_ab1_Tlr0p0003__5f7d7734,/raid/ext_csv/AMO_store/td3_amo_jax_loco_antmaze_alpha1_alr_seeds0to3/runs/td3amo_jax_am-medium-play_a1_alr3em4_s1,ext_csv,1e34514ddf70bfc8a78757d9a78b82306627164c
ablation,td3_amo,td3_amo_jax,ae1_ab1_Tlr0p0003,antmaze,antmaze-medium-play-v2,2,jax,0.0003,1.0,1.0,,,,,,False,,,,0.0003,0.0003,,bootstrap_loss_not_l2_rms,1000000,,1000000,2.0,50,True,,ammp_s2_ae1_ab1_Tlr0p0003__db116681,ablation/td3_amo/antmaze-medium-play-v2/3e-4/seed_2/ammp_s2_ae1_ab1_Tlr0p0003__db116681,/raid/ext_csv/AMO_store/td3_amo_jax_loco_antmaze_alpha1_alr_seeds0to3/runs/td3amo_jax_am-medium-play_a1_alr3em4_s2,ext_csv,1e34514ddf70bfc8a78757d9a78b82306627164c
ablation,td3_amo,td3_amo_jax,ae1_ab1_Tlr0p0003,antmaze,antmaze-medium-play-v2,3,jax,0.0003,1.0,1.0,,,,,,False,,,,0.0003,0.0003,,bootstrap_loss_not_l2_rms,1000000,,1000000,10.0,50,True,,ammp_s3_ae1_ab1_Tlr0p0003__a1088ba0,ablation/td3_amo/antmaze-medium-play-v2/3e-4/seed_3/ammp_s3_ae1_ab1_Tlr0p0003__a1088ba0,/raid/ext_csv/AMO_store/td3_amo_jax_loco_antmaze_alpha1_alr_seeds0to3/runs/td3amo_jax_am-medium-play_a1_alr3em4_s3,ext_csv,1e34514ddf70bfc8a78757d9a78b82306627164c
ablation,td3_amo,td3_amo_jax,ae1_ab1_Tlr0p001,antmaze,antmaze-medium-play-v2,0,jax,0.001,1.0,1.0,,,,,,False,,,,0.0003,0.0003,,bootstrap_loss_not_l2_rms,1000000,,1000000,24.0,50,True,,ammp_s0_ae1_ab1_Tlr0p001__8a38010f,ablation/td3_amo/antmaze-medium-play-v2/1e-3/seed_0/ammp_s0_ae1_ab1_Tlr0p001__8a38010f,/raid/ext_csv/AMO_store/td3_amo_jax_loco_antmaze_alpha1_alr_seeds0to3/runs/td3amo_jax_am-medium-play_a1_alr1em3_s0,ext_csv,1e34514ddf70bfc8a78757d9a78b82306627164c
ablation,td3_amo,td3_amo_jax,ae1_ab1_Tlr0p001,antmaze,antmaze-medium-play-v2,1,jax,0.001,1.0,1.0,,,,,,False,,,,0.0003,0.0003,,bootstrap_loss_not_l2_rms,1000000,,1000000,32.0,50,True,,ammp_s1_ae1_ab1_Tlr0p001__e21a6666,ablation/td3_amo/antmaze-medium-play-v2/1e-3/seed_1/ammp_s1_ae1_ab1_Tlr0p001__e21a6666,/raid/ext_csv/AMO_store/td3_amo_jax_loco_antmaze_alpha1_alr_seeds0to3/runs/td3amo_jax_am-medium-play_a1_alr1em3_s1,ext_csv,1e34514ddf70bfc8a78757d9a78b82306627164c
ablation,td3_amo,td3_amo_jax,ae1_ab1_Tlr0p001,antmaze,antmaze-medium-play-v2,2,jax,0.001,1.0,1.0,,,,,,False,,,,0.0003,0.0003,,bootstrap_loss_not_l2_rms,1000000,,1000000,26.0,50,True,,ammp_s2_ae1_ab1_Tlr0p001__b01cfe75,ablation/td3_amo/antmaze-medium-play-v2/1e-3/seed_2/ammp_s2_ae1_ab1_Tlr0p001__b01cfe75,/raid/ext_csv/AMO_store/td3_amo_jax_loco_antmaze_alpha1_alr_seeds0to3/runs/td3amo_jax_am-medium-play_a1_alr1em3_s2,ext_csv,1e34514ddf70bfc8a78757d9a78b82306627164c
ablation,td3_amo,td3_amo_jax,ae1_ab1_Tlr0p001,antmaze,antmaze-medium-play-v2,3,jax,0.001,1.0,1.0,,,,,,False,,,,0.0003,0.0003,,bootstrap_loss_not_l2_rms,1000000,,1000000,46.0,50,True,,ammp_s3_ae1_ab1_Tlr0p001__aaa5a894,ablation/td3_amo/antmaze-medium-play-v2/1e-3/seed_3/ammp_s3_ae1_ab1_Tlr0p001__aaa5a894,/raid/ext_csv/AMO_store/td3_amo_jax_loco_antmaze_alpha1_alr_seeds0to3/runs/td3amo_jax_am-medium-play_a1_alr1em3_s3,ext_csv,1e34514ddf70bfc8a78757d9a78b82306627164c
ablation,td3_amo,td3_amo_jax,ae1_ab1_Tlr0p002,antmaze,antmaze-medium-play-v2,0,jax,0.002,1.0,1.0,,,,,,False,,,,0.0003,0.0003,,bootstrap_loss_not_l2_rms,1000000,,1000000,72.0,50,True,,ammp_s0_ae1_ab1_Tlr0p002__b0273828,ablation/td3_amo/antmaze-medium-play-v2/2e-3/seed_0/ammp_s0_ae1_ab1_Tlr0p002__b0273828,/raid/ext_csv/AMO_store/td3_amo_jax_loco_antmaze_alpha1_alr_seeds0to3/runs/td3amo_jax_am-medium-play_a1_alr2em3_s0,ext_csv,1e34514ddf70bfc8a78757d9a78b82306627164c
ablation,td3_amo,td3_amo_jax,ae1_ab1_Tlr0p002,antmaze,antmaze-medium-play-v2,1,jax,0.002,1.0,1.0,,,,,,False,,,,0.0003,0.0003,,bootstrap_loss_not_l2_rms,1000000,,1000000,62.0,50,True,,ammp_s1_ae1_ab1_Tlr0p002__cd2e408c,ablation/td3_amo/antmaze-medium-play-v2/2e-3/seed_1/ammp_s1_ae1_ab1_Tlr0p002__cd2e408c,/raid/ext_csv/AMO_store/td3_amo_jax_loco_antmaze_alpha1_alr_seeds0to3/runs/td3amo_jax_am-medium-play_a1_alr2em3_s1,ext_csv,1e34514ddf70bfc8a78757d9a78b82306627164c
ablation,td3_amo,td3_amo_jax,ae1_ab1_Tlr0p002,antmaze,antmaze-medium-play-v2,2,jax,0.002,1.0,1.0,,,,,,False,,,,0.0003,0.0003,,bootstrap_loss_not_l2_rms,1000000,,1000000,57.99999999999999,50,True,,ammp_s2_ae1_ab1_Tlr0p002__f03dcce8,ablation/td3_amo/antmaze-medium-play-v2/2e-3/seed_2/ammp_s2_ae1_ab1_Tlr0p002__f03dcce8,/raid/ext_csv/AMO_store/td3_amo_jax_loco_antmaze_alpha1_alr_seeds0to3/runs/td3amo_jax_am-medium-play_a1_alr2em3_s2,ext_csv,1e34514ddf70bfc8a78757d9a78b82306627164c
ablation,td3_amo,td3_amo_jax,ae1_ab1_Tlr0p002,antmaze,antmaze-medium-play-v2,3,jax,0.002,1.0,1.0,,,,,,False,,,,0.0003,0.0003,,bootstrap_loss_not_l2_rms,1000000,,1000000,86.0,50,True,,ammp_s3_ae1_ab1_Tlr0p002__67eb6bfc,ablation/td3_amo/antmaze-medium-play-v2/2e-3/seed_3/ammp_s3_ae1_ab1_Tlr0p002__67eb6bfc,/raid/ext_csv/AMO_store/td3_amo_jax_loco_antmaze_alpha1_alr_seeds0to3/runs/td3amo_jax_am-medium-play_a1_alr2em3_s3,ext_csv,1e34514ddf70bfc8a78757d9a78b82306627164c
ablation,td3_amo,td3_amo_jax,ae1_ab1_Tlr0p0003,antmaze,antmaze-umaze-diverse-v2,0,jax,0.0003,1.0,1.0,,,,,,False,,,,0.0003,0.0003,,bootstrap_loss_not_l2_rms,1000000,,1000000,86.0,50,True,,amud_s0_ae1_ab1_Tlr0p0003__f62d1c17,ablation/td3_amo/antmaze-umaze-diverse-v2/3e-4/seed_0/amud_s0_ae1_ab1_Tlr0p0003__f62d1c17,/raid/ext_csv/AMO_store/td3_amo_jax_loco_antmaze_alpha1_alr_seeds0to3/runs/td3amo_jax_am-umaze-div_a1_alr3em4_s0,ext_csv,1e34514ddf70bfc8a78757d9a78b82306627164c
ablation,td3_amo,td3_amo_jax,ae1_ab1_Tlr0p0003,antmaze,antmaze-umaze-diverse-v2,1,jax,0.0003,1.0,1.0,,,,,,False,,,,0.0003,0.0003,,bootstrap_loss_not_l2_rms,1000000,,1000000,82.0,50,True,,amud_s1_ae1_ab1_Tlr0p0003__de0bcd7a,ablation/td3_amo/antmaze-umaze-diverse-v2/3e-4/seed_1/amud_s1_ae1_ab1_Tlr0p0003__de0bcd7a,/raid/ext_csv/AMO_store/td3_amo_jax_loco_antmaze_alpha1_alr_seeds0to3/runs/td3amo_jax_am-umaze-div_a1_alr3em4_s1,ext_csv,1e34514ddf70bfc8a78757d9a78b82306627164c
ablation,td3_amo,td3_amo_jax,ae1_ab1_Tlr0p0003,antmaze,antmaze-umaze-diverse-v2,2,jax,0.0003,1.0,1.0,,,,,,False,,,,0.0003,0.0003,,bootstrap_loss_not_l2_rms,1000000,,1000000,78.0,50,True,,amud_s2_ae1_ab1_Tlr0p0003__70b3dd5a,ablation/td3_amo/antmaze-umaze-diverse-v2/3e-4/seed_2/amud_s2_ae1_ab1_Tlr0p0003__70b3dd5a,/raid/ext_csv/AMO_store/td3_amo_jax_loco_antmaze_alpha1_alr_seeds0to3/runs/td3amo_jax_am-umaze-div_a1_alr3em4_s2,ext_csv,1e34514ddf70bfc8a78757d9a78b82306627164c
ablation,td3_amo,td3_amo_jax,ae1_ab1_Tlr0p0003,antmaze,antmaze-umaze-diverse-v2,3,jax,0.0003,1.0,1.0,,,,,,False,,,,0.0003,0.0003,,bootstrap_loss_not_l2_rms,1000000,,1000000,76.0,50,True,,amud_s3_ae1_ab1_Tlr0p0003__e25d705d,ablation/td3_amo/antmaze-umaze-diverse-v2/3e-4/seed_3/amud_s3_ae1_ab1_Tlr0p0003__e25d705d,/raid/ext_csv/AMO_store/td3_amo_jax_loco_antmaze_alpha1_alr_seeds0to3/runs/td3amo_jax_am-umaze-div_a1_alr3em4_s3,ext_csv,1e34514ddf70bfc8a78757d9a78b82306627164c
ablation,td3_amo,td3_amo_jax,ae1_ab1_Tlr0p001,antmaze,antmaze-umaze-diverse-v2,0,jax,0.001,1.0,1.0,,,,,,False,,,,0.0003,0.0003,,bootstrap_loss_not_l2_rms,1000000,,1000000,70.0,50,True,,amud_s0_ae1_ab1_Tlr0p001__0a6b119b,ablation/td3_amo/antmaze-umaze-diverse-v2/1e-3/seed_0/amud_s0_ae1_ab1_Tlr0p001__0a6b119b,/raid/ext_csv/AMO_store/td3_amo_jax_loco_antmaze_alpha1_alr_seeds0to3/runs/td3amo_jax_am-umaze-div_a1_alr1em3_s0,ext_csv,1e34514ddf70bfc8a78757d9a78b82306627164c
ablation,td3_amo,td3_amo_jax,ae1_ab1_Tlr0p001,antmaze,antmaze-umaze-diverse-v2,1,jax,0.001,1.0,1.0,,,,,,False,,,,0.0003,0.0003,,bootstrap_loss_not_l2_rms,1000000,,1000000,86.0,50,True,,amud_s1_ae1_ab1_Tlr0p001__6dda73a9,ablation/td3_amo/antmaze-umaze-diverse-v2/1e-3/seed_1/amud_s1_ae1_ab1_Tlr0p001__6dda73a9,/raid/ext_csv/AMO_store/td3_amo_jax_loco_antmaze_alpha1_alr_seeds0to3/runs/td3amo_jax_am-umaze-div_a1_alr1em3_s1,ext_csv,1e34514ddf70bfc8a78757d9a78b82306627164c
ablation,td3_amo,td3_amo_jax,ae1_ab1_Tlr0p001,antmaze,antmaze-umaze-diverse-v2,2,jax,0.001,1.0,1.0,,,,,,False,,,,0.0003,0.0003,,bootstrap_loss_not_l2_rms,1000000,,1000000,74.0,50,True,,amud_s2_ae1_ab1_Tlr0p001__3c0d6195,ablation/td3_amo/antmaze-umaze-diverse-v2/1e-3/seed_2/amud_s2_ae1_ab1_Tlr0p001__3c0d6195,/raid/ext_csv/AMO_store/td3_amo_jax_loco_antmaze_alpha1_alr_seeds0to3/runs/td3amo_jax_am-umaze-div_a1_alr1em3_s2,ext_csv,1e34514ddf70bfc8a78757d9a78b82306627164c
ablation,td3_amo,td3_amo_jax,ae1_ab1_Tlr0p001,antmaze,antmaze-umaze-diverse-v2,3,jax,0.001,1.0,1.0,,,,,,False,,,,0.0003,0.0003,,bootstrap_loss_not_l2_rms,1000000,,1000000,80.0,50,True,,amud_s3_ae1_ab1_Tlr0p001__63f10de9,ablation/td3_amo/antmaze-umaze-diverse-v2/1e-3/seed_3/amud_s3_ae1_ab1_Tlr0p001__63f10de9,/raid/ext_csv/AMO_store/td3_amo_jax_loco_antmaze_alpha1_alr_seeds0to3/runs/td3amo_jax_am-umaze-div_a1_alr1em3_s3,ext_csv,1e34514ddf70bfc8a78757d9a78b82306627164c
ablation,td3_amo,td3_amo_jax,ae1_ab1_Tlr0p002,antmaze,antmaze-umaze-diverse-v2,0,jax,0.002,1.0,1.0,,,,,,False,,,,0.0003,0.0003,,bootstrap_loss_not_l2_rms,1000000,,1000000,54.0,50,True,,amud_s0_ae1_ab1_Tlr0p002__b544756c,ablation/td3_amo/antmaze-umaze-diverse-v2/2e-3/seed_0/amud_s0_ae1_ab1_Tlr0p002__b544756c,/raid/ext_csv/AMO_store/td3_amo_jax_loco_antmaze_alpha1_alr_seeds0to3/runs/td3amo_jax_am-umaze-div_a1_alr2em3_s0,ext_csv,1e34514ddf70bfc8a78757d9a78b82306627164c
ablation,td3_amo,td3_amo_jax,ae1_ab1_Tlr0p002,antmaze,antmaze-umaze-diverse-v2,1,jax,0.002,1.0,1.0,,,,,,False,,,,0.0003,0.0003,,bootstrap_loss_not_l2_rms,1000000,,1000000,80.0,50,True,,amud_s1_ae1_ab1_Tlr0p002__05b06d45,ablation/td3_amo/antmaze-umaze-diverse-v2/2e-3/seed_1/amud_s1_ae1_ab1_Tlr0p002__05b06d45,/raid/ext_csv/AMO_store/td3_amo_jax_loco_antmaze_alpha1_alr_seeds0to3/runs/td3amo_jax_am-umaze-div_a1_alr2em3_s1,ext_csv,1e34514ddf70bfc8a78757d9a78b82306627164c
ablation,td3_amo,td3_amo_jax,ae1_ab1_Tlr0p002,antmaze,antmaze-umaze-diverse-v2,2,jax,0.002,1.0,1.0,,,,,,False,,,,0.0003,0.0003,,bootstrap_loss_not_l2_rms,1000000,,1000000,80.0,50,True,,amud_s2_ae1_ab1_Tlr0p002__77e4d09f,ablation/td3_amo/antmaze-umaze-diverse-v2/2e-3/seed_2/amud_s2_ae1_ab1_Tlr0p002__77e4d09f,/raid/ext_csv/AMO_store/td3_amo_jax_loco_antmaze_alpha1_alr_seeds0to3/runs/td3amo_jax_am-umaze-div_a1_alr2em3_s2,ext_csv,1e34514ddf70bfc8a78757d9a78b82306627164c
ablation,td3_amo,td3_amo_jax,ae1_ab1_Tlr0p002,antmaze,antmaze-umaze-diverse-v2,3,jax,0.002,1.0,1.0,,,,,,False,,,,0.0003,0.0003,,bootstrap_loss_not_l2_rms,1000000,,1000000,74.0,50,True,,amud_s3_ae1_ab1_Tlr0p002__0367b104,ablation/td3_amo/antmaze-umaze-diverse-v2/2e-3/seed_3/amud_s3_ae1_ab1_Tlr0p002__0367b104,/raid/ext_csv/AMO_store/td3_amo_jax_loco_antmaze_alpha1_alr_seeds0to3/runs/td3amo_jax_am-umaze-div_a1_alr2em3_s3,ext_csv,1e34514ddf70bfc8a78757d9a78b82306627164c
ablation,td3_amo,td3_amo_jax,ae1_ab1_Tlr0p0003,antmaze,antmaze-umaze-v2,0,jax,0.0003,1.0,1.0,,,,,,False,,,,0.0003,0.0003,,bootstrap_loss_not_l2_rms,1000000,,1000000,98.0,50,True,,amu_s0_ae1_ab1_Tlr0p0003__48a45eb9,ablation/td3_amo/antmaze-umaze-v2/3e-4/seed_0/amu_s0_ae1_ab1_Tlr0p0003__48a45eb9,/raid/ext_csv/AMO_store/td3_amo_jax_loco_antmaze_alpha1_alr_seeds0to3/runs/td3amo_jax_am-umaze_a1_alr3em4_s0,ext_csv,1e34514ddf70bfc8a78757d9a78b82306627164c
ablation,td3_amo,td3_amo_jax,ae1_ab1_Tlr0p0003,antmaze,antmaze-umaze-v2,1,jax,0.0003,1.0,1.0,,,,,,False,,,,0.0003,0.0003,,bootstrap_loss_not_l2_rms,1000000,,1000000,98.0,50,True,,amu_s1_ae1_ab1_Tlr0p0003__b29b68e5,ablation/td3_amo/antmaze-umaze-v2/3e-4/seed_1/amu_s1_ae1_ab1_Tlr0p0003__b29b68e5,/raid/ext_csv/AMO_store/td3_amo_jax_loco_antmaze_alpha1_alr_seeds0to3/runs/td3amo_jax_am-umaze_a1_alr3em4_s1,ext_csv,1e34514ddf70bfc8a78757d9a78b82306627164c
ablation,td3_amo,td3_amo_jax,ae1_ab1_Tlr0p0003,antmaze,antmaze-umaze-v2,2,jax,0.0003,1.0,1.0,,,,,,False,,,,0.0003,0.0003,,bootstrap_loss_not_l2_rms,1000000,,1000000,92.0,50,True,,amu_s2_ae1_ab1_Tlr0p0003__4d3a563a,ablation/td3_amo/antmaze-umaze-v2/3e-4/seed_2/amu_s2_ae1_ab1_Tlr0p0003__4d3a563a,/raid/ext_csv/AMO_store/td3_amo_jax_loco_antmaze_alpha1_alr_seeds0to3/runs/td3amo_jax_am-umaze_a1_alr3em4_s2,ext_csv,1e34514ddf70bfc8a78757d9a78b82306627164c
ablation,td3_amo,td3_amo_jax,ae1_ab1_Tlr0p0003,antmaze,antmaze-umaze-v2,3,jax,0.0003,1.0,1.0,,,,,,False,,,,0.0003,0.0003,,bootstrap_loss_not_l2_rms,1000000,,1000000,94.0,50,True,,amu_s3_ae1_ab1_Tlr0p0003__b39f7152,ablation/td3_amo/antmaze-umaze-v2/3e-4/seed_3/amu_s3_ae1_ab1_Tlr0p0003__b39f7152,/raid/ext_csv/AMO_store/td3_amo_jax_loco_antmaze_alpha1_alr_seeds0to3/runs/td3amo_jax_am-umaze_a1_alr3em4_s3,ext_csv,1e34514ddf70bfc8a78757d9a78b82306627164c
ablation,td3_amo,td3_amo_jax,ae1_ab1_Tlr0p001,antmaze,antmaze-umaze-v2,0,jax,0.001,1.0,1.0,,,,,,False,,,,0.0003,0.0003,,bootstrap_loss_not_l2_rms,1000000,,1000000,92.0,50,True,,amu_s0_ae1_ab1_Tlr0p001__e3a99917,ablation/td3_amo/antmaze-umaze-v2/1e-3/seed_0/amu_s0_ae1_ab1_Tlr0p001__e3a99917,/raid/ext_csv/AMO_store/td3_amo_jax_loco_antmaze_alpha1_alr_seeds0to3/runs/td3amo_jax_am-umaze_a1_alr1em3_s0,ext_csv,1e34514ddf70bfc8a78757d9a78b82306627164c
ablation,td3_amo,td3_amo_jax,ae1_ab1_Tlr0p001,antmaze,antmaze-umaze-v2,1,jax,0.001,1.0,1.0,,,,,,False,,,,0.0003,0.0003,,bootstrap_loss_not_l2_rms,1000000,,1000000,90.0,50,True,,amu_s1_ae1_ab1_Tlr0p001__5d3372a5,ablation/td3_amo/antmaze-umaze-v2/1e-3/seed_1/amu_s1_ae1_ab1_Tlr0p001__5d3372a5,/raid/ext_csv/AMO_store/td3_amo_jax_loco_antmaze_alpha1_alr_seeds0to3/runs/td3amo_jax_am-umaze_a1_alr1em3_s1,ext_csv,1e34514ddf70bfc8a78757d9a78b82306627164c
ablation,td3_amo,td3_amo_jax,ae1_ab1_Tlr0p001,antmaze,antmaze-umaze-v2,2,jax,0.001,1.0,1.0,,,,,,False,,,,0.0003,0.0003,,bootstrap_loss_not_l2_rms,1000000,,1000000,90.0,50,True,,amu_s2_ae1_ab1_Tlr0p001__838b2a3a,ablation/td3_amo/antmaze-umaze-v2/1e-3/seed_2/amu_s2_ae1_ab1_Tlr0p001__838b2a3a,/raid/ext_csv/AMO_store/td3_amo_jax_loco_antmaze_alpha1_alr_seeds0to3/runs/td3amo_jax_am-umaze_a1_alr1em3_s2,ext_csv,1e34514ddf70bfc8a78757d9a78b82306627164c
ablation,td3_amo,td3_amo_jax,ae1_ab1_Tlr0p001,antmaze,antmaze-umaze-v2,3,jax,0.001,1.0,1.0,,,,,,False,,,,0.0003,0.0003,,bootstrap_loss_not_l2_rms,1000000,,1000000,92.0,50,True,,amu_s3_ae1_ab1_Tlr0p001__7ac518cb,ablation/td3_amo/antmaze-umaze-v2/1e-3/seed_3/amu_s3_ae1_ab1_Tlr0p001__7ac518cb,/raid/ext_csv/AMO_store/td3_amo_jax_loco_antmaze_alpha1_alr_seeds0to3/runs/td3amo_jax_am-umaze_a1_alr1em3_s3,ext_csv,1e34514ddf70bfc8a78757d9a78b82306627164c
ablation,td3_amo,td3_amo_jax,ae1_ab1_Tlr0p002,antmaze,antmaze-umaze-v2,0,jax,0.002,1.0,1.0,,,,,,False,,,,0.0003,0.0003,,bootstrap_loss_not_l2_rms,1000000,,1000000,78.0,50,True,,amu_s0_ae1_ab1_Tlr0p002__64e6d6aa,ablation/td3_amo/antmaze-umaze-v2/2e-3/seed_0/amu_s0_ae1_ab1_Tlr0p002__64e6d6aa,/raid/ext_csv/AMO_store/td3_amo_jax_loco_antmaze_alpha1_alr_seeds0to3/runs/td3amo_jax_am-umaze_a1_alr2em3_s0,ext_csv,1e34514ddf70bfc8a78757d9a78b82306627164c
ablation,td3_amo,td3_amo_jax,ae1_ab1_Tlr0p002,antmaze,antmaze-umaze-v2,1,jax,0.002,1.0,1.0,,,,,,False,,,,0.0003,0.0003,,bootstrap_loss_not_l2_rms,1000000,,1000000,86.0,50,True,,amu_s1_ae1_ab1_Tlr0p002__3504c867,ablation/td3_amo/antmaze-umaze-v2/2e-3/seed_1/amu_s1_ae1_ab1_Tlr0p002__3504c867,/raid/ext_csv/AMO_store/td3_amo_jax_loco_antmaze_alpha1_alr_seeds0to3/runs/td3amo_jax_am-umaze_a1_alr2em3_s1,ext_csv,1e34514ddf70bfc8a78757d9a78b82306627164c
ablation,td3_amo,td3_amo_jax,ae1_ab1_Tlr0p002,antmaze,antmaze-umaze-v2,2,jax,0.002,1.0,1.0,,,,,,False,,,,0.0003,0.0003,,bootstrap_loss_not_l2_rms,1000000,,1000000,88.0,50,True,,amu_s2_ae1_ab1_Tlr0p002__e3a84908,ablation/td3_amo/antmaze-umaze-v2/2e-3/seed_2/amu_s2_ae1_ab1_Tlr0p002__e3a84908,/raid/ext_csv/AMO_store/td3_amo_jax_loco_antmaze_alpha1_alr_seeds0to3/runs/td3amo_jax_am-umaze_a1_alr2em3_s2,ext_csv,1e34514ddf70bfc8a78757d9a78b82306627164c
ablation,td3_amo,td3_amo_jax,ae1_ab1_Tlr0p002,antmaze,antmaze-umaze-v2,3,jax,0.002,1.0,1.0,,,,,,False,,,,0.0003,0.0003,,bootstrap_loss_not_l2_rms,1000000,,1000000,82.0,50,True,,amu_s3_ae1_ab1_Tlr0p002__06a3f205,ablation/td3_amo/antmaze-umaze-v2/2e-3/seed_3/amu_s3_ae1_ab1_Tlr0p002__06a3f205,/raid/ext_csv/AMO_store/td3_amo_jax_loco_antmaze_alpha1_alr_seeds0to3/runs/td3amo_jax_am-umaze_a1_alr2em3_s3,ext_csv,1e34514ddf70bfc8a78757d9a78b82306627164c
ablation,td3_amo,td3_amo_jax,ae1_ab1_Tlr0p0003,locomotion,halfcheetah-medium-expert-v2,0,jax,0.0003,1.0,1.0,,,,,,False,,,,0.0003,0.0003,,bootstrap_loss_not_l2_rms,1000000,,1000000,98.29317077825966,50,True,,hme_s0_ae1_ab1_Tlr0p0003__a97f4c4b,ablation/td3_amo/halfcheetah-medium-expert-v2/3e-4/seed_0/hme_s0_ae1_ab1_Tlr0p0003__a97f4c4b,/raid/ext_csv/AMO_store/td3_amo_jax_loco_antmaze_alpha1_alr_seeds0to3/runs/td3amo_jax_hc-me_a1_alr3em4_s0,ext_csv,1e34514ddf70bfc8a78757d9a78b82306627164c
ablation,td3_amo,td3_amo_jax,ae1_ab1_Tlr0p0003,locomotion,halfcheetah-medium-expert-v2,1,jax,0.0003,1.0,1.0,,,,,,False,,,,0.0003,0.0003,,bootstrap_loss_not_l2_rms,1000000,,1000000,95.92187829494304,50,True,,hme_s1_ae1_ab1_Tlr0p0003__6e99b246,ablation/td3_amo/halfcheetah-medium-expert-v2/3e-4/seed_1/hme_s1_ae1_ab1_Tlr0p0003__6e99b246,/raid/ext_csv/AMO_store/td3_amo_jax_loco_antmaze_alpha1_alr_seeds0to3/runs/td3amo_jax_hc-me_a1_alr3em4_s1,ext_csv,1e34514ddf70bfc8a78757d9a78b82306627164c
ablation,td3_amo,td3_amo_jax,ae1_ab1_Tlr0p0003,locomotion,halfcheetah-medium-expert-v2,2,jax,0.0003,1.0,1.0,,,,,,False,,,,0.0003,0.0003,,bootstrap_loss_not_l2_rms,1000000,,1000000,96.58575591568118,50,True,,hme_s2_ae1_ab1_Tlr0p0003__fa1395cc,ablation/td3_amo/halfcheetah-medium-expert-v2/3e-4/seed_2/hme_s2_ae1_ab1_Tlr0p0003__fa1395cc,/raid/ext_csv/AMO_store/td3_amo_jax_loco_antmaze_alpha1_alr_seeds0to3/runs/td3amo_jax_hc-me_a1_alr3em4_s2,ext_csv,1e34514ddf70bfc8a78757d9a78b82306627164c
ablation,td3_amo,td3_amo_jax,ae1_ab1_Tlr0p0003,locomotion,halfcheetah-medium-expert-v2,3,jax,0.0003,1.0,1.0,,,,,,False,,,,0.0003,0.0003,,bootstrap_loss_not_l2_rms,1000000,,1000000,94.70422281766187,50,True,,hme_s3_ae1_ab1_Tlr0p0003__3fe54c0d,ablation/td3_amo/halfcheetah-medium-expert-v2/3e-4/seed_3/hme_s3_ae1_ab1_Tlr0p0003__3fe54c0d,/raid/ext_csv/AMO_store/td3_amo_jax_loco_antmaze_alpha1_alr_seeds0to3/runs/td3amo_jax_hc-me_a1_alr3em4_s3,ext_csv,1e34514ddf70bfc8a78757d9a78b82306627164c
ablation,td3_amo,td3_amo_jax,ae1_ab1_Tlr0p001,locomotion,halfcheetah-medium-expert-v2,0,jax,0.001,1.0,1.0,,,,,,False,,,,0.0003,0.0003,,bootstrap_loss_not_l2_rms,1000000,,1000000,99.76199574025001,50,True,,hme_s0_ae1_ab1_Tlr0p001__cfc29775,ablation/td3_amo/halfcheetah-medium-expert-v2/1e-3/seed_0/hme_s0_ae1_ab1_Tlr0p001__cfc29775,/raid/ext_csv/AMO_store/td3_amo_jax_loco_antmaze_alpha1_alr_seeds0to3/runs/td3amo_jax_hc-me_a1_alr1em3_s0,ext_csv,1e34514ddf70bfc8a78757d9a78b82306627164c
ablation,td3_amo,td3_amo_jax,ae2_ab2_Tlr0p001,locomotion,halfcheetah-medium-expert-v2,0,jax,0.001,2.0,2.0,,,,,,False,,,,0.0003,0.0003,,bootstrap_loss_not_l2_rms,1000000,,1000000,101.04054135795329,50,True,,hme_s0_ae2_ab2_Tlr0p001__74ea0043,ablation/td3_amo/halfcheetah-medium-expert-v2/1e-3/seed_0/hme_s0_ae2_ab2_Tlr0p001__74ea0043,/raid/ext_csv/AMO_store/td3_amo_jax_loco9_alpha2_alr1em3_seeds0to3/runs/td3amo_jax_hc-me_a2_alr1em3_s0,ext_csv,1e34514ddf70bfc8a78757d9a78b82306627164c
ablation,td3_amo,td3_amo_jax,ae1_ab1_Tlr0p001,locomotion,halfcheetah-medium-expert-v2,1,jax,0.001,1.0,1.0,,,,,,False,,,,0.0003,0.0003,,bootstrap_loss_not_l2_rms,1000000,,1000000,95.26676508026878,50,True,,hme_s1_ae1_ab1_Tlr0p001__c10607dd,ablation/td3_amo/halfcheetah-medium-expert-v2/1e-3/seed_1/hme_s1_ae1_ab1_Tlr0p001__c10607dd,/raid/ext_csv/AMO_store/td3_amo_jax_loco_antmaze_alpha1_alr_seeds0to3/runs/td3amo_jax_hc-me_a1_alr1em3_s1,ext_csv,1e34514ddf70bfc8a78757d9a78b82306627164c
ablation,td3_amo,td3_amo_jax,ae1_ab1_Tlr0p001,locomotion,halfcheetah-medium-expert-v2,2,jax,0.001,1.0,1.0,,,,,,False,,,,0.0003,0.0003,,bootstrap_loss_not_l2_rms,1000000,,1000000,102.56023275671657,50,True,,hme_s2_ae1_ab1_Tlr0p001__f5135520,ablation/td3_amo/halfcheetah-medium-expert-v2/1e-3/seed_2/hme_s2_ae1_ab1_Tlr0p001__f5135520,/raid/ext_csv/AMO_store/td3_amo_jax_loco_antmaze_alpha1_alr_seeds0to3/runs/td3amo_jax_hc-me_a1_alr1em3_s2,ext_csv,1e34514ddf70bfc8a78757d9a78b82306627164c
ablation,td3_amo,td3_amo_jax,ae1_ab1_Tlr0p001,locomotion,halfcheetah-medium-expert-v2,3,jax,0.001,1.0,1.0,,,,,,False,,,,0.0003,0.0003,,bootstrap_loss_not_l2_rms,1000000,,1000000,100.72187981991638,50,True,,hme_s3_ae1_ab1_Tlr0p001__e2c8fcb7,ablation/td3_amo/halfcheetah-medium-expert-v2/1e-3/seed_3/hme_s3_ae1_ab1_Tlr0p001__e2c8fcb7,/raid/ext_csv/AMO_store/td3_amo_jax_loco_antmaze_alpha1_alr_seeds0to3/runs/td3amo_jax_hc-me_a1_alr1em3_s3,ext_csv,1e34514ddf70bfc8a78757d9a78b82306627164c
ablation,td3_amo,td3_amo_jax,ae1_ab1_Tlr0p002,locomotion,halfcheetah-medium-expert-v2,0,jax,0.002,1.0,1.0,,,,,,False,,,,0.0003,0.0003,,bootstrap_loss_not_l2_rms,1000000,,1000000,99.6782816165254,50,True,,hme_s0_ae1_ab1_Tlr0p002__b895113c,ablation/td3_amo/halfcheetah-medium-expert-v2/2e-3/seed_0/hme_s0_ae1_ab1_Tlr0p002__b895113c,/raid/ext_csv/AMO_store/td3_amo_jax_loco_antmaze_alpha1_alr_seeds0to3/runs/td3amo_jax_hc-me_a1_alr2em3_s0,ext_csv,1e34514ddf70bfc8a78757d9a78b82306627164c
ablation,td3_amo,td3_amo_jax,ae2_ab2_Tlr0p002,locomotion,halfcheetah-medium-expert-v2,0,jax,0.002,2.0,2.0,,,,,,False,,,,0.0003,0.0003,,bootstrap_loss_not_l2_rms,1000000,,1000000,101.8255673944826,50,True,,hme_s0_ae2_ab2_Tlr0p002__67772a1d,ablation/td3_amo/halfcheetah-medium-expert-v2/2e-3/seed_0/hme_s0_ae2_ab2_Tlr0p002__67772a1d,/raid/ext_csv/AMO_store/td3_amo_jax_loco9_alpha2_alr1em3_seeds0to3/runs/td3amo_jax_hc-me_a2_alr2em3_s0,ext_csv,1e34514ddf70bfc8a78757d9a78b82306627164c
ablation,td3_amo,td3_amo_jax,ae1_ab1_Tlr0p002,locomotion,halfcheetah-medium-expert-v2,1,jax,0.002,1.0,1.0,,,,,,False,,,,0.0003,0.0003,,bootstrap_loss_not_l2_rms,1000000,,1000000,100.96566802632276,50,True,,hme_s1_ae1_ab1_Tlr0p002__a2023dc3,ablation/td3_amo/halfcheetah-medium-expert-v2/2e-3/seed_1/hme_s1_ae1_ab1_Tlr0p002__a2023dc3,/raid/ext_csv/AMO_store/td3_amo_jax_loco_antmaze_alpha1_alr_seeds0to3/runs/td3amo_jax_hc-me_a1_alr2em3_s1,ext_csv,1e34514ddf70bfc8a78757d9a78b82306627164c
ablation,td3_amo,td3_amo_jax,ae2_ab2_Tlr0p002,locomotion,halfcheetah-medium-expert-v2,1,jax,0.002,2.0,2.0,,,,,,False,,,,0.0003,0.0003,,bootstrap_loss_not_l2_rms,1000000,,1000000,98.53029632622545,50,True,,hme_s1_ae2_ab2_Tlr0p002__65f3ec1f,ablation/td3_amo/halfcheetah-medium-expert-v2/2e-3/seed_1/hme_s1_ae2_ab2_Tlr0p002__65f3ec1f,/raid/ext_csv/AMO_store/td3_amo_jax_loco9_alpha2_alr1em3_seeds0to3/runs/td3amo_jax_hc-me_a2_alr2em3_s1,ext_csv,1e34514ddf70bfc8a78757d9a78b82306627164c
ablation,td3_amo,td3_amo_jax,ae1_ab1_Tlr0p002,locomotion,halfcheetah-medium-expert-v2,2,jax,0.002,1.0,1.0,,,,,,False,,,,0.0003,0.0003,,bootstrap_loss_not_l2_rms,1000000,,1000000,89.30551517352748,50,True,,hme_s2_ae1_ab1_Tlr0p002__07a93247,ablation/td3_amo/halfcheetah-medium-expert-v2/2e-3/seed_2/hme_s2_ae1_ab1_Tlr0p002__07a93247,/raid/ext_csv/AMO_store/td3_amo_jax_loco_antmaze_alpha1_alr_seeds0to3/runs/td3amo_jax_hc-me_a1_alr2em3_s2,ext_csv,1e34514ddf70bfc8a78757d9a78b82306627164c
ablation,td3_amo,td3_amo_jax,ae2_ab2_Tlr0p002,locomotion,halfcheetah-medium-expert-v2,2,jax,0.002,2.0,2.0,,,,,,False,,,,0.0003,0.0003,,bootstrap_loss_not_l2_rms,1000000,,1000000,103.89399273385382,50,True,,hme_s2_ae2_ab2_Tlr0p002__a8ea6940,ablation/td3_amo/halfcheetah-medium-expert-v2/2e-3/seed_2/hme_s2_ae2_ab2_Tlr0p002__a8ea6940,/raid/ext_csv/AMO_store/td3_amo_jax_loco9_alpha2_alr1em3_seeds0to3/runs/td3amo_jax_hc-me_a2_alr2em3_s2,ext_csv,1e34514ddf70bfc8a78757d9a78b82306627164c
ablation,td3_amo,td3_amo_jax,ae1_ab1_Tlr0p002,locomotion,halfcheetah-medium-expert-v2,3,jax,0.002,1.0,1.0,,,,,,False,,,,0.0003,0.0003,,bootstrap_loss_not_l2_rms,1000000,,1000000,94.98340785125144,50,True,,hme_s3_ae1_ab1_Tlr0p002__9034cb1b,ablation/td3_amo/halfcheetah-medium-expert-v2/2e-3/seed_3/hme_s3_ae1_ab1_Tlr0p002__9034cb1b,/raid/ext_csv/AMO_store/td3_amo_jax_loco_antmaze_alpha1_alr_seeds0to3/runs/td3amo_jax_hc-me_a1_alr2em3_s3,ext_csv,1e34514ddf70bfc8a78757d9a78b82306627164c
ablation,td3_amo,td3_amo_jax,ae2_ab2_Tlr0p002,locomotion,halfcheetah-medium-expert-v2,3,jax,0.002,2.0,2.0,,,,,,False,,,,0.0003,0.0003,,bootstrap_loss_not_l2_rms,1000000,,1000000,84.96350728194403,50,True,,hme_s3_ae2_ab2_Tlr0p002__85eef696,ablation/td3_amo/halfcheetah-medium-expert-v2/2e-3/seed_3/hme_s3_ae2_ab2_Tlr0p002__85eef696,/raid/ext_csv/AMO_store/td3_amo_jax_loco9_alpha2_alr1em3_seeds0to3/runs/td3amo_jax_hc-me_a2_alr2em3_s3,ext_csv,1e34514ddf70bfc8a78757d9a78b82306627164c
ablation,td3_amo,td3_amo_jax,ae1_ab1_Tlr0p0003,locomotion,halfcheetah-medium-replay-v2,0,jax,0.0003,1.0,1.0,,,,,,False,,,,0.0003,0.0003,,bootstrap_loss_not_l2_rms,1000000,,1000000,44.30317134624642,50,True,,hcmr_s0_ae1_ab1_Tlr0p0003__fbacbd6a,ablation/td3_amo/halfcheetah-medium-replay-v2/3e-4/seed_0/hcmr_s0_ae1_ab1_Tlr0p0003__fbacbd6a,/raid/ext_csv/AMO_store/td3_amo_jax_loco_antmaze_alpha1_alr_seeds0to3/runs/td3amo_jax_hc-mr_a1_alr3em4_s0,ext_csv,1e34514ddf70bfc8a78757d9a78b82306627164c
ablation,td3_amo,td3_amo_jax,ae1_ab1_Tlr0p0003,locomotion,halfcheetah-medium-replay-v2,1,jax,0.0003,1.0,1.0,,,,,,False,,,,0.0003,0.0003,,bootstrap_loss_not_l2_rms,1000000,,1000000,44.259324033372756,50,True,,hcmr_s1_ae1_ab1_Tlr0p0003__63e44393,ablation/td3_amo/halfcheetah-medium-replay-v2/3e-4/seed_1/hcmr_s1_ae1_ab1_Tlr0p0003__63e44393,/raid/ext_csv/AMO_store/td3_amo_jax_loco_antmaze_alpha1_alr_seeds0to3/runs/td3amo_jax_hc-mr_a1_alr3em4_s1,ext_csv,1e34514ddf70bfc8a78757d9a78b82306627164c
ablation,td3_amo,td3_amo_jax,ae2_ab2_Tlr0p0003,locomotion,halfcheetah-medium-replay-v2,1,jax,0.0003,2.0,2.0,,,,,,False,,,,0.0003,0.0003,,bootstrap_loss_not_l2_rms,1000000,,1000000,45.92077445705115,50,True,,hcmr_s1_ae2_ab2_Tlr0p0003__e287bf19,ablation/td3_amo/halfcheetah-medium-replay-v2/3e-4/seed_1/hcmr_s1_ae2_ab2_Tlr0p0003__e287bf19,/raid/ext_csv/AMO_store/td3_amo_jax_loco9_alpha2_alr1em3_seeds0to3/runs/td3amo_jax_hc-mr_a2_alr3em4_s1,ext_csv,1e34514ddf70bfc8a78757d9a78b82306627164c
ablation,td3_amo,td3_amo_jax,ae1_ab1_Tlr0p0003,locomotion,halfcheetah-medium-replay-v2,2,jax,0.0003,1.0,1.0,,,,,,False,,,,0.0003,0.0003,,bootstrap_loss_not_l2_rms,1000000,,1000000,44.66324811366696,50,True,,hcmr_s2_ae1_ab1_Tlr0p0003__fdc0316d,ablation/td3_amo/halfcheetah-medium-replay-v2/3e-4/seed_2/hcmr_s2_ae1_ab1_Tlr0p0003__fdc0316d,/raid/ext_csv/AMO_store/td3_amo_jax_loco_antmaze_alpha1_alr_seeds0to3/runs/td3amo_jax_hc-mr_a1_alr3em4_s2,ext_csv,1e34514ddf70bfc8a78757d9a78b82306627164c
ablation,td3_amo,td3_amo_jax,ae2_ab2_Tlr0p0003,locomotion,halfcheetah-medium-replay-v2,2,jax,0.0003,2.0,2.0,,,,,,False,,,,0.0003,0.0003,,bootstrap_loss_not_l2_rms,1000000,,1000000,46.030952000609595,50,True,,hcmr_s2_ae2_ab2_Tlr0p0003__e5067052,ablation/td3_amo/halfcheetah-medium-replay-v2/3e-4/seed_2/hcmr_s2_ae2_ab2_Tlr0p0003__e5067052,/raid/ext_csv/AMO_store/td3_amo_jax_loco9_alpha2_alr1em3_seeds0to3/runs/td3amo_jax_hc-mr_a2_alr3em4_s2,ext_csv,1e34514ddf70bfc8a78757d9a78b82306627164c
ablation,td3_amo,td3_amo_jax,ae1_ab1_Tlr0p0003,locomotion,halfcheetah-medium-replay-v2,3,jax,0.0003,1.0,1.0,,,,,,False,,,,0.0003,0.0003,,bootstrap_loss_not_l2_rms,1000000,,1000000,44.542056473688575,50,True,,hcmr_s3_ae1_ab1_Tlr0p0003__0be32a38,ablation/td3_amo/halfcheetah-medium-replay-v2/3e-4/seed_3/hcmr_s3_ae1_ab1_Tlr0p0003__0be32a38,/raid/ext_csv/AMO_store/td3_amo_jax_loco_antmaze_alpha1_alr_seeds0to3/runs/td3amo_jax_hc-mr_a1_alr3em4_s3,ext_csv,1e34514ddf70bfc8a78757d9a78b82306627164c
ablation,td3_amo,td3_amo_jax,ae2_ab2_Tlr0p0003,locomotion,halfcheetah-medium-replay-v2,3,jax,0.0003,2.0,2.0,,,,,,False,,,,0.0003,0.0003,,bootstrap_loss_not_l2_rms,1000000,,1000000,45.819598136730306,50,True,,hcmr_s3_ae2_ab2_Tlr0p0003__201be1de,ablation/td3_amo/halfcheetah-medium-replay-v2/3e-4/seed_3/hcmr_s3_ae2_ab2_Tlr0p0003__201be1de,/raid/ext_csv/AMO_store/td3_amo_jax_loco9_alpha2_alr1em3_seeds0to3/runs/td3amo_jax_hc-mr_a2_alr3em4_s3,ext_csv,1e34514ddf70bfc8a78757d9a78b82306627164c
ablation,td3_amo,td3_amo_jax,ae1_ab1_Tlr0p001,locomotion,halfcheetah-medium-replay-v2,0,jax,0.001,1.0,1.0,,,,,,False,,,,0.0003,0.0003,,bootstrap_loss_not_l2_rms,1000000,,1000000,47.499200300621844,50,True,,hcmr_s0_ae1_ab1_Tlr0p001__4417417e,ablation/td3_amo/halfcheetah-medium-replay-v2/1e-3/seed_0/hcmr_s0_ae1_ab1_Tlr0p001__4417417e,/raid/ext_csv/AMO_store/td3_amo_jax_loco_antmaze_alpha1_alr_seeds0to3/runs/td3amo_jax_hc-mr_a1_alr1em3_s0,ext_csv,1e34514ddf70bfc8a78757d9a78b82306627164c
ablation,td3_amo,td3_amo_jax,ae2_ab2_Tlr0p001,locomotion,halfcheetah-medium-replay-v2,0,jax,0.001,2.0,2.0,,,,,,False,,,,0.0003,0.0003,,bootstrap_loss_not_l2_rms,1000000,,1000000,47.87622689971817,50,True,,hcmr_s0_ae2_ab2_Tlr0p001__bf48c320,ablation/td3_amo/halfcheetah-medium-replay-v2/1e-3/seed_0/hcmr_s0_ae2_ab2_Tlr0p001__bf48c320,/raid/ext_csv/AMO_store/td3_amo_jax_loco9_alpha2_alr1em3_seeds0to3/runs/td3amo_jax_hc-mr_a2_alr1em3_s0,ext_csv,1e34514ddf70bfc8a78757d9a78b82306627164c
ablation,td3_amo,td3_amo_jax,ae1_ab1_Tlr0p001,locomotion,halfcheetah-medium-replay-v2,1,jax,0.001,1.0,1.0,,,,,,False,,,,0.0003,0.0003,,bootstrap_loss_not_l2_rms,1000000,,1000000,47.06978417111245,50,True,,hcmr_s1_ae1_ab1_Tlr0p001__3ab9b5bf,ablation/td3_amo/halfcheetah-medium-replay-v2/1e-3/seed_1/hcmr_s1_ae1_ab1_Tlr0p001__3ab9b5bf,/raid/ext_csv/AMO_store/td3_amo_jax_loco_antmaze_alpha1_alr_seeds0to3/runs/td3amo_jax_hc-mr_a1_alr1em3_s1,ext_csv,1e34514ddf70bfc8a78757d9a78b82306627164c
ablation,td3_amo,td3_amo_jax,ae1_ab1_Tlr0p001,locomotion,halfcheetah-medium-replay-v2,2,jax,0.001,1.0,1.0,,,,,,False,,,,0.0003,0.0003,,bootstrap_loss_not_l2_rms,1000000,,1000000,46.96793519156032,50,True,,hcmr_s2_ae1_ab1_Tlr0p001__82e23d24,ablation/td3_amo/halfcheetah-medium-replay-v2/1e-3/seed_2/hcmr_s2_ae1_ab1_Tlr0p001__82e23d24,/raid/ext_csv/AMO_store/td3_amo_jax_loco_antmaze_alpha1_alr_seeds0to3/runs/td3amo_jax_hc-mr_a1_alr1em3_s2,ext_csv,1e34514ddf70bfc8a78757d9a78b82306627164c
ablation,td3_amo,td3_amo_jax,ae1_ab1_Tlr0p001,locomotion,halfcheetah-medium-replay-v2,3,jax,0.001,1.0,1.0,,,,,,False,,,,0.0003,0.0003,,bootstrap_loss_not_l2_rms,1000000,,1000000,46.229851389846935,50,True,,hcmr_s3_ae1_ab1_Tlr0p001__6c1b5714,ablation/td3_amo/halfcheetah-medium-replay-v2/1e-3/seed_3/hcmr_s3_ae1_ab1_Tlr0p001__6c1b5714,/raid/ext_csv/AMO_store/td3_amo_jax_loco_antmaze_alpha1_alr_seeds0to3/runs/td3amo_jax_hc-mr_a1_alr1em3_s3,ext_csv,1e34514ddf70bfc8a78757d9a78b82306627164c
ablation,td3_amo,td3_amo_jax,ae1_ab1_Tlr0p002,locomotion,halfcheetah-medium-replay-v2,0,jax,0.002,1.0,1.0,,,,,,False,,,,0.0003,0.0003,,bootstrap_loss_not_l2_rms,1000000,,1000000,48.969300852314035,50,True,,hcmr_s0_ae1_ab1_Tlr0p002__9c649aa1,ablation/td3_amo/halfcheetah-medium-replay-v2/2e-3/seed_0/hcmr_s0_ae1_ab1_Tlr0p002__9c649aa1,/raid/ext_csv/AMO_store/td3_amo_jax_loco_antmaze_alpha1_alr_seeds0to3/runs/td3amo_jax_hc-mr_a1_alr2em3_s0,ext_csv,1e34514ddf70bfc8a78757d9a78b82306627164c
ablation,td3_amo,td3_amo_jax,ae2_ab2_Tlr0p002,locomotion,halfcheetah-medium-replay-v2,0,jax,0.002,2.0,2.0,,,,,,False,,,,0.0003,0.0003,,bootstrap_loss_not_l2_rms,1000000,,1000000,50.193764178420075,50,True,,hcmr_s0_ae2_ab2_Tlr0p002__6bd685b2,ablation/td3_amo/halfcheetah-medium-replay-v2/2e-3/seed_0/hcmr_s0_ae2_ab2_Tlr0p002__6bd685b2,/raid/ext_csv/AMO_store/td3_amo_jax_loco9_alpha2_alr1em3_seeds0to3/runs/td3amo_jax_hc-mr_a2_alr2em3_s0,ext_csv,1e34514ddf70bfc8a78757d9a78b82306627164c
ablation,td3_amo,td3_amo_jax,ae1_ab1_Tlr0p002,locomotion,halfcheetah-medium-replay-v2,1,jax,0.002,1.0,1.0,,,,,,False,,,,0.0003,0.0003,,bootstrap_loss_not_l2_rms,1000000,,1000000,48.61631267079065,50,True,,hcmr_s1_ae1_ab1_Tlr0p002__ba51d3e3,ablation/td3_amo/halfcheetah-medium-replay-v2/2e-3/seed_1/hcmr_s1_ae1_ab1_Tlr0p002__ba51d3e3,/raid/ext_csv/AMO_store/td3_amo_jax_loco_antmaze_alpha1_alr_seeds0to3/runs/td3amo_jax_hc-mr_a1_alr2em3_s1,ext_csv,1e34514ddf70bfc8a78757d9a78b82306627164c
ablation,td3_amo,td3_amo_jax,ae2_ab2_Tlr0p002,locomotion,halfcheetah-medium-replay-v2,1,jax,0.002,2.0,2.0,,,,,,False,,,,0.0003,0.0003,,bootstrap_loss_not_l2_rms,1000000,,1000000,48.694517449589995,50,True,,hcmr_s1_ae2_ab2_Tlr0p002__947fc659,ablation/td3_amo/halfcheetah-medium-replay-v2/2e-3/seed_1/hcmr_s1_ae2_ab2_Tlr0p002__947fc659,/raid/ext_csv/AMO_store/td3_amo_jax_loco9_alpha2_alr1em3_seeds0to3/runs/td3amo_jax_hc-mr_a2_alr2em3_s1,ext_csv,1e34514ddf70bfc8a78757d9a78b82306627164c
ablation,td3_amo,td3_amo_jax,ae1_ab1_Tlr0p002,locomotion,halfcheetah-medium-replay-v2,2,jax,0.002,1.0,1.0,,,,,,False,,,,0.0003,0.0003,,bootstrap_loss_not_l2_rms,1000000,,1000000,48.66272598647125,50,True,,hcmr_s2_ae1_ab1_Tlr0p002__03ae7ed4,ablation/td3_amo/halfcheetah-medium-replay-v2/2e-3/seed_2/hcmr_s2_ae1_ab1_Tlr0p002__03ae7ed4,/raid/ext_csv/AMO_store/td3_amo_jax_loco_antmaze_alpha1_alr_seeds0to3/runs/td3amo_jax_hc-mr_a1_alr2em3_s2,ext_csv,1e34514ddf70bfc8a78757d9a78b82306627164c
ablation,td3_amo,td3_amo_jax,ae2_ab2_Tlr0p002,locomotion,halfcheetah-medium-replay-v2,2,jax,0.002,2.0,2.0,,,,,,False,,,,0.0003,0.0003,,bootstrap_loss_not_l2_rms,1000000,,1000000,49.46886561521834,50,True,,hcmr_s2_ae2_ab2_Tlr0p002__781ad66d,ablation/td3_amo/halfcheetah-medium-replay-v2/2e-3/seed_2/hcmr_s2_ae2_ab2_Tlr0p002__781ad66d,/raid/ext_csv/AMO_store/td3_amo_jax_loco9_alpha2_alr1em3_seeds0to3/runs/td3amo_jax_hc-mr_a2_alr2em3_s2,ext_csv,1e34514ddf70bfc8a78757d9a78b82306627164c
ablation,td3_amo,td3_amo_jax,ae1_ab1_Tlr0p002,locomotion,halfcheetah-medium-replay-v2,3,jax,0.002,1.0,1.0,,,,,,False,,,,0.0003,0.0003,,bootstrap_loss_not_l2_rms,1000000,,1000000,48.117739226594104,50,True,,hcmr_s3_ae1_ab1_Tlr0p002__7d3ebc99,ablation/td3_amo/halfcheetah-medium-replay-v2/2e-3/seed_3/hcmr_s3_ae1_ab1_Tlr0p002__7d3ebc99,/raid/ext_csv/AMO_store/td3_amo_jax_loco_antmaze_alpha1_alr_seeds0to3/runs/td3amo_jax_hc-mr_a1_alr2em3_s3,ext_csv,1e34514ddf70bfc8a78757d9a78b82306627164c
ablation,td3_amo,td3_amo_jax,ae2_ab2_Tlr0p002,locomotion,halfcheetah-medium-replay-v2,3,jax,0.002,2.0,2.0,,,,,,False,,,,0.0003,0.0003,,bootstrap_loss_not_l2_rms,1000000,,1000000,48.18457024115622,50,True,,hcmr_s3_ae2_ab2_Tlr0p002__194bf5ce,ablation/td3_amo/halfcheetah-medium-replay-v2/2e-3/seed_3/hcmr_s3_ae2_ab2_Tlr0p002__194bf5ce,/raid/ext_csv/AMO_store/td3_amo_jax_loco9_alpha2_alr1em3_seeds0to3/runs/td3amo_jax_hc-mr_a2_alr2em3_s3,ext_csv,1e34514ddf70bfc8a78757d9a78b82306627164c
ablation,td3_amo,td3_amo_jax,ae1_ab1_Tlr0p0003,locomotion,halfcheetah-medium-v2,0,jax,0.0003,1.0,1.0,,,,,,False,,,,0.0003,0.0003,,bootstrap_loss_not_l2_rms,1000000,,1000000,48.19901529706944,50,True,,hcm_s0_ae1_ab1_Tlr0p0003__a7df7dc3,ablation/td3_amo/halfcheetah-medium-v2/3e-4/seed_0/hcm_s0_ae1_ab1_Tlr0p0003__a7df7dc3,/raid/ext_csv/AMO_store/td3_amo_jax_loco_antmaze_alpha1_alr_seeds0to3/runs/td3amo_jax_hc-m_a1_alr3em4_s0,ext_csv,1e34514ddf70bfc8a78757d9a78b82306627164c
ablation,td3_amo,td3_amo_jax,ae1_ab1_Tlr0p0003,locomotion,halfcheetah-medium-v2,1,jax,0.0003,1.0,1.0,,,,,,False,,,,0.0003,0.0003,,bootstrap_loss_not_l2_rms,1000000,,1000000,47.6782918807462,50,True,,hcm_s1_ae1_ab1_Tlr0p0003__fbeaf529,ablation/td3_amo/halfcheetah-medium-v2/3e-4/seed_1/hcm_s1_ae1_ab1_Tlr0p0003__fbeaf529,/raid/ext_csv/AMO_store/td3_amo_jax_loco_antmaze_alpha1_alr_seeds0to3/runs/td3amo_jax_hc-m_a1_alr3em4_s1,ext_csv,1e34514ddf70bfc8a78757d9a78b82306627164c
ablation,td3_amo,td3_amo_jax,ae2_ab2_Tlr0p0003,locomotion,halfcheetah-medium-v2,1,jax,0.0003,2.0,2.0,,,,,,False,,,,0.0003,0.0003,,bootstrap_loss_not_l2_rms,1000000,,1000000,50.390314107680055,50,True,,hcm_s1_ae2_ab2_Tlr0p0003__708aca6f,ablation/td3_amo/halfcheetah-medium-v2/3e-4/seed_1/hcm_s1_ae2_ab2_Tlr0p0003__708aca6f,/raid/ext_csv/AMO_store/td3_amo_jax_loco9_alpha2_alr1em3_seeds0to3/runs/td3amo_jax_hc-m_a2_alr3em4_s1,ext_csv,1e34514ddf70bfc8a78757d9a78b82306627164c
ablation,td3_amo,td3_amo_jax,ae1_ab1_Tlr0p0003,locomotion,halfcheetah-medium-v2,2,jax,0.0003,1.0,1.0,,,,,,False,,,,0.0003,0.0003,,bootstrap_loss_not_l2_rms,1000000,,1000000,48.607917103940935,50,True,,hcm_s2_ae1_ab1_Tlr0p0003__6b05d23f,ablation/td3_amo/halfcheetah-medium-v2/3e-4/seed_2/hcm_s2_ae1_ab1_Tlr0p0003__6b05d23f,/raid/ext_csv/AMO_store/td3_amo_jax_loco_antmaze_alpha1_alr_seeds0to3/runs/td3amo_jax_hc-m_a1_alr3em4_s2,ext_csv,1e34514ddf70bfc8a78757d9a78b82306627164c
ablation,td3_amo,td3_amo_jax,ae2_ab2_Tlr0p0003,locomotion,halfcheetah-medium-v2,2,jax,0.0003,2.0,2.0,,,,,,False,,,,0.0003,0.0003,,bootstrap_loss_not_l2_rms,1000000,,1000000,50.917516463365075,50,True,,hcm_s2_ae2_ab2_Tlr0p0003__44e8bf67,ablation/td3_amo/halfcheetah-medium-v2/3e-4/seed_2/hcm_s2_ae2_ab2_Tlr0p0003__44e8bf67,/raid/ext_csv/AMO_store/td3_amo_jax_loco9_alpha2_alr1em3_seeds0to3/runs/td3amo_jax_hc-m_a2_alr3em4_s2,ext_csv,1e34514ddf70bfc8a78757d9a78b82306627164c
ablation,td3_amo,td3_amo_jax,ae1_ab1_Tlr0p0003,locomotion,halfcheetah-medium-v2,3,jax,0.0003,1.0,1.0,,,,,,False,,,,0.0003,0.0003,,bootstrap_loss_not_l2_rms,1000000,,1000000,48.3594646568202,50,True,,hcm_s3_ae1_ab1_Tlr0p0003__4e3cc99f,ablation/td3_amo/halfcheetah-medium-v2/3e-4/seed_3/hcm_s3_ae1_ab1_Tlr0p0003__4e3cc99f,/raid/ext_csv/AMO_store/td3_amo_jax_loco_antmaze_alpha1_alr_seeds0to3/runs/td3amo_jax_hc-m_a1_alr3em4_s3,ext_csv,1e34514ddf70bfc8a78757d9a78b82306627164c
ablation,td3_amo,td3_amo_jax,ae2_ab2_Tlr0p0003,locomotion,halfcheetah-medium-v2,3,jax,0.0003,2.0,2.0,,,,,,False,,,,0.0003,0.0003,,bootstrap_loss_not_l2_rms,1000000,,1000000,50.67761561944087,50,True,,hcm_s3_ae2_ab2_Tlr0p0003__e990fb48,ablation/td3_amo/halfcheetah-medium-v2/3e-4/seed_3/hcm_s3_ae2_ab2_Tlr0p0003__e990fb48,/raid/ext_csv/AMO_store/td3_amo_jax_loco9_alpha2_alr1em3_seeds0to3/runs/td3amo_jax_hc-m_a2_alr3em4_s3,ext_csv,1e34514ddf70bfc8a78757d9a78b82306627164c
ablation,td3_amo,td3_amo_jax,ae1_ab1_Tlr0p001,locomotion,halfcheetah-medium-v2,0,jax,0.001,1.0,1.0,,,,,,False,,,,0.0003,0.0003,,bootstrap_loss_not_l2_rms,1000000,,1000000,53.732568541861944,50,True,,hcm_s0_ae1_ab1_Tlr0p001__7fd7fc5c,ablation/td3_amo/halfcheetah-medium-v2/1e-3/seed_0/hcm_s0_ae1_ab1_Tlr0p001__7fd7fc5c,/raid/ext_csv/AMO_store/td3_amo_jax_loco_antmaze_alpha1_alr_seeds0to3/runs/td3amo_jax_hc-m_a1_alr1em3_s0,ext_csv,1e34514ddf70bfc8a78757d9a78b82306627164c
ablation,td3_amo,td3_amo_jax,ae2_ab2_Tlr0p001,locomotion,halfcheetah-medium-v2,0,jax,0.001,2.0,2.0,,,,,,False,,,,0.0003,0.0003,,bootstrap_loss_not_l2_rms,1000000,,1000000,54.29764483840097,50,True,,hcm_s0_ae2_ab2_Tlr0p001__33004897,ablation/td3_amo/halfcheetah-medium-v2/1e-3/seed_0/hcm_s0_ae2_ab2_Tlr0p001__33004897,/raid/ext_csv/AMO_store/td3_amo_jax_loco9_alpha2_alr1em3_seeds0to3/runs/td3amo_jax_hc-m_a2_alr1em3_s0,ext_csv,1e34514ddf70bfc8a78757d9a78b82306627164c
ablation,td3_amo,td3_amo_jax,ae1_ab1_Tlr0p001,locomotion,halfcheetah-medium-v2,1,jax,0.001,1.0,1.0,,,,,,False,,,,0.0003,0.0003,,bootstrap_loss_not_l2_rms,1000000,,1000000,52.453441647053126,50,True,,hcm_s1_ae1_ab1_Tlr0p001__2fc9360b,ablation/td3_amo/halfcheetah-medium-v2/1e-3/seed_1/hcm_s1_ae1_ab1_Tlr0p001__2fc9360b,/raid/ext_csv/AMO_store/td3_amo_jax_loco_antmaze_alpha1_alr_seeds0to3/runs/td3amo_jax_hc-m_a1_alr1em3_s1,ext_csv,1e34514ddf70bfc8a78757d9a78b82306627164c
ablation,td3_amo,td3_amo_jax,ae1_ab1_Tlr0p001,locomotion,halfcheetah-medium-v2,2,jax,0.001,1.0,1.0,,,,,,False,,,,0.0003,0.0003,,bootstrap_loss_not_l2_rms,1000000,,1000000,52.33657343112383,50,True,,hcm_s2_ae1_ab1_Tlr0p001__fc0132c9,ablation/td3_amo/halfcheetah-medium-v2/1e-3/seed_2/hcm_s2_ae1_ab1_Tlr0p001__fc0132c9,/raid/ext_csv/AMO_store/td3_amo_jax_loco_antmaze_alpha1_alr_seeds0to3/runs/td3amo_jax_hc-m_a1_alr1em3_s2,ext_csv,1e34514ddf70bfc8a78757d9a78b82306627164c
ablation,td3_amo,td3_amo_jax,ae1_ab1_Tlr0p001,locomotion,halfcheetah-medium-v2,3,jax,0.001,1.0,1.0,,,,,,False,,,,0.0003,0.0003,,bootstrap_loss_not_l2_rms,1000000,,1000000,52.86048922559263,50,True,,hcm_s3_ae1_ab1_Tlr0p001__f116e699,ablation/td3_amo/halfcheetah-medium-v2/1e-3/seed_3/hcm_s3_ae1_ab1_Tlr0p001__f116e699,/raid/ext_csv/AMO_store/td3_amo_jax_loco_antmaze_alpha1_alr_seeds0to3/runs/td3amo_jax_hc-m_a1_alr1em3_s3,ext_csv,1e34514ddf70bfc8a78757d9a78b82306627164c
ablation,td3_amo,td3_amo_jax,ae1_ab1_Tlr0p002,locomotion,halfcheetah-medium-v2,0,jax,0.002,1.0,1.0,,,,,,False,,,,0.0003,0.0003,,bootstrap_loss_not_l2_rms,1000000,,1000000,57.282742094597616,50,True,,hcm_s0_ae1_ab1_Tlr0p002__59a79297,ablation/td3_amo/halfcheetah-medium-v2/2e-3/seed_0/hcm_s0_ae1_ab1_Tlr0p002__59a79297,/raid/ext_csv/AMO_store/td3_amo_jax_loco_antmaze_alpha1_alr_seeds0to3/runs/td3amo_jax_hc-m_a1_alr2em3_s0,ext_csv,1e34514ddf70bfc8a78757d9a78b82306627164c
ablation,td3_amo,td3_amo_jax,ae2_ab2_Tlr0p002,locomotion,halfcheetah-medium-v2,0,jax,0.002,2.0,2.0,,,,,,False,,,,0.0003,0.0003,,bootstrap_loss_not_l2_rms,1000000,,1000000,56.859635448002024,50,True,,hcm_s0_ae2_ab2_Tlr0p002__22a27c9a,ablation/td3_amo/halfcheetah-medium-v2/2e-3/seed_0/hcm_s0_ae2_ab2_Tlr0p002__22a27c9a,/raid/ext_csv/AMO_store/td3_amo_jax_loco9_alpha2_alr1em3_seeds0to3/runs/td3amo_jax_hc-m_a2_alr2em3_s0,ext_csv,1e34514ddf70bfc8a78757d9a78b82306627164c
ablation,td3_amo,td3_amo_jax,ae1_ab1_Tlr0p002,locomotion,halfcheetah-medium-v2,1,jax,0.002,1.0,1.0,,,,,,False,,,,0.0003,0.0003,,bootstrap_loss_not_l2_rms,1000000,,1000000,56.54649011142351,50,True,,hcm_s1_ae1_ab1_Tlr0p002__005cf501,ablation/td3_amo/halfcheetah-medium-v2/2e-3/seed_1/hcm_s1_ae1_ab1_Tlr0p002__005cf501,/raid/ext_csv/AMO_store/td3_amo_jax_loco_antmaze_alpha1_alr_seeds0to3/runs/td3amo_jax_hc-m_a1_alr2em3_s1,ext_csv,1e34514ddf70bfc8a78757d9a78b82306627164c
ablation,td3_amo,td3_amo_jax,ae2_ab2_Tlr0p002,locomotion,halfcheetah-medium-v2,1,jax,0.002,2.0,2.0,,,,,,False,,,,0.0003,0.0003,,bootstrap_loss_not_l2_rms,1000000,,1000000,57.139935626921314,50,True,,hcm_s1_ae2_ab2_Tlr0p002__67f8a3f5,ablation/td3_amo/halfcheetah-medium-v2/2e-3/seed_1/hcm_s1_ae2_ab2_Tlr0p002__67f8a3f5,/raid/ext_csv/AMO_store/td3_amo_jax_loco9_alpha2_alr1em3_seeds0to3/runs/td3amo_jax_hc-m_a2_alr2em3_s1,ext_csv,1e34514ddf70bfc8a78757d9a78b82306627164c
ablation,td3_amo,td3_amo_jax,ae1_ab1_Tlr0p002,locomotion,halfcheetah-medium-v2,2,jax,0.002,1.0,1.0,,,,,,False,,,,0.0003,0.0003,,bootstrap_loss_not_l2_rms,1000000,,1000000,55.92289121528613,50,True,,hcm_s2_ae1_ab1_Tlr0p002__3cfd8b5b,ablation/td3_amo/halfcheetah-medium-v2/2e-3/seed_2/hcm_s2_ae1_ab1_Tlr0p002__3cfd8b5b,/raid/ext_csv/AMO_store/td3_amo_jax_loco_antmaze_alpha1_alr_seeds0to3/runs/td3amo_jax_hc-m_a1_alr2em3_s2,ext_csv,1e34514ddf70bfc8a78757d9a78b82306627164c
ablation,td3_amo,td3_amo_jax,ae2_ab2_Tlr0p002,locomotion,halfcheetah-medium-v2,2,jax,0.002,2.0,2.0,,,,,,False,,,,0.0003,0.0003,,bootstrap_loss_not_l2_rms,1000000,,1000000,56.50766328383293,50,True,,hcm_s2_ae2_ab2_Tlr0p002__b4ab2520,ablation/td3_amo/halfcheetah-medium-v2/2e-3/seed_2/hcm_s2_ae2_ab2_Tlr0p002__b4ab2520,/raid/ext_csv/AMO_store/td3_amo_jax_loco9_alpha2_alr1em3_seeds0to3/runs/td3amo_jax_hc-m_a2_alr2em3_s2,ext_csv,1e34514ddf70bfc8a78757d9a78b82306627164c
ablation,td3_amo,td3_amo_jax,ae1_ab1_Tlr0p002,locomotion,halfcheetah-medium-v2,3,jax,0.002,1.0,1.0,,,,,,False,,,,0.0003,0.0003,,bootstrap_loss_not_l2_rms,1000000,,1000000,57.35624930745698,50,True,,hcm_s3_ae1_ab1_Tlr0p002__9478b98e,ablation/td3_amo/halfcheetah-medium-v2/2e-3/seed_3/hcm_s3_ae1_ab1_Tlr0p002__9478b98e,/raid/ext_csv/AMO_store/td3_amo_jax_loco_antmaze_alpha1_alr_seeds0to3/runs/td3amo_jax_hc-m_a1_alr2em3_s3,ext_csv,1e34514ddf70bfc8a78757d9a78b82306627164c
ablation,td3_amo,td3_amo_jax,ae2_ab2_Tlr0p002,locomotion,halfcheetah-medium-v2,3,jax,0.002,2.0,2.0,,,,,,False,,,,0.0003,0.0003,,bootstrap_loss_not_l2_rms,1000000,,1000000,57.792190365250725,50,True,,hcm_s3_ae2_ab2_Tlr0p002__b170dda3,ablation/td3_amo/halfcheetah-medium-v2/2e-3/seed_3/hcm_s3_ae2_ab2_Tlr0p002__b170dda3,/raid/ext_csv/AMO_store/td3_amo_jax_loco9_alpha2_alr1em3_seeds0to3/runs/td3amo_jax_hc-m_a2_alr2em3_s3,ext_csv,1e34514ddf70bfc8a78757d9a78b82306627164c
ablation,td3_amo,td3_amo_jax,ae1_ab1_Tlr0p0003,locomotion,hopper-medium-expert-v2,0,jax,0.0003,1.0,1.0,,,,,,False,,,,0.0003,0.0003,,bootstrap_loss_not_l2_rms,1000000,,1000000,98.3347030676382,50,True,,hopme_s0_ae1_ab1_Tlr0p0003__f54684a0,ablation/td3_amo/hopper-medium-expert-v2/3e-4/seed_0/hopme_s0_ae1_ab1_Tlr0p0003__f54684a0,/raid/ext_csv/AMO_store/td3_amo_jax_loco_antmaze_alpha1_alr_seeds0to3/runs/td3amo_jax_h-me_a1_alr3em4_s0,ext_csv,1e34514ddf70bfc8a78757d9a78b82306627164c
ablation,td3_amo,td3_amo_jax,ae1_ab1_Tlr0p0003,locomotion,hopper-medium-expert-v2,1,jax,0.0003,1.0,1.0,,,,,,False,,,,0.0003,0.0003,,bootstrap_loss_not_l2_rms,1000000,,1000000,84.28080722964114,50,True,,hopme_s1_ae1_ab1_Tlr0p0003__469867d0,ablation/td3_amo/hopper-medium-expert-v2/3e-4/seed_1/hopme_s1_ae1_ab1_Tlr0p0003__469867d0,/raid/ext_csv/AMO_store/td3_amo_jax_loco_antmaze_alpha1_alr_seeds0to3/runs/td3amo_jax_h-me_a1_alr3em4_s1,ext_csv,1e34514ddf70bfc8a78757d9a78b82306627164c
ablation,td3_amo,td3_amo_jax,ae1_ab1_Tlr0p0003,locomotion,hopper-medium-expert-v2,2,jax,0.0003,1.0,1.0,,,,,,False,,,,0.0003,0.0003,,bootstrap_loss_not_l2_rms,1000000,,1000000,96.37312155139128,50,True,,hopme_s2_ae1_ab1_Tlr0p0003__6652bec2,ablation/td3_amo/hopper-medium-expert-v2/3e-4/seed_2/hopme_s2_ae1_ab1_Tlr0p0003__6652bec2,/raid/ext_csv/AMO_store/td3_amo_jax_loco_antmaze_alpha1_alr_seeds0to3/runs/td3amo_jax_h-me_a1_alr3em4_s2,ext_csv,1e34514ddf70bfc8a78757d9a78b82306627164c
ablation,td3_amo,td3_amo_jax,ae1_ab1_Tlr0p0003,locomotion,hopper-medium-expert-v2,3,jax,0.0003,1.0,1.0,,,,,,False,,,,0.0003,0.0003,,bootstrap_loss_not_l2_rms,1000000,,1000000,72.33926784279056,50,True,,hopme_s3_ae1_ab1_Tlr0p0003__f6397df7,ablation/td3_amo/hopper-medium-expert-v2/3e-4/seed_3/hopme_s3_ae1_ab1_Tlr0p0003__f6397df7,/raid/ext_csv/AMO_store/td3_amo_jax_loco_antmaze_alpha1_alr_seeds0to3/runs/td3amo_jax_h-me_a1_alr3em4_s3,ext_csv,1e34514ddf70bfc8a78757d9a78b82306627164c
ablation,td3_amo,td3_amo_jax,ae1_ab1_Tlr0p001,locomotion,hopper-medium-expert-v2,0,jax,0.001,1.0,1.0,,,,,,False,,,,0.0003,0.0003,,bootstrap_loss_not_l2_rms,1000000,,1000000,105.66734737687578,50,True,,hopme_s0_ae1_ab1_Tlr0p001__debfe297,ablation/td3_amo/hopper-medium-expert-v2/1e-3/seed_0/hopme_s0_ae1_ab1_Tlr0p001__debfe297,/raid/ext_csv/AMO_store/td3_amo_jax_loco_antmaze_alpha1_alr_seeds0to3/runs/td3amo_jax_h-me_a1_alr1em3_s0,ext_csv,1e34514ddf70bfc8a78757d9a78b82306627164c
ablation,td3_amo,td3_amo_jax,ae2_ab2_Tlr0p001,locomotion,hopper-medium-expert-v2,0,jax,0.001,2.0,2.0,,,,,,False,,,,0.0003,0.0003,,bootstrap_loss_not_l2_rms,1000000,,1000000,111.80089278286528,50,True,,hopme_s0_ae2_ab2_Tlr0p001__7abc5835,ablation/td3_amo/hopper-medium-expert-v2/1e-3/seed_0/hopme_s0_ae2_ab2_Tlr0p001__7abc5835,/raid/ext_csv/AMO_store/td3_amo_jax_loco9_alpha2_alr1em3_seeds0to3/runs/td3amo_jax_h-me_a2_alr1em3_s0,ext_csv,1e34514ddf70bfc8a78757d9a78b82306627164c
ablation,td3_amo,td3_amo_jax,ae1_ab1_Tlr0p001,locomotion,hopper-medium-expert-v2,1,jax,0.001,1.0,1.0,,,,,,False,,,,0.0003,0.0003,,bootstrap_loss_not_l2_rms,1000000,,1000000,111.14607003740922,50,True,,hopme_s1_ae1_ab1_Tlr0p001__5eb1eb3e,ablation/td3_amo/hopper-medium-expert-v2/1e-3/seed_1/hopme_s1_ae1_ab1_Tlr0p001__5eb1eb3e,/raid/ext_csv/AMO_store/td3_amo_jax_loco_antmaze_alpha1_alr_seeds0to3/runs/td3amo_jax_h-me_a1_alr1em3_s1,ext_csv,1e34514ddf70bfc8a78757d9a78b82306627164c
ablation,td3_amo,td3_amo_jax,ae1_ab1_Tlr0p001,locomotion,hopper-medium-expert-v2,2,jax,0.001,1.0,1.0,,,,,,False,,,,0.0003,0.0003,,bootstrap_loss_not_l2_rms,1000000,,1000000,111.58040163445528,50,True,,hopme_s2_ae1_ab1_Tlr0p001__4a4246d3,ablation/td3_amo/hopper-medium-expert-v2/1e-3/seed_2/hopme_s2_ae1_ab1_Tlr0p001__4a4246d3,/raid/ext_csv/AMO_store/td3_amo_jax_loco_antmaze_alpha1_alr_seeds0to3/runs/td3amo_jax_h-me_a1_alr1em3_s2,ext_csv,1e34514ddf70bfc8a78757d9a78b82306627164c
ablation,td3_amo,td3_amo_jax,ae1_ab1_Tlr0p001,locomotion,hopper-medium-expert-v2,3,jax,0.001,1.0,1.0,,,,,,False,,,,0.0003,0.0003,,bootstrap_loss_not_l2_rms,1000000,,1000000,111.58689837158822,50,True,,hopme_s3_ae1_ab1_Tlr0p001__ef0863f7,ablation/td3_amo/hopper-medium-expert-v2/1e-3/seed_3/hopme_s3_ae1_ab1_Tlr0p001__ef0863f7,/raid/ext_csv/AMO_store/td3_amo_jax_loco_antmaze_alpha1_alr_seeds0to3/runs/td3amo_jax_h-me_a1_alr1em3_s3,ext_csv,1e34514ddf70bfc8a78757d9a78b82306627164c
ablation,td3_amo,td3_amo_jax,ae1_ab1_Tlr0p002,locomotion,hopper-medium-expert-v2,0,jax,0.002,1.0,1.0,,,,,,False,,,,0.0003,0.0003,,bootstrap_loss_not_l2_rms,1000000,,1000000,111.46605059377983,50,True,,hopme_s0_ae1_ab1_Tlr0p002__bfaa80f2,ablation/td3_amo/hopper-medium-expert-v2/2e-3/seed_0/hopme_s0_ae1_ab1_Tlr0p002__bfaa80f2,/raid/ext_csv/AMO_store/td3_amo_jax_loco_antmaze_alpha1_alr_seeds0to3/runs/td3amo_jax_h-me_a1_alr2em3_s0,ext_csv,1e34514ddf70bfc8a78757d9a78b82306627164c
ablation,td3_amo,td3_amo_jax,ae2_ab2_Tlr0p002,locomotion,hopper-medium-expert-v2,0,jax,0.002,2.0,2.0,,,,,,False,,,,0.0003,0.0003,,bootstrap_loss_not_l2_rms,1000000,,1000000,111.96141012649579,50,True,,hopme_s0_ae2_ab2_Tlr0p002__880bb7db,ablation/td3_amo/hopper-medium-expert-v2/2e-3/seed_0/hopme_s0_ae2_ab2_Tlr0p002__880bb7db,/raid/ext_csv/AMO_store/td3_amo_jax_loco9_alpha2_alr1em3_seeds0to3/runs/td3amo_jax_h-me_a2_alr2em3_s0,ext_csv,1e34514ddf70bfc8a78757d9a78b82306627164c
ablation,td3_amo,td3_amo_jax,ae1_ab1_Tlr0p002,locomotion,hopper-medium-expert-v2,1,jax,0.002,1.0,1.0,,,,,,False,,,,0.0003,0.0003,,bootstrap_loss_not_l2_rms,1000000,,1000000,83.08302953796128,50,True,,hopme_s1_ae1_ab1_Tlr0p002__8934a29e,ablation/td3_amo/hopper-medium-expert-v2/2e-3/seed_1/hopme_s1_ae1_ab1_Tlr0p002__8934a29e,/raid/ext_csv/AMO_store/td3_amo_jax_loco_antmaze_alpha1_alr_seeds0to3/runs/td3amo_jax_h-me_a1_alr2em3_s1,ext_csv,1e34514ddf70bfc8a78757d9a78b82306627164c
ablation,td3_amo,td3_amo_jax,ae2_ab2_Tlr0p002,locomotion,hopper-medium-expert-v2,1,jax,0.002,2.0,2.0,,,,,,False,,,,0.0003,0.0003,,bootstrap_loss_not_l2_rms,1000000,,1000000,111.66667263490669,50,True,,hopme_s1_ae2_ab2_Tlr0p002__41c91e42,ablation/td3_amo/hopper-medium-expert-v2/2e-3/seed_1/hopme_s1_ae2_ab2_Tlr0p002__41c91e42,/raid/ext_csv/AMO_store/td3_amo_jax_loco9_alpha2_alr1em3_seeds0to3/runs/td3amo_jax_h-me_a2_alr2em3_s1,ext_csv,1e34514ddf70bfc8a78757d9a78b82306627164c
ablation,td3_amo,td3_amo_jax,ae1_ab1_Tlr0p002,locomotion,hopper-medium-expert-v2,2,jax,0.002,1.0,1.0,,,,,,False,,,,0.0003,0.0003,,bootstrap_loss_not_l2_rms,1000000,,1000000,111.92059846082823,50,True,,hopme_s2_ae1_ab1_Tlr0p002__900fc919,ablation/td3_amo/hopper-medium-expert-v2/2e-3/seed_2/hopme_s2_ae1_ab1_Tlr0p002__900fc919,/raid/ext_csv/AMO_store/td3_amo_jax_loco_antmaze_alpha1_alr_seeds0to3/runs/td3amo_jax_h-me_a1_alr2em3_s2,ext_csv,1e34514ddf70bfc8a78757d9a78b82306627164c
ablation,td3_amo,td3_amo_jax,ae2_ab2_Tlr0p002,locomotion,hopper-medium-expert-v2,2,jax,0.002,2.0,2.0,,,,,,False,,,,0.0003,0.0003,,bootstrap_loss_not_l2_rms,1000000,,1000000,110.87400967091041,50,True,,hopme_s2_ae2_ab2_Tlr0p002__60e3e9bb,ablation/td3_amo/hopper-medium-expert-v2/2e-3/seed_2/hopme_s2_ae2_ab2_Tlr0p002__60e3e9bb,/raid/ext_csv/AMO_store/td3_amo_jax_loco9_alpha2_alr1em3_seeds0to3/runs/td3amo_jax_h-me_a2_alr2em3_s2,ext_csv,1e34514ddf70bfc8a78757d9a78b82306627164c
ablation,td3_amo,td3_amo_jax,ae1_ab1_Tlr0p002,locomotion,hopper-medium-expert-v2,3,jax,0.002,1.0,1.0,,,,,,False,,,,0.0003,0.0003,,bootstrap_loss_not_l2_rms,1000000,,1000000,50.97578234888148,50,True,,hopme_s3_ae1_ab1_Tlr0p002__142727c6,ablation/td3_amo/hopper-medium-expert-v2/2e-3/seed_3/hopme_s3_ae1_ab1_Tlr0p002__142727c6,/raid/ext_csv/AMO_store/td3_amo_jax_loco_antmaze_alpha1_alr_seeds0to3/runs/td3amo_jax_h-me_a1_alr2em3_s3,ext_csv,1e34514ddf70bfc8a78757d9a78b82306627164c
ablation,td3_amo,td3_amo_jax,ae2_ab2_Tlr0p002,locomotion,hopper-medium-expert-v2,3,jax,0.002,2.0,2.0,,,,,,False,,,,0.0003,0.0003,,bootstrap_loss_not_l2_rms,1000000,,1000000,109.71072538395745,50,True,,hopme_s3_ae2_ab2_Tlr0p002__f2b0fc6b,ablation/td3_amo/hopper-medium-expert-v2/2e-3/seed_3/hopme_s3_ae2_ab2_Tlr0p002__f2b0fc6b,/raid/ext_csv/AMO_store/td3_amo_jax_loco9_alpha2_alr1em3_seeds0to3/runs/td3amo_jax_h-me_a2_alr2em3_s3,ext_csv,1e34514ddf70bfc8a78757d9a78b82306627164c
ablation,td3_amo,td3_amo_jax,ae1_ab1_Tlr0p0003,locomotion,hopper-medium-replay-v2,0,jax,0.0003,1.0,1.0,,,,,,False,,,,0.0003,0.0003,,bootstrap_loss_not_l2_rms,1000000,,1000000,99.14759722825451,50,True,,hopmr_s0_ae1_ab1_Tlr0p0003__d9311d3b,ablation/td3_amo/hopper-medium-replay-v2/3e-4/seed_0/hopmr_s0_ae1_ab1_Tlr0p0003__d9311d3b,/raid/ext_csv/AMO_store/td3_amo_jax_loco_antmaze_alpha1_alr_seeds0to3/runs/td3amo_jax_h-mr_a1_alr3em4_s0,ext_csv,1e34514ddf70bfc8a78757d9a78b82306627164c
ablation,td3_amo,td3_amo_jax,ae1_ab1_Tlr0p0003,locomotion,hopper-medium-replay-v2,1,jax,0.0003,1.0,1.0,,,,,,False,,,,0.0003,0.0003,,bootstrap_loss_not_l2_rms,1000000,,1000000,44.66748976054233,50,True,,hopmr_s1_ae1_ab1_Tlr0p0003__35f5ea36,ablation/td3_amo/hopper-medium-replay-v2/3e-4/seed_1/hopmr_s1_ae1_ab1_Tlr0p0003__35f5ea36,/raid/ext_csv/AMO_store/td3_amo_jax_loco_antmaze_alpha1_alr_seeds0to3/runs/td3amo_jax_h-mr_a1_alr3em4_s1,ext_csv,1e34514ddf70bfc8a78757d9a78b82306627164c
ablation,td3_amo,td3_amo_jax,ae2_ab2_Tlr0p0003,locomotion,hopper-medium-replay-v2,1,jax,0.0003,2.0,2.0,,,,,,False,,,,0.0003,0.0003,,bootstrap_loss_not_l2_rms,1000000,,1000000,93.66230226648167,50,True,,hopmr_s1_ae2_ab2_Tlr0p0003__af7fce14,ablation/td3_amo/hopper-medium-replay-v2/3e-4/seed_1/hopmr_s1_ae2_ab2_Tlr0p0003__af7fce14,/raid/ext_csv/AMO_store/td3_amo_jax_loco9_alpha2_alr1em3_seeds0to3/runs/td3amo_jax_h-mr_a2_alr3em4_s1,ext_csv,1e34514ddf70bfc8a78757d9a78b82306627164c
ablation,td3_amo,td3_amo_jax,ae1_ab1_Tlr0p0003,locomotion,hopper-medium-replay-v2,2,jax,0.0003,1.0,1.0,,,,,,False,,,,0.0003,0.0003,,bootstrap_loss_not_l2_rms,1000000,,1000000,99.02549196227699,50,True,,hopmr_s2_ae1_ab1_Tlr0p0003__6102c47c,ablation/td3_amo/hopper-medium-replay-v2/3e-4/seed_2/hopmr_s2_ae1_ab1_Tlr0p0003__6102c47c,/raid/ext_csv/AMO_store/td3_amo_jax_loco_antmaze_alpha1_alr_seeds0to3/runs/td3amo_jax_h-mr_a1_alr3em4_s2,ext_csv,1e34514ddf70bfc8a78757d9a78b82306627164c
ablation,td3_amo,td3_amo_jax,ae2_ab2_Tlr0p0003,locomotion,hopper-medium-replay-v2,2,jax,0.0003,2.0,2.0,,,,,,False,,,,0.0003,0.0003,,bootstrap_loss_not_l2_rms,1000000,,1000000,98.99610805543381,50,True,,hopmr_s2_ae2_ab2_Tlr0p0003__979d12c2,ablation/td3_amo/hopper-medium-replay-v2/3e-4/seed_2/hopmr_s2_ae2_ab2_Tlr0p0003__979d12c2,/raid/ext_csv/AMO_store/td3_amo_jax_loco9_alpha2_alr1em3_seeds0to3/runs/td3amo_jax_h-mr_a2_alr3em4_s2,ext_csv,1e34514ddf70bfc8a78757d9a78b82306627164c
ablation,td3_amo,td3_amo_jax,ae1_ab1_Tlr0p0003,locomotion,hopper-medium-replay-v2,3,jax,0.0003,1.0,1.0,,,,,,False,,,,0.0003,0.0003,,bootstrap_loss_not_l2_rms,1000000,,1000000,96.23832995083968,50,True,,hopmr_s3_ae1_ab1_Tlr0p0003__e1e448b5,ablation/td3_amo/hopper-medium-replay-v2/3e-4/seed_3/hopmr_s3_ae1_ab1_Tlr0p0003__e1e448b5,/raid/ext_csv/AMO_store/td3_amo_jax_loco_antmaze_alpha1_alr_seeds0to3/runs/td3amo_jax_h-mr_a1_alr3em4_s3,ext_csv,1e34514ddf70bfc8a78757d9a78b82306627164c
ablation,td3_amo,td3_amo_jax,ae2_ab2_Tlr0p0003,locomotion,hopper-medium-replay-v2,3,jax,0.0003,2.0,2.0,,,,,,False,,,,0.0003,0.0003,,bootstrap_loss_not_l2_rms,1000000,,1000000,100.4743575297424,50,True,,hopmr_s3_ae2_ab2_Tlr0p0003__b1952a7b,ablation/td3_amo/hopper-medium-replay-v2/3e-4/seed_3/hopmr_s3_ae2_ab2_Tlr0p0003__b1952a7b,/raid/ext_csv/AMO_store/td3_amo_jax_loco9_alpha2_alr1em3_seeds0to3/runs/td3amo_jax_h-mr_a2_alr3em4_s3,ext_csv,1e34514ddf70bfc8a78757d9a78b82306627164c
ablation,td3_amo,td3_amo_jax,ae1_ab1_Tlr0p001,locomotion,hopper-medium-replay-v2,0,jax,0.001,1.0,1.0,,,,,,False,,,,0.0003,0.0003,,bootstrap_loss_not_l2_rms,1000000,,1000000,101.09034810478961,50,True,,hopmr_s0_ae1_ab1_Tlr0p001__13b8b0bc,ablation/td3_amo/hopper-medium-replay-v2/1e-3/seed_0/hopmr_s0_ae1_ab1_Tlr0p001__13b8b0bc,/raid/ext_csv/AMO_store/td3_amo_jax_loco_antmaze_alpha1_alr_seeds0to3/runs/td3amo_jax_h-mr_a1_alr1em3_s0,ext_csv,1e34514ddf70bfc8a78757d9a78b82306627164c
ablation,td3_amo,td3_amo_jax,ae2_ab2_Tlr0p001,locomotion,hopper-medium-replay-v2,0,jax,0.001,2.0,2.0,,,,,,False,,,,0.0003,0.0003,,bootstrap_loss_not_l2_rms,1000000,,1000000,101.55916049362968,50,True,,hopmr_s0_ae2_ab2_Tlr0p001__c47acd1d,ablation/td3_amo/hopper-medium-replay-v2/1e-3/seed_0/hopmr_s0_ae2_ab2_Tlr0p001__c47acd1d,/raid/ext_csv/AMO_store/td3_amo_jax_loco9_alpha2_alr1em3_seeds0to3/runs/td3amo_jax_h-mr_a2_alr1em3_s0,ext_csv,1e34514ddf70bfc8a78757d9a78b82306627164c
ablation,td3_amo,td3_amo_jax,ae1_ab1_Tlr0p001,locomotion,hopper-medium-replay-v2,1,jax,0.001,1.0,1.0,,,,,,False,,,,0.0003,0.0003,,bootstrap_loss_not_l2_rms,1000000,,1000000,98.28398337423879,50,True,,hopmr_s1_ae1_ab1_Tlr0p001__7cc6793b,ablation/td3_amo/hopper-medium-replay-v2/1e-3/seed_1/hopmr_s1_ae1_ab1_Tlr0p001__7cc6793b,/raid/ext_csv/AMO_store/td3_amo_jax_loco_antmaze_alpha1_alr_seeds0to3/runs/td3amo_jax_h-mr_a1_alr1em3_s1,ext_csv,1e34514ddf70bfc8a78757d9a78b82306627164c
ablation,td3_amo,td3_amo_jax,ae1_ab1_Tlr0p001,locomotion,hopper-medium-replay-v2,2,jax,0.001,1.0,1.0,,,,,,False,,,,0.0003,0.0003,,bootstrap_loss_not_l2_rms,1000000,,1000000,100.25478449684458,50,True,,hopmr_s2_ae1_ab1_Tlr0p001__f7fe2ec8,ablation/td3_amo/hopper-medium-replay-v2/1e-3/seed_2/hopmr_s2_ae1_ab1_Tlr0p001__f7fe2ec8,/raid/ext_csv/AMO_store/td3_amo_jax_loco_antmaze_alpha1_alr_seeds0to3/runs/td3amo_jax_h-mr_a1_alr1em3_s2,ext_csv,1e34514ddf70bfc8a78757d9a78b82306627164c
ablation,td3_amo,td3_amo_jax,ae1_ab1_Tlr0p001,locomotion,hopper-medium-replay-v2,3,jax,0.001,1.0,1.0,,,,,,False,,,,0.0003,0.0003,,bootstrap_loss_not_l2_rms,1000000,,1000000,101.3742353518941,50,True,,hopmr_s3_ae1_ab1_Tlr0p001__39fda357,ablation/td3_amo/hopper-medium-replay-v2/1e-3/seed_3/hopmr_s3_ae1_ab1_Tlr0p001__39fda357,/raid/ext_csv/AMO_store/td3_amo_jax_loco_antmaze_alpha1_alr_seeds0to3/runs/td3amo_jax_h-mr_a1_alr1em3_s3,ext_csv,1e34514ddf70bfc8a78757d9a78b82306627164c
ablation,td3_amo,td3_amo_jax,ae1_ab1_Tlr0p002,locomotion,hopper-medium-replay-v2,0,jax,0.002,1.0,1.0,,,,,,False,,,,0.0003,0.0003,,bootstrap_loss_not_l2_rms,1000000,,1000000,102.20833722794225,50,True,,hopmr_s0_ae1_ab1_Tlr0p002__d659c820,ablation/td3_amo/hopper-medium-replay-v2/2e-3/seed_0/hopmr_s0_ae1_ab1_Tlr0p002__d659c820,/raid/ext_csv/AMO_store/td3_amo_jax_loco_antmaze_alpha1_alr_seeds0to3/runs/td3amo_jax_h-mr_a1_alr2em3_s0,ext_csv,1e34514ddf70bfc8a78757d9a78b82306627164c
ablation,td3_amo,td3_amo_jax,ae2_ab2_Tlr0p002,locomotion,hopper-medium-replay-v2,0,jax,0.002,2.0,2.0,,,,,,False,,,,0.0003,0.0003,,bootstrap_loss_not_l2_rms,1000000,,1000000,101.69770754882124,50,True,,hopmr_s0_ae2_ab2_Tlr0p002__451a8f3c,ablation/td3_amo/hopper-medium-replay-v2/2e-3/seed_0/hopmr_s0_ae2_ab2_Tlr0p002__451a8f3c,/raid/ext_csv/AMO_store/td3_amo_jax_loco9_alpha2_alr1em3_seeds0to3/runs/td3amo_jax_h-mr_a2_alr2em3_s0,ext_csv,1e34514ddf70bfc8a78757d9a78b82306627164c
ablation,td3_amo,td3_amo_jax,ae1_ab1_Tlr0p002,locomotion,hopper-medium-replay-v2,1,jax,0.002,1.0,1.0,,,,,,False,,,,0.0003,0.0003,,bootstrap_loss_not_l2_rms,1000000,,1000000,98.43171908787623,50,True,,hopmr_s1_ae1_ab1_Tlr0p002__207ec490,ablation/td3_amo/hopper-medium-replay-v2/2e-3/seed_1/hopmr_s1_ae1_ab1_Tlr0p002__207ec490,/raid/ext_csv/AMO_store/td3_amo_jax_loco_antmaze_alpha1_alr_seeds0to3/runs/td3amo_jax_h-mr_a1_alr2em3_s1,ext_csv,1e34514ddf70bfc8a78757d9a78b82306627164c
ablation,td3_amo,td3_amo_jax,ae2_ab2_Tlr0p002,locomotion,hopper-medium-replay-v2,1,jax,0.002,2.0,2.0,,,,,,False,,,,0.0003,0.0003,,bootstrap_loss_not_l2_rms,1000000,,1000000,100.94289167333388,50,True,,hopmr_s1_ae2_ab2_Tlr0p002__4992167b,ablation/td3_amo/hopper-medium-replay-v2/2e-3/seed_1/hopmr_s1_ae2_ab2_Tlr0p002__4992167b,/raid/ext_csv/AMO_store/td3_amo_jax_loco9_alpha2_alr1em3_seeds0to3/runs/td3amo_jax_h-mr_a2_alr2em3_s1,ext_csv,1e34514ddf70bfc8a78757d9a78b82306627164c
ablation,td3_amo,td3_amo_jax,ae1_ab1_Tlr0p002,locomotion,hopper-medium-replay-v2,2,jax,0.002,1.0,1.0,,,,,,False,,,,0.0003,0.0003,,bootstrap_loss_not_l2_rms,1000000,,1000000,101.82388317788555,50,True,,hopmr_s2_ae1_ab1_Tlr0p002__ab7845e2,ablation/td3_amo/hopper-medium-replay-v2/2e-3/seed_2/hopmr_s2_ae1_ab1_Tlr0p002__ab7845e2,/raid/ext_csv/AMO_store/td3_amo_jax_loco_antmaze_alpha1_alr_seeds0to3/runs/td3amo_jax_h-mr_a1_alr2em3_s2,ext_csv,1e34514ddf70bfc8a78757d9a78b82306627164c
ablation,td3_amo,td3_amo_jax,ae2_ab2_Tlr0p002,locomotion,hopper-medium-replay-v2,2,jax,0.002,2.0,2.0,,,,,,False,,,,0.0003,0.0003,,bootstrap_loss_not_l2_rms,1000000,,1000000,100.77917510406729,50,True,,hopmr_s2_ae2_ab2_Tlr0p002__fb94a3d5,ablation/td3_amo/hopper-medium-replay-v2/2e-3/seed_2/hopmr_s2_ae2_ab2_Tlr0p002__fb94a3d5,/raid/ext_csv/AMO_store/td3_amo_jax_loco9_alpha2_alr1em3_seeds0to3/runs/td3amo_jax_h-mr_a2_alr2em3_s2,ext_csv,1e34514ddf70bfc8a78757d9a78b82306627164c
ablation,td3_amo,td3_amo_jax,ae1_ab1_Tlr0p002,locomotion,hopper-medium-replay-v2,3,jax,0.002,1.0,1.0,,,,,,False,,,,0.0003,0.0003,,bootstrap_loss_not_l2_rms,1000000,,1000000,100.85146328425152,50,True,,hopmr_s3_ae1_ab1_Tlr0p002__0a2f2c40,ablation/td3_amo/hopper-medium-replay-v2/2e-3/seed_3/hopmr_s3_ae1_ab1_Tlr0p002__0a2f2c40,/raid/ext_csv/AMO_store/td3_amo_jax_loco_antmaze_alpha1_alr_seeds0to3/runs/td3amo_jax_h-mr_a1_alr2em3_s3,ext_csv,1e34514ddf70bfc8a78757d9a78b82306627164c
ablation,td3_amo,td3_amo_jax,ae2_ab2_Tlr0p002,locomotion,hopper-medium-replay-v2,3,jax,0.002,2.0,2.0,,,,,,False,,,,0.0003,0.0003,,bootstrap_loss_not_l2_rms,1000000,,1000000,103.28832179856668,50,True,,hopmr_s3_ae2_ab2_Tlr0p002__af9ba9a5,ablation/td3_amo/hopper-medium-replay-v2/2e-3/seed_3/hopmr_s3_ae2_ab2_Tlr0p002__af9ba9a5,/raid/ext_csv/AMO_store/td3_amo_jax_loco9_alpha2_alr1em3_seeds0to3/runs/td3amo_jax_h-mr_a2_alr2em3_s3,ext_csv,1e34514ddf70bfc8a78757d9a78b82306627164c
ablation,td3_amo,td3_amo_jax,ae1_ab1_Tlr0p0003,locomotion,hopper-medium-v2,0,jax,0.0003,1.0,1.0,,,,,,False,,,,0.0003,0.0003,,bootstrap_loss_not_l2_rms,1000000,,1000000,60.396986240491756,50,True,,hopm_s0_ae1_ab1_Tlr0p0003__f0d43b7d,ablation/td3_amo/hopper-medium-v2/3e-4/seed_0/hopm_s0_ae1_ab1_Tlr0p0003__f0d43b7d,/raid/ext_csv/AMO_store/td3_amo_jax_loco_antmaze_alpha1_alr_seeds0to3/runs/td3amo_jax_h-m_a1_alr3em4_s0,ext_csv,1e34514ddf70bfc8a78757d9a78b82306627164c
ablation,td3_amo,td3_amo_jax,ae1_ab1_Tlr0p0003,locomotion,hopper-medium-v2,1,jax,0.0003,1.0,1.0,,,,,,False,,,,0.0003,0.0003,,bootstrap_loss_not_l2_rms,1000000,,1000000,64.45378673549159,50,True,,hopm_s1_ae1_ab1_Tlr0p0003__7751bf0b,ablation/td3_amo/hopper-medium-v2/3e-4/seed_1/hopm_s1_ae1_ab1_Tlr0p0003__7751bf0b,/raid/ext_csv/AMO_store/td3_amo_jax_loco_antmaze_alpha1_alr_seeds0to3/runs/td3amo_jax_h-m_a1_alr3em4_s1,ext_csv,1e34514ddf70bfc8a78757d9a78b82306627164c
ablation,td3_amo,td3_amo_jax,ae2_ab2_Tlr0p0003,locomotion,hopper-medium-v2,1,jax,0.0003,2.0,2.0,,,,,,False,,,,0.0003,0.0003,,bootstrap_loss_not_l2_rms,1000000,,1000000,69.13887961895433,50,True,,hopm_s1_ae2_ab2_Tlr0p0003__1bcaec3b,ablation/td3_amo/hopper-medium-v2/3e-4/seed_1/hopm_s1_ae2_ab2_Tlr0p0003__1bcaec3b,/raid/ext_csv/AMO_store/td3_amo_jax_loco9_alpha2_alr1em3_seeds0to3/runs/td3amo_jax_h-m_a2_alr3em4_s1,ext_csv,1e34514ddf70bfc8a78757d9a78b82306627164c
ablation,td3_amo,td3_amo_jax,ae1_ab1_Tlr0p0003,locomotion,hopper-medium-v2,2,jax,0.0003,1.0,1.0,,,,,,False,,,,0.0003,0.0003,,bootstrap_loss_not_l2_rms,1000000,,1000000,57.40939559665716,50,True,,hopm_s2_ae1_ab1_Tlr0p0003__fac84e18,ablation/td3_amo/hopper-medium-v2/3e-4/seed_2/hopm_s2_ae1_ab1_Tlr0p0003__fac84e18,/raid/ext_csv/AMO_store/td3_amo_jax_loco_antmaze_alpha1_alr_seeds0to3/runs/td3amo_jax_h-m_a1_alr3em4_s2,ext_csv,1e34514ddf70bfc8a78757d9a78b82306627164c
ablation,td3_amo,td3_amo_jax,ae2_ab2_Tlr0p0003,locomotion,hopper-medium-v2,2,jax,0.0003,2.0,2.0,,,,,,False,,,,0.0003,0.0003,,bootstrap_loss_not_l2_rms,1000000,,1000000,58.2490434556682,50,True,,hopm_s2_ae2_ab2_Tlr0p0003__cd16a5c7,ablation/td3_amo/hopper-medium-v2/3e-4/seed_2/hopm_s2_ae2_ab2_Tlr0p0003__cd16a5c7,/raid/ext_csv/AMO_store/td3_amo_jax_loco9_alpha2_alr1em3_seeds0to3/runs/td3amo_jax_h-m_a2_alr3em4_s2,ext_csv,1e34514ddf70bfc8a78757d9a78b82306627164c
ablation,td3_amo,td3_amo_jax,ae1_ab1_Tlr0p0003,locomotion,hopper-medium-v2,3,jax,0.0003,1.0,1.0,,,,,,False,,,,0.0003,0.0003,,bootstrap_loss_not_l2_rms,1000000,,1000000,55.70892439548513,50,True,,hopm_s3_ae1_ab1_Tlr0p0003__b4c2c3c5,ablation/td3_amo/hopper-medium-v2/3e-4/seed_3/hopm_s3_ae1_ab1_Tlr0p0003__b4c2c3c5,/raid/ext_csv/AMO_store/td3_amo_jax_loco_antmaze_alpha1_alr_seeds0to3/runs/td3amo_jax_h-m_a1_alr3em4_s3,ext_csv,1e34514ddf70bfc8a78757d9a78b82306627164c
ablation,td3_amo,td3_amo_jax,ae2_ab2_Tlr0p0003,locomotion,hopper-medium-v2,3,jax,0.0003,2.0,2.0,,,,,,False,,,,0.0003,0.0003,,bootstrap_loss_not_l2_rms,1000000,,1000000,63.78199990965007,50,True,,hopm_s3_ae2_ab2_Tlr0p0003__a75816b8,ablation/td3_amo/hopper-medium-v2/3e-4/seed_3/hopm_s3_ae2_ab2_Tlr0p0003__a75816b8,/raid/ext_csv/AMO_store/td3_amo_jax_loco9_alpha2_alr1em3_seeds0to3/runs/td3amo_jax_h-m_a2_alr3em4_s3,ext_csv,1e34514ddf70bfc8a78757d9a78b82306627164c
ablation,td3_amo,td3_amo_jax,ae1_ab1_Tlr0p001,locomotion,hopper-medium-v2,0,jax,0.001,1.0,1.0,,,,,,False,,,,0.0003,0.0003,,bootstrap_loss_not_l2_rms,1000000,,1000000,72.7103144930143,50,True,,hopm_s0_ae1_ab1_Tlr0p001__c989c5da,ablation/td3_amo/hopper-medium-v2/1e-3/seed_0/hopm_s0_ae1_ab1_Tlr0p001__c989c5da,/raid/ext_csv/AMO_store/td3_amo_jax_loco_antmaze_alpha1_alr_seeds0to3/runs/td3amo_jax_h-m_a1_alr1em3_s0,ext_csv,1e34514ddf70bfc8a78757d9a78b82306627164c
ablation,td3_amo,td3_amo_jax,ae2_ab2_Tlr0p001,locomotion,hopper-medium-v2,0,jax,0.001,2.0,2.0,,,,,,False,,,,0.0003,0.0003,,bootstrap_loss_not_l2_rms,1000000,,1000000,83.03359865052275,50,True,,hopm_s0_ae2_ab2_Tlr0p001__b4a96508,ablation/td3_amo/hopper-medium-v2/1e-3/seed_0/hopm_s0_ae2_ab2_Tlr0p001__b4a96508,/raid/ext_csv/AMO_store/td3_amo_jax_loco9_alpha2_alr1em3_seeds0to3/runs/td3amo_jax_h-m_a2_alr1em3_s0,ext_csv,1e34514ddf70bfc8a78757d9a78b82306627164c
ablation,td3_amo,td3_amo_jax,ae1_ab1_Tlr0p001,locomotion,hopper-medium-v2,1,jax,0.001,1.0,1.0,,,,,,False,,,,0.0003,0.0003,,bootstrap_loss_not_l2_rms,1000000,,1000000,68.2234097409924,50,True,,hopm_s1_ae1_ab1_Tlr0p001__b09de4d7,ablation/td3_amo/hopper-medium-v2/1e-3/seed_1/hopm_s1_ae1_ab1_Tlr0p001__b09de4d7,/raid/ext_csv/AMO_store/td3_amo_jax_loco_antmaze_alpha1_alr_seeds0to3/runs/td3amo_jax_h-m_a1_alr1em3_s1,ext_csv,1e34514ddf70bfc8a78757d9a78b82306627164c
ablation,td3_amo,td3_amo_jax,ae1_ab1_Tlr0p001,locomotion,hopper-medium-v2,2,jax,0.001,1.0,1.0,,,,,,False,,,,0.0003,0.0003,,bootstrap_loss_not_l2_rms,1000000,,1000000,68.46786609278634,50,True,,hopm_s2_ae1_ab1_Tlr0p001__1ebb761d,ablation/td3_amo/hopper-medium-v2/1e-3/seed_2/hopm_s2_ae1_ab1_Tlr0p001__1ebb761d,/raid/ext_csv/AMO_store/td3_amo_jax_loco_antmaze_alpha1_alr_seeds0to3/runs/td3amo_jax_h-m_a1_alr1em3_s2,ext_csv,1e34514ddf70bfc8a78757d9a78b82306627164c
ablation,td3_amo,td3_amo_jax,ae1_ab1_Tlr0p001,locomotion,hopper-medium-v2,3,jax,0.001,1.0,1.0,,,,,,False,,,,0.0003,0.0003,,bootstrap_loss_not_l2_rms,1000000,,1000000,74.89004667122259,50,True,,hopm_s3_ae1_ab1_Tlr0p001__f5c927bb,ablation/td3_amo/hopper-medium-v2/1e-3/seed_3/hopm_s3_ae1_ab1_Tlr0p001__f5c927bb,/raid/ext_csv/AMO_store/td3_amo_jax_loco_antmaze_alpha1_alr_seeds0to3/runs/td3amo_jax_h-m_a1_alr1em3_s3,ext_csv,1e34514ddf70bfc8a78757d9a78b82306627164c
ablation,td3_amo,td3_amo_jax,ae1_ab1_Tlr0p002,locomotion,hopper-medium-v2,0,jax,0.002,1.0,1.0,,,,,,False,,,,0.0003,0.0003,,bootstrap_loss_not_l2_rms,1000000,,1000000,100.70751410418812,50,True,,hopm_s0_ae1_ab1_Tlr0p002__d13125b6,ablation/td3_amo/hopper-medium-v2/2e-3/seed_0/hopm_s0_ae1_ab1_Tlr0p002__d13125b6,/raid/ext_csv/AMO_store/td3_amo_jax_loco_antmaze_alpha1_alr_seeds0to3/runs/td3amo_jax_h-m_a1_alr2em3_s0,ext_csv,1e34514ddf70bfc8a78757d9a78b82306627164c
ablation,td3_amo,td3_amo_jax,ae2_ab2_Tlr0p002,locomotion,hopper-medium-v2,0,jax,0.002,2.0,2.0,,,,,,False,,,,0.0003,0.0003,,bootstrap_loss_not_l2_rms,1000000,,1000000,97.07036847482125,50,True,,hopm_s0_ae2_ab2_Tlr0p002__e34a221c,ablation/td3_amo/hopper-medium-v2/2e-3/seed_0/hopm_s0_ae2_ab2_Tlr0p002__e34a221c,/raid/ext_csv/AMO_store/td3_amo_jax_loco9_alpha2_alr1em3_seeds0to3/runs/td3amo_jax_h-m_a2_alr2em3_s0,ext_csv,1e34514ddf70bfc8a78757d9a78b82306627164c
ablation,td3_amo,td3_amo_jax,ae1_ab1_Tlr0p002,locomotion,hopper-medium-v2,1,jax,0.002,1.0,1.0,,,,,,False,,,,0.0003,0.0003,,bootstrap_loss_not_l2_rms,1000000,,1000000,100.7774912306713,50,True,,hopm_s1_ae1_ab1_Tlr0p002__df251ddf,ablation/td3_amo/hopper-medium-v2/2e-3/seed_1/hopm_s1_ae1_ab1_Tlr0p002__df251ddf,/raid/ext_csv/AMO_store/td3_amo_jax_loco_antmaze_alpha1_alr_seeds0to3/runs/td3amo_jax_h-m_a1_alr2em3_s1,ext_csv,1e34514ddf70bfc8a78757d9a78b82306627164c
ablation,td3_amo,td3_amo_jax,ae2_ab2_Tlr0p002,locomotion,hopper-medium-v2,1,jax,0.002,2.0,2.0,,,,,,False,,,,0.0003,0.0003,,bootstrap_loss_not_l2_rms,1000000,,1000000,99.4202254435285,50,True,,hopm_s1_ae2_ab2_Tlr0p002__6d462f34,ablation/td3_amo/hopper-medium-v2/2e-3/seed_1/hopm_s1_ae2_ab2_Tlr0p002__6d462f34,/raid/ext_csv/AMO_store/td3_amo_jax_loco9_alpha2_alr1em3_seeds0to3/runs/td3amo_jax_h-m_a2_alr2em3_s1,ext_csv,1e34514ddf70bfc8a78757d9a78b82306627164c
ablation,td3_amo,td3_amo_jax,ae1_ab1_Tlr0p002,locomotion,hopper-medium-v2,2,jax,0.002,1.0,1.0,,,,,,False,,,,0.0003,0.0003,,bootstrap_loss_not_l2_rms,1000000,,1000000,99.03031913323743,50,True,,hopm_s2_ae1_ab1_Tlr0p002__48d30a9b,ablation/td3_amo/hopper-medium-v2/2e-3/seed_2/hopm_s2_ae1_ab1_Tlr0p002__48d30a9b,/raid/ext_csv/AMO_store/td3_amo_jax_loco_antmaze_alpha1_alr_seeds0to3/runs/td3amo_jax_h-m_a1_alr2em3_s2,ext_csv,1e34514ddf70bfc8a78757d9a78b82306627164c
ablation,td3_amo,td3_amo_jax,ae2_ab2_Tlr0p002,locomotion,hopper-medium-v2,2,jax,0.002,2.0,2.0,,,,,,False,,,,0.0003,0.0003,,bootstrap_loss_not_l2_rms,1000000,,1000000,101.24233674875313,50,True,,hopm_s2_ae2_ab2_Tlr0p002__71910583,ablation/td3_amo/hopper-medium-v2/2e-3/seed_2/hopm_s2_ae2_ab2_Tlr0p002__71910583,/raid/ext_csv/AMO_store/td3_amo_jax_loco9_alpha2_alr1em3_seeds0to3/runs/td3amo_jax_h-m_a2_alr2em3_s2,ext_csv,1e34514ddf70bfc8a78757d9a78b82306627164c
ablation,td3_amo,td3_amo_jax,ae1_ab1_Tlr0p002,locomotion,hopper-medium-v2,3,jax,0.002,1.0,1.0,,,,,,False,,,,0.0003,0.0003,,bootstrap_loss_not_l2_rms,1000000,,1000000,94.44975787101959,50,True,,hopm_s3_ae1_ab1_Tlr0p002__ebac76fc,ablation/td3_amo/hopper-medium-v2/2e-3/seed_3/hopm_s3_ae1_ab1_Tlr0p002__ebac76fc,/raid/ext_csv/AMO_store/td3_amo_jax_loco_antmaze_alpha1_alr_seeds0to3/runs/td3amo_jax_h-m_a1_alr2em3_s3,ext_csv,1e34514ddf70bfc8a78757d9a78b82306627164c
ablation,td3_amo,td3_amo_jax,ae2_ab2_Tlr0p002,locomotion,hopper-medium-v2,3,jax,0.002,2.0,2.0,,,,,,False,,,,0.0003,0.0003,,bootstrap_loss_not_l2_rms,1000000,,1000000,93.0267171785657,50,True,,hopm_s3_ae2_ab2_Tlr0p002__90eddfce,ablation/td3_amo/hopper-medium-v2/2e-3/seed_3/hopm_s3_ae2_ab2_Tlr0p002__90eddfce,/raid/ext_csv/AMO_store/td3_amo_jax_loco9_alpha2_alr1em3_seeds0to3/runs/td3amo_jax_h-m_a2_alr2em3_s3,ext_csv,1e34514ddf70bfc8a78757d9a78b82306627164c
ablation,td3_amo,td3_amo_jax,ae1_ab1_Tlr0p0003,locomotion,walker2d-medium-expert-v2,0,jax,0.0003,1.0,1.0,,,,,,False,,,,0.0003,0.0003,,bootstrap_loss_not_l2_rms,1000000,,1000000,108.61839560300905,50,True,,wme_s0_ae1_ab1_Tlr0p0003__84de5588,ablation/td3_amo/walker2d-medium-expert-v2/3e-4/seed_0/wme_s0_ae1_ab1_Tlr0p0003__84de5588,/raid/ext_csv/AMO_store/td3_amo_jax_loco_antmaze_alpha1_alr_seeds0to3/runs/td3amo_jax_w-me_a1_alr3em4_s0,ext_csv,1e34514ddf70bfc8a78757d9a78b82306627164c
ablation,td3_amo,td3_amo_jax,ae1_ab1_Tlr0p0003,locomotion,walker2d-medium-expert-v2,1,jax,0.0003,1.0,1.0,,,,,,False,,,,0.0003,0.0003,,bootstrap_loss_not_l2_rms,1000000,,1000000,108.9723773490185,50,True,,wme_s1_ae1_ab1_Tlr0p0003__b68fd184,ablation/td3_amo/walker2d-medium-expert-v2/3e-4/seed_1/wme_s1_ae1_ab1_Tlr0p0003__b68fd184,/raid/ext_csv/AMO_store/td3_amo_jax_loco_antmaze_alpha1_alr_seeds0to3/runs/td3amo_jax_w-me_a1_alr3em4_s1,ext_csv,1e34514ddf70bfc8a78757d9a78b82306627164c
ablation,td3_amo,td3_amo_jax,ae2_ab2_Tlr0p0003,locomotion,walker2d-medium-expert-v2,1,jax,0.0003,2.0,2.0,,,,,,False,,,,0.0003,0.0003,,bootstrap_loss_not_l2_rms,1000000,,1000000,109.07642237477792,50,True,,wme_s1_ae2_ab2_Tlr0p0003__f9261833,ablation/td3_amo/walker2d-medium-expert-v2/3e-4/seed_1/wme_s1_ae2_ab2_Tlr0p0003__f9261833,/raid/ext_csv/AMO_store/td3_amo_jax_loco9_alpha2_alr1em3_seeds0to3/runs/td3amo_jax_w-me_a2_alr3em4_s1,ext_csv,1e34514ddf70bfc8a78757d9a78b82306627164c
ablation,td3_amo,td3_amo_jax,ae1_ab1_Tlr0p0003,locomotion,walker2d-medium-expert-v2,2,jax,0.0003,1.0,1.0,,,,,,False,,,,0.0003,0.0003,,bootstrap_loss_not_l2_rms,1000000,,1000000,109.58318459962275,50,True,,wme_s2_ae1_ab1_Tlr0p0003__546987cf,ablation/td3_amo/walker2d-medium-expert-v2/3e-4/seed_2/wme_s2_ae1_ab1_Tlr0p0003__546987cf,/raid/ext_csv/AMO_store/td3_amo_jax_loco_antmaze_alpha1_alr_seeds0to3/runs/td3amo_jax_w-me_a1_alr3em4_s2,ext_csv,1e34514ddf70bfc8a78757d9a78b82306627164c
ablation,td3_amo,td3_amo_jax,ae2_ab2_Tlr0p0003,locomotion,walker2d-medium-expert-v2,2,jax,0.0003,2.0,2.0,,,,,,False,,,,0.0003,0.0003,,bootstrap_loss_not_l2_rms,1000000,,1000000,110.13109387603166,50,True,,wme_s2_ae2_ab2_Tlr0p0003__9c74f67f,ablation/td3_amo/walker2d-medium-expert-v2/3e-4/seed_2/wme_s2_ae2_ab2_Tlr0p0003__9c74f67f,/raid/ext_csv/AMO_store/td3_amo_jax_loco9_alpha2_alr1em3_seeds0to3/runs/td3amo_jax_w-me_a2_alr3em4_s2,ext_csv,1e34514ddf70bfc8a78757d9a78b82306627164c
ablation,td3_amo,td3_amo_jax,ae1_ab1_Tlr0p0003,locomotion,walker2d-medium-expert-v2,3,jax,0.0003,1.0,1.0,,,,,,False,,,,0.0003,0.0003,,bootstrap_loss_not_l2_rms,1000000,,1000000,109.0122514989031,50,True,,wme_s3_ae1_ab1_Tlr0p0003__f0fb2fc2,ablation/td3_amo/walker2d-medium-expert-v2/3e-4/seed_3/wme_s3_ae1_ab1_Tlr0p0003__f0fb2fc2,/raid/ext_csv/AMO_store/td3_amo_jax_loco_antmaze_alpha1_alr_seeds0to3/runs/td3amo_jax_w-me_a1_alr3em4_s3,ext_csv,1e34514ddf70bfc8a78757d9a78b82306627164c
ablation,td3_amo,td3_amo_jax,ae2_ab2_Tlr0p0003,locomotion,walker2d-medium-expert-v2,3,jax,0.0003,2.0,2.0,,,,,,False,,,,0.0003,0.0003,,bootstrap_loss_not_l2_rms,1000000,,1000000,109.79421969260062,50,True,,wme_s3_ae2_ab2_Tlr0p0003__7e10f2b7,ablation/td3_amo/walker2d-medium-expert-v2/3e-4/seed_3/wme_s3_ae2_ab2_Tlr0p0003__7e10f2b7,/raid/ext_csv/AMO_store/td3_amo_jax_loco9_alpha2_alr1em3_seeds0to3/runs/td3amo_jax_w-me_a2_alr3em4_s3,ext_csv,1e34514ddf70bfc8a78757d9a78b82306627164c
ablation,td3_amo,td3_amo_jax,ae1_ab1_Tlr0p001,locomotion,walker2d-medium-expert-v2,0,jax,0.001,1.0,1.0,,,,,,False,,,,0.0003,0.0003,,bootstrap_loss_not_l2_rms,1000000,,1000000,108.60094968271387,50,True,,wme_s0_ae1_ab1_Tlr0p001__7cdf02a8,ablation/td3_amo/walker2d-medium-expert-v2/1e-3/seed_0/wme_s0_ae1_ab1_Tlr0p001__7cdf02a8,/raid/ext_csv/AMO_store/td3_amo_jax_loco_antmaze_alpha1_alr_seeds0to3/runs/td3amo_jax_w-me_a1_alr1em3_s0,ext_csv,1e34514ddf70bfc8a78757d9a78b82306627164c
ablation,td3_amo,td3_amo_jax,ae2_ab2_Tlr0p001,locomotion,walker2d-medium-expert-v2,0,jax,0.001,2.0,2.0,,,,,,False,,,,0.0003,0.0003,,bootstrap_loss_not_l2_rms,1000000,,1000000,109.7701225023568,50,True,,wme_s0_ae2_ab2_Tlr0p001__0501cb4b,ablation/td3_amo/walker2d-medium-expert-v2/1e-3/seed_0/wme_s0_ae2_ab2_Tlr0p001__0501cb4b,/raid/ext_csv/AMO_store/td3_amo_jax_loco9_alpha2_alr1em3_seeds0to3/runs/td3amo_jax_w-me_a2_alr1em3_s0,ext_csv,1e34514ddf70bfc8a78757d9a78b82306627164c
ablation,td3_amo,td3_amo_jax,ae1_ab1_Tlr0p001,locomotion,walker2d-medium-expert-v2,1,jax,0.001,1.0,1.0,,,,,,False,,,,0.0003,0.0003,,bootstrap_loss_not_l2_rms,1000000,,1000000,110.12826737290682,50,True,,wme_s1_ae1_ab1_Tlr0p001__b52fcfee,ablation/td3_amo/walker2d-medium-expert-v2/1e-3/seed_1/wme_s1_ae1_ab1_Tlr0p001__b52fcfee,/raid/ext_csv/AMO_store/td3_amo_jax_loco_antmaze_alpha1_alr_seeds0to3/runs/td3amo_jax_w-me_a1_alr1em3_s1,ext_csv,1e34514ddf70bfc8a78757d9a78b82306627164c
ablation,td3_amo,td3_amo_jax,ae1_ab1_Tlr0p001,locomotion,walker2d-medium-expert-v2,2,jax,0.001,1.0,1.0,,,,,,False,,,,0.0003,0.0003,,bootstrap_loss_not_l2_rms,1000000,,1000000,109.85462943735047,50,True,,wme_s2_ae1_ab1_Tlr0p001__3a147abf,ablation/td3_amo/walker2d-medium-expert-v2/1e-3/seed_2/wme_s2_ae1_ab1_Tlr0p001__3a147abf,/raid/ext_csv/AMO_store/td3_amo_jax_loco_antmaze_alpha1_alr_seeds0to3/runs/td3amo_jax_w-me_a1_alr1em3_s2,ext_csv,1e34514ddf70bfc8a78757d9a78b82306627164c
ablation,td3_amo,td3_amo_jax,ae1_ab1_Tlr0p001,locomotion,walker2d-medium-expert-v2,3,jax,0.001,1.0,1.0,,,,,,False,,,,0.0003,0.0003,,bootstrap_loss_not_l2_rms,1000000,,1000000,109.97856619795311,50,True,,wme_s3_ae1_ab1_Tlr0p001__eac53be4,ablation/td3_amo/walker2d-medium-expert-v2/1e-3/seed_3/wme_s3_ae1_ab1_Tlr0p001__eac53be4,/raid/ext_csv/AMO_store/td3_amo_jax_loco_antmaze_alpha1_alr_seeds0to3/runs/td3amo_jax_w-me_a1_alr1em3_s3,ext_csv,1e34514ddf70bfc8a78757d9a78b82306627164c
ablation,td3_amo,td3_amo_jax,ae1_ab1_Tlr0p002,locomotion,walker2d-medium-expert-v2,0,jax,0.002,1.0,1.0,,,,,,False,,,,0.0003,0.0003,,bootstrap_loss_not_l2_rms,1000000,,1000000,112.15892971743678,50,True,,wme_s0_ae1_ab1_Tlr0p002__62773c8c,ablation/td3_amo/walker2d-medium-expert-v2/2e-3/seed_0/wme_s0_ae1_ab1_Tlr0p002__62773c8c,/raid/ext_csv/AMO_store/td3_amo_jax_loco_antmaze_alpha1_alr_seeds0to3/runs/td3amo_jax_w-me_a1_alr2em3_s0,ext_csv,1e34514ddf70bfc8a78757d9a78b82306627164c
ablation,td3_amo,td3_amo_jax,ae2_ab2_Tlr0p002,locomotion,walker2d-medium-expert-v2,0,jax,0.002,2.0,2.0,,,,,,False,,,,0.0003,0.0003,,bootstrap_loss_not_l2_rms,1000000,,1000000,110.46009074124905,50,True,,wme_s0_ae2_ab2_Tlr0p002__1785a2f3,ablation/td3_amo/walker2d-medium-expert-v2/2e-3/seed_0/wme_s0_ae2_ab2_Tlr0p002__1785a2f3,/raid/ext_csv/AMO_store/td3_amo_jax_loco9_alpha2_alr1em3_seeds0to3/runs/td3amo_jax_w-me_a2_alr2em3_s0,ext_csv,1e34514ddf70bfc8a78757d9a78b82306627164c
ablation,td3_amo,td3_amo_jax,ae1_ab1_Tlr0p002,locomotion,walker2d-medium-expert-v2,1,jax,0.002,1.0,1.0,,,,,,False,,,,0.0003,0.0003,,bootstrap_loss_not_l2_rms,1000000,,1000000,113.8329665672672,50,True,,wme_s1_ae1_ab1_Tlr0p002__595e96f0,ablation/td3_amo/walker2d-medium-expert-v2/2e-3/seed_1/wme_s1_ae1_ab1_Tlr0p002__595e96f0,/raid/ext_csv/AMO_store/td3_amo_jax_loco_antmaze_alpha1_alr_seeds0to3/runs/td3amo_jax_w-me_a1_alr2em3_s1,ext_csv,1e34514ddf70bfc8a78757d9a78b82306627164c
ablation,td3_amo,td3_amo_jax,ae2_ab2_Tlr0p002,locomotion,walker2d-medium-expert-v2,1,jax,0.002,2.0,2.0,,,,,,False,,,,0.0003,0.0003,,bootstrap_loss_not_l2_rms,1000000,,1000000,110.59043141590618,50,True,,wme_s1_ae2_ab2_Tlr0p002__385590b8,ablation/td3_amo/walker2d-medium-expert-v2/2e-3/seed_1/wme_s1_ae2_ab2_Tlr0p002__385590b8,/raid/ext_csv/AMO_store/td3_amo_jax_loco9_alpha2_alr1em3_seeds0to3/runs/td3amo_jax_w-me_a2_alr2em3_s1,ext_csv,1e34514ddf70bfc8a78757d9a78b82306627164c
ablation,td3_amo,td3_amo_jax,ae1_ab1_Tlr0p002,locomotion,walker2d-medium-expert-v2,2,jax,0.002,1.0,1.0,,,,,,False,,,,0.0003,0.0003,,bootstrap_loss_not_l2_rms,1000000,,1000000,109.99335585705887,50,True,,wme_s2_ae1_ab1_Tlr0p002__4e13f6cb,ablation/td3_amo/walker2d-medium-expert-v2/2e-3/seed_2/wme_s2_ae1_ab1_Tlr0p002__4e13f6cb,/raid/ext_csv/AMO_store/td3_amo_jax_loco_antmaze_alpha1_alr_seeds0to3/runs/td3amo_jax_w-me_a1_alr2em3_s2,ext_csv,1e34514ddf70bfc8a78757d9a78b82306627164c
ablation,td3_amo,td3_amo_jax,ae2_ab2_Tlr0p002,locomotion,walker2d-medium-expert-v2,2,jax,0.002,2.0,2.0,,,,,,False,,,,0.0003,0.0003,,bootstrap_loss_not_l2_rms,1000000,,1000000,111.34852052938675,50,True,,wme_s2_ae2_ab2_Tlr0p002__2deda86d,ablation/td3_amo/walker2d-medium-expert-v2/2e-3/seed_2/wme_s2_ae2_ab2_Tlr0p002__2deda86d,/raid/ext_csv/AMO_store/td3_amo_jax_loco9_alpha2_alr1em3_seeds0to3/runs/td3amo_jax_w-me_a2_alr2em3_s2,ext_csv,1e34514ddf70bfc8a78757d9a78b82306627164c
ablation,td3_amo,td3_amo_jax,ae1_ab1_Tlr0p002,locomotion,walker2d-medium-expert-v2,3,jax,0.002,1.0,1.0,,,,,,False,,,,0.0003,0.0003,,bootstrap_loss_not_l2_rms,1000000,,1000000,110.91593585645947,50,True,,wme_s3_ae1_ab1_Tlr0p002__ca99bbfa,ablation/td3_amo/walker2d-medium-expert-v2/2e-3/seed_3/wme_s3_ae1_ab1_Tlr0p002__ca99bbfa,/raid/ext_csv/AMO_store/td3_amo_jax_loco_antmaze_alpha1_alr_seeds0to3/runs/td3amo_jax_w-me_a1_alr2em3_s3,ext_csv,1e34514ddf70bfc8a78757d9a78b82306627164c
ablation,td3_amo,td3_amo_jax,ae2_ab2_Tlr0p002,locomotion,walker2d-medium-expert-v2,3,jax,0.002,2.0,2.0,,,,,,False,,,,0.0003,0.0003,,bootstrap_loss_not_l2_rms,1000000,,1000000,110.9915527571959,50,True,,wme_s3_ae2_ab2_Tlr0p002__5b29d8f9,ablation/td3_amo/walker2d-medium-expert-v2/2e-3/seed_3/wme_s3_ae2_ab2_Tlr0p002__5b29d8f9,/raid/ext_csv/AMO_store/td3_amo_jax_loco9_alpha2_alr1em3_seeds0to3/runs/td3amo_jax_w-me_a2_alr2em3_s3,ext_csv,1e34514ddf70bfc8a78757d9a78b82306627164c
ablation,td3_amo,td3_amo_jax,ae1_ab1_Tlr0p0003,locomotion,walker2d-medium-replay-v2,0,jax,0.0003,1.0,1.0,,,,,,False,,,,0.0003,0.0003,,bootstrap_loss_not_l2_rms,1000000,,1000000,86.08193552939737,50,True,,wmr_s0_ae1_ab1_Tlr0p0003__c9b26d3f,ablation/td3_amo/walker2d-medium-replay-v2/3e-4/seed_0/wmr_s0_ae1_ab1_Tlr0p0003__c9b26d3f,/raid/ext_csv/AMO_store/td3_amo_jax_loco_antmaze_alpha1_alr_seeds0to3/runs/td3amo_jax_w-mr_a1_alr3em4_s0,ext_csv,1e34514ddf70bfc8a78757d9a78b82306627164c
ablation,td3_amo,td3_amo_jax,ae1_ab1_Tlr0p0003,locomotion,walker2d-medium-replay-v2,1,jax,0.0003,1.0,1.0,,,,,,False,,,,0.0003,0.0003,,bootstrap_loss_not_l2_rms,1000000,,1000000,73.97124415198378,50,True,,wmr_s1_ae1_ab1_Tlr0p0003__4b4493a9,ablation/td3_amo/walker2d-medium-replay-v2/3e-4/seed_1/wmr_s1_ae1_ab1_Tlr0p0003__4b4493a9,/raid/ext_csv/AMO_store/td3_amo_jax_loco_antmaze_alpha1_alr_seeds0to3/runs/td3amo_jax_w-mr_a1_alr3em4_s1,ext_csv,1e34514ddf70bfc8a78757d9a78b82306627164c
ablation,td3_amo,td3_amo_jax,ae2_ab2_Tlr0p0003,locomotion,walker2d-medium-replay-v2,1,jax,0.0003,2.0,2.0,,,,,,False,,,,0.0003,0.0003,,bootstrap_loss_not_l2_rms,1000000,,1000000,94.89197854851203,50,True,,wmr_s1_ae2_ab2_Tlr0p0003__97000911,ablation/td3_amo/walker2d-medium-replay-v2/3e-4/seed_1/wmr_s1_ae2_ab2_Tlr0p0003__97000911,/raid/ext_csv/AMO_store/td3_amo_jax_loco9_alpha2_alr1em3_seeds0to3/runs/td3amo_jax_w-mr_a2_alr3em4_s1,ext_csv,1e34514ddf70bfc8a78757d9a78b82306627164c
ablation,td3_amo,td3_amo_jax,ae1_ab1_Tlr0p0003,locomotion,walker2d-medium-replay-v2,2,jax,0.0003,1.0,1.0,,,,,,False,,,,0.0003,0.0003,,bootstrap_loss_not_l2_rms,1000000,,1000000,92.07588037360163,50,True,,wmr_s2_ae1_ab1_Tlr0p0003__6e818111,ablation/td3_amo/walker2d-medium-replay-v2/3e-4/seed_2/wmr_s2_ae1_ab1_Tlr0p0003__6e818111,/raid/ext_csv/AMO_store/td3_amo_jax_loco_antmaze_alpha1_alr_seeds0to3/runs/td3amo_jax_w-mr_a1_alr3em4_s2,ext_csv,1e34514ddf70bfc8a78757d9a78b82306627164c
ablation,td3_amo,td3_amo_jax,ae2_ab2_Tlr0p0003,locomotion,walker2d-medium-replay-v2,2,jax,0.0003,2.0,2.0,,,,,,False,,,,0.0003,0.0003,,bootstrap_loss_not_l2_rms,1000000,,1000000,92.17632662574881,50,True,,wmr_s2_ae2_ab2_Tlr0p0003__c26788ad,ablation/td3_amo/walker2d-medium-replay-v2/3e-4/seed_2/wmr_s2_ae2_ab2_Tlr0p0003__c26788ad,/raid/ext_csv/AMO_store/td3_amo_jax_loco9_alpha2_alr1em3_seeds0to3/runs/td3amo_jax_w-mr_a2_alr3em4_s2,ext_csv,1e34514ddf70bfc8a78757d9a78b82306627164c
ablation,td3_amo,td3_amo_jax,ae1_ab1_Tlr0p0003,locomotion,walker2d-medium-replay-v2,3,jax,0.0003,1.0,1.0,,,,,,False,,,,0.0003,0.0003,,bootstrap_loss_not_l2_rms,1000000,,1000000,90.4177086913025,50,True,,wmr_s3_ae1_ab1_Tlr0p0003__1ca7fd0c,ablation/td3_amo/walker2d-medium-replay-v2/3e-4/seed_3/wmr_s3_ae1_ab1_Tlr0p0003__1ca7fd0c,/raid/ext_csv/AMO_store/td3_amo_jax_loco_antmaze_alpha1_alr_seeds0to3/runs/td3amo_jax_w-mr_a1_alr3em4_s3,ext_csv,1e34514ddf70bfc8a78757d9a78b82306627164c
ablation,td3_amo,td3_amo_jax,ae2_ab2_Tlr0p0003,locomotion,walker2d-medium-replay-v2,3,jax,0.0003,2.0,2.0,,,,,,False,,,,0.0003,0.0003,,bootstrap_loss_not_l2_rms,1000000,,1000000,90.97537828101106,50,True,,wmr_s3_ae2_ab2_Tlr0p0003__cc945363,ablation/td3_amo/walker2d-medium-replay-v2/3e-4/seed_3/wmr_s3_ae2_ab2_Tlr0p0003__cc945363,/raid/ext_csv/AMO_store/td3_amo_jax_loco9_alpha2_alr1em3_seeds0to3/runs/td3amo_jax_w-mr_a2_alr3em4_s3,ext_csv,1e34514ddf70bfc8a78757d9a78b82306627164c
ablation,td3_amo,td3_amo_jax,ae1_ab1_Tlr0p001,locomotion,walker2d-medium-replay-v2,0,jax,0.001,1.0,1.0,,,,,,False,,,,0.0003,0.0003,,bootstrap_loss_not_l2_rms,1000000,,1000000,90.06956770061288,50,True,,wmr_s0_ae1_ab1_Tlr0p001__345364ac,ablation/td3_amo/walker2d-medium-replay-v2/1e-3/seed_0/wmr_s0_ae1_ab1_Tlr0p001__345364ac,/raid/ext_csv/AMO_store/td3_amo_jax_loco_antmaze_alpha1_alr_seeds0to3/runs/td3amo_jax_w-mr_a1_alr1em3_s0,ext_csv,1e34514ddf70bfc8a78757d9a78b82306627164c
ablation,td3_amo,td3_amo_jax,ae2_ab2_Tlr0p001,locomotion,walker2d-medium-replay-v2,0,jax,0.001,2.0,2.0,,,,,,False,,,,0.0003,0.0003,,bootstrap_loss_not_l2_rms,1000000,,1000000,89.93070572296197,50,True,,wmr_s0_ae2_ab2_Tlr0p001__d7bfcdf8,ablation/td3_amo/walker2d-medium-replay-v2/1e-3/seed_0/wmr_s0_ae2_ab2_Tlr0p001__d7bfcdf8,/raid/ext_csv/AMO_store/td3_amo_jax_loco9_alpha2_alr1em3_seeds0to3/runs/td3amo_jax_w-mr_a2_alr1em3_s0,ext_csv,1e34514ddf70bfc8a78757d9a78b82306627164c
ablation,td3_amo,td3_amo_jax,ae1_ab1_Tlr0p001,locomotion,walker2d-medium-replay-v2,1,jax,0.001,1.0,1.0,,,,,,False,,,,0.0003,0.0003,,bootstrap_loss_not_l2_rms,1000000,,1000000,97.16624869175294,50,True,,wmr_s1_ae1_ab1_Tlr0p001__eba71e5b,ablation/td3_amo/walker2d-medium-replay-v2/1e-3/seed_1/wmr_s1_ae1_ab1_Tlr0p001__eba71e5b,/raid/ext_csv/AMO_store/td3_amo_jax_loco_antmaze_alpha1_alr_seeds0to3/runs/td3amo_jax_w-mr_a1_alr1em3_s1,ext_csv,1e34514ddf70bfc8a78757d9a78b82306627164c
ablation,td3_amo,td3_amo_jax,ae1_ab1_Tlr0p001,locomotion,walker2d-medium-replay-v2,2,jax,0.001,1.0,1.0,,,,,,False,,,,0.0003,0.0003,,bootstrap_loss_not_l2_rms,1000000,,1000000,82.66726351904494,50,True,,wmr_s2_ae1_ab1_Tlr0p001__c5365799,ablation/td3_amo/walker2d-medium-replay-v2/1e-3/seed_2/wmr_s2_ae1_ab1_Tlr0p001__c5365799,/raid/ext_csv/AMO_store/td3_amo_jax_loco_antmaze_alpha1_alr_seeds0to3/runs/td3amo_jax_w-mr_a1_alr1em3_s2,ext_csv,1e34514ddf70bfc8a78757d9a78b82306627164c
ablation,td3_amo,td3_amo_jax,ae1_ab1_Tlr0p001,locomotion,walker2d-medium-replay-v2,3,jax,0.001,1.0,1.0,,,,,,False,,,,0.0003,0.0003,,bootstrap_loss_not_l2_rms,1000000,,1000000,94.3924221665048,50,True,,wmr_s3_ae1_ab1_Tlr0p001__54a39023,ablation/td3_amo/walker2d-medium-replay-v2/1e-3/seed_3/wmr_s3_ae1_ab1_Tlr0p001__54a39023,/raid/ext_csv/AMO_store/td3_amo_jax_loco_antmaze_alpha1_alr_seeds0to3/runs/td3amo_jax_w-mr_a1_alr1em3_s3,ext_csv,1e34514ddf70bfc8a78757d9a78b82306627164c
ablation,td3_amo,td3_amo_jax,ae1_ab1_Tlr0p002,locomotion,walker2d-medium-replay-v2,0,jax,0.002,1.0,1.0,,,,,,False,,,,0.0003,0.0003,,bootstrap_loss_not_l2_rms,1000000,,1000000,97.13024414978815,50,True,,wmr_s0_ae1_ab1_Tlr0p002__2a279e1d,ablation/td3_amo/walker2d-medium-replay-v2/2e-3/seed_0/wmr_s0_ae1_ab1_Tlr0p002__2a279e1d,/raid/ext_csv/AMO_store/td3_amo_jax_loco_antmaze_alpha1_alr_seeds0to3/runs/td3amo_jax_w-mr_a1_alr2em3_s0,ext_csv,1e34514ddf70bfc8a78757d9a78b82306627164c
ablation,td3_amo,td3_amo_jax,ae2_ab2_Tlr0p002,locomotion,walker2d-medium-replay-v2,0,jax,0.002,2.0,2.0,,,,,,False,,,,0.0003,0.0003,,bootstrap_loss_not_l2_rms,1000000,,1000000,91.73155947037735,50,True,,wmr_s0_ae2_ab2_Tlr0p002__7d0347d3,ablation/td3_amo/walker2d-medium-replay-v2/2e-3/seed_0/wmr_s0_ae2_ab2_Tlr0p002__7d0347d3,/raid/ext_csv/AMO_store/td3_amo_jax_loco9_alpha2_alr1em3_seeds0to3/runs/td3amo_jax_w-mr_a2_alr2em3_s0,ext_csv,1e34514ddf70bfc8a78757d9a78b82306627164c
ablation,td3_amo,td3_amo_jax,ae1_ab1_Tlr0p002,locomotion,walker2d-medium-replay-v2,1,jax,0.002,1.0,1.0,,,,,,False,,,,0.0003,0.0003,,bootstrap_loss_not_l2_rms,1000000,,1000000,93.94762944655145,50,True,,wmr_s1_ae1_ab1_Tlr0p002__f987d850,ablation/td3_amo/walker2d-medium-replay-v2/2e-3/seed_1/wmr_s1_ae1_ab1_Tlr0p002__f987d850,/raid/ext_csv/AMO_store/td3_amo_jax_loco_antmaze_alpha1_alr_seeds0to3/runs/td3amo_jax_w-mr_a1_alr2em3_s1,ext_csv,1e34514ddf70bfc8a78757d9a78b82306627164c
ablation,td3_amo,td3_amo_jax,ae2_ab2_Tlr0p002,locomotion,walker2d-medium-replay-v2,1,jax,0.002,2.0,2.0,,,,,,False,,,,0.0003,0.0003,,bootstrap_loss_not_l2_rms,1000000,,1000000,97.16990678516521,50,True,,wmr_s1_ae2_ab2_Tlr0p002__736c06e6,ablation/td3_amo/walker2d-medium-replay-v2/2e-3/seed_1/wmr_s1_ae2_ab2_Tlr0p002__736c06e6,/raid/ext_csv/AMO_store/td3_amo_jax_loco9_alpha2_alr1em3_seeds0to3/runs/td3amo_jax_w-mr_a2_alr2em3_s1,ext_csv,1e34514ddf70bfc8a78757d9a78b82306627164c
ablation,td3_amo,td3_amo_jax,ae1_ab1_Tlr0p002,locomotion,walker2d-medium-replay-v2,2,jax,0.002,1.0,1.0,,,,,,False,,,,0.0003,0.0003,,bootstrap_loss_not_l2_rms,1000000,,1000000,96.94435520144962,50,True,,wmr_s2_ae1_ab1_Tlr0p002__679046fb,ablation/td3_amo/walker2d-medium-replay-v2/2e-3/seed_2/wmr_s2_ae1_ab1_Tlr0p002__679046fb,/raid/ext_csv/AMO_store/td3_amo_jax_loco_antmaze_alpha1_alr_seeds0to3/runs/td3amo_jax_w-mr_a1_alr2em3_s2,ext_csv,1e34514ddf70bfc8a78757d9a78b82306627164c
ablation,td3_amo,td3_amo_jax,ae2_ab2_Tlr0p002,locomotion,walker2d-medium-replay-v2,2,jax,0.002,2.0,2.0,,,,,,False,,,,0.0003,0.0003,,bootstrap_loss_not_l2_rms,1000000,,1000000,53.82667480130854,50,True,,wmr_s2_ae2_ab2_Tlr0p002__d05c84f6,ablation/td3_amo/walker2d-medium-replay-v2/2e-3/seed_2/wmr_s2_ae2_ab2_Tlr0p002__d05c84f6,/raid/ext_csv/AMO_store/td3_amo_jax_loco9_alpha2_alr1em3_seeds0to3/runs/td3amo_jax_w-mr_a2_alr2em3_s2,ext_csv,1e34514ddf70bfc8a78757d9a78b82306627164c
ablation,td3_amo,td3_amo_jax,ae1_ab1_Tlr0p002,locomotion,walker2d-medium-replay-v2,3,jax,0.002,1.0,1.0,,,,,,False,,,,0.0003,0.0003,,bootstrap_loss_not_l2_rms,1000000,,1000000,97.01330701891692,50,True,,wmr_s3_ae1_ab1_Tlr0p002__9e2d5b92,ablation/td3_amo/walker2d-medium-replay-v2/2e-3/seed_3/wmr_s3_ae1_ab1_Tlr0p002__9e2d5b92,/raid/ext_csv/AMO_store/td3_amo_jax_loco_antmaze_alpha1_alr_seeds0to3/runs/td3amo_jax_w-mr_a1_alr2em3_s3,ext_csv,1e34514ddf70bfc8a78757d9a78b82306627164c
ablation,td3_amo,td3_amo_jax,ae2_ab2_Tlr0p002,locomotion,walker2d-medium-replay-v2,3,jax,0.002,2.0,2.0,,,,,,False,,,,0.0003,0.0003,,bootstrap_loss_not_l2_rms,1000000,,1000000,94.16102405550456,50,True,,wmr_s3_ae2_ab2_Tlr0p002__15196787,ablation/td3_amo/walker2d-medium-replay-v2/2e-3/seed_3/wmr_s3_ae2_ab2_Tlr0p002__15196787,/raid/ext_csv/AMO_store/td3_amo_jax_loco9_alpha2_alr1em3_seeds0to3/runs/td3amo_jax_w-mr_a2_alr2em3_s3,ext_csv,1e34514ddf70bfc8a78757d9a78b82306627164c
ablation,td3_amo,td3_amo_jax,ae1_ab1_Tlr0p0003,locomotion,walker2d-medium-v2,0,jax,0.0003,1.0,1.0,,,,,,False,,,,0.0003,0.0003,,bootstrap_loss_not_l2_rms,1000000,,1000000,83.50289958672003,50,True,,wm_s0_ae1_ab1_Tlr0p0003__13f91750,ablation/td3_amo/walker2d-medium-v2/3e-4/seed_0/wm_s0_ae1_ab1_Tlr0p0003__13f91750,/raid/ext_csv/AMO_store/td3_amo_jax_loco_antmaze_alpha1_alr_seeds0to3/runs/td3amo_jax_w-m_a1_alr3em4_s0,ext_csv,1e34514ddf70bfc8a78757d9a78b82306627164c
ablation,td3_amo,td3_amo_jax,ae1_ab1_Tlr0p0003,locomotion,walker2d-medium-v2,1,jax,0.0003,1.0,1.0,,,,,,False,,,,0.0003,0.0003,,bootstrap_loss_not_l2_rms,1000000,,1000000,83.23593449718774,50,True,,wm_s1_ae1_ab1_Tlr0p0003__55ee58b8,ablation/td3_amo/walker2d-medium-v2/3e-4/seed_1/wm_s1_ae1_ab1_Tlr0p0003__55ee58b8,/raid/ext_csv/AMO_store/td3_amo_jax_loco_antmaze_alpha1_alr_seeds0to3/runs/td3amo_jax_w-m_a1_alr3em4_s1,ext_csv,1e34514ddf70bfc8a78757d9a78b82306627164c
ablation,td3_amo,td3_amo_jax,ae1_ab1_Tlr0p0003,locomotion,walker2d-medium-v2,2,jax,0.0003,1.0,1.0,,,,,,False,,,,0.0003,0.0003,,bootstrap_loss_not_l2_rms,1000000,,1000000,82.13526063793037,50,True,,wm_s2_ae1_ab1_Tlr0p0003__35dcbce0,ablation/td3_amo/walker2d-medium-v2/3e-4/seed_2/wm_s2_ae1_ab1_Tlr0p0003__35dcbce0,/raid/ext_csv/AMO_store/td3_amo_jax_loco_antmaze_alpha1_alr_seeds0to3/runs/td3amo_jax_w-m_a1_alr3em4_s2,ext_csv,1e34514ddf70bfc8a78757d9a78b82306627164c
ablation,td3_amo,td3_amo_jax,ae1_ab1_Tlr0p0003,locomotion,walker2d-medium-v2,3,jax,0.0003,1.0,1.0,,,,,,False,,,,0.0003,0.0003,,bootstrap_loss_not_l2_rms,1000000,,1000000,84.21372178211118,50,True,,wm_s3_ae1_ab1_Tlr0p0003__2d701e91,ablation/td3_amo/walker2d-medium-v2/3e-4/seed_3/wm_s3_ae1_ab1_Tlr0p0003__2d701e91,/raid/ext_csv/AMO_store/td3_amo_jax_loco_antmaze_alpha1_alr_seeds0to3/runs/td3amo_jax_w-m_a1_alr3em4_s3,ext_csv,1e34514ddf70bfc8a78757d9a78b82306627164c
ablation,td3_amo,td3_amo_jax,ae1_ab1_Tlr0p001,locomotion,walker2d-medium-v2,0,jax,0.001,1.0,1.0,,,,,,False,,,,0.0003,0.0003,,bootstrap_loss_not_l2_rms,1000000,,1000000,80.83828563602788,50,True,,wm_s0_ae1_ab1_Tlr0p001__bbc5594b,ablation/td3_amo/walker2d-medium-v2/1e-3/seed_0/wm_s0_ae1_ab1_Tlr0p001__bbc5594b,/raid/ext_csv/AMO_store/td3_amo_jax_loco_antmaze_alpha1_alr_seeds0to3/runs/td3amo_jax_w-m_a1_alr1em3_s0,ext_csv,1e34514ddf70bfc8a78757d9a78b82306627164c
ablation,td3_amo,td3_amo_jax,ae2_ab2_Tlr0p001,locomotion,walker2d-medium-v2,0,jax,0.001,2.0,2.0,,,,,,False,,,,0.0003,0.0003,,bootstrap_loss_not_l2_rms,1000000,,1000000,84.03509109917168,50,True,,wm_s0_ae2_ab2_Tlr0p001__97487487,ablation/td3_amo/walker2d-medium-v2/1e-3/seed_0/wm_s0_ae2_ab2_Tlr0p001__97487487,/raid/ext_csv/AMO_store/td3_amo_jax_loco9_alpha2_alr1em3_seeds0to3/runs/td3amo_jax_w-m_a2_alr1em3_s0,ext_csv,1e34514ddf70bfc8a78757d9a78b82306627164c
ablation,td3_amo,td3_amo_jax,ae1_ab1_Tlr0p001,locomotion,walker2d-medium-v2,1,jax,0.001,1.0,1.0,,,,,,False,,,,0.0003,0.0003,,bootstrap_loss_not_l2_rms,1000000,,1000000,80.18299432560923,50,True,,wm_s1_ae1_ab1_Tlr0p001__264f08db,ablation/td3_amo/walker2d-medium-v2/1e-3/seed_1/wm_s1_ae1_ab1_Tlr0p001__264f08db,/raid/ext_csv/AMO_store/td3_amo_jax_loco_antmaze_alpha1_alr_seeds0to3/runs/td3amo_jax_w-m_a1_alr1em3_s1,ext_csv,1e34514ddf70bfc8a78757d9a78b82306627164c
ablation,td3_amo,td3_amo_jax,ae1_ab1_Tlr0p001,locomotion,walker2d-medium-v2,2,jax,0.001,1.0,1.0,,,,,,False,,,,0.0003,0.0003,,bootstrap_loss_not_l2_rms,1000000,,1000000,82.09633650775207,50,True,,wm_s2_ae1_ab1_Tlr0p001__09dad519,ablation/td3_amo/walker2d-medium-v2/1e-3/seed_2/wm_s2_ae1_ab1_Tlr0p001__09dad519,/raid/ext_csv/AMO_store/td3_amo_jax_loco_antmaze_alpha1_alr_seeds0to3/runs/td3amo_jax_w-m_a1_alr1em3_s2,ext_csv,1e34514ddf70bfc8a78757d9a78b82306627164c
ablation,td3_amo,td3_amo_jax,ae1_ab1_Tlr0p001,locomotion,walker2d-medium-v2,3,jax,0.001,1.0,1.0,,,,,,False,,,,0.0003,0.0003,,bootstrap_loss_not_l2_rms,1000000,,1000000,83.68357048327347,50,True,,wm_s3_ae1_ab1_Tlr0p001__51c1170a,ablation/td3_amo/walker2d-medium-v2/1e-3/seed_3/wm_s3_ae1_ab1_Tlr0p001__51c1170a,/raid/ext_csv/AMO_store/td3_amo_jax_loco_antmaze_alpha1_alr_seeds0to3/runs/td3amo_jax_w-m_a1_alr1em3_s3,ext_csv,1e34514ddf70bfc8a78757d9a78b82306627164c
ablation,td3_amo,td3_amo_jax,ae1_ab1_Tlr0p002,locomotion,walker2d-medium-v2,0,jax,0.002,1.0,1.0,,,,,,False,,,,0.0003,0.0003,,bootstrap_loss_not_l2_rms,1000000,,1000000,79.89936273702764,50,True,,wm_s0_ae1_ab1_Tlr0p002__20b1fbb2,ablation/td3_amo/walker2d-medium-v2/2e-3/seed_0/wm_s0_ae1_ab1_Tlr0p002__20b1fbb2,/raid/ext_csv/AMO_store/td3_amo_jax_loco_antmaze_alpha1_alr_seeds0to3/runs/td3amo_jax_w-m_a1_alr2em3_s0,ext_csv,1e34514ddf70bfc8a78757d9a78b82306627164c
ablation,td3_amo,td3_amo_jax,ae2_ab2_Tlr0p002,locomotion,walker2d-medium-v2,0,jax,0.002,2.0,2.0,,,,,,False,,,,0.0003,0.0003,,bootstrap_loss_not_l2_rms,1000000,,1000000,81.56692544074642,50,True,,wm_s0_ae2_ab2_Tlr0p002__8b84bd62,ablation/td3_amo/walker2d-medium-v2/2e-3/seed_0/wm_s0_ae2_ab2_Tlr0p002__8b84bd62,/raid/ext_csv/AMO_store/td3_amo_jax_loco9_alpha2_alr1em3_seeds0to3/runs/td3amo_jax_w-m_a2_alr2em3_s0,ext_csv,1e34514ddf70bfc8a78757d9a78b82306627164c
ablation,td3_amo,td3_amo_jax,ae1_ab1_Tlr0p002,locomotion,walker2d-medium-v2,1,jax,0.002,1.0,1.0,,,,,,False,,,,0.0003,0.0003,,bootstrap_loss_not_l2_rms,1000000,,1000000,82.75915974991229,50,True,,wm_s1_ae1_ab1_Tlr0p002__ddafd258,ablation/td3_amo/walker2d-medium-v2/2e-3/seed_1/wm_s1_ae1_ab1_Tlr0p002__ddafd258,/raid/ext_csv/AMO_store/td3_amo_jax_loco_antmaze_alpha1_alr_seeds0to3/runs/td3amo_jax_w-m_a1_alr2em3_s1,ext_csv,1e34514ddf70bfc8a78757d9a78b82306627164c
ablation,td3_amo,td3_amo_jax,ae2_ab2_Tlr0p002,locomotion,walker2d-medium-v2,1,jax,0.002,2.0,2.0,,,,,,False,,,,0.0003,0.0003,,bootstrap_loss_not_l2_rms,1000000,,1000000,93.59346771540079,50,True,,wm_s1_ae2_ab2_Tlr0p002__c0ec28e7,ablation/td3_amo/walker2d-medium-v2/2e-3/seed_1/wm_s1_ae2_ab2_Tlr0p002__c0ec28e7,/raid/ext_csv/AMO_store/td3_amo_jax_loco9_alpha2_alr1em3_seeds0to3/runs/td3amo_jax_w-m_a2_alr2em3_s1,ext_csv,1e34514ddf70bfc8a78757d9a78b82306627164c
ablation,td3_amo,td3_amo_jax,ae1_ab1_Tlr0p002,locomotion,walker2d-medium-v2,2,jax,0.002,1.0,1.0,,,,,,False,,,,0.0003,0.0003,,bootstrap_loss_not_l2_rms,1000000,,1000000,81.13881552334567,50,True,,wm_s2_ae1_ab1_Tlr0p002__1ee516cb,ablation/td3_amo/walker2d-medium-v2/2e-3/seed_2/wm_s2_ae1_ab1_Tlr0p002__1ee516cb,/raid/ext_csv/AMO_store/td3_amo_jax_loco_antmaze_alpha1_alr_seeds0to3/runs/td3amo_jax_w-m_a1_alr2em3_s2,ext_csv,1e34514ddf70bfc8a78757d9a78b82306627164c
ablation,td3_amo,td3_amo_jax,ae2_ab2_Tlr0p002,locomotion,walker2d-medium-v2,2,jax,0.002,2.0,2.0,,,,,,False,,,,0.0003,0.0003,,bootstrap_loss_not_l2_rms,1000000,,1000000,92.06017302387056,50,True,,wm_s2_ae2_ab2_Tlr0p002__05a830e5,ablation/td3_amo/walker2d-medium-v2/2e-3/seed_2/wm_s2_ae2_ab2_Tlr0p002__05a830e5,/raid/ext_csv/AMO_store/td3_amo_jax_loco9_alpha2_alr1em3_seeds0to3/runs/td3amo_jax_w-m_a2_alr2em3_s2,ext_csv,1e34514ddf70bfc8a78757d9a78b82306627164c
ablation,td3_amo,td3_amo_jax,ae1_ab1_Tlr0p002,locomotion,walker2d-medium-v2,3,jax,0.002,1.0,1.0,,,,,,False,,,,0.0003,0.0003,,bootstrap_loss_not_l2_rms,1000000,,1000000,83.62166096226214,50,True,,wm_s3_ae1_ab1_Tlr0p002__a716ccd1,ablation/td3_amo/walker2d-medium-v2/2e-3/seed_3/wm_s3_ae1_ab1_Tlr0p002__a716ccd1,/raid/ext_csv/AMO_store/td3_amo_jax_loco_antmaze_alpha1_alr_seeds0to3/runs/td3amo_jax_w-m_a1_alr2em3_s3,ext_csv,1e34514ddf70bfc8a78757d9a78b82306627164c
ablation,td3_amo,td3_amo_jax,ae2_ab2_Tlr0p002,locomotion,walker2d-medium-v2,3,jax,0.002,2.0,2.0,,,,,,False,,,,0.0003,0.0003,,bootstrap_loss_not_l2_rms,1000000,,1000000,94.13126240933715,50,True,,wm_s3_ae2_ab2_Tlr0p002__ab0e2d9e,ablation/td3_amo/walker2d-medium-v2/2e-3/seed_3/wm_s3_ae2_ab2_Tlr0p002__ab0e2d9e,/raid/ext_csv/AMO_store/td3_amo_jax_loco9_alpha2_alr1em3_seeds0to3/runs/td3amo_jax_w-m_a2_alr2em3_s3,ext_csv,1e34514ddf70bfc8a78757d9a78b82306627164c
ablation,td3_amo,td3_amo_le_bel2_a5,Tlr0p0003,antmaze,antmaze-large-diverse-v2,0,jax,0.0003,5.0,5.0,,,,,,False,le_l2_rms,le,bpi,0.0003,0.0003,,method_variant:td3_amo_le_bel2_a5;bootstrap_loss_not_l2_rms,1000000,,1000000,40.0,50,True,,amld_s0_Tlr0p0003__b943ee5c,ablation/td3_amo/antmaze-large-diverse-v2/3e-4/seed_0/amld_s0_Tlr0p0003__b943ee5c,/raid/ext_csv/AMO_store/td3_amo_le_bel2_a5_seeds0to3/runs/td3amo_le_bel2_a5_am-l-div_r3e4_s0,ext_csv,4e3203f35bcc6048201ae3cfe75d932830ccd5f9
ablation,td3_amo,td3_amo_le_bel2_a5,Tlr0p0003,antmaze,antmaze-large-diverse-v2,1,jax,0.0003,5.0,5.0,,,,,,False,le_l2_rms,le,bpi,0.0003,0.0003,,method_variant:td3_amo_le_bel2_a5;bootstrap_loss_not_l2_rms,1000000,,1000000,46.0,50,True,,amld_s1_Tlr0p0003__c3272ea8,ablation/td3_amo/antmaze-large-diverse-v2/3e-4/seed_1/amld_s1_Tlr0p0003__c3272ea8,/raid/ext_csv/AMO_store/td3_amo_le_bel2_a5_seeds0to3/runs/td3amo_le_bel2_a5_am-l-div_r3e4_s1,ext_csv,4e3203f35bcc6048201ae3cfe75d932830ccd5f9
ablation,td3_amo,td3_amo_le_bel2_a5,Tlr0p001,antmaze,antmaze-large-diverse-v2,0,jax,0.001,5.0,5.0,,,,,,False,le_l2_rms,le,bpi,0.0003,0.0003,,method_variant:td3_amo_le_bel2_a5;bootstrap_loss_not_l2_rms,1000000,,1000000,38.0,50,True,,amld_s0_Tlr0p001__32992e1e,ablation/td3_amo/antmaze-large-diverse-v2/1e-3/seed_0/amld_s0_Tlr0p001__32992e1e,/raid/ext_csv/AMO_store/td3_amo_le_bel2_a5_seeds0to3/runs/td3amo_le_bel2_a5_am-l-div_r1e3_s0,ext_csv,4e3203f35bcc6048201ae3cfe75d932830ccd5f9
ablation,td3_amo,td3_amo_le_bel2_a5,Tlr0p001,antmaze,antmaze-large-diverse-v2,1,jax,0.001,5.0,5.0,,,,,,False,le_l2_rms,le,bpi,0.0003,0.0003,,method_variant:td3_amo_le_bel2_a5;bootstrap_loss_not_l2_rms,1000000,,1000000,57.99999999999999,50,True,,amld_s1_Tlr0p001__803484ce,ablation/td3_amo/antmaze-large-diverse-v2/1e-3/seed_1/amld_s1_Tlr0p001__803484ce,/raid/ext_csv/AMO_store/td3_amo_le_bel2_a5_seeds0to3/runs/td3amo_le_bel2_a5_am-l-div_r1e3_s1,ext_csv,4e3203f35bcc6048201ae3cfe75d932830ccd5f9
ablation,td3_amo,td3_amo_le_bel2_a5,Tlr0p002,antmaze,antmaze-large-diverse-v2,0,jax,0.002,5.0,5.0,,,,,,False,le_l2_rms,le,bpi,0.0003,0.0003,,method_variant:td3_amo_le_bel2_a5;bootstrap_loss_not_l2_rms,1000000,,1000000,54.0,50,True,,amld_s0_Tlr0p002__fd555595,ablation/td3_amo/antmaze-large-diverse-v2/2e-3/seed_0/amld_s0_Tlr0p002__fd555595,/raid/ext_csv/AMO_store/td3_amo_le_bel2_a5_seeds0to3/runs/td3amo_le_bel2_a5_am-l-div_r2e3_s0,ext_csv,4e3203f35bcc6048201ae3cfe75d932830ccd5f9
ablation,td3_amo,td3_amo_le_bel2_a5,Tlr0p002,antmaze,antmaze-large-diverse-v2,1,jax,0.002,5.0,5.0,,,,,,False,le_l2_rms,le,bpi,0.0003,0.0003,,method_variant:td3_amo_le_bel2_a5;bootstrap_loss_not_l2_rms,1000000,,1000000,28.000000000000004,50,True,,amld_s1_Tlr0p002__afbd0081,ablation/td3_amo/antmaze-large-diverse-v2/2e-3/seed_1/amld_s1_Tlr0p002__afbd0081,/raid/ext_csv/AMO_store/td3_amo_le_bel2_a5_seeds0to3/runs/td3amo_le_bel2_a5_am-l-div_r2e3_s1,ext_csv,4e3203f35bcc6048201ae3cfe75d932830ccd5f9
ablation,td3_amo,td3_amo_le_bel2_a5,Tlr0p0003,antmaze,antmaze-large-play-v2,0,jax,0.0003,5.0,5.0,,,,,,False,le_l2_rms,le,bpi,0.0003,0.0003,,method_variant:td3_amo_le_bel2_a5;bootstrap_loss_not_l2_rms,1000000,,1000000,46.0,50,True,,amlp_s0_Tlr0p0003__8bab3b96,ablation/td3_amo/antmaze-large-play-v2/3e-4/seed_0/amlp_s0_Tlr0p0003__8bab3b96,/raid/ext_csv/AMO_store/td3_amo_le_bel2_a5_seeds0to3/runs/td3amo_le_bel2_a5_am-l-p_r3e4_s0,ext_csv,4e3203f35bcc6048201ae3cfe75d932830ccd5f9
ablation,td3_amo,td3_amo_le_bel2_a5,Tlr0p0003,antmaze,antmaze-large-play-v2,1,jax,0.0003,5.0,5.0,,,,,,False,le_l2_rms,le,bpi,0.0003,0.0003,,method_variant:td3_amo_le_bel2_a5;bootstrap_loss_not_l2_rms,1000000,,1000000,52.0,50,True,,amlp_s1_Tlr0p0003__0425578f,ablation/td3_amo/antmaze-large-play-v2/3e-4/seed_1/amlp_s1_Tlr0p0003__0425578f,/raid/ext_csv/AMO_store/td3_amo_le_bel2_a5_seeds0to3/runs/td3amo_le_bel2_a5_am-l-p_r3e4_s1,ext_csv,4e3203f35bcc6048201ae3cfe75d932830ccd5f9
ablation,td3_amo,td3_amo_le_bel2_a5,Tlr0p001,antmaze,antmaze-large-play-v2,0,jax,0.001,5.0,5.0,,,,,,False,le_l2_rms,le,bpi,0.0003,0.0003,,method_variant:td3_amo_le_bel2_a5;bootstrap_loss_not_l2_rms,1000000,,1000000,28.000000000000004,50,True,,amlp_s0_Tlr0p001__12d63d10,ablation/td3_amo/antmaze-large-play-v2/1e-3/seed_0/amlp_s0_Tlr0p001__12d63d10,/raid/ext_csv/AMO_store/td3_amo_le_bel2_a5_seeds0to3/runs/td3amo_le_bel2_a5_am-l-p_r1e3_s0,ext_csv,4e3203f35bcc6048201ae3cfe75d932830ccd5f9
ablation,td3_amo,td3_amo_le_bel2_a5,Tlr0p001,antmaze,antmaze-large-play-v2,1,jax,0.001,5.0,5.0,,,,,,False,le_l2_rms,le,bpi,0.0003,0.0003,,method_variant:td3_amo_le_bel2_a5;bootstrap_loss_not_l2_rms,1000000,,1000000,60.0,50,True,,amlp_s1_Tlr0p001__e8b3fde5,ablation/td3_amo/antmaze-large-play-v2/1e-3/seed_1/amlp_s1_Tlr0p001__e8b3fde5,/raid/ext_csv/AMO_store/td3_amo_le_bel2_a5_seeds0to3/runs/td3amo_le_bel2_a5_am-l-p_r1e3_s1,ext_csv,4e3203f35bcc6048201ae3cfe75d932830ccd5f9
ablation,td3_amo,td3_amo_le_bel2_a5,Tlr0p002,antmaze,antmaze-large-play-v2,0,jax,0.002,5.0,5.0,,,,,,False,le_l2_rms,le,bpi,0.0003,0.0003,,method_variant:td3_amo_le_bel2_a5;bootstrap_loss_not_l2_rms,1000000,,1000000,74.0,50,True,,amlp_s0_Tlr0p002__b870861e,ablation/td3_amo/antmaze-large-play-v2/2e-3/seed_0/amlp_s0_Tlr0p002__b870861e,/raid/ext_csv/AMO_store/td3_amo_le_bel2_a5_seeds0to3/runs/td3amo_le_bel2_a5_am-l-p_r2e3_s0,ext_csv,4e3203f35bcc6048201ae3cfe75d932830ccd5f9
ablation,td3_amo,td3_amo_le_bel2_a5,Tlr0p002,antmaze,antmaze-large-play-v2,1,jax,0.002,5.0,5.0,,,,,,False,le_l2_rms,le,bpi,0.0003,0.0003,,method_variant:td3_amo_le_bel2_a5;bootstrap_loss_not_l2_rms,1000000,,1000000,60.0,50,True,,amlp_s1_Tlr0p002__30c4bee6,ablation/td3_amo/antmaze-large-play-v2/2e-3/seed_1/amlp_s1_Tlr0p002__30c4bee6,/raid/ext_csv/AMO_store/td3_amo_le_bel2_a5_seeds0to3/runs/td3amo_le_bel2_a5_am-l-p_r2e3_s1,ext_csv,4e3203f35bcc6048201ae3cfe75d932830ccd5f9
ablation,td3_amo,td3_amo_le_bel2_a5,Tlr0p0003,antmaze,antmaze-medium-diverse-v2,0,jax,0.0003,5.0,5.0,,,,,,False,le_l2_rms,le,bpi,0.0003,0.0003,,method_variant:td3_amo_le_bel2_a5;bootstrap_loss_not_l2_rms,,,,,,False,,ammd_s0_Tlr0p0003__502092b5,ablation/td3_amo/antmaze-medium-diverse-v2/3e-4/seed_0/ammd_s0_Tlr0p0003__502092b5,/raid/ext_csv/AMO_store/td3_amo_le_bel2_a5_seeds0to3/runs/td3amo_le_bel2_a5_am-m-div_r3e4_s0,ext_csv,4e3203f35bcc6048201ae3cfe75d932830ccd5f9
ablation,td3_amo,td3_amo_le_bel2_a5,Tlr0p0003,antmaze,antmaze-medium-diverse-v2,1,jax,0.0003,5.0,5.0,,,,,,False,le_l2_rms,le,bpi,0.0003,0.0003,,method_variant:td3_amo_le_bel2_a5;bootstrap_loss_not_l2_rms,1000000,,1000000,80.0,50,True,,ammd_s1_Tlr0p0003__9e517094,ablation/td3_amo/antmaze-medium-diverse-v2/3e-4/seed_1/ammd_s1_Tlr0p0003__9e517094,/raid/ext_csv/AMO_store/td3_amo_le_bel2_a5_seeds0to3/runs/td3amo_le_bel2_a5_am-m-div_r3e4_s1,ext_csv,4e3203f35bcc6048201ae3cfe75d932830ccd5f9
ablation,td3_amo,td3_amo_le_bel2_a5,Tlr0p001,antmaze,antmaze-medium-diverse-v2,0,jax,0.001,5.0,5.0,,,,,,False,le_l2_rms,le,bpi,0.0003,0.0003,,method_variant:td3_amo_le_bel2_a5;bootstrap_loss_not_l2_rms,1000000,,1000000,84.0,50,True,,ammd_s0_Tlr0p001__5385d7b9,ablation/td3_amo/antmaze-medium-diverse-v2/1e-3/seed_0/ammd_s0_Tlr0p001__5385d7b9,/raid/ext_csv/AMO_store/td3_amo_le_bel2_a5_seeds0to3/runs/td3amo_le_bel2_a5_am-m-div_r1e3_s0,ext_csv,4e3203f35bcc6048201ae3cfe75d932830ccd5f9
ablation,td3_amo,td3_amo_le_bel2_a5,Tlr0p001,antmaze,antmaze-medium-diverse-v2,1,jax,0.001,5.0,5.0,,,,,,False,le_l2_rms,le,bpi,0.0003,0.0003,,method_variant:td3_amo_le_bel2_a5;bootstrap_loss_not_l2_rms,1000000,,1000000,48.0,50,True,,ammd_s1_Tlr0p001__7d99b4b5,ablation/td3_amo/antmaze-medium-diverse-v2/1e-3/seed_1/ammd_s1_Tlr0p001__7d99b4b5,/raid/ext_csv/AMO_store/td3_amo_le_bel2_a5_seeds0to3/runs/td3amo_le_bel2_a5_am-m-div_r1e3_s1,ext_csv,4e3203f35bcc6048201ae3cfe75d932830ccd5f9
ablation,td3_amo,td3_amo_le_bel2_a5,Tlr0p002,antmaze,antmaze-medium-diverse-v2,0,jax,0.002,5.0,5.0,,,,,,False,le_l2_rms,le,bpi,0.0003,0.0003,,method_variant:td3_amo_le_bel2_a5;bootstrap_loss_not_l2_rms,1000000,,1000000,36.0,50,True,,ammd_s0_Tlr0p002__18d0d826,ablation/td3_amo/antmaze-medium-diverse-v2/2e-3/seed_0/ammd_s0_Tlr0p002__18d0d826,/raid/ext_csv/AMO_store/td3_amo_le_bel2_a5_seeds0to3/runs/td3amo_le_bel2_a5_am-m-div_r2e3_s0,ext_csv,4e3203f35bcc6048201ae3cfe75d932830ccd5f9
ablation,td3_amo,td3_amo_le_bel2_a5,Tlr0p002,antmaze,antmaze-medium-diverse-v2,1,jax,0.002,5.0,5.0,,,,,,False,le_l2_rms,le,bpi,0.0003,0.0003,,method_variant:td3_amo_le_bel2_a5;bootstrap_loss_not_l2_rms,1000000,,1000000,52.0,50,True,,ammd_s1_Tlr0p002__71fca2ed,ablation/td3_amo/antmaze-medium-diverse-v2/2e-3/seed_1/ammd_s1_Tlr0p002__71fca2ed,/raid/ext_csv/AMO_store/td3_amo_le_bel2_a5_seeds0to3/runs/td3amo_le_bel2_a5_am-m-div_r2e3_s1,ext_csv,4e3203f35bcc6048201ae3cfe75d932830ccd5f9
ablation,td3_amo,td3_amo_le_bel2_a5,Tlr0p0003,antmaze,antmaze-medium-play-v2,0,jax,0.0003,5.0,5.0,,,,,,False,le_l2_rms,le,bpi,0.0003,0.0003,,method_variant:td3_amo_le_bel2_a5;bootstrap_loss_not_l2_rms,,,,,,False,,ammp_s0_Tlr0p0003__983c7b00,ablation/td3_amo/antmaze-medium-play-v2/3e-4/seed_0/ammp_s0_Tlr0p0003__983c7b00,/raid/ext_csv/AMO_store/td3_amo_le_bel2_a5_seeds0to3/runs/td3amo_le_bel2_a5_am-m-p_r3e4_s0,ext_csv,4e3203f35bcc6048201ae3cfe75d932830ccd5f9
ablation,td3_amo,td3_amo_le_bel2_a5,Tlr0p0003,antmaze,antmaze-medium-play-v2,1,jax,0.0003,5.0,5.0,,,,,,False,le_l2_rms,le,bpi,0.0003,0.0003,,method_variant:td3_amo_le_bel2_a5;bootstrap_loss_not_l2_rms,1000000,,1000000,82.0,50,True,,ammp_s1_Tlr0p0003__000448df,ablation/td3_amo/antmaze-medium-play-v2/3e-4/seed_1/ammp_s1_Tlr0p0003__000448df,/raid/ext_csv/AMO_store/td3_amo_le_bel2_a5_seeds0to3/runs/td3amo_le_bel2_a5_am-m-p_r3e4_s1,ext_csv,4e3203f35bcc6048201ae3cfe75d932830ccd5f9
ablation,td3_amo,td3_amo_le_bel2_a5,Tlr0p001,antmaze,antmaze-medium-play-v2,0,jax,0.001,5.0,5.0,,,,,,False,le_l2_rms,le,bpi,0.0003,0.0003,,method_variant:td3_amo_le_bel2_a5;bootstrap_loss_not_l2_rms,1000000,,1000000,62.0,50,True,,ammp_s0_Tlr0p001__ba95a200,ablation/td3_amo/antmaze-medium-play-v2/1e-3/seed_0/ammp_s0_Tlr0p001__ba95a200,/raid/ext_csv/AMO_store/td3_amo_le_bel2_a5_seeds0to3/runs/td3amo_le_bel2_a5_am-m-p_r1e3_s0,ext_csv,4e3203f35bcc6048201ae3cfe75d932830ccd5f9
ablation,td3_amo,td3_amo_le_bel2_a5,Tlr0p001,antmaze,antmaze-medium-play-v2,1,jax,0.001,5.0,5.0,,,,,,False,le_l2_rms,le,bpi,0.0003,0.0003,,method_variant:td3_amo_le_bel2_a5;bootstrap_loss_not_l2_rms,1000000,,1000000,74.0,50,True,,ammp_s1_Tlr0p001__17839ba5,ablation/td3_amo/antmaze-medium-play-v2/1e-3/seed_1/ammp_s1_Tlr0p001__17839ba5,/raid/ext_csv/AMO_store/td3_amo_le_bel2_a5_seeds0to3/runs/td3amo_le_bel2_a5_am-m-p_r1e3_s1,ext_csv,4e3203f35bcc6048201ae3cfe75d932830ccd5f9
ablation,td3_amo,td3_amo_le_bel2_a5,Tlr0p002,antmaze,antmaze-medium-play-v2,0,jax,0.002,5.0,5.0,,,,,,False,le_l2_rms,le,bpi,0.0003,0.0003,,method_variant:td3_amo_le_bel2_a5;bootstrap_loss_not_l2_rms,,,,,,False,,ammp_s0_Tlr0p002__46cb5c2f,ablation/td3_amo/antmaze-medium-play-v2/2e-3/seed_0/ammp_s0_Tlr0p002__46cb5c2f,/raid/ext_csv/AMO_store/td3_amo_le_bel2_a5_seeds0to3/runs/td3amo_le_bel2_a5_am-m-p_r2e3_s0,ext_csv,4e3203f35bcc6048201ae3cfe75d932830ccd5f9
ablation,td3_amo,td3_amo_le_bel2_a5,Tlr0p002,antmaze,antmaze-medium-play-v2,1,jax,0.002,5.0,5.0,,,,,,False,le_l2_rms,le,bpi,0.0003,0.0003,,method_variant:td3_amo_le_bel2_a5;bootstrap_loss_not_l2_rms,1000000,,1000000,72.0,50,True,,ammp_s1_Tlr0p002__8a2f78e9,ablation/td3_amo/antmaze-medium-play-v2/2e-3/seed_1/ammp_s1_Tlr0p002__8a2f78e9,/raid/ext_csv/AMO_store/td3_amo_le_bel2_a5_seeds0to3/runs/td3amo_le_bel2_a5_am-m-p_r2e3_s1,ext_csv,4e3203f35bcc6048201ae3cfe75d932830ccd5f9
ablation,td3_amo,td3_amo_le_bel2_a5,Tlr0p0003,antmaze,antmaze-umaze-diverse-v2,0,jax,0.0003,5.0,5.0,,,,,,False,le_l2_rms,le,bpi,0.0003,0.0003,,method_variant:td3_amo_le_bel2_a5;bootstrap_loss_not_l2_rms,1000000,,1000000,84.0,50,True,,amud_s0_Tlr0p0003__5f3e796b,ablation/td3_amo/antmaze-umaze-diverse-v2/3e-4/seed_0/amud_s0_Tlr0p0003__5f3e796b,/raid/ext_csv/AMO_store/td3_amo_le_bel2_a5_seeds0to3/runs/td3amo_le_bel2_a5_am-u-div_r3e4_s0,ext_csv,4e3203f35bcc6048201ae3cfe75d932830ccd5f9
ablation,td3_amo,td3_amo_le_bel2_a5,Tlr0p0003,antmaze,antmaze-umaze-diverse-v2,1,jax,0.0003,5.0,5.0,,,,,,False,le_l2_rms,le,bpi,0.0003,0.0003,,method_variant:td3_amo_le_bel2_a5;bootstrap_loss_not_l2_rms,,,,,,False,,amud_s1_Tlr0p0003__0432aedd,ablation/td3_amo/antmaze-umaze-diverse-v2/3e-4/seed_1/amud_s1_Tlr0p0003__0432aedd,/raid/ext_csv/AMO_store/td3_amo_le_bel2_a5_seeds0to3/runs/td3amo_le_bel2_a5_am-u-div_r3e4_s1,ext_csv,4e3203f35bcc6048201ae3cfe75d932830ccd5f9
ablation,td3_amo,td3_amo_le_bel2_a5,Tlr0p0003,antmaze,antmaze-umaze-diverse-v2,2,jax,0.0003,5.0,5.0,,,,,,False,le_l2_rms,le,bpi,0.0003,0.0003,,method_variant:td3_amo_le_bel2_a5;bootstrap_loss_not_l2_rms,,,,,,False,,amud_s2_Tlr0p0003__1a91452b,ablation/td3_amo/antmaze-umaze-diverse-v2/3e-4/seed_2/amud_s2_Tlr0p0003__1a91452b,/raid/ext_csv/AMO_store/td3_amo_le_bel2_a5_seeds0to3/runs/td3amo_le_bel2_a5_am-u-div_r3e4_s2,ext_csv,4e3203f35bcc6048201ae3cfe75d932830ccd5f9
ablation,td3_amo,td3_amo_le_bel2_a5,Tlr0p001,antmaze,antmaze-umaze-diverse-v2,0,jax,0.001,5.0,5.0,,,,,,False,le_l2_rms,le,bpi,0.0003,0.0003,,method_variant:td3_amo_le_bel2_a5;bootstrap_loss_not_l2_rms,1000000,,1000000,86.0,50,True,,amud_s0_Tlr0p001__04dc280e,ablation/td3_amo/antmaze-umaze-diverse-v2/1e-3/seed_0/amud_s0_Tlr0p001__04dc280e,/raid/ext_csv/AMO_store/td3_amo_le_bel2_a5_seeds0to3/runs/td3amo_le_bel2_a5_am-u-div_r1e3_s0,ext_csv,4e3203f35bcc6048201ae3cfe75d932830ccd5f9
ablation,td3_amo,td3_amo_le_bel2_a5,Tlr0p001,antmaze,antmaze-umaze-diverse-v2,1,jax,0.001,5.0,5.0,,,,,,False,le_l2_rms,le,bpi,0.0003,0.0003,,method_variant:td3_amo_le_bel2_a5;bootstrap_loss_not_l2_rms,,,,,,False,,amud_s1_Tlr0p001__2fa85b52,ablation/td3_amo/antmaze-umaze-diverse-v2/1e-3/seed_1/amud_s1_Tlr0p001__2fa85b52,/raid/ext_csv/AMO_store/td3_amo_le_bel2_a5_seeds0to3/runs/td3amo_le_bel2_a5_am-u-div_r1e3_s1,ext_csv,4e3203f35bcc6048201ae3cfe75d932830ccd5f9
ablation,td3_amo,td3_amo_le_bel2_a5,Tlr0p001,antmaze,antmaze-umaze-diverse-v2,2,jax,0.001,5.0,5.0,,,,,,False,le_l2_rms,le,bpi,0.0003,0.0003,,method_variant:td3_amo_le_bel2_a5;bootstrap_loss_not_l2_rms,,,,,,False,,amud_s2_Tlr0p001__f280b53a,ablation/td3_amo/antmaze-umaze-diverse-v2/1e-3/seed_2/amud_s2_Tlr0p001__f280b53a,/raid/ext_csv/AMO_store/td3_amo_le_bel2_a5_seeds0to3/runs/td3amo_le_bel2_a5_am-u-div_r1e3_s2,ext_csv,4e3203f35bcc6048201ae3cfe75d932830ccd5f9
ablation,td3_amo,td3_amo_le_bel2_a5,Tlr0p002,antmaze,antmaze-umaze-diverse-v2,0,jax,0.002,5.0,5.0,,,,,,False,le_l2_rms,le,bpi,0.0003,0.0003,,method_variant:td3_amo_le_bel2_a5;bootstrap_loss_not_l2_rms,1000000,,1000000,86.0,50,True,,amud_s0_Tlr0p002__bbb42319,ablation/td3_amo/antmaze-umaze-diverse-v2/2e-3/seed_0/amud_s0_Tlr0p002__bbb42319,/raid/ext_csv/AMO_store/td3_amo_le_bel2_a5_seeds0to3/runs/td3amo_le_bel2_a5_am-u-div_r2e3_s0,ext_csv,4e3203f35bcc6048201ae3cfe75d932830ccd5f9
ablation,td3_amo,td3_amo_le_bel2_a5,Tlr0p002,antmaze,antmaze-umaze-diverse-v2,1,jax,0.002,5.0,5.0,,,,,,False,le_l2_rms,le,bpi,0.0003,0.0003,,method_variant:td3_amo_le_bel2_a5;bootstrap_loss_not_l2_rms,,,,,,False,,amud_s1_Tlr0p002__c041c7d5,ablation/td3_amo/antmaze-umaze-diverse-v2/2e-3/seed_1/amud_s1_Tlr0p002__c041c7d5,/raid/ext_csv/AMO_store/td3_amo_le_bel2_a5_seeds0to3/runs/td3amo_le_bel2_a5_am-u-div_r2e3_s1,ext_csv,4e3203f35bcc6048201ae3cfe75d932830ccd5f9
ablation,td3_amo,td3_amo_le_bel2_a5,Tlr0p002,antmaze,antmaze-umaze-diverse-v2,2,jax,0.002,5.0,5.0,,,,,,False,le_l2_rms,le,bpi,0.0003,0.0003,,method_variant:td3_amo_le_bel2_a5;bootstrap_loss_not_l2_rms,,,,,,False,,amud_s2_Tlr0p002__8a654537,ablation/td3_amo/antmaze-umaze-diverse-v2/2e-3/seed_2/amud_s2_Tlr0p002__8a654537,/raid/ext_csv/AMO_store/td3_amo_le_bel2_a5_seeds0to3/runs/td3amo_le_bel2_a5_am-u-div_r2e3_s2,ext_csv,4e3203f35bcc6048201ae3cfe75d932830ccd5f9
ablation,td3_amo,td3_amo_le_bel2_a5,Tlr0p0003,antmaze,antmaze-umaze-v2,0,jax,0.0003,5.0,5.0,,,,,,False,le_l2_rms,le,bpi,0.0003,0.0003,,method_variant:td3_amo_le_bel2_a5;bootstrap_loss_not_l2_rms,1000000,,1000000,84.0,50,True,,amu_s0_Tlr0p0003__559c5106,ablation/td3_amo/antmaze-umaze-v2/3e-4/seed_0/amu_s0_Tlr0p0003__559c5106,/raid/ext_csv/AMO_store/td3_amo_le_bel2_a5_seeds0to3/runs/td3amo_le_bel2_a5_am-u_r3e4_s0,ext_csv,4e3203f35bcc6048201ae3cfe75d932830ccd5f9
ablation,td3_amo,td3_amo_le_bel2_a5,Tlr0p0003,antmaze,antmaze-umaze-v2,1,jax,0.0003,5.0,5.0,,,,,,False,le_l2_rms,le,bpi,0.0003,0.0003,,method_variant:td3_amo_le_bel2_a5;bootstrap_loss_not_l2_rms,1000000,,1000000,88.0,50,True,,amu_s1_Tlr0p0003__528efccb,ablation/td3_amo/antmaze-umaze-v2/3e-4/seed_1/amu_s1_Tlr0p0003__528efccb,/raid/ext_csv/AMO_store/td3_amo_le_bel2_a5_seeds0to3/runs/td3amo_le_bel2_a5_am-u_r3e4_s1,ext_csv,4e3203f35bcc6048201ae3cfe75d932830ccd5f9
ablation,td3_amo,td3_amo_le_bel2_a5,Tlr0p0003,antmaze,antmaze-umaze-v2,2,jax,0.0003,5.0,5.0,,,,,,False,le_l2_rms,le,bpi,0.0003,0.0003,,method_variant:td3_amo_le_bel2_a5;bootstrap_loss_not_l2_rms,,,,,,False,,amu_s2_Tlr0p0003__60ddfd0e,ablation/td3_amo/antmaze-umaze-v2/3e-4/seed_2/amu_s2_Tlr0p0003__60ddfd0e,/raid/ext_csv/AMO_store/td3_amo_le_bel2_a5_seeds0to3/runs/td3amo_le_bel2_a5_am-u_r3e4_s2,ext_csv,4e3203f35bcc6048201ae3cfe75d932830ccd5f9
ablation,td3_amo,td3_amo_le_bel2_a5,Tlr0p001,antmaze,antmaze-umaze-v2,0,jax,0.001,5.0,5.0,,,,,,False,le_l2_rms,le,bpi,0.0003,0.0003,,method_variant:td3_amo_le_bel2_a5;bootstrap_loss_not_l2_rms,1000000,,1000000,92.0,50,True,,amu_s0_Tlr0p001__710dd524,ablation/td3_amo/antmaze-umaze-v2/1e-3/seed_0/amu_s0_Tlr0p001__710dd524,/raid/ext_csv/AMO_store/td3_amo_le_bel2_a5_seeds0to3/runs/td3amo_le_bel2_a5_am-u_r1e3_s0,ext_csv,4e3203f35bcc6048201ae3cfe75d932830ccd5f9
ablation,td3_amo,td3_amo_le_bel2_a5,Tlr0p001,antmaze,antmaze-umaze-v2,1,jax,0.001,5.0,5.0,,,,,,False,le_l2_rms,le,bpi,0.0003,0.0003,,method_variant:td3_amo_le_bel2_a5;bootstrap_loss_not_l2_rms,1000000,,1000000,76.0,50,True,,amu_s1_Tlr0p001__f8bbdded,ablation/td3_amo/antmaze-umaze-v2/1e-3/seed_1/amu_s1_Tlr0p001__f8bbdded,/raid/ext_csv/AMO_store/td3_amo_le_bel2_a5_seeds0to3/runs/td3amo_le_bel2_a5_am-u_r1e3_s1,ext_csv,4e3203f35bcc6048201ae3cfe75d932830ccd5f9
ablation,td3_amo,td3_amo_le_bel2_a5,Tlr0p001,antmaze,antmaze-umaze-v2,2,jax,0.001,5.0,5.0,,,,,,False,le_l2_rms,le,bpi,0.0003,0.0003,,method_variant:td3_amo_le_bel2_a5;bootstrap_loss_not_l2_rms,,,,,,False,,amu_s2_Tlr0p001__75cd6cc5,ablation/td3_amo/antmaze-umaze-v2/1e-3/seed_2/amu_s2_Tlr0p001__75cd6cc5,/raid/ext_csv/AMO_store/td3_amo_le_bel2_a5_seeds0to3/runs/td3amo_le_bel2_a5_am-u_r1e3_s2,ext_csv,4e3203f35bcc6048201ae3cfe75d932830ccd5f9
ablation,td3_amo,td3_amo_le_bel2_a5,Tlr0p002,antmaze,antmaze-umaze-v2,0,jax,0.002,5.0,5.0,,,,,,False,le_l2_rms,le,bpi,0.0003,0.0003,,method_variant:td3_amo_le_bel2_a5;bootstrap_loss_not_l2_rms,1000000,,1000000,88.0,50,True,,amu_s0_Tlr0p002__b259b211,ablation/td3_amo/antmaze-umaze-v2/2e-3/seed_0/amu_s0_Tlr0p002__b259b211,/raid/ext_csv/AMO_store/td3_amo_le_bel2_a5_seeds0to3/runs/td3amo_le_bel2_a5_am-u_r2e3_s0,ext_csv,4e3203f35bcc6048201ae3cfe75d932830ccd5f9
ablation,td3_amo,td3_amo_le_bel2_a5,Tlr0p002,antmaze,antmaze-umaze-v2,1,jax,0.002,5.0,5.0,,,,,,False,le_l2_rms,le,bpi,0.0003,0.0003,,method_variant:td3_amo_le_bel2_a5;bootstrap_loss_not_l2_rms,,,,,,False,,amu_s1_Tlr0p002__0f3a4eb5,ablation/td3_amo/antmaze-umaze-v2/2e-3/seed_1/amu_s1_Tlr0p002__0f3a4eb5,/raid/ext_csv/AMO_store/td3_amo_le_bel2_a5_seeds0to3/runs/td3amo_le_bel2_a5_am-u_r2e3_s1,ext_csv,4e3203f35bcc6048201ae3cfe75d932830ccd5f9
ablation,td3_amo,td3_amo_le_bel2_a5,Tlr0p002,antmaze,antmaze-umaze-v2,2,jax,0.002,5.0,5.0,,,,,,False,le_l2_rms,le,bpi,0.0003,0.0003,,method_variant:td3_amo_le_bel2_a5;bootstrap_loss_not_l2_rms,,,,,,False,,amu_s2_Tlr0p002__5fca83bf,ablation/td3_amo/antmaze-umaze-v2/2e-3/seed_2/amu_s2_Tlr0p002__5fca83bf,/raid/ext_csv/AMO_store/td3_amo_le_bel2_a5_seeds0to3/runs/td3amo_le_bel2_a5_am-u_r2e3_s2,ext_csv,4e3203f35bcc6048201ae3cfe75d932830ccd5f9
ablation,td3_amo,td3_amo_le_bel2_a5,Tlr0p0003,locomotion,halfcheetah-medium-expert-v2,0,jax,0.0003,5.0,5.0,,,,,,False,le_l2_rms,le,bpi,0.0003,0.0003,,method_variant:td3_amo_le_bel2_a5;bootstrap_loss_not_l2_rms,1000000,,1000000,101.52740333108807,50,True,,hme_s0_Tlr0p0003__7f0e4b08,ablation/td3_amo/halfcheetah-medium-expert-v2/3e-4/seed_0/hme_s0_Tlr0p0003__7f0e4b08,/raid/ext_csv/AMO_store/td3_amo_le_bel2_a5_seeds0to3/runs/td3amo_le_bel2_a5_hc-me_r3e4_s0,ext_csv,4e3203f35bcc6048201ae3cfe75d932830ccd5f9
ablation,td3_amo,td3_amo_le_bel2_a5,Tlr0p0003,locomotion,halfcheetah-medium-expert-v2,1,jax,0.0003,5.0,5.0,,,,,,False,le_l2_rms,le,bpi,0.0003,0.0003,,method_variant:td3_amo_le_bel2_a5;bootstrap_loss_not_l2_rms,1000000,,1000000,99.31783060808584,50,True,,hme_s1_Tlr0p0003__c96fee40,ablation/td3_amo/halfcheetah-medium-expert-v2/3e-4/seed_1/hme_s1_Tlr0p0003__c96fee40,/raid/ext_csv/AMO_store/td3_amo_le_bel2_a5_seeds0to3/runs/td3amo_le_bel2_a5_hc-me_r3e4_s1,ext_csv,4e3203f35bcc6048201ae3cfe75d932830ccd5f9
ablation,td3_amo,td3_amo_le_bel2_a5,Tlr0p001,locomotion,halfcheetah-medium-expert-v2,0,jax,0.001,5.0,5.0,,,,,,False,le_l2_rms,le,bpi,0.0003,0.0003,,method_variant:td3_amo_le_bel2_a5;bootstrap_loss_not_l2_rms,1000000,,1000000,99.70205970470155,50,True,,hme_s0_Tlr0p001__7f4e12ec,ablation/td3_amo/halfcheetah-medium-expert-v2/1e-3/seed_0/hme_s0_Tlr0p001__7f4e12ec,/raid/ext_csv/AMO_store/td3_amo_le_bel2_a5_seeds0to3/runs/td3amo_le_bel2_a5_hc-me_r1e3_s0,ext_csv,4e3203f35bcc6048201ae3cfe75d932830ccd5f9
ablation,td3_amo,td3_amo_le_bel2_a5,Tlr0p001,locomotion,halfcheetah-medium-expert-v2,1,jax,0.001,5.0,5.0,,,,,,False,le_l2_rms,le,bpi,0.0003,0.0003,,method_variant:td3_amo_le_bel2_a5;bootstrap_loss_not_l2_rms,1000000,,1000000,83.61084318584474,50,True,,hme_s1_Tlr0p001__3a915934,ablation/td3_amo/halfcheetah-medium-expert-v2/1e-3/seed_1/hme_s1_Tlr0p001__3a915934,/raid/ext_csv/AMO_store/td3_amo_le_bel2_a5_seeds0to3/runs/td3amo_le_bel2_a5_hc-me_r1e3_s1,ext_csv,4e3203f35bcc6048201ae3cfe75d932830ccd5f9
ablation,td3_amo,td3_amo_le_bel2_a5,Tlr0p002,locomotion,halfcheetah-medium-expert-v2,0,jax,0.002,5.0,5.0,,,,,,False,le_l2_rms,le,bpi,0.0003,0.0003,,method_variant:td3_amo_le_bel2_a5;bootstrap_loss_not_l2_rms,1000000,,1000000,93.53968302637412,50,True,,hme_s0_Tlr0p002__babd4b2b,ablation/td3_amo/halfcheetah-medium-expert-v2/2e-3/seed_0/hme_s0_Tlr0p002__babd4b2b,/raid/ext_csv/AMO_store/td3_amo_le_bel2_a5_seeds0to3/runs/td3amo_le_bel2_a5_hc-me_r2e3_s0,ext_csv,4e3203f35bcc6048201ae3cfe75d932830ccd5f9
ablation,td3_amo,td3_amo_le_bel2_a5,Tlr0p002,locomotion,halfcheetah-medium-expert-v2,1,jax,0.002,5.0,5.0,,,,,,False,le_l2_rms,le,bpi,0.0003,0.0003,,method_variant:td3_amo_le_bel2_a5;bootstrap_loss_not_l2_rms,1000000,,1000000,106.00892772326837,50,True,,hme_s1_Tlr0p002__515df6d8,ablation/td3_amo/halfcheetah-medium-expert-v2/2e-3/seed_1/hme_s1_Tlr0p002__515df6d8,/raid/ext_csv/AMO_store/td3_amo_le_bel2_a5_seeds0to3/runs/td3amo_le_bel2_a5_hc-me_r2e3_s1,ext_csv,4e3203f35bcc6048201ae3cfe75d932830ccd5f9
ablation,td3_amo,td3_amo_le_bel2_a5,Tlr0p0003,locomotion,halfcheetah-medium-replay-v2,0,jax,0.0003,5.0,5.0,,,,,,False,le_l2_rms,le,bpi,0.0003,0.0003,,method_variant:td3_amo_le_bel2_a5;bootstrap_loss_not_l2_rms,1000000,,1000000,48.63424351997608,50,True,,hcmr_s0_Tlr0p0003__535f38e4,ablation/td3_amo/halfcheetah-medium-replay-v2/3e-4/seed_0/hcmr_s0_Tlr0p0003__535f38e4,/raid/ext_csv/AMO_store/td3_amo_le_bel2_a5_seeds0to3/runs/td3amo_le_bel2_a5_hc-mr_r3e4_s0,ext_csv,4e3203f35bcc6048201ae3cfe75d932830ccd5f9
ablation,td3_amo,td3_amo_le_bel2_a5,Tlr0p0003,locomotion,halfcheetah-medium-replay-v2,1,jax,0.0003,5.0,5.0,,,,,,False,le_l2_rms,le,bpi,0.0003,0.0003,,method_variant:td3_amo_le_bel2_a5;bootstrap_loss_not_l2_rms,1000000,,1000000,47.52591743079185,50,True,,hcmr_s1_Tlr0p0003__88b53f56,ablation/td3_amo/halfcheetah-medium-replay-v2/3e-4/seed_1/hcmr_s1_Tlr0p0003__88b53f56,/raid/ext_csv/AMO_store/td3_amo_le_bel2_a5_seeds0to3/runs/td3amo_le_bel2_a5_hc-mr_r3e4_s1,ext_csv,4e3203f35bcc6048201ae3cfe75d932830ccd5f9
ablation,td3_amo,td3_amo_le_bel2_a5,Tlr0p001,locomotion,halfcheetah-medium-replay-v2,0,jax,0.001,5.0,5.0,,,,,,False,le_l2_rms,le,bpi,0.0003,0.0003,,method_variant:td3_amo_le_bel2_a5;bootstrap_loss_not_l2_rms,1000000,,1000000,49.28590421213141,50,True,,hcmr_s0_Tlr0p001__128dfc85,ablation/td3_amo/halfcheetah-medium-replay-v2/1e-3/seed_0/hcmr_s0_Tlr0p001__128dfc85,/raid/ext_csv/AMO_store/td3_amo_le_bel2_a5_seeds0to3/runs/td3amo_le_bel2_a5_hc-mr_r1e3_s0,ext_csv,4e3203f35bcc6048201ae3cfe75d932830ccd5f9
ablation,td3_amo,td3_amo_le_bel2_a5,Tlr0p001,locomotion,halfcheetah-medium-replay-v2,1,jax,0.001,5.0,5.0,,,,,,False,le_l2_rms,le,bpi,0.0003,0.0003,,method_variant:td3_amo_le_bel2_a5;bootstrap_loss_not_l2_rms,1000000,,1000000,49.088025001126034,50,True,,hcmr_s1_Tlr0p001__e9cf927c,ablation/td3_amo/halfcheetah-medium-replay-v2/1e-3/seed_1/hcmr_s1_Tlr0p001__e9cf927c,/raid/ext_csv/AMO_store/td3_amo_le_bel2_a5_seeds0to3/runs/td3amo_le_bel2_a5_hc-mr_r1e3_s1,ext_csv,4e3203f35bcc6048201ae3cfe75d932830ccd5f9
ablation,td3_amo,td3_amo_le_bel2_a5,Tlr0p002,locomotion,halfcheetah-medium-replay-v2,0,jax,0.002,5.0,5.0,,,,,,False,le_l2_rms,le,bpi,0.0003,0.0003,,method_variant:td3_amo_le_bel2_a5;bootstrap_loss_not_l2_rms,1000000,,1000000,49.682436639493304,50,True,,hcmr_s0_Tlr0p002__8cfb7f40,ablation/td3_amo/halfcheetah-medium-replay-v2/2e-3/seed_0/hcmr_s0_Tlr0p002__8cfb7f40,/raid/ext_csv/AMO_store/td3_amo_le_bel2_a5_seeds0to3/runs/td3amo_le_bel2_a5_hc-mr_r2e3_s0,ext_csv,4e3203f35bcc6048201ae3cfe75d932830ccd5f9
ablation,td3_amo,td3_amo_le_bel2_a5,Tlr0p002,locomotion,halfcheetah-medium-replay-v2,1,jax,0.002,5.0,5.0,,,,,,False,le_l2_rms,le,bpi,0.0003,0.0003,,method_variant:td3_amo_le_bel2_a5;bootstrap_loss_not_l2_rms,1000000,,1000000,48.76763240112601,50,True,,hcmr_s1_Tlr0p002__6ae71ae3,ablation/td3_amo/halfcheetah-medium-replay-v2/2e-3/seed_1/hcmr_s1_Tlr0p002__6ae71ae3,/raid/ext_csv/AMO_store/td3_amo_le_bel2_a5_seeds0to3/runs/td3amo_le_bel2_a5_hc-mr_r2e3_s1,ext_csv,4e3203f35bcc6048201ae3cfe75d932830ccd5f9
ablation,td3_amo,td3_amo_le_bel2_a5,Tlr0p0003,locomotion,halfcheetah-medium-v2,0,jax,0.0003,5.0,5.0,,,,,,False,le_l2_rms,le,bpi,0.0003,0.0003,,method_variant:td3_amo_le_bel2_a5;bootstrap_loss_not_l2_rms,1000000,,1000000,53.244658863169455,50,True,,hcm_s0_Tlr0p0003__0a1274f9,ablation/td3_amo/halfcheetah-medium-v2/3e-4/seed_0/hcm_s0_Tlr0p0003__0a1274f9,/raid/ext_csv/AMO_store/td3_amo_le_bel2_a5_seeds0to3/runs/td3amo_le_bel2_a5_hc-m_r3e4_s0,ext_csv,4e3203f35bcc6048201ae3cfe75d932830ccd5f9
ablation,td3_amo,td3_amo_le_bel2_a5,Tlr0p0003,locomotion,halfcheetah-medium-v2,1,jax,0.0003,5.0,5.0,,,,,,False,le_l2_rms,le,bpi,0.0003,0.0003,,method_variant:td3_amo_le_bel2_a5;bootstrap_loss_not_l2_rms,1000000,,1000000,54.50142037657455,50,True,,hcm_s1_Tlr0p0003__504bdef9,ablation/td3_amo/halfcheetah-medium-v2/3e-4/seed_1/hcm_s1_Tlr0p0003__504bdef9,/raid/ext_csv/AMO_store/td3_amo_le_bel2_a5_seeds0to3/runs/td3amo_le_bel2_a5_hc-m_r3e4_s1,ext_csv,4e3203f35bcc6048201ae3cfe75d932830ccd5f9
ablation,td3_amo,td3_amo_le_bel2_a5,Tlr0p001,locomotion,halfcheetah-medium-v2,0,jax,0.001,5.0,5.0,,,,,,False,le_l2_rms,le,bpi,0.0003,0.0003,,method_variant:td3_amo_le_bel2_a5;bootstrap_loss_not_l2_rms,1000000,,1000000,56.40819742645478,50,True,,hcm_s0_Tlr0p001__37c7e7d5,ablation/td3_amo/halfcheetah-medium-v2/1e-3/seed_0/hcm_s0_Tlr0p001__37c7e7d5,/raid/ext_csv/AMO_store/td3_amo_le_bel2_a5_seeds0to3/runs/td3amo_le_bel2_a5_hc-m_r1e3_s0,ext_csv,4e3203f35bcc6048201ae3cfe75d932830ccd5f9
ablation,td3_amo,td3_amo_le_bel2_a5,Tlr0p001,locomotion,halfcheetah-medium-v2,1,jax,0.001,5.0,5.0,,,,,,False,le_l2_rms,le,bpi,0.0003,0.0003,,method_variant:td3_amo_le_bel2_a5;bootstrap_loss_not_l2_rms,1000000,,1000000,55.54936008054079,50,True,,hcm_s1_Tlr0p001__162a3174,ablation/td3_amo/halfcheetah-medium-v2/1e-3/seed_1/hcm_s1_Tlr0p001__162a3174,/raid/ext_csv/AMO_store/td3_amo_le_bel2_a5_seeds0to3/runs/td3amo_le_bel2_a5_hc-m_r1e3_s1,ext_csv,4e3203f35bcc6048201ae3cfe75d932830ccd5f9
ablation,td3_amo,td3_amo_le_bel2_a5,Tlr0p002,locomotion,halfcheetah-medium-v2,0,jax,0.002,5.0,5.0,,,,,,False,le_l2_rms,le,bpi,0.0003,0.0003,,method_variant:td3_amo_le_bel2_a5;bootstrap_loss_not_l2_rms,1000000,,1000000,57.78766400005709,50,True,,hcm_s0_Tlr0p002__65630a45,ablation/td3_amo/halfcheetah-medium-v2/2e-3/seed_0/hcm_s0_Tlr0p002__65630a45,/raid/ext_csv/AMO_store/td3_amo_le_bel2_a5_seeds0to3/runs/td3amo_le_bel2_a5_hc-m_r2e3_s0,ext_csv,4e3203f35bcc6048201ae3cfe75d932830ccd5f9
ablation,td3_amo,td3_amo_le_bel2_a5,Tlr0p002,locomotion,halfcheetah-medium-v2,1,jax,0.002,5.0,5.0,,,,,,False,le_l2_rms,le,bpi,0.0003,0.0003,,method_variant:td3_amo_le_bel2_a5;bootstrap_loss_not_l2_rms,1000000,,1000000,58.344149078665886,50,True,,hcm_s1_Tlr0p002__d6921402,ablation/td3_amo/halfcheetah-medium-v2/2e-3/seed_1/hcm_s1_Tlr0p002__d6921402,/raid/ext_csv/AMO_store/td3_amo_le_bel2_a5_seeds0to3/runs/td3amo_le_bel2_a5_hc-m_r2e3_s1,ext_csv,4e3203f35bcc6048201ae3cfe75d932830ccd5f9
ablation,td3_amo,td3_amo_le_bel2_a5,Tlr0p0003,locomotion,hopper-medium-expert-v2,0,jax,0.0003,5.0,5.0,,,,,,False,le_l2_rms,le,bpi,0.0003,0.0003,,method_variant:td3_amo_le_bel2_a5;bootstrap_loss_not_l2_rms,1000000,,1000000,111.92720119461197,50,True,,hopme_s0_Tlr0p0003__a884dd42,ablation/td3_amo/hopper-medium-expert-v2/3e-4/seed_0/hopme_s0_Tlr0p0003__a884dd42,/raid/ext_csv/AMO_store/td3_amo_le_bel2_a5_seeds0to3/runs/td3amo_le_bel2_a5_h-me_r3e4_s0,ext_csv,4e3203f35bcc6048201ae3cfe75d932830ccd5f9
ablation,td3_amo,td3_amo_le_bel2_a5,Tlr0p0003,locomotion,hopper-medium-expert-v2,1,jax,0.0003,5.0,5.0,,,,,,False,le_l2_rms,le,bpi,0.0003,0.0003,,method_variant:td3_amo_le_bel2_a5;bootstrap_loss_not_l2_rms,1000000,,1000000,107.39264202306475,50,True,,hopme_s1_Tlr0p0003__d775947b,ablation/td3_amo/hopper-medium-expert-v2/3e-4/seed_1/hopme_s1_Tlr0p0003__d775947b,/raid/ext_csv/AMO_store/td3_amo_le_bel2_a5_seeds0to3/runs/td3amo_le_bel2_a5_h-me_r3e4_s1,ext_csv,4e3203f35bcc6048201ae3cfe75d932830ccd5f9
ablation,td3_amo,td3_amo_le_bel2_a5,Tlr0p0003,locomotion,hopper-medium-expert-v2,2,jax,0.0003,5.0,5.0,,,,,,False,le_l2_rms,le,bpi,0.0003,0.0003,,method_variant:td3_amo_le_bel2_a5;bootstrap_loss_not_l2_rms,1000000,,1000000,106.65991241541988,50,True,,hopme_s2_Tlr0p0003__52457aca,ablation/td3_amo/hopper-medium-expert-v2/3e-4/seed_2/hopme_s2_Tlr0p0003__52457aca,/raid/ext_csv/AMO_store/td3_amo_le_bel2_a5_seeds0to3/runs/td3amo_le_bel2_a5_h-me_r3e4_s2,ext_csv,4e3203f35bcc6048201ae3cfe75d932830ccd5f9
ablation,td3_amo,td3_amo_le_bel2_a5,Tlr0p001,locomotion,hopper-medium-expert-v2,0,jax,0.001,5.0,5.0,,,,,,False,le_l2_rms,le,bpi,0.0003,0.0003,,method_variant:td3_amo_le_bel2_a5;bootstrap_loss_not_l2_rms,1000000,,1000000,39.47855282586023,50,True,,hopme_s0_Tlr0p001__eb226dc9,ablation/td3_amo/hopper-medium-expert-v2/1e-3/seed_0/hopme_s0_Tlr0p001__eb226dc9,/raid/ext_csv/AMO_store/td3_amo_le_bel2_a5_seeds0to3/runs/td3amo_le_bel2_a5_h-me_r1e3_s0,ext_csv,4e3203f35bcc6048201ae3cfe75d932830ccd5f9
ablation,td3_amo,td3_amo_le_bel2_a5,Tlr0p001,locomotion,hopper-medium-expert-v2,1,jax,0.001,5.0,5.0,,,,,,False,le_l2_rms,le,bpi,0.0003,0.0003,,method_variant:td3_amo_le_bel2_a5;bootstrap_loss_not_l2_rms,1000000,,1000000,86.67669798392599,50,True,,hopme_s1_Tlr0p001__a0417a13,ablation/td3_amo/hopper-medium-expert-v2/1e-3/seed_1/hopme_s1_Tlr0p001__a0417a13,/raid/ext_csv/AMO_store/td3_amo_le_bel2_a5_seeds0to3/runs/td3amo_le_bel2_a5_h-me_r1e3_s1,ext_csv,4e3203f35bcc6048201ae3cfe75d932830ccd5f9
ablation,td3_amo,td3_amo_le_bel2_a5,Tlr0p001,locomotion,hopper-medium-expert-v2,2,jax,0.001,5.0,5.0,,,,,,False,le_l2_rms,le,bpi,0.0003,0.0003,,method_variant:td3_amo_le_bel2_a5;bootstrap_loss_not_l2_rms,1000000,,1000000,76.93057504371778,50,True,,hopme_s2_Tlr0p001__13481b25,ablation/td3_amo/hopper-medium-expert-v2/1e-3/seed_2/hopme_s2_Tlr0p001__13481b25,/raid/ext_csv/AMO_store/td3_amo_le_bel2_a5_seeds0to3/runs/td3amo_le_bel2_a5_h-me_r1e3_s2,ext_csv,4e3203f35bcc6048201ae3cfe75d932830ccd5f9
ablation,td3_amo,td3_amo_le_bel2_a5,Tlr0p002,locomotion,hopper-medium-expert-v2,0,jax,0.002,5.0,5.0,,,,,,False,le_l2_rms,le,bpi,0.0003,0.0003,,method_variant:td3_amo_le_bel2_a5;bootstrap_loss_not_l2_rms,1000000,,1000000,28.834079632366567,50,True,,hopme_s0_Tlr0p002__ab8d0bbd,ablation/td3_amo/hopper-medium-expert-v2/2e-3/seed_0/hopme_s0_Tlr0p002__ab8d0bbd,/raid/ext_csv/AMO_store/td3_amo_le_bel2_a5_seeds0to3/runs/td3amo_le_bel2_a5_h-me_r2e3_s0,ext_csv,4e3203f35bcc6048201ae3cfe75d932830ccd5f9
ablation,td3_amo,td3_amo_le_bel2_a5,Tlr0p002,locomotion,hopper-medium-expert-v2,1,jax,0.002,5.0,5.0,,,,,,False,le_l2_rms,le,bpi,0.0003,0.0003,,method_variant:td3_amo_le_bel2_a5;bootstrap_loss_not_l2_rms,1000000,,1000000,63.69912890678421,50,True,,hopme_s1_Tlr0p002__822a2dda,ablation/td3_amo/hopper-medium-expert-v2/2e-3/seed_1/hopme_s1_Tlr0p002__822a2dda,/raid/ext_csv/AMO_store/td3_amo_le_bel2_a5_seeds0to3/runs/td3amo_le_bel2_a5_h-me_r2e3_s1,ext_csv,4e3203f35bcc6048201ae3cfe75d932830ccd5f9
ablation,td3_amo,td3_amo_le_bel2_a5,Tlr0p002,locomotion,hopper-medium-expert-v2,2,jax,0.002,5.0,5.0,,,,,,False,le_l2_rms,le,bpi,0.0003,0.0003,,method_variant:td3_amo_le_bel2_a5;bootstrap_loss_not_l2_rms,1000000,,1000000,67.4999818184509,50,True,,hopme_s2_Tlr0p002__c0a533ff,ablation/td3_amo/hopper-medium-expert-v2/2e-3/seed_2/hopme_s2_Tlr0p002__c0a533ff,/raid/ext_csv/AMO_store/td3_amo_le_bel2_a5_seeds0to3/runs/td3amo_le_bel2_a5_h-me_r2e3_s2,ext_csv,4e3203f35bcc6048201ae3cfe75d932830ccd5f9
ablation,td3_amo,td3_amo_le_bel2_a5,Tlr0p0003,locomotion,hopper-medium-replay-v2,0,jax,0.0003,5.0,5.0,,,,,,False,le_l2_rms,le,bpi,0.0003,0.0003,,method_variant:td3_amo_le_bel2_a5;bootstrap_loss_not_l2_rms,1000000,,1000000,101.18344332281994,50,True,,hopmr_s0_Tlr0p0003__fb9eb492,ablation/td3_amo/hopper-medium-replay-v2/3e-4/seed_0/hopmr_s0_Tlr0p0003__fb9eb492,/raid/ext_csv/AMO_store/td3_amo_le_bel2_a5_seeds0to3/runs/td3amo_le_bel2_a5_h-mr_r3e4_s0,ext_csv,4e3203f35bcc6048201ae3cfe75d932830ccd5f9
ablation,td3_amo,td3_amo_le_bel2_a5,Tlr0p0003,locomotion,hopper-medium-replay-v2,1,jax,0.0003,5.0,5.0,,,,,,False,le_l2_rms,le,bpi,0.0003,0.0003,,method_variant:td3_amo_le_bel2_a5;bootstrap_loss_not_l2_rms,1000000,,1000000,98.48232624610749,50,True,,hopmr_s1_Tlr0p0003__27d7e051,ablation/td3_amo/hopper-medium-replay-v2/3e-4/seed_1/hopmr_s1_Tlr0p0003__27d7e051,/raid/ext_csv/AMO_store/td3_amo_le_bel2_a5_seeds0to3/runs/td3amo_le_bel2_a5_h-mr_r3e4_s1,ext_csv,4e3203f35bcc6048201ae3cfe75d932830ccd5f9
ablation,td3_amo,td3_amo_le_bel2_a5,Tlr0p0003,locomotion,hopper-medium-replay-v2,2,jax,0.0003,5.0,5.0,,,,,,False,le_l2_rms,le,bpi,0.0003,0.0003,,method_variant:td3_amo_le_bel2_a5;bootstrap_loss_not_l2_rms,1000000,,1000000,99.21667341023013,50,True,,hopmr_s2_Tlr0p0003__dfc66a62,ablation/td3_amo/hopper-medium-replay-v2/3e-4/seed_2/hopmr_s2_Tlr0p0003__dfc66a62,/raid/ext_csv/AMO_store/td3_amo_le_bel2_a5_seeds0to3/runs/td3amo_le_bel2_a5_h-mr_r3e4_s2,ext_csv,4e3203f35bcc6048201ae3cfe75d932830ccd5f9
ablation,td3_amo,td3_amo_le_bel2_a5,Tlr0p001,locomotion,hopper-medium-replay-v2,0,jax,0.001,5.0,5.0,,,,,,False,le_l2_rms,le,bpi,0.0003,0.0003,,method_variant:td3_amo_le_bel2_a5;bootstrap_loss_not_l2_rms,1000000,,1000000,100.83384548304133,50,True,,hopmr_s0_Tlr0p001__a36c91f5,ablation/td3_amo/hopper-medium-replay-v2/1e-3/seed_0/hopmr_s0_Tlr0p001__a36c91f5,/raid/ext_csv/AMO_store/td3_amo_le_bel2_a5_seeds0to3/runs/td3amo_le_bel2_a5_h-mr_r1e3_s0,ext_csv,4e3203f35bcc6048201ae3cfe75d932830ccd5f9
ablation,td3_amo,td3_amo_le_bel2_a5,Tlr0p001,locomotion,hopper-medium-replay-v2,1,jax,0.001,5.0,5.0,,,,,,False,le_l2_rms,le,bpi,0.0003,0.0003,,method_variant:td3_amo_le_bel2_a5;bootstrap_loss_not_l2_rms,1000000,,1000000,88.54763785159417,50,True,,hopmr_s1_Tlr0p001__f00f885d,ablation/td3_amo/hopper-medium-replay-v2/1e-3/seed_1/hopmr_s1_Tlr0p001__f00f885d,/raid/ext_csv/AMO_store/td3_amo_le_bel2_a5_seeds0to3/runs/td3amo_le_bel2_a5_h-mr_r1e3_s1,ext_csv,4e3203f35bcc6048201ae3cfe75d932830ccd5f9
ablation,td3_amo,td3_amo_le_bel2_a5,Tlr0p001,locomotion,hopper-medium-replay-v2,2,jax,0.001,5.0,5.0,,,,,,False,le_l2_rms,le,bpi,0.0003,0.0003,,method_variant:td3_amo_le_bel2_a5;bootstrap_loss_not_l2_rms,1000000,,1000000,100.01781527207261,50,True,,hopmr_s2_Tlr0p001__81c69a9a,ablation/td3_amo/hopper-medium-replay-v2/1e-3/seed_2/hopmr_s2_Tlr0p001__81c69a9a,/raid/ext_csv/AMO_store/td3_amo_le_bel2_a5_seeds0to3/runs/td3amo_le_bel2_a5_h-mr_r1e3_s2,ext_csv,4e3203f35bcc6048201ae3cfe75d932830ccd5f9
ablation,td3_amo,td3_amo_le_bel2_a5,Tlr0p002,locomotion,hopper-medium-replay-v2,0,jax,0.002,5.0,5.0,,,,,,False,le_l2_rms,le,bpi,0.0003,0.0003,,method_variant:td3_amo_le_bel2_a5;bootstrap_loss_not_l2_rms,1000000,,1000000,89.78874502697577,50,True,,hopmr_s0_Tlr0p002__5e5710bd,ablation/td3_amo/hopper-medium-replay-v2/2e-3/seed_0/hopmr_s0_Tlr0p002__5e5710bd,/raid/ext_csv/AMO_store/td3_amo_le_bel2_a5_seeds0to3/runs/td3amo_le_bel2_a5_h-mr_r2e3_s0,ext_csv,4e3203f35bcc6048201ae3cfe75d932830ccd5f9
ablation,td3_amo,td3_amo_le_bel2_a5,Tlr0p002,locomotion,hopper-medium-replay-v2,1,jax,0.002,5.0,5.0,,,,,,False,le_l2_rms,le,bpi,0.0003,0.0003,,method_variant:td3_amo_le_bel2_a5;bootstrap_loss_not_l2_rms,1000000,,1000000,99.36659084691463,50,True,,hopmr_s1_Tlr0p002__700b366e,ablation/td3_amo/hopper-medium-replay-v2/2e-3/seed_1/hopmr_s1_Tlr0p002__700b366e,/raid/ext_csv/AMO_store/td3_amo_le_bel2_a5_seeds0to3/runs/td3amo_le_bel2_a5_h-mr_r2e3_s1,ext_csv,4e3203f35bcc6048201ae3cfe75d932830ccd5f9
ablation,td3_amo,td3_amo_le_bel2_a5,Tlr0p002,locomotion,hopper-medium-replay-v2,2,jax,0.002,5.0,5.0,,,,,,False,le_l2_rms,le,bpi,0.0003,0.0003,,method_variant:td3_amo_le_bel2_a5;bootstrap_loss_not_l2_rms,1000000,,1000000,100.01740733561375,50,True,,hopmr_s2_Tlr0p002__46b9d819,ablation/td3_amo/hopper-medium-replay-v2/2e-3/seed_2/hopmr_s2_Tlr0p002__46b9d819,/raid/ext_csv/AMO_store/td3_amo_le_bel2_a5_seeds0to3/runs/td3amo_le_bel2_a5_h-mr_r2e3_s2,ext_csv,4e3203f35bcc6048201ae3cfe75d932830ccd5f9
ablation,td3_amo,td3_amo_le_bel2_a5,Tlr0p0003,locomotion,hopper-medium-v2,0,jax,0.0003,5.0,5.0,,,,,,False,le_l2_rms,le,bpi,0.0003,0.0003,,method_variant:td3_amo_le_bel2_a5;bootstrap_loss_not_l2_rms,1000000,,1000000,74.59251124522692,50,True,,hopm_s0_Tlr0p0003__ac8fc08f,ablation/td3_amo/hopper-medium-v2/3e-4/seed_0/hopm_s0_Tlr0p0003__ac8fc08f,/raid/ext_csv/AMO_store/td3_amo_le_bel2_a5_seeds0to3/runs/td3amo_le_bel2_a5_h-m_r3e4_s0,ext_csv,4e3203f35bcc6048201ae3cfe75d932830ccd5f9
ablation,td3_amo,td3_amo_le_bel2_a5,Tlr0p0003,locomotion,hopper-medium-v2,1,jax,0.0003,5.0,5.0,,,,,,False,le_l2_rms,le,bpi,0.0003,0.0003,,method_variant:td3_amo_le_bel2_a5;bootstrap_loss_not_l2_rms,1000000,,1000000,86.72146298499878,50,True,,hopm_s1_Tlr0p0003__eda88679,ablation/td3_amo/hopper-medium-v2/3e-4/seed_1/hopm_s1_Tlr0p0003__eda88679,/raid/ext_csv/AMO_store/td3_amo_le_bel2_a5_seeds0to3/runs/td3amo_le_bel2_a5_h-m_r3e4_s1,ext_csv,4e3203f35bcc6048201ae3cfe75d932830ccd5f9
ablation,td3_amo,td3_amo_le_bel2_a5,Tlr0p0003,locomotion,hopper-medium-v2,2,jax,0.0003,5.0,5.0,,,,,,False,le_l2_rms,le,bpi,0.0003,0.0003,,method_variant:td3_amo_le_bel2_a5;bootstrap_loss_not_l2_rms,1000000,,1000000,72.12497667030814,50,True,,hopm_s2_Tlr0p0003__81c89674,ablation/td3_amo/hopper-medium-v2/3e-4/seed_2/hopm_s2_Tlr0p0003__81c89674,/raid/ext_csv/AMO_store/td3_amo_le_bel2_a5_seeds0to3/runs/td3amo_le_bel2_a5_h-m_r3e4_s2,ext_csv,4e3203f35bcc6048201ae3cfe75d932830ccd5f9
ablation,td3_amo,td3_amo_le_bel2_a5,Tlr0p001,locomotion,hopper-medium-v2,0,jax,0.001,5.0,5.0,,,,,,False,le_l2_rms,le,bpi,0.0003,0.0003,,method_variant:td3_amo_le_bel2_a5;bootstrap_loss_not_l2_rms,1000000,,1000000,99.34007929636334,50,True,,hopm_s0_Tlr0p001__43cd6401,ablation/td3_amo/hopper-medium-v2/1e-3/seed_0/hopm_s0_Tlr0p001__43cd6401,/raid/ext_csv/AMO_store/td3_amo_le_bel2_a5_seeds0to3/runs/td3amo_le_bel2_a5_h-m_r1e3_s0,ext_csv,4e3203f35bcc6048201ae3cfe75d932830ccd5f9
ablation,td3_amo,td3_amo_le_bel2_a5,Tlr0p001,locomotion,hopper-medium-v2,1,jax,0.001,5.0,5.0,,,,,,False,le_l2_rms,le,bpi,0.0003,0.0003,,method_variant:td3_amo_le_bel2_a5;bootstrap_loss_not_l2_rms,1000000,,1000000,100.53981429659243,50,True,,hopm_s1_Tlr0p001__641351e7,ablation/td3_amo/hopper-medium-v2/1e-3/seed_1/hopm_s1_Tlr0p001__641351e7,/raid/ext_csv/AMO_store/td3_amo_le_bel2_a5_seeds0to3/runs/td3amo_le_bel2_a5_h-m_r1e3_s1,ext_csv,4e3203f35bcc6048201ae3cfe75d932830ccd5f9
ablation,td3_amo,td3_amo_le_bel2_a5,Tlr0p001,locomotion,hopper-medium-v2,2,jax,0.001,5.0,5.0,,,,,,False,le_l2_rms,le,bpi,0.0003,0.0003,,method_variant:td3_amo_le_bel2_a5;bootstrap_loss_not_l2_rms,1000000,,1000000,98.00499602815732,50,True,,hopm_s2_Tlr0p001__24dffca4,ablation/td3_amo/hopper-medium-v2/1e-3/seed_2/hopm_s2_Tlr0p001__24dffca4,/raid/ext_csv/AMO_store/td3_amo_le_bel2_a5_seeds0to3/runs/td3amo_le_bel2_a5_h-m_r1e3_s2,ext_csv,4e3203f35bcc6048201ae3cfe75d932830ccd5f9
ablation,td3_amo,td3_amo_le_bel2_a5,Tlr0p002,locomotion,hopper-medium-v2,0,jax,0.002,5.0,5.0,,,,,,False,le_l2_rms,le,bpi,0.0003,0.0003,,method_variant:td3_amo_le_bel2_a5;bootstrap_loss_not_l2_rms,1000000,,1000000,102.30899382207,50,True,,hopm_s0_Tlr0p002__dedd459f,ablation/td3_amo/hopper-medium-v2/2e-3/seed_0/hopm_s0_Tlr0p002__dedd459f,/raid/ext_csv/AMO_store/td3_amo_le_bel2_a5_seeds0to3/runs/td3amo_le_bel2_a5_h-m_r2e3_s0,ext_csv,4e3203f35bcc6048201ae3cfe75d932830ccd5f9
ablation,td3_amo,td3_amo_le_bel2_a5,Tlr0p002,locomotion,hopper-medium-v2,1,jax,0.002,5.0,5.0,,,,,,False,le_l2_rms,le,bpi,0.0003,0.0003,,method_variant:td3_amo_le_bel2_a5;bootstrap_loss_not_l2_rms,1000000,,1000000,102.31139840980205,50,True,,hopm_s1_Tlr0p002__4d20fb99,ablation/td3_amo/hopper-medium-v2/2e-3/seed_1/hopm_s1_Tlr0p002__4d20fb99,/raid/ext_csv/AMO_store/td3_amo_le_bel2_a5_seeds0to3/runs/td3amo_le_bel2_a5_h-m_r2e3_s1,ext_csv,4e3203f35bcc6048201ae3cfe75d932830ccd5f9
ablation,td3_amo,td3_amo_le_bel2_a5,Tlr0p002,locomotion,hopper-medium-v2,2,jax,0.002,5.0,5.0,,,,,,False,le_l2_rms,le,bpi,0.0003,0.0003,,method_variant:td3_amo_le_bel2_a5;bootstrap_loss_not_l2_rms,1000000,,1000000,102.12260868791256,50,True,,hopm_s2_Tlr0p002__dbbed0bc,ablation/td3_amo/hopper-medium-v2/2e-3/seed_2/hopm_s2_Tlr0p002__dbbed0bc,/raid/ext_csv/AMO_store/td3_amo_le_bel2_a5_seeds0to3/runs/td3amo_le_bel2_a5_h-m_r2e3_s2,ext_csv,4e3203f35bcc6048201ae3cfe75d932830ccd5f9
ablation,td3_amo,td3_amo_le_bel2_a5,Tlr0p0003,locomotion,walker2d-medium-expert-v2,0,jax,0.0003,5.0,5.0,,,,,,False,le_l2_rms,le,bpi,0.0003,0.0003,,method_variant:td3_amo_le_bel2_a5;bootstrap_loss_not_l2_rms,1000000,,1000000,109.65532610447531,50,True,,wme_s0_Tlr0p0003__0b52f88f,ablation/td3_amo/walker2d-medium-expert-v2/3e-4/seed_0/wme_s0_Tlr0p0003__0b52f88f,/raid/ext_csv/AMO_store/td3_amo_le_bel2_a5_seeds0to3/runs/td3amo_le_bel2_a5_w-me_r3e4_s0,ext_csv,4e3203f35bcc6048201ae3cfe75d932830ccd5f9
ablation,td3_amo,td3_amo_le_bel2_a5,Tlr0p0003,locomotion,walker2d-medium-expert-v2,1,jax,0.0003,5.0,5.0,,,,,,False,le_l2_rms,le,bpi,0.0003,0.0003,,method_variant:td3_amo_le_bel2_a5;bootstrap_loss_not_l2_rms,1000000,,1000000,109.59968438731495,50,True,,wme_s1_Tlr0p0003__f637c6b9,ablation/td3_amo/walker2d-medium-expert-v2/3e-4/seed_1/wme_s1_Tlr0p0003__f637c6b9,/raid/ext_csv/AMO_store/td3_amo_le_bel2_a5_seeds0to3/runs/td3amo_le_bel2_a5_w-me_r3e4_s1,ext_csv,4e3203f35bcc6048201ae3cfe75d932830ccd5f9
ablation,td3_amo,td3_amo_le_bel2_a5,Tlr0p0003,locomotion,walker2d-medium-expert-v2,2,jax,0.0003,5.0,5.0,,,,,,False,le_l2_rms,le,bpi,0.0003,0.0003,,method_variant:td3_amo_le_bel2_a5;bootstrap_loss_not_l2_rms,,,,,,False,,wme_s2_Tlr0p0003__7a00ac80,ablation/td3_amo/walker2d-medium-expert-v2/3e-4/seed_2/wme_s2_Tlr0p0003__7a00ac80,/raid/ext_csv/AMO_store/td3_amo_le_bel2_a5_seeds0to3/runs/td3amo_le_bel2_a5_w-me_r3e4_s2,ext_csv,4e3203f35bcc6048201ae3cfe75d932830ccd5f9
ablation,td3_amo,td3_amo_le_bel2_a5,Tlr0p001,locomotion,walker2d-medium-expert-v2,0,jax,0.001,5.0,5.0,,,,,,False,le_l2_rms,le,bpi,0.0003,0.0003,,method_variant:td3_amo_le_bel2_a5;bootstrap_loss_not_l2_rms,1000000,,1000000,110.5992239056234,50,True,,wme_s0_Tlr0p001__0dc6c44f,ablation/td3_amo/walker2d-medium-expert-v2/1e-3/seed_0/wme_s0_Tlr0p001__0dc6c44f,/raid/ext_csv/AMO_store/td3_amo_le_bel2_a5_seeds0to3/runs/td3amo_le_bel2_a5_w-me_r1e3_s0,ext_csv,4e3203f35bcc6048201ae3cfe75d932830ccd5f9
ablation,td3_amo,td3_amo_le_bel2_a5,Tlr0p001,locomotion,walker2d-medium-expert-v2,1,jax,0.001,5.0,5.0,,,,,,False,le_l2_rms,le,bpi,0.0003,0.0003,,method_variant:td3_amo_le_bel2_a5;bootstrap_loss_not_l2_rms,1000000,,1000000,110.0465227941763,50,True,,wme_s1_Tlr0p001__85ec2bfe,ablation/td3_amo/walker2d-medium-expert-v2/1e-3/seed_1/wme_s1_Tlr0p001__85ec2bfe,/raid/ext_csv/AMO_store/td3_amo_le_bel2_a5_seeds0to3/runs/td3amo_le_bel2_a5_w-me_r1e3_s1,ext_csv,4e3203f35bcc6048201ae3cfe75d932830ccd5f9
ablation,td3_amo,td3_amo_le_bel2_a5,Tlr0p001,locomotion,walker2d-medium-expert-v2,2,jax,0.001,5.0,5.0,,,,,,False,le_l2_rms,le,bpi,0.0003,0.0003,,method_variant:td3_amo_le_bel2_a5;bootstrap_loss_not_l2_rms,,,,,,False,,wme_s2_Tlr0p001__49baefe7,ablation/td3_amo/walker2d-medium-expert-v2/1e-3/seed_2/wme_s2_Tlr0p001__49baefe7,/raid/ext_csv/AMO_store/td3_amo_le_bel2_a5_seeds0to3/runs/td3amo_le_bel2_a5_w-me_r1e3_s2,ext_csv,4e3203f35bcc6048201ae3cfe75d932830ccd5f9
ablation,td3_amo,td3_amo_le_bel2_a5,Tlr0p002,locomotion,walker2d-medium-expert-v2,0,jax,0.002,5.0,5.0,,,,,,False,le_l2_rms,le,bpi,0.0003,0.0003,,method_variant:td3_amo_le_bel2_a5;bootstrap_loss_not_l2_rms,1000000,,1000000,111.2844411734398,50,True,,wme_s0_Tlr0p002__1f0fd50d,ablation/td3_amo/walker2d-medium-expert-v2/2e-3/seed_0/wme_s0_Tlr0p002__1f0fd50d,/raid/ext_csv/AMO_store/td3_amo_le_bel2_a5_seeds0to3/runs/td3amo_le_bel2_a5_w-me_r2e3_s0,ext_csv,4e3203f35bcc6048201ae3cfe75d932830ccd5f9
ablation,td3_amo,td3_amo_le_bel2_a5,Tlr0p002,locomotion,walker2d-medium-expert-v2,1,jax,0.002,5.0,5.0,,,,,,False,le_l2_rms,le,bpi,0.0003,0.0003,,method_variant:td3_amo_le_bel2_a5;bootstrap_loss_not_l2_rms,1000000,,1000000,110.71743098172078,50,True,,wme_s1_Tlr0p002__cf60cb8c,ablation/td3_amo/walker2d-medium-expert-v2/2e-3/seed_1/wme_s1_Tlr0p002__cf60cb8c,/raid/ext_csv/AMO_store/td3_amo_le_bel2_a5_seeds0to3/runs/td3amo_le_bel2_a5_w-me_r2e3_s1,ext_csv,4e3203f35bcc6048201ae3cfe75d932830ccd5f9
ablation,td3_amo,td3_amo_le_bel2_a5,Tlr0p002,locomotion,walker2d-medium-expert-v2,2,jax,0.002,5.0,5.0,,,,,,False,le_l2_rms,le,bpi,0.0003,0.0003,,method_variant:td3_amo_le_bel2_a5;bootstrap_loss_not_l2_rms,,,,,,False,,wme_s2_Tlr0p002__bfdb3aab,ablation/td3_amo/walker2d-medium-expert-v2/2e-3/seed_2/wme_s2_Tlr0p002__bfdb3aab,/raid/ext_csv/AMO_store/td3_amo_le_bel2_a5_seeds0to3/runs/td3amo_le_bel2_a5_w-me_r2e3_s2,ext_csv,4e3203f35bcc6048201ae3cfe75d932830ccd5f9
ablation,td3_amo,td3_amo_le_bel2_a5,Tlr0p0003,locomotion,walker2d-medium-replay-v2,0,jax,0.0003,5.0,5.0,,,,,,False,le_l2_rms,le,bpi,0.0003,0.0003,,method_variant:td3_amo_le_bel2_a5;bootstrap_loss_not_l2_rms,1000000,,1000000,91.43930006139527,50,True,,wmr_s0_Tlr0p0003__37601c7a,ablation/td3_amo/walker2d-medium-replay-v2/3e-4/seed_0/wmr_s0_Tlr0p0003__37601c7a,/raid/ext_csv/AMO_store/td3_amo_le_bel2_a5_seeds0to3/runs/td3amo_le_bel2_a5_w-mr_r3e4_s0,ext_csv,4e3203f35bcc6048201ae3cfe75d932830ccd5f9
ablation,td3_amo,td3_amo_le_bel2_a5,Tlr0p0003,locomotion,walker2d-medium-replay-v2,1,jax,0.0003,5.0,5.0,,,,,,False,le_l2_rms,le,bpi,0.0003,0.0003,,method_variant:td3_amo_le_bel2_a5;bootstrap_loss_not_l2_rms,1000000,,1000000,92.57206456443015,50,True,,wmr_s1_Tlr0p0003__012b38e3,ablation/td3_amo/walker2d-medium-replay-v2/3e-4/seed_1/wmr_s1_Tlr0p0003__012b38e3,/raid/ext_csv/AMO_store/td3_amo_le_bel2_a5_seeds0to3/runs/td3amo_le_bel2_a5_w-mr_r3e4_s1,ext_csv,4e3203f35bcc6048201ae3cfe75d932830ccd5f9
ablation,td3_amo,td3_amo_le_bel2_a5,Tlr0p0003,locomotion,walker2d-medium-replay-v2,2,jax,0.0003,5.0,5.0,,,,,,False,le_l2_rms,le,bpi,0.0003,0.0003,,method_variant:td3_amo_le_bel2_a5;bootstrap_loss_not_l2_rms,1000000,,1000000,78.8771900397959,50,True,,wmr_s2_Tlr0p0003__b659ca73,ablation/td3_amo/walker2d-medium-replay-v2/3e-4/seed_2/wmr_s2_Tlr0p0003__b659ca73,/raid/ext_csv/AMO_store/td3_amo_le_bel2_a5_seeds0to3/runs/td3amo_le_bel2_a5_w-mr_r3e4_s2,ext_csv,4e3203f35bcc6048201ae3cfe75d932830ccd5f9
ablation,td3_amo,td3_amo_le_bel2_a5,Tlr0p001,locomotion,walker2d-medium-replay-v2,0,jax,0.001,5.0,5.0,,,,,,False,le_l2_rms,le,bpi,0.0003,0.0003,,method_variant:td3_amo_le_bel2_a5;bootstrap_loss_not_l2_rms,1000000,,1000000,89.78575037727686,50,True,,wmr_s0_Tlr0p001__21f2ab8d,ablation/td3_amo/walker2d-medium-replay-v2/1e-3/seed_0/wmr_s0_Tlr0p001__21f2ab8d,/raid/ext_csv/AMO_store/td3_amo_le_bel2_a5_seeds0to3/runs/td3amo_le_bel2_a5_w-mr_r1e3_s0,ext_csv,4e3203f35bcc6048201ae3cfe75d932830ccd5f9
ablation,td3_amo,td3_amo_le_bel2_a5,Tlr0p001,locomotion,walker2d-medium-replay-v2,1,jax,0.001,5.0,5.0,,,,,,False,le_l2_rms,le,bpi,0.0003,0.0003,,method_variant:td3_amo_le_bel2_a5;bootstrap_loss_not_l2_rms,1000000,,1000000,96.13671349058656,50,True,,wmr_s1_Tlr0p001__201debb7,ablation/td3_amo/walker2d-medium-replay-v2/1e-3/seed_1/wmr_s1_Tlr0p001__201debb7,/raid/ext_csv/AMO_store/td3_amo_le_bel2_a5_seeds0to3/runs/td3amo_le_bel2_a5_w-mr_r1e3_s1,ext_csv,4e3203f35bcc6048201ae3cfe75d932830ccd5f9
ablation,td3_amo,td3_amo_le_bel2_a5,Tlr0p001,locomotion,walker2d-medium-replay-v2,2,jax,0.001,5.0,5.0,,,,,,False,le_l2_rms,le,bpi,0.0003,0.0003,,method_variant:td3_amo_le_bel2_a5;bootstrap_loss_not_l2_rms,,,,,,False,,wmr_s2_Tlr0p001__4eaa1a92,ablation/td3_amo/walker2d-medium-replay-v2/1e-3/seed_2/wmr_s2_Tlr0p001__4eaa1a92,/raid/ext_csv/AMO_store/td3_amo_le_bel2_a5_seeds0to3/runs/td3amo_le_bel2_a5_w-mr_r1e3_s2,ext_csv,4e3203f35bcc6048201ae3cfe75d932830ccd5f9
ablation,td3_amo,td3_amo_le_bel2_a5,Tlr0p002,locomotion,walker2d-medium-replay-v2,0,jax,0.002,5.0,5.0,,,,,,False,le_l2_rms,le,bpi,0.0003,0.0003,,method_variant:td3_amo_le_bel2_a5;bootstrap_loss_not_l2_rms,1000000,,1000000,89.71898493171797,50,True,,wmr_s0_Tlr0p002__8873e317,ablation/td3_amo/walker2d-medium-replay-v2/2e-3/seed_0/wmr_s0_Tlr0p002__8873e317,/raid/ext_csv/AMO_store/td3_amo_le_bel2_a5_seeds0to3/runs/td3amo_le_bel2_a5_w-mr_r2e3_s0,ext_csv,4e3203f35bcc6048201ae3cfe75d932830ccd5f9
ablation,td3_amo,td3_amo_le_bel2_a5,Tlr0p002,locomotion,walker2d-medium-replay-v2,1,jax,0.002,5.0,5.0,,,,,,False,le_l2_rms,le,bpi,0.0003,0.0003,,method_variant:td3_amo_le_bel2_a5;bootstrap_loss_not_l2_rms,1000000,,1000000,94.07059100331605,50,True,,wmr_s1_Tlr0p002__4556ceb0,ablation/td3_amo/walker2d-medium-replay-v2/2e-3/seed_1/wmr_s1_Tlr0p002__4556ceb0,/raid/ext_csv/AMO_store/td3_amo_le_bel2_a5_seeds0to3/runs/td3amo_le_bel2_a5_w-mr_r2e3_s1,ext_csv,4e3203f35bcc6048201ae3cfe75d932830ccd5f9
ablation,td3_amo,td3_amo_le_bel2_a5,Tlr0p002,locomotion,walker2d-medium-replay-v2,2,jax,0.002,5.0,5.0,,,,,,False,le_l2_rms,le,bpi,0.0003,0.0003,,method_variant:td3_amo_le_bel2_a5;bootstrap_loss_not_l2_rms,1000000,,1000000,93.89161137516413,50,True,,wmr_s2_Tlr0p002__3cbcb1b8,ablation/td3_amo/walker2d-medium-replay-v2/2e-3/seed_2/wmr_s2_Tlr0p002__3cbcb1b8,/raid/ext_csv/AMO_store/td3_amo_le_bel2_a5_seeds0to3/runs/td3amo_le_bel2_a5_w-mr_r2e3_s2,ext_csv,4e3203f35bcc6048201ae3cfe75d932830ccd5f9
ablation,td3_amo,td3_amo_le_bel2_a5,Tlr0p0003,locomotion,walker2d-medium-v2,0,jax,0.0003,5.0,5.0,,,,,,False,le_l2_rms,le,bpi,0.0003,0.0003,,method_variant:td3_amo_le_bel2_a5;bootstrap_loss_not_l2_rms,1000000,,1000000,91.19162867723074,50,True,,wm_s0_Tlr0p0003__332cb0eb,ablation/td3_amo/walker2d-medium-v2/3e-4/seed_0/wm_s0_Tlr0p0003__332cb0eb,/raid/ext_csv/AMO_store/td3_amo_le_bel2_a5_seeds0to3/runs/td3amo_le_bel2_a5_w-m_r3e4_s0,ext_csv,4e3203f35bcc6048201ae3cfe75d932830ccd5f9
ablation,td3_amo,td3_amo_le_bel2_a5,Tlr0p0003,locomotion,walker2d-medium-v2,1,jax,0.0003,5.0,5.0,,,,,,False,le_l2_rms,le,bpi,0.0003,0.0003,,method_variant:td3_amo_le_bel2_a5;bootstrap_loss_not_l2_rms,1000000,,1000000,89.85280437547902,50,True,,wm_s1_Tlr0p0003__83f52b1a,ablation/td3_amo/walker2d-medium-v2/3e-4/seed_1/wm_s1_Tlr0p0003__83f52b1a,/raid/ext_csv/AMO_store/td3_amo_le_bel2_a5_seeds0to3/runs/td3amo_le_bel2_a5_w-m_r3e4_s1,ext_csv,4e3203f35bcc6048201ae3cfe75d932830ccd5f9
ablation,td3_amo,td3_amo_le_bel2_a5,Tlr0p0003,locomotion,walker2d-medium-v2,2,jax,0.0003,5.0,5.0,,,,,,False,le_l2_rms,le,bpi,0.0003,0.0003,,method_variant:td3_amo_le_bel2_a5;bootstrap_loss_not_l2_rms,1000000,,1000000,91.19689132789539,50,True,,wm_s2_Tlr0p0003__a6c12a2e,ablation/td3_amo/walker2d-medium-v2/3e-4/seed_2/wm_s2_Tlr0p0003__a6c12a2e,/raid/ext_csv/AMO_store/td3_amo_le_bel2_a5_seeds0to3/runs/td3amo_le_bel2_a5_w-m_r3e4_s2,ext_csv,4e3203f35bcc6048201ae3cfe75d932830ccd5f9
ablation,td3_amo,td3_amo_le_bel2_a5,Tlr0p001,locomotion,walker2d-medium-v2,0,jax,0.001,5.0,5.0,,,,,,False,le_l2_rms,le,bpi,0.0003,0.0003,,method_variant:td3_amo_le_bel2_a5;bootstrap_loss_not_l2_rms,1000000,,1000000,90.89310187075552,50,True,,wm_s0_Tlr0p001__65d031bc,ablation/td3_amo/walker2d-medium-v2/1e-3/seed_0/wm_s0_Tlr0p001__65d031bc,/raid/ext_csv/AMO_store/td3_amo_le_bel2_a5_seeds0to3/runs/td3amo_le_bel2_a5_w-m_r1e3_s0,ext_csv,4e3203f35bcc6048201ae3cfe75d932830ccd5f9
ablation,td3_amo,td3_amo_le_bel2_a5,Tlr0p001,locomotion,walker2d-medium-v2,1,jax,0.001,5.0,5.0,,,,,,False,le_l2_rms,le,bpi,0.0003,0.0003,,method_variant:td3_amo_le_bel2_a5;bootstrap_loss_not_l2_rms,1000000,,1000000,93.17726890761755,50,True,,wm_s1_Tlr0p001__7d7588a1,ablation/td3_amo/walker2d-medium-v2/1e-3/seed_1/wm_s1_Tlr0p001__7d7588a1,/raid/ext_csv/AMO_store/td3_amo_le_bel2_a5_seeds0to3/runs/td3amo_le_bel2_a5_w-m_r1e3_s1,ext_csv,4e3203f35bcc6048201ae3cfe75d932830ccd5f9
ablation,td3_amo,td3_amo_le_bel2_a5,Tlr0p001,locomotion,walker2d-medium-v2,2,jax,0.001,5.0,5.0,,,,,,False,le_l2_rms,le,bpi,0.0003,0.0003,,method_variant:td3_amo_le_bel2_a5;bootstrap_loss_not_l2_rms,1000000,,1000000,92.59087438212256,50,True,,wm_s2_Tlr0p001__bbce8091,ablation/td3_amo/walker2d-medium-v2/1e-3/seed_2/wm_s2_Tlr0p001__bbce8091,/raid/ext_csv/AMO_store/td3_amo_le_bel2_a5_seeds0to3/runs/td3amo_le_bel2_a5_w-m_r1e3_s2,ext_csv,4e3203f35bcc6048201ae3cfe75d932830ccd5f9
ablation,td3_amo,td3_amo_le_bel2_a5,Tlr0p002,locomotion,walker2d-medium-v2,0,jax,0.002,5.0,5.0,,,,,,False,le_l2_rms,le,bpi,0.0003,0.0003,,method_variant:td3_amo_le_bel2_a5;bootstrap_loss_not_l2_rms,1000000,,1000000,97.31852454495669,50,True,,wm_s0_Tlr0p002__35257f89,ablation/td3_amo/walker2d-medium-v2/2e-3/seed_0/wm_s0_Tlr0p002__35257f89,/raid/ext_csv/AMO_store/td3_amo_le_bel2_a5_seeds0to3/runs/td3amo_le_bel2_a5_w-m_r2e3_s0,ext_csv,4e3203f35bcc6048201ae3cfe75d932830ccd5f9
ablation,td3_amo,td3_amo_le_bel2_a5,Tlr0p002,locomotion,walker2d-medium-v2,1,jax,0.002,5.0,5.0,,,,,,False,le_l2_rms,le,bpi,0.0003,0.0003,,method_variant:td3_amo_le_bel2_a5;bootstrap_loss_not_l2_rms,1000000,,1000000,104.87862777822382,50,True,,wm_s1_Tlr0p002__d4bc1fd4,ablation/td3_amo/walker2d-medium-v2/2e-3/seed_1/wm_s1_Tlr0p002__d4bc1fd4,/raid/ext_csv/AMO_store/td3_amo_le_bel2_a5_seeds0to3/runs/td3amo_le_bel2_a5_w-m_r2e3_s1,ext_csv,4e3203f35bcc6048201ae3cfe75d932830ccd5f9
ablation,td3_amo,td3_amo_le_bel2_a5,Tlr0p002,locomotion,walker2d-medium-v2,2,jax,0.002,5.0,5.0,,,,,,False,le_l2_rms,le,bpi,0.0003,0.0003,,method_variant:td3_amo_le_bel2_a5;bootstrap_loss_not_l2_rms,1000000,,1000000,94.52575432571749,50,True,,wm_s2_Tlr0p002__226f6f17,ablation/td3_amo/walker2d-medium-v2/2e-3/seed_2/wm_s2_Tlr0p002__226f6f17,/raid/ext_csv/AMO_store/td3_amo_le_bel2_a5_seeds0to3/runs/td3amo_le_bel2_a5_w-m_r2e3_s2,ext_csv,4e3203f35bcc6048201ae3cfe75d932830ccd5f9
ablation,td3_amo,td3_amo_split_meta_lr,Tlr0p0003,antmaze,antmaze-umaze-diverse-v2,0,jax,0.0003,5.0,5.0,,,,,,False,l2_rms,le,bpi,0.0003,0.0003,,method_variant:td3_amo_split_meta_lr,1000000,,1000000,82.0,50,True,,amud_s0_Tlr0p0003__590312c3,ablation/td3_amo/antmaze-umaze-diverse-v2/3e-4/seed_0/amud_s0_Tlr0p0003__590312c3,/raid/ext_csv/AMO_store/split_meta_lr/am-ud_e3e4_b1e3_s0,ext_csv,92ecc5491b585a79b99efb8bbe35b5d2cb1c3b3c
ablation,td3_amo,td3_amo_split_meta_lr,Tlr0p0003,antmaze,antmaze-umaze-diverse-v2,1,jax,0.0003,5.0,5.0,,,,,,False,l2_rms,le,bpi,0.0003,0.0003,,method_variant:td3_amo_split_meta_lr,1000000,,1000000,92.0,50,True,,amud_s1_Tlr0p0003__56b7a9f8,ablation/td3_amo/antmaze-umaze-diverse-v2/3e-4/seed_1/amud_s1_Tlr0p0003__56b7a9f8,/raid/ext_csv/AMO_store/split_meta_lr/am-ud_e3e4_b1e3_s1,ext_csv,92ecc5491b585a79b99efb8bbe35b5d2cb1c3b3c
ablation,td3_amo,td3_amo_split_meta_lr,Tlr0p0003,antmaze,antmaze-umaze-diverse-v2,2,jax,0.0003,5.0,5.0,,,,,,False,l2_rms,le,bpi,0.0003,0.0003,,method_variant:td3_amo_split_meta_lr,1000000,,1000000,92.0,50,True,,amud_s2_Tlr0p0003__0650d9a6,ablation/td3_amo/antmaze-umaze-diverse-v2/3e-4/seed_2/amud_s2_Tlr0p0003__0650d9a6,/raid/ext_csv/AMO_store/split_meta_lr/am-ud_e3e4_b1e3_s2,ext_csv,92ecc5491b585a79b99efb8bbe35b5d2cb1c3b3c
ablation,td3_amo,td3_amo_split_meta_lr,Tlr0p0003,antmaze,antmaze-umaze-diverse-v2,3,jax,0.0003,5.0,5.0,,,,,,False,l2_rms,le,bpi,0.0003,0.0003,,method_variant:td3_amo_split_meta_lr,1000000,,1000000,96.0,50,True,,amud_s3_Tlr0p0003__65d03a53,ablation/td3_amo/antmaze-umaze-diverse-v2/3e-4/seed_3/amud_s3_Tlr0p0003__65d03a53,/raid/ext_csv/AMO_store/split_meta_lr/am-ud_e3e4_b1e3_s3,ext_csv,92ecc5491b585a79b99efb8bbe35b5d2cb1c3b3c
ablation,td3_amo,td3_amo_split_meta_lr,Tlr0p001,antmaze,antmaze-umaze-diverse-v2,0,jax,0.001,5.0,5.0,,,,,,False,l2_rms,le,bpi,0.0003,0.0003,,method_variant:td3_amo_split_meta_lr,1000000,,1000000,74.0,50,True,,amud_s0_Tlr0p001__132a129e,ablation/td3_amo/antmaze-umaze-diverse-v2/1e-3/seed_0/amud_s0_Tlr0p001__132a129e,/raid/ext_csv/AMO_store/split_meta_lr/am-ud_e1e3_b3e4_s0,ext_csv,92ecc5491b585a79b99efb8bbe35b5d2cb1c3b3c
ablation,td3_amo,td3_amo_split_meta_lr,Tlr0p001,antmaze,antmaze-umaze-diverse-v2,1,jax,0.001,5.0,5.0,,,,,,False,l2_rms,le,bpi,0.0003,0.0003,,method_variant:td3_amo_split_meta_lr,1000000,,1000000,74.0,50,True,,amud_s1_Tlr0p001__47231ea0,ablation/td3_amo/antmaze-umaze-diverse-v2/1e-3/seed_1/amud_s1_Tlr0p001__47231ea0,/raid/ext_csv/AMO_store/split_meta_lr/am-ud_e1e3_b3e4_s1,ext_csv,92ecc5491b585a79b99efb8bbe35b5d2cb1c3b3c
ablation,td3_amo,td3_amo_split_meta_lr,Tlr0p001,antmaze,antmaze-umaze-diverse-v2,2,jax,0.001,5.0,5.0,,,,,,False,l2_rms,le,bpi,0.0003,0.0003,,method_variant:td3_amo_split_meta_lr,1000000,,1000000,24.0,50,True,,amud_s2_Tlr0p001__1811783e,ablation/td3_amo/antmaze-umaze-diverse-v2/1e-3/seed_2/amud_s2_Tlr0p001__1811783e,/raid/ext_csv/AMO_store/split_meta_lr/am-ud_e1e3_b3e4_s2,ext_csv,92ecc5491b585a79b99efb8bbe35b5d2cb1c3b3c
ablation,td3_amo,td3_amo_split_meta_lr,Tlr0p001,antmaze,antmaze-umaze-diverse-v2,3,jax,0.001,5.0,5.0,,,,,,False,l2_rms,le,bpi,0.0003,0.0003,,method_variant:td3_amo_split_meta_lr,1000000,,1000000,60.0,50,True,,amud_s3_Tlr0p001__9cf20dbb,ablation/td3_amo/antmaze-umaze-diverse-v2/1e-3/seed_3/amud_s3_Tlr0p001__9cf20dbb,/raid/ext_csv/AMO_store/split_meta_lr/am-ud_e1e3_b3e4_s3,ext_csv,92ecc5491b585a79b99efb8bbe35b5d2cb1c3b3c
ablation,td3_amo,td3_amo_split_meta_lr,Tlr0p0003,locomotion,hopper-medium-expert-v2,0,jax,0.0003,5.0,5.0,,,,,,False,l2_rms,le,bpi,0.0003,0.0003,,method_variant:td3_amo_split_meta_lr,1000000,,1000000,101.81538631394504,50,True,,hopme_s0_Tlr0p0003__cd81d18b,ablation/td3_amo/hopper-medium-expert-v2/3e-4/seed_0/hopme_s0_Tlr0p0003__cd81d18b,/raid/ext_csv/AMO_store/split_meta_lr/h-me_e3e4_b2e3_s0,ext_csv,92ecc5491b585a79b99efb8bbe35b5d2cb1c3b3c
ablation,td3_amo,td3_amo_split_meta_lr,Tlr0p0003,locomotion,hopper-medium-expert-v2,1,jax,0.0003,5.0,5.0,,,,,,False,l2_rms,le,bpi,0.0003,0.0003,,method_variant:td3_amo_split_meta_lr,1000000,,1000000,94.01401995891275,50,True,,hopme_s1_Tlr0p0003__6f9337f2,ablation/td3_amo/hopper-medium-expert-v2/3e-4/seed_1/hopme_s1_Tlr0p0003__6f9337f2,/raid/ext_csv/AMO_store/split_meta_lr/h-me_e3e4_b2e3_s1,ext_csv,92ecc5491b585a79b99efb8bbe35b5d2cb1c3b3c
ablation,td3_amo,td3_amo_split_meta_lr,Tlr0p0003,locomotion,hopper-medium-expert-v2,2,jax,0.0003,5.0,5.0,,,,,,False,l2_rms,le,bpi,0.0003,0.0003,,method_variant:td3_amo_split_meta_lr,1000000,,1000000,88.40907988155723,50,True,,hopme_s2_Tlr0p0003__f8a278b7,ablation/td3_amo/hopper-medium-expert-v2/3e-4/seed_2/hopme_s2_Tlr0p0003__f8a278b7,/raid/ext_csv/AMO_store/split_meta_lr/h-me_e3e4_b2e3_s2,ext_csv,92ecc5491b585a79b99efb8bbe35b5d2cb1c3b3c
ablation,td3_amo,td3_amo_split_meta_lr,Tlr0p0003,locomotion,hopper-medium-expert-v2,3,jax,0.0003,5.0,5.0,,,,,,False,l2_rms,le,bpi,0.0003,0.0003,,method_variant:td3_amo_split_meta_lr,1000000,,1000000,71.73466567602902,50,True,,hopme_s3_Tlr0p0003__106b11ca,ablation/td3_amo/hopper-medium-expert-v2/3e-4/seed_3/hopme_s3_Tlr0p0003__106b11ca,/raid/ext_csv/AMO_store/split_meta_lr/h-me_e3e4_b2e3_s3,ext_csv,92ecc5491b585a79b99efb8bbe35b5d2cb1c3b3c
ablation,td3_amo,td3_amo_split_meta_lr,Tlr0p002,locomotion,hopper-medium-expert-v2,0,jax,0.002,5.0,5.0,,,,,,False,l2_rms,le,bpi,0.0003,0.0003,,method_variant:td3_amo_split_meta_lr,1000000,,1000000,66.48615047210784,50,True,,hopme_s0_Tlr0p002__f65deff3,ablation/td3_amo/hopper-medium-expert-v2/2e-3/seed_0/hopme_s0_Tlr0p002__f65deff3,/raid/ext_csv/AMO_store/split_meta_lr/h-me_e2e3_b3e4_s0,ext_csv,92ecc5491b585a79b99efb8bbe35b5d2cb1c3b3c
ablation,td3_amo,td3_amo_split_meta_lr,Tlr0p002,locomotion,hopper-medium-expert-v2,1,jax,0.002,5.0,5.0,,,,,,False,l2_rms,le,bpi,0.0003,0.0003,,method_variant:td3_amo_split_meta_lr,1000000,,1000000,111.00887000786655,50,True,,hopme_s1_Tlr0p002__a5641151,ablation/td3_amo/hopper-medium-expert-v2/2e-3/seed_1/hopme_s1_Tlr0p002__a5641151,/raid/ext_csv/AMO_store/split_meta_lr/h-me_e2e3_b3e4_s1,ext_csv,92ecc5491b585a79b99efb8bbe35b5d2cb1c3b3c
ablation,td3_amo,td3_amo_split_meta_lr,Tlr0p002,locomotion,hopper-medium-expert-v2,2,jax,0.002,5.0,5.0,,,,,,False,l2_rms,le,bpi,0.0003,0.0003,,method_variant:td3_amo_split_meta_lr,1000000,,1000000,99.0350433409576,50,True,,hopme_s2_Tlr0p002__8cb83005,ablation/td3_amo/hopper-medium-expert-v2/2e-3/seed_2/hopme_s2_Tlr0p002__8cb83005,/raid/ext_csv/AMO_store/split_meta_lr/h-me_e2e3_b3e4_s2,ext_csv,92ecc5491b585a79b99efb8bbe35b5d2cb1c3b3c
ablation,td3_amo,td3_amo_split_meta_lr,Tlr0p002,locomotion,hopper-medium-expert-v2,3,jax,0.002,5.0,5.0,,,,,,False,l2_rms,le,bpi,0.0003,0.0003,,method_variant:td3_amo_split_meta_lr,1000000,,1000000,110.71776696949573,50,True,,hopme_s3_Tlr0p002__e46566e6,ablation/td3_amo/hopper-medium-expert-v2/2e-3/seed_3/hopme_s3_Tlr0p002__e46566e6,/raid/ext_csv/AMO_store/split_meta_lr/h-me_e2e3_b3e4_s3,ext_csv,92ecc5491b585a79b99efb8bbe35b5d2cb1c3b3c
main,fql_amo,fql_amo_jax,ae5_ab5_alr0p001,antmaze,antmaze-large-diverse-v2,0,jax,0.001,5.0,5.0,,,,,,False,,,,0.0003,0.0003,,,1000000,,1000000,6.0,50,True,,amld_s0_ae5_ab5_alr0p001__a11a56ff,main/fql_amo/antmaze-large-diverse-v2/1e-3/seed_0/amld_s0_ae5_ab5_alr0p001__a11a56ff,/raid/ext_csv/AMO_store/fql_rapo_main_a5_3env_seeds0to3/runs/fqlrapo_main_a5_am-l-div_a1e3_s0,ext_csv,e8cd16eb490332924dfa2492097219f181765933
main,fql_amo,fql_amo_jax,ae5_ab5_alr0p001,antmaze,antmaze-large-diverse-v2,1,jax,0.001,5.0,5.0,,,,,,False,,,,0.0003,0.0003,,,1000000,,1000000,6.0,50,True,,amld_s1_ae5_ab5_alr0p001__c3de3bac,main/fql_amo/antmaze-large-diverse-v2/1e-3/seed_1/amld_s1_ae5_ab5_alr0p001__c3de3bac,/raid/ext_csv/AMO_store/fql_rapo_main_a5_3env_seeds0to3/runs/fqlrapo_main_a5_am-l-div_a1e3_s1,ext_csv,e8cd16eb490332924dfa2492097219f181765933
main,fql_amo,fql_amo_jax,ae5_ab5_alr0p001,antmaze,antmaze-large-diverse-v2,2,jax,0.001,5.0,5.0,,,,,,False,,,,0.0003,0.0003,,,1000000,,1000000,8.0,50,True,,amld_s2_ae5_ab5_alr0p001__fb246fdf,main/fql_amo/antmaze-large-diverse-v2/1e-3/seed_2/amld_s2_ae5_ab5_alr0p001__fb246fdf,/raid/ext_csv/AMO_store/fql_rapo_main_a5_3env_seeds0to3/runs/fqlrapo_main_a5_am-l-div_a1e3_s2,ext_csv,e8cd16eb490332924dfa2492097219f181765933
main,fql_amo,fql_amo_jax,ae5_ab5_alr0p001,antmaze,antmaze-large-diverse-v2,3,jax,0.001,5.0,5.0,,,,,,False,,,,0.0003,0.0003,,,1000000,,1000000,2.0,50,True,,amld_s3_ae5_ab5_alr0p001__88cc00ef,main/fql_amo/antmaze-large-diverse-v2/1e-3/seed_3/amld_s3_ae5_ab5_alr0p001__88cc00ef,/raid/ext_csv/AMO_store/fql_rapo_main_a5_3env_seeds0to3/runs/fqlrapo_main_a5_am-l-div_a1e3_s3,ext_csv,e8cd16eb490332924dfa2492097219f181765933
main,fql_amo,fql_amo_jax,ae5_ab5_alr0p001,locomotion,halfcheetah-medium-replay-v2,0,jax,0.001,5.0,5.0,,,,,,False,,,,0.0003,0.0003,,,1000000,,1000000,50.21308066945637,50,True,,hcmr_s0_ae5_ab5_alr0p001__b0067c41,main/fql_amo/halfcheetah-medium-replay-v2/1e-3/seed_0/hcmr_s0_ae5_ab5_alr0p001__b0067c41,/raid/ext_csv/AMO_store/fql_rapo_main_a5_3env_seeds0to3/runs/fqlrapo_main_a5_hc-mr_a1e3_s0,ext_csv,e8cd16eb490332924dfa2492097219f181765933
main,fql_amo,fql_amo_jax,ae5_ab5_alr0p001,locomotion,halfcheetah-medium-replay-v2,1,jax,0.001,5.0,5.0,,,,,,False,,,,0.0003,0.0003,,,1000000,,1000000,49.68803599452471,50,True,,hcmr_s1_ae5_ab5_alr0p001__efe22673,main/fql_amo/halfcheetah-medium-replay-v2/1e-3/seed_1/hcmr_s1_ae5_ab5_alr0p001__efe22673,/raid/ext_csv/AMO_store/fql_rapo_main_a5_3env_seeds0to3/runs/fqlrapo_main_a5_hc-mr_a1e3_s1,ext_csv,e8cd16eb490332924dfa2492097219f181765933
main,fql_amo,fql_amo_jax,ae5_ab5_alr0p001,locomotion,halfcheetah-medium-replay-v2,2,jax,0.001,5.0,5.0,,,,,,False,,,,0.0003,0.0003,,,1000000,,1000000,50.17178730487096,50,True,,hcmr_s2_ae5_ab5_alr0p001__44a33bc4,main/fql_amo/halfcheetah-medium-replay-v2/1e-3/seed_2/hcmr_s2_ae5_ab5_alr0p001__44a33bc4,/raid/ext_csv/AMO_store/fql_rapo_main_a5_3env_seeds0to3/runs/fqlrapo_main_a5_hc-mr_a1e3_s2,ext_csv,e8cd16eb490332924dfa2492097219f181765933
main,fql_amo,fql_amo_jax,ae5_ab5_alr0p001,locomotion,halfcheetah-medium-replay-v2,3,jax,0.001,5.0,5.0,,,,,,False,,,,0.0003,0.0003,,,1000000,,1000000,49.134350905549645,50,True,,hcmr_s3_ae5_ab5_alr0p001__f02e0852,main/fql_amo/halfcheetah-medium-replay-v2/1e-3/seed_3/hcmr_s3_ae5_ab5_alr0p001__f02e0852,/raid/ext_csv/AMO_store/fql_rapo_main_a5_3env_seeds0to3/runs/fqlrapo_main_a5_hc-mr_a1e3_s3,ext_csv,e8cd16eb490332924dfa2492097219f181765933
main,fql_amo,fql_amo_jax,ae5_ab5_alr0p001,locomotion,hopper-medium-expert-v2,0,jax,0.001,5.0,5.0,,,,,,False,,,,0.0003,0.0003,,,1000000,,1000000,30.403345353890593,50,True,,hopme_s0_ae5_ab5_alr0p001__014ebf0b,main/fql_amo/hopper-medium-expert-v2/1e-3/seed_0/hopme_s0_ae5_ab5_alr0p001__014ebf0b,/raid/ext_csv/AMO_store/fql_rapo_main_a5_3env_seeds0to3/runs/fqlrapo_main_a5_h-me_a1e3_s0,ext_csv,e8cd16eb490332924dfa2492097219f181765933
main,fql_amo,fql_amo_jax,ae5_ab5_alr0p001,locomotion,hopper-medium-expert-v2,1,jax,0.001,5.0,5.0,,,,,,False,,,,0.0003,0.0003,,,1000000,,1000000,26.438145609502172,50,True,,hopme_s1_ae5_ab5_alr0p001__95e33f19,main/fql_amo/hopper-medium-expert-v2/1e-3/seed_1/hopme_s1_ae5_ab5_alr0p001__95e33f19,/raid/ext_csv/AMO_store/fql_rapo_main_a5_3env_seeds0to3/runs/fqlrapo_main_a5_h-me_a1e3_s1,ext_csv,e8cd16eb490332924dfa2492097219f181765933
main,fql_amo,fql_amo_jax,ae5_ab5_alr0p001,locomotion,hopper-medium-expert-v2,2,jax,0.001,5.0,5.0,,,,,,False,,,,0.0003,0.0003,,,1000000,,1000000,48.87330004226241,50,True,,hopme_s2_ae5_ab5_alr0p001__55c189b7,main/fql_amo/hopper-medium-expert-v2/1e-3/seed_2/hopme_s2_ae5_ab5_alr0p001__55c189b7,/raid/ext_csv/AMO_store/fql_rapo_main_a5_3env_seeds0to3/runs/fqlrapo_main_a5_h-me_a1e3_s2,ext_csv,e8cd16eb490332924dfa2492097219f181765933
main,fql_amo,fql_amo_jax,ae5_ab5_alr0p001,locomotion,hopper-medium-expert-v2,3,jax,0.001,5.0,5.0,,,,,,False,,,,0.0003,0.0003,,,1000000,,1000000,47.60799492630086,50,True,,hopme_s3_ae5_ab5_alr0p001__bbd3de8d,main/fql_amo/hopper-medium-expert-v2/1e-3/seed_3/hopme_s3_ae5_ab5_alr0p001__bbd3de8d,/raid/ext_csv/AMO_store/fql_rapo_main_a5_3env_seeds0to3/runs/fqlrapo_main_a5_h-me_a1e3_s3,ext_csv,e8cd16eb490332924dfa2492097219f181765933
