method,initial,meta_lr,env,seed,score,step,aggregate,episodes,selected,candidate_runs,branch,backend,run_id,code_commit,log_commit,rel_path,source_path,eval_file,eval_line,score_field,evaluated_at
iql_amo,1,0.002,hopper-medium-v2,0,,,False,,True,1,ext_csh,jax,hopm_s0_iql_amo_qweight_jax_loco9_rlr0p002_b1__5494c278,,ff44ad5c9f8024ed2aff039c89d00a6459f62d7c,ablation/iql_amo/hopper-medium-v2/2e-3/seed_0/hopm_s0_iql_amo_qweight_jax_loco9_rlr0p002_b1__5494c278,/raid/ext_csh/AMO_store/iql_amo_qweight_jax_beta125_rho_loco9_seeds0to3/runs/iqlamo_qw_jax_h-m_b1_rho2em3_s0,,,,
iql_amo,1,0.001,hopper-medium-v2,0,,,False,,True,1,ext_csh,jax,hopm_s0_iql_amo_qweight_jax_loco9_rlr0p001_b1__88a5334e,,ff44ad5c9f8024ed2aff039c89d00a6459f62d7c,ablation/iql_amo/hopper-medium-v2/1e-3/seed_0/hopm_s0_iql_amo_qweight_jax_loco9_rlr0p001_b1__88a5334e,/raid/ext_csh/AMO_store/iql_amo_qweight_jax_beta125_rho_loco9_seeds0to3/runs/iqlamo_qw_jax_h-m_b1_rho1em3_s0,,,,
iql_amo,1,0.0003,hopper-medium-v2,0,,,False,,True,1,ext_csh,jax,hopm_s0_iql_amo_qweight_jax_loco9_rlr0p0003_b1__85da10b2,,ff44ad5c9f8024ed2aff039c89d00a6459f62d7c,ablation/iql_amo/hopper-medium-v2/3e-4/seed_0/hopm_s0_iql_amo_qweight_jax_loco9_rlr0p0003_b1__85da10b2,/raid/ext_csh/AMO_store/iql_amo_qweight_jax_beta125_rho_loco9_seeds0to3/runs/iqlamo_qw_jax_h-m_b1_rho3em4_s0,,,,
iql_amo,1,0.002,hopper-medium-replay-v2,0,,,False,,True,1,ext_csh,jax,hopmr_s0_iql_amo_qweight_jax_loco9_rlr0p002_b1__14701eb1,,ff44ad5c9f8024ed2aff039c89d00a6459f62d7c,ablation/iql_amo/hopper-medium-replay-v2/2e-3/seed_0/hopmr_s0_iql_amo_qweight_jax_loco9_rlr0p002_b1__14701eb1,/raid/ext_csh/AMO_store/iql_amo_qweight_jax_beta125_rho_loco9_seeds0to3/runs/iqlamo_qw_jax_h-mr_b1_rho2em3_s0,,,,
iql_amo,1,0.001,hopper-medium-replay-v2,0,,,False,,True,1,ext_csh,jax,hopmr_s0_iql_amo_qweight_jax_loco9_rlr0p001_b1__bc92221f,,ff44ad5c9f8024ed2aff039c89d00a6459f62d7c,ablation/iql_amo/hopper-medium-replay-v2/1e-3/seed_0/hopmr_s0_iql_amo_qweight_jax_loco9_rlr0p001_b1__bc92221f,/raid/ext_csh/AMO_store/iql_amo_qweight_jax_beta125_rho_loco9_seeds0to3/runs/iqlamo_qw_jax_h-mr_b1_rho1em3_s0,,,,
iql_amo,1,0.0003,hopper-medium-replay-v2,0,,,False,,True,1,ext_csh,jax,hopmr_s0_iql_amo_qweight_jax_loco9_rlr0p0003_b1__b734801a,,ff44ad5c9f8024ed2aff039c89d00a6459f62d7c,ablation/iql_amo/hopper-medium-replay-v2/3e-4/seed_0/hopmr_s0_iql_amo_qweight_jax_loco9_rlr0p0003_b1__b734801a,/raid/ext_csh/AMO_store/iql_amo_qweight_jax_beta125_rho_loco9_seeds0to3/runs/iqlamo_qw_jax_h-mr_b1_rho3em4_s0,,,,
iql_amo,1,0.002,hopper-medium-expert-v2,0,,,False,,True,1,ext_csh,jax,hopme_s0_iql_amo_qweight_jax_loco9_rlr0p002_b1__40b136ea,,ff44ad5c9f8024ed2aff039c89d00a6459f62d7c,ablation/iql_amo/hopper-medium-expert-v2/2e-3/seed_0/hopme_s0_iql_amo_qweight_jax_loco9_rlr0p002_b1__40b136ea,/raid/ext_csh/AMO_store/iql_amo_qweight_jax_beta125_rho_loco9_seeds0to3/runs/iqlamo_qw_jax_h-me_b1_rho2em3_s0,,,,
iql_amo,1,0.001,hopper-medium-expert-v2,0,,,False,,True,1,ext_csh,jax,hopme_s0_iql_amo_qweight_jax_loco9_rlr0p001_b1__ceda926c,,ff44ad5c9f8024ed2aff039c89d00a6459f62d7c,ablation/iql_amo/hopper-medium-expert-v2/1e-3/seed_0/hopme_s0_iql_amo_qweight_jax_loco9_rlr0p001_b1__ceda926c,/raid/ext_csh/AMO_store/iql_amo_qweight_jax_beta125_rho_loco9_seeds0to3/runs/iqlamo_qw_jax_h-me_b1_rho1em3_s0,,,,
iql_amo,1,0.0003,hopper-medium-expert-v2,0,,,False,,True,1,ext_csh,jax,hopme_s0_iql_amo_qweight_jax_loco9_rlr0p0003_b1__d9048663,,ff44ad5c9f8024ed2aff039c89d00a6459f62d7c,ablation/iql_amo/hopper-medium-expert-v2/3e-4/seed_0/hopme_s0_iql_amo_qweight_jax_loco9_rlr0p0003_b1__d9048663,/raid/ext_csh/AMO_store/iql_amo_qweight_jax_beta125_rho_loco9_seeds0to3/runs/iqlamo_qw_jax_h-me_b1_rho3em4_s0,,,,
iql_amo,1,0.002,walker2d-medium-v2,0,,,False,,True,1,ext_csh,jax,wm_s0_iql_amo_qweight_jax_loco9_rlr0p002_b1__ace74838,,ff44ad5c9f8024ed2aff039c89d00a6459f62d7c,ablation/iql_amo/walker2d-medium-v2/2e-3/seed_0/wm_s0_iql_amo_qweight_jax_loco9_rlr0p002_b1__ace74838,/raid/ext_csh/AMO_store/iql_amo_qweight_jax_beta125_rho_loco9_seeds0to3/runs/iqlamo_qw_jax_w-m_b1_rho2em3_s0,,,,
iql_amo,1,0.001,walker2d-medium-v2,0,,,False,,True,1,ext_csh,jax,wm_s0_iql_amo_qweight_jax_loco9_rlr0p001_b1__c032bbf8,,ff44ad5c9f8024ed2aff039c89d00a6459f62d7c,ablation/iql_amo/walker2d-medium-v2/1e-3/seed_0/wm_s0_iql_amo_qweight_jax_loco9_rlr0p001_b1__c032bbf8,/raid/ext_csh/AMO_store/iql_amo_qweight_jax_beta125_rho_loco9_seeds0to3/runs/iqlamo_qw_jax_w-m_b1_rho1em3_s0,,,,
iql_amo,1,0.0003,walker2d-medium-v2,0,,,False,,True,1,ext_csh,jax,wm_s0_iql_amo_qweight_jax_loco9_rlr0p0003_b1__a19ccb41,,ff44ad5c9f8024ed2aff039c89d00a6459f62d7c,ablation/iql_amo/walker2d-medium-v2/3e-4/seed_0/wm_s0_iql_amo_qweight_jax_loco9_rlr0p0003_b1__a19ccb41,/raid/ext_csh/AMO_store/iql_amo_qweight_jax_beta125_rho_loco9_seeds0to3/runs/iqlamo_qw_jax_w-m_b1_rho3em4_s0,,,,
iql_amo,1,0.002,antmaze-umaze-v2,0,78.0,1000000,True,50,True,1,ext_csv,jax,amu_s0_beta1_Tlr0p002__ce34a525,ceffa5373681e09b20d5b513091bccd4d301a4eb,b6eec3e97847aab34b5ed353ae7dfdc842a488e5,ablation/iql_amo/antmaze-umaze-v2/2e-3/seed_0/amu_s0_beta1_Tlr0p002__ce34a525,/raid/ext_csv/AMO_store/iql_amo_qweight_jax_beta125_rho_loco_antmaze_seeds0to3/runs/iqlamo_qw_jax_am-u_b1_rho2em3_s0,eval.jsonl,1,normalized_score,2026-09-18T23:05:38.330089+00:00
iql_amo,1,0.002,antmaze-umaze-v2,1,82.0,1000000,True,50,True,1,ext_csv,jax,amu_s1_beta1_Tlr0p002__9ebd3ddd,ceffa5373681e09b20d5b513091bccd4d301a4eb,b6eec3e97847aab34b5ed353ae7dfdc842a488e5,ablation/iql_amo/antmaze-umaze-v2/2e-3/seed_1/amu_s1_beta1_Tlr0p002__9ebd3ddd,/raid/ext_csv/AMO_store/iql_amo_qweight_jax_beta125_rho_loco_antmaze_seeds0to3/runs/iqlamo_qw_jax_am-u_b1_rho2em3_s1,eval.jsonl,1,normalized_score,2026-09-19T00:29:10.695534+00:00
iql_amo,1,0.001,antmaze-umaze-v2,0,86.0,1000000,True,50,True,1,ext_csv,jax,amu_s0_beta1_Tlr0p001__84bdd3cc,ceffa5373681e09b20d5b513091bccd4d301a4eb,b6eec3e97847aab34b5ed353ae7dfdc842a488e5,ablation/iql_amo/antmaze-umaze-v2/1e-3/seed_0/amu_s0_beta1_Tlr0p001__84bdd3cc,/raid/ext_csv/AMO_store/iql_amo_qweight_jax_beta125_rho_loco_antmaze_seeds0to3/runs/iqlamo_qw_jax_am-u_b1_rho1em3_s0,eval.jsonl,1,normalized_score,2026-09-18T23:06:02.492639+00:00
iql_amo,1,0.001,antmaze-umaze-v2,1,74.0,1000000,True,50,True,1,ext_csv,jax,amu_s1_beta1_Tlr0p001__d1e18fd3,ceffa5373681e09b20d5b513091bccd4d301a4eb,b6eec3e97847aab34b5ed353ae7dfdc842a488e5,ablation/iql_amo/antmaze-umaze-v2/1e-3/seed_1/amu_s1_beta1_Tlr0p001__d1e18fd3,/raid/ext_csv/AMO_store/iql_amo_qweight_jax_beta125_rho_loco_antmaze_seeds0to3/runs/iqlamo_qw_jax_am-u_b1_rho1em3_s1,eval.jsonl,1,normalized_score,2026-09-19T00:22:25.088276+00:00
iql_amo,1,0.0003,antmaze-umaze-v2,0,84.0,1000000,True,50,True,1,ext_csv,jax,amu_s0_beta1_Tlr0p0003__1fb87079,ceffa5373681e09b20d5b513091bccd4d301a4eb,b6eec3e97847aab34b5ed353ae7dfdc842a488e5,ablation/iql_amo/antmaze-umaze-v2/3e-4/seed_0/amu_s0_beta1_Tlr0p0003__1fb87079,/raid/ext_csv/AMO_store/iql_amo_qweight_jax_beta125_rho_loco_antmaze_seeds0to3/runs/iqlamo_qw_jax_am-u_b1_rho3em4_s0,eval.jsonl,1,normalized_score,2026-09-18T23:06:15.663437+00:00
iql_amo,1,0.0003,antmaze-umaze-v2,1,86.0,1000000,True,50,True,1,ext_csv,jax,amu_s1_beta1_Tlr0p0003__1312a354,ceffa5373681e09b20d5b513091bccd4d301a4eb,b6eec3e97847aab34b5ed353ae7dfdc842a488e5,ablation/iql_amo/antmaze-umaze-v2/3e-4/seed_1/amu_s1_beta1_Tlr0p0003__1312a354,/raid/ext_csv/AMO_store/iql_amo_qweight_jax_beta125_rho_loco_antmaze_seeds0to3/runs/iqlamo_qw_jax_am-u_b1_rho3em4_s1,eval.jsonl,1,normalized_score,2026-09-18T23:54:09.033908+00:00
iql_amo,1,0.002,antmaze-umaze-diverse-v2,0,42.0,1000000,True,50,True,1,ext_csv,jax,amud_s0_beta1_Tlr0p002__30498850,ceffa5373681e09b20d5b513091bccd4d301a4eb,b6eec3e97847aab34b5ed353ae7dfdc842a488e5,ablation/iql_amo/antmaze-umaze-diverse-v2/2e-3/seed_0/amud_s0_beta1_Tlr0p002__30498850,/raid/ext_csv/AMO_store/iql_amo_qweight_jax_beta125_rho_loco_antmaze_seeds0to3/runs/iqlamo_qw_jax_am-u-div_b1_rho2em3_s0,eval.jsonl,1,normalized_score,2026-09-18T23:05:21.533816+00:00
iql_amo,1,0.002,antmaze-umaze-diverse-v2,1,30.0,1000000,True,50,True,1,ext_csv,jax,amud_s1_beta1_Tlr0p002__b8b0746e,ceffa5373681e09b20d5b513091bccd4d301a4eb,b6eec3e97847aab34b5ed353ae7dfdc842a488e5,ablation/iql_amo/antmaze-umaze-diverse-v2/2e-3/seed_1/amud_s1_beta1_Tlr0p002__b8b0746e,/raid/ext_csv/AMO_store/iql_amo_qweight_jax_beta125_rho_loco_antmaze_seeds0to3/runs/iqlamo_qw_jax_am-u-div_b1_rho2em3_s1,eval.jsonl,1,normalized_score,2026-09-19T00:31:36.526127+00:00
iql_amo,1,0.001,antmaze-umaze-diverse-v2,0,44.0,1000000,True,50,True,1,ext_csv,jax,amud_s0_beta1_Tlr0p001__aa267ec5,ceffa5373681e09b20d5b513091bccd4d301a4eb,b6eec3e97847aab34b5ed353ae7dfdc842a488e5,ablation/iql_amo/antmaze-umaze-diverse-v2/1e-3/seed_0/amud_s0_beta1_Tlr0p001__aa267ec5,/raid/ext_csv/AMO_store/iql_amo_qweight_jax_beta125_rho_loco_antmaze_seeds0to3/runs/iqlamo_qw_jax_am-u-div_b1_rho1em3_s0,eval.jsonl,1,normalized_score,2026-09-18T23:05:22.269356+00:00
iql_amo,1,0.001,antmaze-umaze-diverse-v2,1,52.0,1000000,True,50,True,1,ext_csv,jax,amud_s1_beta1_Tlr0p001__23a226d2,ceffa5373681e09b20d5b513091bccd4d301a4eb,b6eec3e97847aab34b5ed353ae7dfdc842a488e5,ablation/iql_amo/antmaze-umaze-diverse-v2/1e-3/seed_1/amud_s1_beta1_Tlr0p001__23a226d2,/raid/ext_csv/AMO_store/iql_amo_qweight_jax_beta125_rho_loco_antmaze_seeds0to3/runs/iqlamo_qw_jax_am-u-div_b1_rho1em3_s1,eval.jsonl,1,normalized_score,2026-09-19T00:32:10.558862+00:00
iql_amo,1,0.0003,antmaze-umaze-diverse-v2,0,38.0,1000000,True,50,True,1,ext_csv,jax,amud_s0_beta1_Tlr0p0003__4520c57a,ceffa5373681e09b20d5b513091bccd4d301a4eb,b6eec3e97847aab34b5ed353ae7dfdc842a488e5,ablation/iql_amo/antmaze-umaze-diverse-v2/3e-4/seed_0/amud_s0_beta1_Tlr0p0003__4520c57a,/raid/ext_csv/AMO_store/iql_amo_qweight_jax_beta125_rho_loco_antmaze_seeds0to3/runs/iqlamo_qw_jax_am-u-div_b1_rho3em4_s0,eval.jsonl,1,normalized_score,2026-09-18T23:05:49.794550+00:00
iql_amo,1,0.0003,antmaze-umaze-diverse-v2,1,44.0,1000000,True,50,True,1,ext_csv,jax,amud_s1_beta1_Tlr0p0003__1d1761e6,ceffa5373681e09b20d5b513091bccd4d301a4eb,b6eec3e97847aab34b5ed353ae7dfdc842a488e5,ablation/iql_amo/antmaze-umaze-diverse-v2/3e-4/seed_1/amud_s1_beta1_Tlr0p0003__1d1761e6,/raid/ext_csv/AMO_store/iql_amo_qweight_jax_beta125_rho_loco_antmaze_seeds0to3/runs/iqlamo_qw_jax_am-u-div_b1_rho3em4_s1,eval.jsonl,1,normalized_score,2026-09-19T00:30:49.735655+00:00
iql_amo,1,0.002,antmaze-medium-play-v2,0,22.0,1000000,True,50,True,1,ext_csv,jax,ammp_s0_beta1_Tlr0p002__255bd644,ceffa5373681e09b20d5b513091bccd4d301a4eb,b6eec3e97847aab34b5ed353ae7dfdc842a488e5,ablation/iql_amo/antmaze-medium-play-v2/2e-3/seed_0/ammp_s0_beta1_Tlr0p002__255bd644,/raid/ext_csv/AMO_store/iql_amo_qweight_jax_beta125_rho_loco_antmaze_seeds0to3/runs/iqlamo_qw_jax_am-m-p_b1_rho2em3_s0,eval.jsonl,1,normalized_score,2026-09-18T23:15:49.329927+00:00
iql_amo,1,0.002,antmaze-medium-play-v2,1,24.0,1000000,True,50,True,1,ext_csv,jax,ammp_s1_beta1_Tlr0p002__07e1e806,ceffa5373681e09b20d5b513091bccd4d301a4eb,b6eec3e97847aab34b5ed353ae7dfdc842a488e5,ablation/iql_amo/antmaze-medium-play-v2/2e-3/seed_1/ammp_s1_beta1_Tlr0p002__07e1e806,/raid/ext_csv/AMO_store/iql_amo_qweight_jax_beta125_rho_loco_antmaze_seeds0to3/runs/iqlamo_qw_jax_am-m-p_b1_rho2em3_s1,eval.jsonl,1,normalized_score,2026-09-19T01:07:01.815686+00:00
iql_amo,1,0.001,antmaze-medium-play-v2,0,18.0,1000000,True,50,True,1,ext_csv,jax,ammp_s0_beta1_Tlr0p001__18f8dca2,ceffa5373681e09b20d5b513091bccd4d301a4eb,b6eec3e97847aab34b5ed353ae7dfdc842a488e5,ablation/iql_amo/antmaze-medium-play-v2/1e-3/seed_0/ammp_s0_beta1_Tlr0p001__18f8dca2,/raid/ext_csv/AMO_store/iql_amo_qweight_jax_beta125_rho_loco_antmaze_seeds0to3/runs/iqlamo_qw_jax_am-m-p_b1_rho1em3_s0,eval.jsonl,1,normalized_score,2026-09-18T23:07:38.389690+00:00
iql_amo,1,0.001,antmaze-medium-play-v2,1,18.0,1000000,True,50,True,1,ext_csv,jax,ammp_s1_beta1_Tlr0p001__964dc516,ceffa5373681e09b20d5b513091bccd4d301a4eb,b6eec3e97847aab34b5ed353ae7dfdc842a488e5,ablation/iql_amo/antmaze-medium-play-v2/1e-3/seed_1/ammp_s1_beta1_Tlr0p001__964dc516,/raid/ext_csv/AMO_store/iql_amo_qweight_jax_beta125_rho_loco_antmaze_seeds0to3/runs/iqlamo_qw_jax_am-m-p_b1_rho1em3_s1,eval.jsonl,1,normalized_score,2026-09-19T01:00:10.313708+00:00
iql_amo,1,0.0003,antmaze-medium-play-v2,0,34.0,1000000,True,50,True,1,ext_csv,jax,ammp_s0_beta1_Tlr0p0003__b43a7da8,ceffa5373681e09b20d5b513091bccd4d301a4eb,b6eec3e97847aab34b5ed353ae7dfdc842a488e5,ablation/iql_amo/antmaze-medium-play-v2/3e-4/seed_0/ammp_s0_beta1_Tlr0p0003__b43a7da8,/raid/ext_csv/AMO_store/iql_amo_qweight_jax_beta125_rho_loco_antmaze_seeds0to3/runs/iqlamo_qw_jax_am-m-p_b1_rho3em4_s0,eval.jsonl,1,normalized_score,2026-09-18T23:05:44.703539+00:00
iql_amo,1,0.0003,antmaze-medium-play-v2,1,14.000000000000002,1000000,True,50,True,1,ext_csv,jax,ammp_s1_beta1_Tlr0p0003__280dd55e,ceffa5373681e09b20d5b513091bccd4d301a4eb,b6eec3e97847aab34b5ed353ae7dfdc842a488e5,ablation/iql_amo/antmaze-medium-play-v2/3e-4/seed_1/ammp_s1_beta1_Tlr0p0003__280dd55e,/raid/ext_csv/AMO_store/iql_amo_qweight_jax_beta125_rho_loco_antmaze_seeds0to3/runs/iqlamo_qw_jax_am-m-p_b1_rho3em4_s1,eval.jsonl,1,normalized_score,2026-09-19T00:33:24.874652+00:00
iql_amo,1,0.002,antmaze-medium-diverse-v2,0,8.0,1000000,True,50,True,1,ext_csv,jax,ammd_s0_beta1_Tlr0p002__24b1c7bb,ceffa5373681e09b20d5b513091bccd4d301a4eb,b6eec3e97847aab34b5ed353ae7dfdc842a488e5,ablation/iql_amo/antmaze-medium-diverse-v2/2e-3/seed_0/ammd_s0_beta1_Tlr0p002__24b1c7bb,/raid/ext_csv/AMO_store/iql_amo_qweight_jax_beta125_rho_loco_antmaze_seeds0to3/runs/iqlamo_qw_jax_am-m-div_b1_rho2em3_s0,eval.jsonl,1,normalized_score,2026-09-18T23:15:46.130804+00:00
iql_amo,1,0.002,antmaze-medium-diverse-v2,1,14.000000000000002,1000000,True,50,True,1,ext_csv,jax,ammd_s1_beta1_Tlr0p002__b73d8abe,ceffa5373681e09b20d5b513091bccd4d301a4eb,b6eec3e97847aab34b5ed353ae7dfdc842a488e5,ablation/iql_amo/antmaze-medium-diverse-v2/2e-3/seed_1/ammd_s1_beta1_Tlr0p002__b73d8abe,/raid/ext_csv/AMO_store/iql_amo_qweight_jax_beta125_rho_loco_antmaze_seeds0to3/runs/iqlamo_qw_jax_am-m-div_b1_rho2em3_s1,eval.jsonl,1,normalized_score,2026-09-19T01:09:29.338286+00:00
iql_amo,1,0.001,antmaze-medium-diverse-v2,0,14.000000000000002,1000000,True,50,True,1,ext_csv,jax,ammd_s0_beta1_Tlr0p001__f67db8ff,ceffa5373681e09b20d5b513091bccd4d301a4eb,b6eec3e97847aab34b5ed353ae7dfdc842a488e5,ablation/iql_amo/antmaze-medium-diverse-v2/1e-3/seed_0/ammd_s0_beta1_Tlr0p001__f67db8ff,/raid/ext_csv/AMO_store/iql_amo_qweight_jax_beta125_rho_loco_antmaze_seeds0to3/runs/iqlamo_qw_jax_am-m-div_b1_rho1em3_s0,eval.jsonl,1,normalized_score,2026-09-18T23:16:38.439002+00:00
iql_amo,1,0.001,antmaze-medium-diverse-v2,1,30.0,1000000,True,50,True,1,ext_csv,jax,ammd_s1_beta1_Tlr0p001__9506ac63,ceffa5373681e09b20d5b513091bccd4d301a4eb,b6eec3e97847aab34b5ed353ae7dfdc842a488e5,ablation/iql_amo/antmaze-medium-diverse-v2/1e-3/seed_1/ammd_s1_beta1_Tlr0p001__9506ac63,/raid/ext_csv/AMO_store/iql_amo_qweight_jax_beta125_rho_loco_antmaze_seeds0to3/runs/iqlamo_qw_jax_am-m-div_b1_rho1em3_s1,eval.jsonl,1,normalized_score,2026-09-19T01:10:20.483730+00:00
iql_amo,1,0.0003,antmaze-medium-diverse-v2,0,6.0,1000000,True,50,True,1,ext_csv,jax,ammd_s0_beta1_Tlr0p0003__121710d3,ceffa5373681e09b20d5b513091bccd4d301a4eb,b6eec3e97847aab34b5ed353ae7dfdc842a488e5,ablation/iql_amo/antmaze-medium-diverse-v2/3e-4/seed_0/ammd_s0_beta1_Tlr0p0003__121710d3,/raid/ext_csv/AMO_store/iql_amo_qweight_jax_beta125_rho_loco_antmaze_seeds0to3/runs/iqlamo_qw_jax_am-m-div_b1_rho3em4_s0,eval.jsonl,1,normalized_score,2026-09-18T23:14:48.957257+00:00
iql_amo,1,0.0003,antmaze-medium-diverse-v2,1,22.0,1000000,True,50,True,1,ext_csv,jax,ammd_s1_beta1_Tlr0p0003__7f81ed20,ceffa5373681e09b20d5b513091bccd4d301a4eb,b6eec3e97847aab34b5ed353ae7dfdc842a488e5,ablation/iql_amo/antmaze-medium-diverse-v2/3e-4/seed_1/ammd_s1_beta1_Tlr0p0003__7f81ed20,/raid/ext_csv/AMO_store/iql_amo_qweight_jax_beta125_rho_loco_antmaze_seeds0to3/runs/iqlamo_qw_jax_am-m-div_b1_rho3em4_s1,eval.jsonl,1,normalized_score,2026-09-19T01:08:39.083914+00:00
iql_amo,1,0.002,antmaze-large-play-v2,0,0.0,1000000,True,50,True,1,ext_csv,jax,amlp_s0_beta1_Tlr0p002__75afde7f,ceffa5373681e09b20d5b513091bccd4d301a4eb,b6eec3e97847aab34b5ed353ae7dfdc842a488e5,ablation/iql_amo/antmaze-large-play-v2/2e-3/seed_0/amlp_s0_beta1_Tlr0p002__75afde7f,/raid/ext_csv/AMO_store/iql_amo_qweight_jax_beta125_rho_loco_antmaze_seeds0to3/runs/iqlamo_qw_jax_am-l-p_b1_rho2em3_s0,eval.jsonl,1,normalized_score,2026-09-18T23:55:36.640387+00:00
iql_amo,1,0.002,antmaze-large-play-v2,1,4.0,1000000,True,50,True,1,ext_csv,jax,amlp_s1_beta1_Tlr0p002__4675fa81,ceffa5373681e09b20d5b513091bccd4d301a4eb,b6eec3e97847aab34b5ed353ae7dfdc842a488e5,ablation/iql_amo/antmaze-large-play-v2/2e-3/seed_1/amlp_s1_beta1_Tlr0p002__4675fa81,/raid/ext_csv/AMO_store/iql_amo_qweight_jax_beta125_rho_loco_antmaze_seeds0to3/runs/iqlamo_qw_jax_am-l-p_b1_rho2em3_s1,eval.jsonl,1,normalized_score,2026-09-19T01:43:26.019611+00:00
iql_amo,1,0.001,antmaze-large-play-v2,0,0.0,1000000,True,50,True,1,ext_csv,jax,amlp_s0_beta1_Tlr0p001__d3ba2fa5,ceffa5373681e09b20d5b513091bccd4d301a4eb,b6eec3e97847aab34b5ed353ae7dfdc842a488e5,ablation/iql_amo/antmaze-large-play-v2/1e-3/seed_0/amlp_s0_beta1_Tlr0p001__d3ba2fa5,/raid/ext_csv/AMO_store/iql_amo_qweight_jax_beta125_rho_loco_antmaze_seeds0to3/runs/iqlamo_qw_jax_am-l-p_b1_rho1em3_s0,eval.jsonl,1,normalized_score,2026-09-18T23:46:28.021161+00:00
iql_amo,1,0.001,antmaze-large-play-v2,1,6.0,1000000,True,50,True,1,ext_csv,jax,amlp_s1_beta1_Tlr0p001__7a03eef9,ceffa5373681e09b20d5b513091bccd4d301a4eb,b6eec3e97847aab34b5ed353ae7dfdc842a488e5,ablation/iql_amo/antmaze-large-play-v2/1e-3/seed_1/amlp_s1_beta1_Tlr0p001__7a03eef9,/raid/ext_csv/AMO_store/iql_amo_qweight_jax_beta125_rho_loco_antmaze_seeds0to3/runs/iqlamo_qw_jax_am-l-p_b1_rho1em3_s1,eval.jsonl,1,normalized_score,2026-09-19T01:37:06.687489+00:00
iql_amo,1,0.0003,antmaze-large-play-v2,0,0.0,1000000,True,50,True,1,ext_csv,jax,amlp_s0_beta1_Tlr0p0003__ec06bb02,ceffa5373681e09b20d5b513091bccd4d301a4eb,b6eec3e97847aab34b5ed353ae7dfdc842a488e5,ablation/iql_amo/antmaze-large-play-v2/3e-4/seed_0/amlp_s0_beta1_Tlr0p0003__ec06bb02,/raid/ext_csv/AMO_store/iql_amo_qweight_jax_beta125_rho_loco_antmaze_seeds0to3/runs/iqlamo_qw_jax_am-l-p_b1_rho3em4_s0,eval.jsonl,1,normalized_score,2026-09-18T23:44:34.452571+00:00
iql_amo,1,0.0003,antmaze-large-play-v2,1,2.0,1000000,True,50,True,1,ext_csv,jax,amlp_s1_beta1_Tlr0p0003__25d66b8a,ceffa5373681e09b20d5b513091bccd4d301a4eb,b6eec3e97847aab34b5ed353ae7dfdc842a488e5,ablation/iql_amo/antmaze-large-play-v2/3e-4/seed_1/amlp_s1_beta1_Tlr0p0003__25d66b8a,/raid/ext_csv/AMO_store/iql_amo_qweight_jax_beta125_rho_loco_antmaze_seeds0to3/runs/iqlamo_qw_jax_am-l-p_b1_rho3em4_s1,eval.jsonl,1,normalized_score,2026-09-19T01:12:13.161772+00:00
iql_amo,1,0.002,antmaze-large-diverse-v2,0,0.0,1000000,True,50,True,1,ext_csv,jax,amld_s0_beta1_Tlr0p002__e5a60b26,ceffa5373681e09b20d5b513091bccd4d301a4eb,b6eec3e97847aab34b5ed353ae7dfdc842a488e5,ablation/iql_amo/antmaze-large-diverse-v2/2e-3/seed_0/amld_s0_beta1_Tlr0p002__e5a60b26,/raid/ext_csv/AMO_store/iql_amo_qweight_jax_beta125_rho_loco_antmaze_seeds0to3/runs/iqlamo_qw_jax_am-l-div_b1_rho2em3_s0,eval.jsonl,1,normalized_score,2026-09-18T23:53:43.482961+00:00
iql_amo,1,0.002,antmaze-large-diverse-v2,1,0.0,1000000,True,50,True,1,ext_csv,jax,amld_s1_beta1_Tlr0p002__90c5e586,ceffa5373681e09b20d5b513091bccd4d301a4eb,b6eec3e97847aab34b5ed353ae7dfdc842a488e5,ablation/iql_amo/antmaze-large-diverse-v2/2e-3/seed_1/amld_s1_beta1_Tlr0p002__90c5e586,/raid/ext_csv/AMO_store/iql_amo_qweight_jax_beta125_rho_loco_antmaze_seeds0to3/runs/iqlamo_qw_jax_am-l-div_b1_rho2em3_s1,eval.jsonl,1,normalized_score,2026-09-19T01:47:18.203532+00:00
iql_amo,1,0.001,antmaze-large-diverse-v2,0,0.0,1000000,True,50,True,1,ext_csv,jax,amld_s0_beta1_Tlr0p001__3f56c915,ceffa5373681e09b20d5b513091bccd4d301a4eb,b6eec3e97847aab34b5ed353ae7dfdc842a488e5,ablation/iql_amo/antmaze-large-diverse-v2/1e-3/seed_0/amld_s0_beta1_Tlr0p001__3f56c915,/raid/ext_csv/AMO_store/iql_amo_qweight_jax_beta125_rho_loco_antmaze_seeds0to3/runs/iqlamo_qw_jax_am-l-div_b1_rho1em3_s0,eval.jsonl,1,normalized_score,2026-09-18T23:56:16.084976+00:00
iql_amo,1,0.001,antmaze-large-diverse-v2,1,0.0,1000000,True,50,True,1,ext_csv,jax,amld_s1_beta1_Tlr0p001__e2c8ad46,ceffa5373681e09b20d5b513091bccd4d301a4eb,b6eec3e97847aab34b5ed353ae7dfdc842a488e5,ablation/iql_amo/antmaze-large-diverse-v2/1e-3/seed_1/amld_s1_beta1_Tlr0p001__e2c8ad46,/raid/ext_csv/AMO_store/iql_amo_qweight_jax_beta125_rho_loco_antmaze_seeds0to3/runs/iqlamo_qw_jax_am-l-div_b1_rho1em3_s1,eval.jsonl,1,normalized_score,2026-09-19T01:47:51.514999+00:00
iql_amo,1,0.0003,antmaze-large-diverse-v2,0,2.0,1000000,True,50,True,1,ext_csv,jax,amld_s0_beta1_Tlr0p0003__41de1601,ceffa5373681e09b20d5b513091bccd4d301a4eb,b6eec3e97847aab34b5ed353ae7dfdc842a488e5,ablation/iql_amo/antmaze-large-diverse-v2/3e-4/seed_0/amld_s0_beta1_Tlr0p0003__41de1601,/raid/ext_csv/AMO_store/iql_amo_qweight_jax_beta125_rho_loco_antmaze_seeds0to3/runs/iqlamo_qw_jax_am-l-div_b1_rho3em4_s0,eval.jsonl,1,normalized_score,2026-09-18T23:53:22.056221+00:00
iql_amo,1,0.0003,antmaze-large-diverse-v2,1,2.0,1000000,True,50,True,1,ext_csv,jax,amld_s1_beta1_Tlr0p0003__205eccf8,ceffa5373681e09b20d5b513091bccd4d301a4eb,b6eec3e97847aab34b5ed353ae7dfdc842a488e5,ablation/iql_amo/antmaze-large-diverse-v2/3e-4/seed_1/amld_s1_beta1_Tlr0p0003__205eccf8,/raid/ext_csv/AMO_store/iql_amo_qweight_jax_beta125_rho_loco_antmaze_seeds0to3/runs/iqlamo_qw_jax_am-l-div_b1_rho3em4_s1,eval.jsonl,1,normalized_score,2026-09-19T01:46:00.077013+00:00
iql_amo,2,0.002,halfcheetah-medium-v2,0,,,False,,True,1,ext_csh,jax,hcm_s0_iql_amo_qweight_jax_loco9_rlr0p002_b2__69f0c9e2,,ff44ad5c9f8024ed2aff039c89d00a6459f62d7c,ablation/iql_amo/halfcheetah-medium-v2/2e-3/seed_0/hcm_s0_iql_amo_qweight_jax_loco9_rlr0p002_b2__69f0c9e2,/raid/ext_csh/AMO_store/iql_amo_qweight_jax_beta125_rho_loco9_seeds0to3/runs/iqlamo_qw_jax_hc-m_b2_rho2em3_s0,,,,
iql_amo,2,0.002,halfcheetah-medium-v2,1,,,False,,True,1,ext_csh,jax,hcm_s1_iql_amo_qweight_jax_loco9_rlr0p002_b2__52dd6fd9,,ff44ad5c9f8024ed2aff039c89d00a6459f62d7c,ablation/iql_amo/halfcheetah-medium-v2/2e-3/seed_1/hcm_s1_iql_amo_qweight_jax_loco9_rlr0p002_b2__52dd6fd9,/raid/ext_csh/AMO_store/iql_amo_qweight_jax_beta125_rho_loco9_seeds0to3/runs/iqlamo_qw_jax_hc-m_b2_rho2em3_s1,,,,
iql_amo,2,0.002,halfcheetah-medium-v2,2,,,False,,True,1,ext_csh,jax,hcm_s2_iql_amo_qweight_jax_loco9_rlr0p002_b2__62a88917,,ff44ad5c9f8024ed2aff039c89d00a6459f62d7c,ablation/iql_amo/halfcheetah-medium-v2/2e-3/seed_2/hcm_s2_iql_amo_qweight_jax_loco9_rlr0p002_b2__62a88917,/raid/ext_csh/AMO_store/iql_amo_qweight_jax_beta125_rho_loco9_seeds0to3/runs/iqlamo_qw_jax_hc-m_b2_rho2em3_s2,,,,
iql_amo,2,0.002,halfcheetah-medium-v2,3,,,False,,True,1,ext_csh,jax,hcm_s3_iql_amo_qweight_jax_loco9_rlr0p002_b2__eccd4734,,ff44ad5c9f8024ed2aff039c89d00a6459f62d7c,ablation/iql_amo/halfcheetah-medium-v2/2e-3/seed_3/hcm_s3_iql_amo_qweight_jax_loco9_rlr0p002_b2__eccd4734,/raid/ext_csh/AMO_store/iql_amo_qweight_jax_beta125_rho_loco9_seeds0to3/runs/iqlamo_qw_jax_hc-m_b2_rho2em3_s3,,,,
iql_amo,2,0.001,halfcheetah-medium-v2,0,,,False,,True,1,ext_csh,jax,hcm_s0_iql_amo_qweight_jax_loco9_rlr0p001_b2__38635067,,ff44ad5c9f8024ed2aff039c89d00a6459f62d7c,ablation/iql_amo/halfcheetah-medium-v2/1e-3/seed_0/hcm_s0_iql_amo_qweight_jax_loco9_rlr0p001_b2__38635067,/raid/ext_csh/AMO_store/iql_amo_qweight_jax_beta125_rho_loco9_seeds0to3/runs/iqlamo_qw_jax_hc-m_b2_rho1em3_s0,,,,
iql_amo,2,0.001,halfcheetah-medium-v2,1,,,False,,True,1,ext_csh,jax,hcm_s1_iql_amo_qweight_jax_loco9_rlr0p001_b2__2b86cf60,,ff44ad5c9f8024ed2aff039c89d00a6459f62d7c,ablation/iql_amo/halfcheetah-medium-v2/1e-3/seed_1/hcm_s1_iql_amo_qweight_jax_loco9_rlr0p001_b2__2b86cf60,/raid/ext_csh/AMO_store/iql_amo_qweight_jax_beta125_rho_loco9_seeds0to3/runs/iqlamo_qw_jax_hc-m_b2_rho1em3_s1,,,,
iql_amo,2,0.001,halfcheetah-medium-v2,2,,,False,,True,1,ext_csh,jax,hcm_s2_iql_amo_qweight_jax_loco9_rlr0p001_b2__b97244ab,,ff44ad5c9f8024ed2aff039c89d00a6459f62d7c,ablation/iql_amo/halfcheetah-medium-v2/1e-3/seed_2/hcm_s2_iql_amo_qweight_jax_loco9_rlr0p001_b2__b97244ab,/raid/ext_csh/AMO_store/iql_amo_qweight_jax_beta125_rho_loco9_seeds0to3/runs/iqlamo_qw_jax_hc-m_b2_rho1em3_s2,,,,
iql_amo,2,0.001,halfcheetah-medium-v2,3,,,False,,True,1,ext_csh,jax,hcm_s3_iql_amo_qweight_jax_loco9_rlr0p001_b2__83ed7858,,ff44ad5c9f8024ed2aff039c89d00a6459f62d7c,ablation/iql_amo/halfcheetah-medium-v2/1e-3/seed_3/hcm_s3_iql_amo_qweight_jax_loco9_rlr0p001_b2__83ed7858,/raid/ext_csh/AMO_store/iql_amo_qweight_jax_beta125_rho_loco9_seeds0to3/runs/iqlamo_qw_jax_hc-m_b2_rho1em3_s3,,,,
iql_amo,2,0.0003,halfcheetah-medium-v2,0,,,False,,True,1,ext_csh,jax,hcm_s0_iql_amo_qweight_jax_loco9_rlr0p0003_b2__45c5d5b5,,ff44ad5c9f8024ed2aff039c89d00a6459f62d7c,ablation/iql_amo/halfcheetah-medium-v2/3e-4/seed_0/hcm_s0_iql_amo_qweight_jax_loco9_rlr0p0003_b2__45c5d5b5,/raid/ext_csh/AMO_store/iql_amo_qweight_jax_beta125_rho_loco9_seeds0to3/runs/iqlamo_qw_jax_hc-m_b2_rho3em4_s0,,,,
iql_amo,2,0.0003,halfcheetah-medium-v2,1,,,False,,True,1,ext_csh,jax,hcm_s1_iql_amo_qweight_jax_loco9_rlr0p0003_b2__325bfa39,,ff44ad5c9f8024ed2aff039c89d00a6459f62d7c,ablation/iql_amo/halfcheetah-medium-v2/3e-4/seed_1/hcm_s1_iql_amo_qweight_jax_loco9_rlr0p0003_b2__325bfa39,/raid/ext_csh/AMO_store/iql_amo_qweight_jax_beta125_rho_loco9_seeds0to3/runs/iqlamo_qw_jax_hc-m_b2_rho3em4_s1,,,,
iql_amo,2,0.0003,halfcheetah-medium-v2,2,,,False,,True,1,ext_csh,jax,hcm_s2_iql_amo_qweight_jax_loco9_rlr0p0003_b2__337c62e8,,ff44ad5c9f8024ed2aff039c89d00a6459f62d7c,ablation/iql_amo/halfcheetah-medium-v2/3e-4/seed_2/hcm_s2_iql_amo_qweight_jax_loco9_rlr0p0003_b2__337c62e8,/raid/ext_csh/AMO_store/iql_amo_qweight_jax_beta125_rho_loco9_seeds0to3/runs/iqlamo_qw_jax_hc-m_b2_rho3em4_s2,,,,
iql_amo,2,0.0003,halfcheetah-medium-v2,3,,,False,,True,1,ext_csh,jax,hcm_s3_iql_amo_qweight_jax_loco9_rlr0p0003_b2__7c8990e1,,ff44ad5c9f8024ed2aff039c89d00a6459f62d7c,ablation/iql_amo/halfcheetah-medium-v2/3e-4/seed_3/hcm_s3_iql_amo_qweight_jax_loco9_rlr0p0003_b2__7c8990e1,/raid/ext_csh/AMO_store/iql_amo_qweight_jax_beta125_rho_loco9_seeds0to3/runs/iqlamo_qw_jax_hc-m_b2_rho3em4_s3,,,,
iql_amo,2,0.002,halfcheetah-medium-replay-v2,0,,,False,,True,1,ext_csh,jax,hcmr_s0_iql_amo_qweight_jax_loco9_rlr0p002_b2__cc4e49e2,,ff44ad5c9f8024ed2aff039c89d00a6459f62d7c,ablation/iql_amo/halfcheetah-medium-replay-v2/2e-3/seed_0/hcmr_s0_iql_amo_qweight_jax_loco9_rlr0p002_b2__cc4e49e2,/raid/ext_csh/AMO_store/iql_amo_qweight_jax_beta125_rho_loco9_seeds0to3/runs/iqlamo_qw_jax_hc-mr_b2_rho2em3_s0,,,,
iql_amo,2,0.002,halfcheetah-medium-replay-v2,1,,,False,,True,1,ext_csh,jax,hcmr_s1_iql_amo_qweight_jax_loco9_rlr0p002_b2__d490294d,,ff44ad5c9f8024ed2aff039c89d00a6459f62d7c,ablation/iql_amo/halfcheetah-medium-replay-v2/2e-3/seed_1/hcmr_s1_iql_amo_qweight_jax_loco9_rlr0p002_b2__d490294d,/raid/ext_csh/AMO_store/iql_amo_qweight_jax_beta125_rho_loco9_seeds0to3/runs/iqlamo_qw_jax_hc-mr_b2_rho2em3_s1,,,,
iql_amo,2,0.002,halfcheetah-medium-replay-v2,2,,,False,,True,1,ext_csh,jax,hcmr_s2_iql_amo_qweight_jax_loco9_rlr0p002_b2__1b2c8c81,,ff44ad5c9f8024ed2aff039c89d00a6459f62d7c,ablation/iql_amo/halfcheetah-medium-replay-v2/2e-3/seed_2/hcmr_s2_iql_amo_qweight_jax_loco9_rlr0p002_b2__1b2c8c81,/raid/ext_csh/AMO_store/iql_amo_qweight_jax_beta125_rho_loco9_seeds0to3/runs/iqlamo_qw_jax_hc-mr_b2_rho2em3_s2,,,,
iql_amo,2,0.002,halfcheetah-medium-replay-v2,3,,,False,,True,1,ext_csh,jax,hcmr_s3_iql_amo_qweight_jax_loco9_rlr0p002_b2__668ac0cb,,ff44ad5c9f8024ed2aff039c89d00a6459f62d7c,ablation/iql_amo/halfcheetah-medium-replay-v2/2e-3/seed_3/hcmr_s3_iql_amo_qweight_jax_loco9_rlr0p002_b2__668ac0cb,/raid/ext_csh/AMO_store/iql_amo_qweight_jax_beta125_rho_loco9_seeds0to3/runs/iqlamo_qw_jax_hc-mr_b2_rho2em3_s3,,,,
iql_amo,2,0.001,halfcheetah-medium-replay-v2,0,,,False,,True,1,ext_csh,jax,hcmr_s0_iql_amo_qweight_jax_loco9_rlr0p001_b2__6e2b4782,,ff44ad5c9f8024ed2aff039c89d00a6459f62d7c,ablation/iql_amo/halfcheetah-medium-replay-v2/1e-3/seed_0/hcmr_s0_iql_amo_qweight_jax_loco9_rlr0p001_b2__6e2b4782,/raid/ext_csh/AMO_store/iql_amo_qweight_jax_beta125_rho_loco9_seeds0to3/runs/iqlamo_qw_jax_hc-mr_b2_rho1em3_s0,,,,
iql_amo,2,0.001,halfcheetah-medium-replay-v2,1,,,False,,True,1,ext_csh,jax,hcmr_s1_iql_amo_qweight_jax_loco9_rlr0p001_b2__4de59a69,,ff44ad5c9f8024ed2aff039c89d00a6459f62d7c,ablation/iql_amo/halfcheetah-medium-replay-v2/1e-3/seed_1/hcmr_s1_iql_amo_qweight_jax_loco9_rlr0p001_b2__4de59a69,/raid/ext_csh/AMO_store/iql_amo_qweight_jax_beta125_rho_loco9_seeds0to3/runs/iqlamo_qw_jax_hc-mr_b2_rho1em3_s1,,,,
iql_amo,2,0.001,halfcheetah-medium-replay-v2,2,,,False,,True,1,ext_csh,jax,hcmr_s2_iql_amo_qweight_jax_loco9_rlr0p001_b2__be60a8a0,,ff44ad5c9f8024ed2aff039c89d00a6459f62d7c,ablation/iql_amo/halfcheetah-medium-replay-v2/1e-3/seed_2/hcmr_s2_iql_amo_qweight_jax_loco9_rlr0p001_b2__be60a8a0,/raid/ext_csh/AMO_store/iql_amo_qweight_jax_beta125_rho_loco9_seeds0to3/runs/iqlamo_qw_jax_hc-mr_b2_rho1em3_s2,,,,
iql_amo,2,0.001,halfcheetah-medium-replay-v2,3,,,False,,True,1,ext_csh,jax,hcmr_s3_iql_amo_qweight_jax_loco9_rlr0p001_b2__010d2ced,,ff44ad5c9f8024ed2aff039c89d00a6459f62d7c,ablation/iql_amo/halfcheetah-medium-replay-v2/1e-3/seed_3/hcmr_s3_iql_amo_qweight_jax_loco9_rlr0p001_b2__010d2ced,/raid/ext_csh/AMO_store/iql_amo_qweight_jax_beta125_rho_loco9_seeds0to3/runs/iqlamo_qw_jax_hc-mr_b2_rho1em3_s3,,,,
iql_amo,2,0.0003,halfcheetah-medium-replay-v2,0,,,False,,True,1,ext_csh,jax,hcmr_s0_iql_amo_qweight_jax_loco9_rlr0p0003_b2__9a385eb7,,ff44ad5c9f8024ed2aff039c89d00a6459f62d7c,ablation/iql_amo/halfcheetah-medium-replay-v2/3e-4/seed_0/hcmr_s0_iql_amo_qweight_jax_loco9_rlr0p0003_b2__9a385eb7,/raid/ext_csh/AMO_store/iql_amo_qweight_jax_beta125_rho_loco9_seeds0to3/runs/iqlamo_qw_jax_hc-mr_b2_rho3em4_s0,,,,
iql_amo,2,0.0003,halfcheetah-medium-replay-v2,1,,,False,,True,1,ext_csh,jax,hcmr_s1_iql_amo_qweight_jax_loco9_rlr0p0003_b2__0d944188,,ff44ad5c9f8024ed2aff039c89d00a6459f62d7c,ablation/iql_amo/halfcheetah-medium-replay-v2/3e-4/seed_1/hcmr_s1_iql_amo_qweight_jax_loco9_rlr0p0003_b2__0d944188,/raid/ext_csh/AMO_store/iql_amo_qweight_jax_beta125_rho_loco9_seeds0to3/runs/iqlamo_qw_jax_hc-mr_b2_rho3em4_s1,,,,
iql_amo,2,0.0003,halfcheetah-medium-replay-v2,2,,,False,,True,1,ext_csh,jax,hcmr_s2_iql_amo_qweight_jax_loco9_rlr0p0003_b2__a284c226,,ff44ad5c9f8024ed2aff039c89d00a6459f62d7c,ablation/iql_amo/halfcheetah-medium-replay-v2/3e-4/seed_2/hcmr_s2_iql_amo_qweight_jax_loco9_rlr0p0003_b2__a284c226,/raid/ext_csh/AMO_store/iql_amo_qweight_jax_beta125_rho_loco9_seeds0to3/runs/iqlamo_qw_jax_hc-mr_b2_rho3em4_s2,,,,
iql_amo,2,0.0003,halfcheetah-medium-replay-v2,3,,,False,,True,1,ext_csh,jax,hcmr_s3_iql_amo_qweight_jax_loco9_rlr0p0003_b2__85af3a2b,,ff44ad5c9f8024ed2aff039c89d00a6459f62d7c,ablation/iql_amo/halfcheetah-medium-replay-v2/3e-4/seed_3/hcmr_s3_iql_amo_qweight_jax_loco9_rlr0p0003_b2__85af3a2b,/raid/ext_csh/AMO_store/iql_amo_qweight_jax_beta125_rho_loco9_seeds0to3/runs/iqlamo_qw_jax_hc-mr_b2_rho3em4_s3,,,,
iql_amo,2,0.002,halfcheetah-medium-expert-v2,0,,,False,,True,1,ext_csh,jax,hme_s0_iql_amo_qweight_jax_loco9_rlr0p002_b2__11a5d407,,ff44ad5c9f8024ed2aff039c89d00a6459f62d7c,ablation/iql_amo/halfcheetah-medium-expert-v2/2e-3/seed_0/hme_s0_iql_amo_qweight_jax_loco9_rlr0p002_b2__11a5d407,/raid/ext_csh/AMO_store/iql_amo_qweight_jax_beta125_rho_loco9_seeds0to3/runs/iqlamo_qw_jax_hc-me_b2_rho2em3_s0,,,,
iql_amo,2,0.002,halfcheetah-medium-expert-v2,1,,,False,,True,1,ext_csh,jax,hme_s1_iql_amo_qweight_jax_loco9_rlr0p002_b2__6f2f69eb,,ff44ad5c9f8024ed2aff039c89d00a6459f62d7c,ablation/iql_amo/halfcheetah-medium-expert-v2/2e-3/seed_1/hme_s1_iql_amo_qweight_jax_loco9_rlr0p002_b2__6f2f69eb,/raid/ext_csh/AMO_store/iql_amo_qweight_jax_beta125_rho_loco9_seeds0to3/runs/iqlamo_qw_jax_hc-me_b2_rho2em3_s1,,,,
iql_amo,2,0.002,halfcheetah-medium-expert-v2,2,,,False,,True,1,ext_csh,jax,hme_s2_iql_amo_qweight_jax_loco9_rlr0p002_b2__7b8d3f6f,,ff44ad5c9f8024ed2aff039c89d00a6459f62d7c,ablation/iql_amo/halfcheetah-medium-expert-v2/2e-3/seed_2/hme_s2_iql_amo_qweight_jax_loco9_rlr0p002_b2__7b8d3f6f,/raid/ext_csh/AMO_store/iql_amo_qweight_jax_beta125_rho_loco9_seeds0to3/runs/iqlamo_qw_jax_hc-me_b2_rho2em3_s2,,,,
iql_amo,2,0.002,halfcheetah-medium-expert-v2,3,,,False,,True,1,ext_csh,jax,hme_s3_iql_amo_qweight_jax_loco9_rlr0p002_b2__68eea680,,ff44ad5c9f8024ed2aff039c89d00a6459f62d7c,ablation/iql_amo/halfcheetah-medium-expert-v2/2e-3/seed_3/hme_s3_iql_amo_qweight_jax_loco9_rlr0p002_b2__68eea680,/raid/ext_csh/AMO_store/iql_amo_qweight_jax_beta125_rho_loco9_seeds0to3/runs/iqlamo_qw_jax_hc-me_b2_rho2em3_s3,,,,
iql_amo,2,0.001,halfcheetah-medium-expert-v2,0,,,False,,True,1,ext_csh,jax,hme_s0_iql_amo_qweight_jax_loco9_rlr0p001_b2__6e259686,,ff44ad5c9f8024ed2aff039c89d00a6459f62d7c,ablation/iql_amo/halfcheetah-medium-expert-v2/1e-3/seed_0/hme_s0_iql_amo_qweight_jax_loco9_rlr0p001_b2__6e259686,/raid/ext_csh/AMO_store/iql_amo_qweight_jax_beta125_rho_loco9_seeds0to3/runs/iqlamo_qw_jax_hc-me_b2_rho1em3_s0,,,,
iql_amo,2,0.001,halfcheetah-medium-expert-v2,1,,,False,,True,1,ext_csh,jax,hme_s1_iql_amo_qweight_jax_loco9_rlr0p001_b2__d5b5ae64,,ff44ad5c9f8024ed2aff039c89d00a6459f62d7c,ablation/iql_amo/halfcheetah-medium-expert-v2/1e-3/seed_1/hme_s1_iql_amo_qweight_jax_loco9_rlr0p001_b2__d5b5ae64,/raid/ext_csh/AMO_store/iql_amo_qweight_jax_beta125_rho_loco9_seeds0to3/runs/iqlamo_qw_jax_hc-me_b2_rho1em3_s1,,,,
iql_amo,2,0.001,halfcheetah-medium-expert-v2,2,,,False,,True,1,ext_csh,jax,hme_s2_iql_amo_qweight_jax_loco9_rlr0p001_b2__d8f9f916,,ff44ad5c9f8024ed2aff039c89d00a6459f62d7c,ablation/iql_amo/halfcheetah-medium-expert-v2/1e-3/seed_2/hme_s2_iql_amo_qweight_jax_loco9_rlr0p001_b2__d8f9f916,/raid/ext_csh/AMO_store/iql_amo_qweight_jax_beta125_rho_loco9_seeds0to3/runs/iqlamo_qw_jax_hc-me_b2_rho1em3_s2,,,,
iql_amo,2,0.001,halfcheetah-medium-expert-v2,3,,,False,,True,1,ext_csh,jax,hme_s3_iql_amo_qweight_jax_loco9_rlr0p001_b2__50ea446f,,ff44ad5c9f8024ed2aff039c89d00a6459f62d7c,ablation/iql_amo/halfcheetah-medium-expert-v2/1e-3/seed_3/hme_s3_iql_amo_qweight_jax_loco9_rlr0p001_b2__50ea446f,/raid/ext_csh/AMO_store/iql_amo_qweight_jax_beta125_rho_loco9_seeds0to3/runs/iqlamo_qw_jax_hc-me_b2_rho1em3_s3,,,,
iql_amo,2,0.0003,halfcheetah-medium-expert-v2,0,,,False,,True,1,ext_csh,jax,hme_s0_iql_amo_qweight_jax_loco9_rlr0p0003_b2__4a7a3e0a,,ff44ad5c9f8024ed2aff039c89d00a6459f62d7c,ablation/iql_amo/halfcheetah-medium-expert-v2/3e-4/seed_0/hme_s0_iql_amo_qweight_jax_loco9_rlr0p0003_b2__4a7a3e0a,/raid/ext_csh/AMO_store/iql_amo_qweight_jax_beta125_rho_loco9_seeds0to3/runs/iqlamo_qw_jax_hc-me_b2_rho3em4_s0,,,,
iql_amo,2,0.0003,halfcheetah-medium-expert-v2,1,,,False,,True,1,ext_csh,jax,hme_s1_iql_amo_qweight_jax_loco9_rlr0p0003_b2__16e2f77d,,ff44ad5c9f8024ed2aff039c89d00a6459f62d7c,ablation/iql_amo/halfcheetah-medium-expert-v2/3e-4/seed_1/hme_s1_iql_amo_qweight_jax_loco9_rlr0p0003_b2__16e2f77d,/raid/ext_csh/AMO_store/iql_amo_qweight_jax_beta125_rho_loco9_seeds0to3/runs/iqlamo_qw_jax_hc-me_b2_rho3em4_s1,,,,
iql_amo,2,0.0003,halfcheetah-medium-expert-v2,2,,,False,,True,1,ext_csh,jax,hme_s2_iql_amo_qweight_jax_loco9_rlr0p0003_b2__6d59b8b8,,ff44ad5c9f8024ed2aff039c89d00a6459f62d7c,ablation/iql_amo/halfcheetah-medium-expert-v2/3e-4/seed_2/hme_s2_iql_amo_qweight_jax_loco9_rlr0p0003_b2__6d59b8b8,/raid/ext_csh/AMO_store/iql_amo_qweight_jax_beta125_rho_loco9_seeds0to3/runs/iqlamo_qw_jax_hc-me_b2_rho3em4_s2,,,,
iql_amo,2,0.0003,halfcheetah-medium-expert-v2,3,,,False,,True,1,ext_csh,jax,hme_s3_iql_amo_qweight_jax_loco9_rlr0p0003_b2__8afd5f71,,ff44ad5c9f8024ed2aff039c89d00a6459f62d7c,ablation/iql_amo/halfcheetah-medium-expert-v2/3e-4/seed_3/hme_s3_iql_amo_qweight_jax_loco9_rlr0p0003_b2__8afd5f71,/raid/ext_csh/AMO_store/iql_amo_qweight_jax_beta125_rho_loco9_seeds0to3/runs/iqlamo_qw_jax_hc-me_b2_rho3em4_s3,,,,
iql_amo,2,0.002,hopper-medium-v2,0,,,False,,True,1,ext_csh,jax,hopm_s0_iql_amo_qweight_jax_loco9_rlr0p002_b2__71c6fd6a,,ff44ad5c9f8024ed2aff039c89d00a6459f62d7c,ablation/iql_amo/hopper-medium-v2/2e-3/seed_0/hopm_s0_iql_amo_qweight_jax_loco9_rlr0p002_b2__71c6fd6a,/raid/ext_csh/AMO_store/iql_amo_qweight_jax_beta125_rho_loco9_seeds0to3/runs/iqlamo_qw_jax_h-m_b2_rho2em3_s0,,,,
iql_amo,2,0.002,hopper-medium-v2,1,,,False,,True,1,ext_csh,jax,hopm_s1_iql_amo_qweight_jax_loco9_rlr0p002_b2__c2188d3d,,ff44ad5c9f8024ed2aff039c89d00a6459f62d7c,ablation/iql_amo/hopper-medium-v2/2e-3/seed_1/hopm_s1_iql_amo_qweight_jax_loco9_rlr0p002_b2__c2188d3d,/raid/ext_csh/AMO_store/iql_amo_qweight_jax_beta125_rho_loco9_seeds0to3/runs/iqlamo_qw_jax_h-m_b2_rho2em3_s1,,,,
iql_amo,2,0.002,hopper-medium-v2,2,,,False,,True,1,ext_csh,jax,hopm_s2_iql_amo_qweight_jax_loco9_rlr0p002_b2__e0c7fdbb,,ff44ad5c9f8024ed2aff039c89d00a6459f62d7c,ablation/iql_amo/hopper-medium-v2/2e-3/seed_2/hopm_s2_iql_amo_qweight_jax_loco9_rlr0p002_b2__e0c7fdbb,/raid/ext_csh/AMO_store/iql_amo_qweight_jax_beta125_rho_loco9_seeds0to3/runs/iqlamo_qw_jax_h-m_b2_rho2em3_s2,,,,
iql_amo,2,0.002,hopper-medium-v2,3,,,False,,True,1,ext_csh,jax,hopm_s3_iql_amo_qweight_jax_loco9_rlr0p002_b2__6c82808c,,ff44ad5c9f8024ed2aff039c89d00a6459f62d7c,ablation/iql_amo/hopper-medium-v2/2e-3/seed_3/hopm_s3_iql_amo_qweight_jax_loco9_rlr0p002_b2__6c82808c,/raid/ext_csh/AMO_store/iql_amo_qweight_jax_beta125_rho_loco9_seeds0to3/runs/iqlamo_qw_jax_h-m_b2_rho2em3_s3,,,,
iql_amo,2,0.001,hopper-medium-v2,0,,,False,,True,1,ext_csh,jax,hopm_s0_iql_amo_qweight_jax_loco9_rlr0p001_b2__9a7d5fc2,,ff44ad5c9f8024ed2aff039c89d00a6459f62d7c,ablation/iql_amo/hopper-medium-v2/1e-3/seed_0/hopm_s0_iql_amo_qweight_jax_loco9_rlr0p001_b2__9a7d5fc2,/raid/ext_csh/AMO_store/iql_amo_qweight_jax_beta125_rho_loco9_seeds0to3/runs/iqlamo_qw_jax_h-m_b2_rho1em3_s0,,,,
iql_amo,2,0.001,hopper-medium-v2,1,,,False,,True,1,ext_csh,jax,hopm_s1_iql_amo_qweight_jax_loco9_rlr0p001_b2__a8b785b0,,ff44ad5c9f8024ed2aff039c89d00a6459f62d7c,ablation/iql_amo/hopper-medium-v2/1e-3/seed_1/hopm_s1_iql_amo_qweight_jax_loco9_rlr0p001_b2__a8b785b0,/raid/ext_csh/AMO_store/iql_amo_qweight_jax_beta125_rho_loco9_seeds0to3/runs/iqlamo_qw_jax_h-m_b2_rho1em3_s1,,,,
iql_amo,2,0.001,hopper-medium-v2,2,,,False,,True,1,ext_csh,jax,hopm_s2_iql_amo_qweight_jax_loco9_rlr0p001_b2__4af067ff,,ff44ad5c9f8024ed2aff039c89d00a6459f62d7c,ablation/iql_amo/hopper-medium-v2/1e-3/seed_2/hopm_s2_iql_amo_qweight_jax_loco9_rlr0p001_b2__4af067ff,/raid/ext_csh/AMO_store/iql_amo_qweight_jax_beta125_rho_loco9_seeds0to3/runs/iqlamo_qw_jax_h-m_b2_rho1em3_s2,,,,
iql_amo,2,0.001,hopper-medium-v2,3,,,False,,True,1,ext_csh,jax,hopm_s3_iql_amo_qweight_jax_loco9_rlr0p001_b2__ce6b211b,,ff44ad5c9f8024ed2aff039c89d00a6459f62d7c,ablation/iql_amo/hopper-medium-v2/1e-3/seed_3/hopm_s3_iql_amo_qweight_jax_loco9_rlr0p001_b2__ce6b211b,/raid/ext_csh/AMO_store/iql_amo_qweight_jax_beta125_rho_loco9_seeds0to3/runs/iqlamo_qw_jax_h-m_b2_rho1em3_s3,,,,
iql_amo,2,0.0003,hopper-medium-v2,0,,,False,,True,1,ext_csh,jax,hopm_s0_iql_amo_qweight_jax_loco9_rlr0p0003_b2__40dbbc36,,ff44ad5c9f8024ed2aff039c89d00a6459f62d7c,ablation/iql_amo/hopper-medium-v2/3e-4/seed_0/hopm_s0_iql_amo_qweight_jax_loco9_rlr0p0003_b2__40dbbc36,/raid/ext_csh/AMO_store/iql_amo_qweight_jax_beta125_rho_loco9_seeds0to3/runs/iqlamo_qw_jax_h-m_b2_rho3em4_s0,,,,
iql_amo,2,0.0003,hopper-medium-v2,1,,,False,,True,1,ext_csh,jax,hopm_s1_iql_amo_qweight_jax_loco9_rlr0p0003_b2__2dd5605a,,ff44ad5c9f8024ed2aff039c89d00a6459f62d7c,ablation/iql_amo/hopper-medium-v2/3e-4/seed_1/hopm_s1_iql_amo_qweight_jax_loco9_rlr0p0003_b2__2dd5605a,/raid/ext_csh/AMO_store/iql_amo_qweight_jax_beta125_rho_loco9_seeds0to3/runs/iqlamo_qw_jax_h-m_b2_rho3em4_s1,,,,
iql_amo,2,0.0003,hopper-medium-v2,2,,,False,,True,1,ext_csh,jax,hopm_s2_iql_amo_qweight_jax_loco9_rlr0p0003_b2__8dcc5ac6,,ff44ad5c9f8024ed2aff039c89d00a6459f62d7c,ablation/iql_amo/hopper-medium-v2/3e-4/seed_2/hopm_s2_iql_amo_qweight_jax_loco9_rlr0p0003_b2__8dcc5ac6,/raid/ext_csh/AMO_store/iql_amo_qweight_jax_beta125_rho_loco9_seeds0to3/runs/iqlamo_qw_jax_h-m_b2_rho3em4_s2,,,,
iql_amo,2,0.0003,hopper-medium-v2,3,,,False,,True,1,ext_csh,jax,hopm_s3_iql_amo_qweight_jax_loco9_rlr0p0003_b2__647e5775,,ff44ad5c9f8024ed2aff039c89d00a6459f62d7c,ablation/iql_amo/hopper-medium-v2/3e-4/seed_3/hopm_s3_iql_amo_qweight_jax_loco9_rlr0p0003_b2__647e5775,/raid/ext_csh/AMO_store/iql_amo_qweight_jax_beta125_rho_loco9_seeds0to3/runs/iqlamo_qw_jax_h-m_b2_rho3em4_s3,,,,
iql_amo,2,0.002,hopper-medium-replay-v2,0,,,False,,True,1,ext_csh,jax,hopmr_s0_iql_amo_qweight_jax_loco9_rlr0p002_b2__c3ed0251,,ff44ad5c9f8024ed2aff039c89d00a6459f62d7c,ablation/iql_amo/hopper-medium-replay-v2/2e-3/seed_0/hopmr_s0_iql_amo_qweight_jax_loco9_rlr0p002_b2__c3ed0251,/raid/ext_csh/AMO_store/iql_amo_qweight_jax_beta125_rho_loco9_seeds0to3/runs/iqlamo_qw_jax_h-mr_b2_rho2em3_s0,,,,
iql_amo,2,0.002,hopper-medium-replay-v2,1,,,False,,True,1,ext_csh,jax,hopmr_s1_iql_amo_qweight_jax_loco9_rlr0p002_b2__a39ba817,,ff44ad5c9f8024ed2aff039c89d00a6459f62d7c,ablation/iql_amo/hopper-medium-replay-v2/2e-3/seed_1/hopmr_s1_iql_amo_qweight_jax_loco9_rlr0p002_b2__a39ba817,/raid/ext_csh/AMO_store/iql_amo_qweight_jax_beta125_rho_loco9_seeds0to3/runs/iqlamo_qw_jax_h-mr_b2_rho2em3_s1,,,,
iql_amo,2,0.002,hopper-medium-replay-v2,2,,,False,,True,1,ext_csh,jax,hopmr_s2_iql_amo_qweight_jax_loco9_rlr0p002_b2__c87524c9,,ff44ad5c9f8024ed2aff039c89d00a6459f62d7c,ablation/iql_amo/hopper-medium-replay-v2/2e-3/seed_2/hopmr_s2_iql_amo_qweight_jax_loco9_rlr0p002_b2__c87524c9,/raid/ext_csh/AMO_store/iql_amo_qweight_jax_beta125_rho_loco9_seeds0to3/runs/iqlamo_qw_jax_h-mr_b2_rho2em3_s2,,,,
iql_amo,2,0.002,hopper-medium-replay-v2,3,,,False,,True,1,ext_csh,jax,hopmr_s3_iql_amo_qweight_jax_loco9_rlr0p002_b2__8a81951d,,ff44ad5c9f8024ed2aff039c89d00a6459f62d7c,ablation/iql_amo/hopper-medium-replay-v2/2e-3/seed_3/hopmr_s3_iql_amo_qweight_jax_loco9_rlr0p002_b2__8a81951d,/raid/ext_csh/AMO_store/iql_amo_qweight_jax_beta125_rho_loco9_seeds0to3/runs/iqlamo_qw_jax_h-mr_b2_rho2em3_s3,,,,
iql_amo,2,0.001,hopper-medium-replay-v2,0,,,False,,True,1,ext_csh,jax,hopmr_s0_iql_amo_qweight_jax_loco9_rlr0p001_b2__927b1ca7,,ff44ad5c9f8024ed2aff039c89d00a6459f62d7c,ablation/iql_amo/hopper-medium-replay-v2/1e-3/seed_0/hopmr_s0_iql_amo_qweight_jax_loco9_rlr0p001_b2__927b1ca7,/raid/ext_csh/AMO_store/iql_amo_qweight_jax_beta125_rho_loco9_seeds0to3/runs/iqlamo_qw_jax_h-mr_b2_rho1em3_s0,,,,
iql_amo,2,0.001,hopper-medium-replay-v2,1,,,False,,True,1,ext_csh,jax,hopmr_s1_iql_amo_qweight_jax_loco9_rlr0p001_b2__d2e8cbb8,,ff44ad5c9f8024ed2aff039c89d00a6459f62d7c,ablation/iql_amo/hopper-medium-replay-v2/1e-3/seed_1/hopmr_s1_iql_amo_qweight_jax_loco9_rlr0p001_b2__d2e8cbb8,/raid/ext_csh/AMO_store/iql_amo_qweight_jax_beta125_rho_loco9_seeds0to3/runs/iqlamo_qw_jax_h-mr_b2_rho1em3_s1,,,,
iql_amo,2,0.001,hopper-medium-replay-v2,2,,,False,,True,1,ext_csh,jax,hopmr_s2_iql_amo_qweight_jax_loco9_rlr0p001_b2__c5278f3d,,ff44ad5c9f8024ed2aff039c89d00a6459f62d7c,ablation/iql_amo/hopper-medium-replay-v2/1e-3/seed_2/hopmr_s2_iql_amo_qweight_jax_loco9_rlr0p001_b2__c5278f3d,/raid/ext_csh/AMO_store/iql_amo_qweight_jax_beta125_rho_loco9_seeds0to3/runs/iqlamo_qw_jax_h-mr_b2_rho1em3_s2,,,,
iql_amo,2,0.001,hopper-medium-replay-v2,3,,,False,,True,1,ext_csh,jax,hopmr_s3_iql_amo_qweight_jax_loco9_rlr0p001_b2__800a4753,,ff44ad5c9f8024ed2aff039c89d00a6459f62d7c,ablation/iql_amo/hopper-medium-replay-v2/1e-3/seed_3/hopmr_s3_iql_amo_qweight_jax_loco9_rlr0p001_b2__800a4753,/raid/ext_csh/AMO_store/iql_amo_qweight_jax_beta125_rho_loco9_seeds0to3/runs/iqlamo_qw_jax_h-mr_b2_rho1em3_s3,,,,
iql_amo,2,0.0003,hopper-medium-replay-v2,0,,,False,,True,1,ext_csh,jax,hopmr_s0_iql_amo_qweight_jax_loco9_rlr0p0003_b2__96af96ba,,ff44ad5c9f8024ed2aff039c89d00a6459f62d7c,ablation/iql_amo/hopper-medium-replay-v2/3e-4/seed_0/hopmr_s0_iql_amo_qweight_jax_loco9_rlr0p0003_b2__96af96ba,/raid/ext_csh/AMO_store/iql_amo_qweight_jax_beta125_rho_loco9_seeds0to3/runs/iqlamo_qw_jax_h-mr_b2_rho3em4_s0,,,,
iql_amo,2,0.0003,hopper-medium-replay-v2,1,,,False,,True,1,ext_csh,jax,hopmr_s1_iql_amo_qweight_jax_loco9_rlr0p0003_b2__41c53589,,ff44ad5c9f8024ed2aff039c89d00a6459f62d7c,ablation/iql_amo/hopper-medium-replay-v2/3e-4/seed_1/hopmr_s1_iql_amo_qweight_jax_loco9_rlr0p0003_b2__41c53589,/raid/ext_csh/AMO_store/iql_amo_qweight_jax_beta125_rho_loco9_seeds0to3/runs/iqlamo_qw_jax_h-mr_b2_rho3em4_s1,,,,
iql_amo,2,0.0003,hopper-medium-replay-v2,2,,,False,,True,1,ext_csh,jax,hopmr_s2_iql_amo_qweight_jax_loco9_rlr0p0003_b2__0eea7c7a,,ff44ad5c9f8024ed2aff039c89d00a6459f62d7c,ablation/iql_amo/hopper-medium-replay-v2/3e-4/seed_2/hopmr_s2_iql_amo_qweight_jax_loco9_rlr0p0003_b2__0eea7c7a,/raid/ext_csh/AMO_store/iql_amo_qweight_jax_beta125_rho_loco9_seeds0to3/runs/iqlamo_qw_jax_h-mr_b2_rho3em4_s2,,,,
iql_amo,2,0.0003,hopper-medium-replay-v2,3,,,False,,True,1,ext_csh,jax,hopmr_s3_iql_amo_qweight_jax_loco9_rlr0p0003_b2__482abda2,,ff44ad5c9f8024ed2aff039c89d00a6459f62d7c,ablation/iql_amo/hopper-medium-replay-v2/3e-4/seed_3/hopmr_s3_iql_amo_qweight_jax_loco9_rlr0p0003_b2__482abda2,/raid/ext_csh/AMO_store/iql_amo_qweight_jax_beta125_rho_loco9_seeds0to3/runs/iqlamo_qw_jax_h-mr_b2_rho3em4_s3,,,,
iql_amo,2,0.002,hopper-medium-expert-v2,0,,,False,,True,1,ext_csh,jax,hopme_s0_iql_amo_qweight_jax_loco9_rlr0p002_b2__83bca90e,,ff44ad5c9f8024ed2aff039c89d00a6459f62d7c,ablation/iql_amo/hopper-medium-expert-v2/2e-3/seed_0/hopme_s0_iql_amo_qweight_jax_loco9_rlr0p002_b2__83bca90e,/raid/ext_csh/AMO_store/iql_amo_qweight_jax_beta125_rho_loco9_seeds0to3/runs/iqlamo_qw_jax_h-me_b2_rho2em3_s0,,,,
iql_amo,2,0.002,hopper-medium-expert-v2,1,,,False,,True,1,ext_csh,jax,hopme_s1_iql_amo_qweight_jax_loco9_rlr0p002_b2__9e29f435,,ff44ad5c9f8024ed2aff039c89d00a6459f62d7c,ablation/iql_amo/hopper-medium-expert-v2/2e-3/seed_1/hopme_s1_iql_amo_qweight_jax_loco9_rlr0p002_b2__9e29f435,/raid/ext_csh/AMO_store/iql_amo_qweight_jax_beta125_rho_loco9_seeds0to3/runs/iqlamo_qw_jax_h-me_b2_rho2em3_s1,,,,
iql_amo,2,0.002,hopper-medium-expert-v2,2,,,False,,True,1,ext_csh,jax,hopme_s2_iql_amo_qweight_jax_loco9_rlr0p002_b2__c920f635,,ff44ad5c9f8024ed2aff039c89d00a6459f62d7c,ablation/iql_amo/hopper-medium-expert-v2/2e-3/seed_2/hopme_s2_iql_amo_qweight_jax_loco9_rlr0p002_b2__c920f635,/raid/ext_csh/AMO_store/iql_amo_qweight_jax_beta125_rho_loco9_seeds0to3/runs/iqlamo_qw_jax_h-me_b2_rho2em3_s2,,,,
iql_amo,2,0.002,hopper-medium-expert-v2,3,,,False,,True,1,ext_csh,jax,hopme_s3_iql_amo_qweight_jax_loco9_rlr0p002_b2__3155d661,,ff44ad5c9f8024ed2aff039c89d00a6459f62d7c,ablation/iql_amo/hopper-medium-expert-v2/2e-3/seed_3/hopme_s3_iql_amo_qweight_jax_loco9_rlr0p002_b2__3155d661,/raid/ext_csh/AMO_store/iql_amo_qweight_jax_beta125_rho_loco9_seeds0to3/runs/iqlamo_qw_jax_h-me_b2_rho2em3_s3,,,,
iql_amo,2,0.001,hopper-medium-expert-v2,0,,,False,,True,1,ext_csh,jax,hopme_s0_iql_amo_qweight_jax_loco9_rlr0p001_b2__6bd75dfc,,ff44ad5c9f8024ed2aff039c89d00a6459f62d7c,ablation/iql_amo/hopper-medium-expert-v2/1e-3/seed_0/hopme_s0_iql_amo_qweight_jax_loco9_rlr0p001_b2__6bd75dfc,/raid/ext_csh/AMO_store/iql_amo_qweight_jax_beta125_rho_loco9_seeds0to3/runs/iqlamo_qw_jax_h-me_b2_rho1em3_s0,,,,
iql_amo,2,0.001,hopper-medium-expert-v2,1,,,False,,True,1,ext_csh,jax,hopme_s1_iql_amo_qweight_jax_loco9_rlr0p001_b2__9d849906,,ff44ad5c9f8024ed2aff039c89d00a6459f62d7c,ablation/iql_amo/hopper-medium-expert-v2/1e-3/seed_1/hopme_s1_iql_amo_qweight_jax_loco9_rlr0p001_b2__9d849906,/raid/ext_csh/AMO_store/iql_amo_qweight_jax_beta125_rho_loco9_seeds0to3/runs/iqlamo_qw_jax_h-me_b2_rho1em3_s1,,,,
iql_amo,2,0.001,hopper-medium-expert-v2,2,,,False,,True,1,ext_csh,jax,hopme_s2_iql_amo_qweight_jax_loco9_rlr0p001_b2__383aa30f,,ff44ad5c9f8024ed2aff039c89d00a6459f62d7c,ablation/iql_amo/hopper-medium-expert-v2/1e-3/seed_2/hopme_s2_iql_amo_qweight_jax_loco9_rlr0p001_b2__383aa30f,/raid/ext_csh/AMO_store/iql_amo_qweight_jax_beta125_rho_loco9_seeds0to3/runs/iqlamo_qw_jax_h-me_b2_rho1em3_s2,,,,
iql_amo,2,0.001,hopper-medium-expert-v2,3,,,False,,True,1,ext_csh,jax,hopme_s3_iql_amo_qweight_jax_loco9_rlr0p001_b2__3e1a183e,,ff44ad5c9f8024ed2aff039c89d00a6459f62d7c,ablation/iql_amo/hopper-medium-expert-v2/1e-3/seed_3/hopme_s3_iql_amo_qweight_jax_loco9_rlr0p001_b2__3e1a183e,/raid/ext_csh/AMO_store/iql_amo_qweight_jax_beta125_rho_loco9_seeds0to3/runs/iqlamo_qw_jax_h-me_b2_rho1em3_s3,,,,
iql_amo,2,0.0003,hopper-medium-expert-v2,0,,,False,,True,1,ext_csh,jax,hopme_s0_iql_amo_qweight_jax_loco9_rlr0p0003_b2__7319f9ec,,ff44ad5c9f8024ed2aff039c89d00a6459f62d7c,ablation/iql_amo/hopper-medium-expert-v2/3e-4/seed_0/hopme_s0_iql_amo_qweight_jax_loco9_rlr0p0003_b2__7319f9ec,/raid/ext_csh/AMO_store/iql_amo_qweight_jax_beta125_rho_loco9_seeds0to3/runs/iqlamo_qw_jax_h-me_b2_rho3em4_s0,,,,
iql_amo,2,0.0003,hopper-medium-expert-v2,1,,,False,,True,1,ext_csh,jax,hopme_s1_iql_amo_qweight_jax_loco9_rlr0p0003_b2__f72141f2,,ff44ad5c9f8024ed2aff039c89d00a6459f62d7c,ablation/iql_amo/hopper-medium-expert-v2/3e-4/seed_1/hopme_s1_iql_amo_qweight_jax_loco9_rlr0p0003_b2__f72141f2,/raid/ext_csh/AMO_store/iql_amo_qweight_jax_beta125_rho_loco9_seeds0to3/runs/iqlamo_qw_jax_h-me_b2_rho3em4_s1,,,,
iql_amo,2,0.0003,hopper-medium-expert-v2,2,,,False,,True,1,ext_csh,jax,hopme_s2_iql_amo_qweight_jax_loco9_rlr0p0003_b2__1dfc5c92,,ff44ad5c9f8024ed2aff039c89d00a6459f62d7c,ablation/iql_amo/hopper-medium-expert-v2/3e-4/seed_2/hopme_s2_iql_amo_qweight_jax_loco9_rlr0p0003_b2__1dfc5c92,/raid/ext_csh/AMO_store/iql_amo_qweight_jax_beta125_rho_loco9_seeds0to3/runs/iqlamo_qw_jax_h-me_b2_rho3em4_s2,,,,
iql_amo,2,0.0003,hopper-medium-expert-v2,3,,,False,,True,1,ext_csh,jax,hopme_s3_iql_amo_qweight_jax_loco9_rlr0p0003_b2__9200598b,,ff44ad5c9f8024ed2aff039c89d00a6459f62d7c,ablation/iql_amo/hopper-medium-expert-v2/3e-4/seed_3/hopme_s3_iql_amo_qweight_jax_loco9_rlr0p0003_b2__9200598b,/raid/ext_csh/AMO_store/iql_amo_qweight_jax_beta125_rho_loco9_seeds0to3/runs/iqlamo_qw_jax_h-me_b2_rho3em4_s3,,,,
iql_amo,2,0.002,walker2d-medium-v2,0,,,False,,True,1,ext_csh,jax,wm_s0_iql_amo_qweight_jax_loco9_rlr0p002_b2__b4f7533c,,ff44ad5c9f8024ed2aff039c89d00a6459f62d7c,ablation/iql_amo/walker2d-medium-v2/2e-3/seed_0/wm_s0_iql_amo_qweight_jax_loco9_rlr0p002_b2__b4f7533c,/raid/ext_csh/AMO_store/iql_amo_qweight_jax_beta125_rho_loco9_seeds0to3/runs/iqlamo_qw_jax_w-m_b2_rho2em3_s0,,,,
iql_amo,2,0.002,walker2d-medium-v2,1,,,False,,True,1,ext_csh,jax,wm_s1_iql_amo_qweight_jax_loco9_rlr0p002_b2__06541d66,,ff44ad5c9f8024ed2aff039c89d00a6459f62d7c,ablation/iql_amo/walker2d-medium-v2/2e-3/seed_1/wm_s1_iql_amo_qweight_jax_loco9_rlr0p002_b2__06541d66,/raid/ext_csh/AMO_store/iql_amo_qweight_jax_beta125_rho_loco9_seeds0to3/runs/iqlamo_qw_jax_w-m_b2_rho2em3_s1,,,,
iql_amo,2,0.002,walker2d-medium-v2,2,,,False,,True,1,ext_csh,jax,wm_s2_iql_amo_qweight_jax_loco9_rlr0p002_b2__f16cbbe4,,ff44ad5c9f8024ed2aff039c89d00a6459f62d7c,ablation/iql_amo/walker2d-medium-v2/2e-3/seed_2/wm_s2_iql_amo_qweight_jax_loco9_rlr0p002_b2__f16cbbe4,/raid/ext_csh/AMO_store/iql_amo_qweight_jax_beta125_rho_loco9_seeds0to3/runs/iqlamo_qw_jax_w-m_b2_rho2em3_s2,,,,
iql_amo,2,0.002,walker2d-medium-v2,3,,,False,,True,1,ext_csh,jax,wm_s3_iql_amo_qweight_jax_loco9_rlr0p002_b2__979d5dfb,,ff44ad5c9f8024ed2aff039c89d00a6459f62d7c,ablation/iql_amo/walker2d-medium-v2/2e-3/seed_3/wm_s3_iql_amo_qweight_jax_loco9_rlr0p002_b2__979d5dfb,/raid/ext_csh/AMO_store/iql_amo_qweight_jax_beta125_rho_loco9_seeds0to3/runs/iqlamo_qw_jax_w-m_b2_rho2em3_s3,,,,
iql_amo,2,0.001,walker2d-medium-v2,0,,,False,,True,1,ext_csh,jax,wm_s0_iql_amo_qweight_jax_loco9_rlr0p001_b2__a76f132b,,ff44ad5c9f8024ed2aff039c89d00a6459f62d7c,ablation/iql_amo/walker2d-medium-v2/1e-3/seed_0/wm_s0_iql_amo_qweight_jax_loco9_rlr0p001_b2__a76f132b,/raid/ext_csh/AMO_store/iql_amo_qweight_jax_beta125_rho_loco9_seeds0to3/runs/iqlamo_qw_jax_w-m_b2_rho1em3_s0,,,,
iql_amo,2,0.001,walker2d-medium-v2,1,,,False,,True,1,ext_csh,jax,wm_s1_iql_amo_qweight_jax_loco9_rlr0p001_b2__809e4357,,ff44ad5c9f8024ed2aff039c89d00a6459f62d7c,ablation/iql_amo/walker2d-medium-v2/1e-3/seed_1/wm_s1_iql_amo_qweight_jax_loco9_rlr0p001_b2__809e4357,/raid/ext_csh/AMO_store/iql_amo_qweight_jax_beta125_rho_loco9_seeds0to3/runs/iqlamo_qw_jax_w-m_b2_rho1em3_s1,,,,
iql_amo,2,0.001,walker2d-medium-v2,2,,,False,,True,1,ext_csh,jax,wm_s2_iql_amo_qweight_jax_loco9_rlr0p001_b2__9f088f75,,ff44ad5c9f8024ed2aff039c89d00a6459f62d7c,ablation/iql_amo/walker2d-medium-v2/1e-3/seed_2/wm_s2_iql_amo_qweight_jax_loco9_rlr0p001_b2__9f088f75,/raid/ext_csh/AMO_store/iql_amo_qweight_jax_beta125_rho_loco9_seeds0to3/runs/iqlamo_qw_jax_w-m_b2_rho1em3_s2,,,,
iql_amo,2,0.001,walker2d-medium-v2,3,,,False,,True,1,ext_csh,jax,wm_s3_iql_amo_qweight_jax_loco9_rlr0p001_b2__056e3b6c,,ff44ad5c9f8024ed2aff039c89d00a6459f62d7c,ablation/iql_amo/walker2d-medium-v2/1e-3/seed_3/wm_s3_iql_amo_qweight_jax_loco9_rlr0p001_b2__056e3b6c,/raid/ext_csh/AMO_store/iql_amo_qweight_jax_beta125_rho_loco9_seeds0to3/runs/iqlamo_qw_jax_w-m_b2_rho1em3_s3,,,,
iql_amo,2,0.0003,walker2d-medium-v2,0,,,False,,True,1,ext_csh,jax,wm_s0_iql_amo_qweight_jax_loco9_rlr0p0003_b2__2efba874,,ff44ad5c9f8024ed2aff039c89d00a6459f62d7c,ablation/iql_amo/walker2d-medium-v2/3e-4/seed_0/wm_s0_iql_amo_qweight_jax_loco9_rlr0p0003_b2__2efba874,/raid/ext_csh/AMO_store/iql_amo_qweight_jax_beta125_rho_loco9_seeds0to3/runs/iqlamo_qw_jax_w-m_b2_rho3em4_s0,,,,
iql_amo,2,0.0003,walker2d-medium-v2,1,,,False,,True,1,ext_csh,jax,wm_s1_iql_amo_qweight_jax_loco9_rlr0p0003_b2__33da0e4d,,ff44ad5c9f8024ed2aff039c89d00a6459f62d7c,ablation/iql_amo/walker2d-medium-v2/3e-4/seed_1/wm_s1_iql_amo_qweight_jax_loco9_rlr0p0003_b2__33da0e4d,/raid/ext_csh/AMO_store/iql_amo_qweight_jax_beta125_rho_loco9_seeds0to3/runs/iqlamo_qw_jax_w-m_b2_rho3em4_s1,,,,
iql_amo,2,0.0003,walker2d-medium-v2,2,,,False,,True,1,ext_csh,jax,wm_s2_iql_amo_qweight_jax_loco9_rlr0p0003_b2__12db8d11,,ff44ad5c9f8024ed2aff039c89d00a6459f62d7c,ablation/iql_amo/walker2d-medium-v2/3e-4/seed_2/wm_s2_iql_amo_qweight_jax_loco9_rlr0p0003_b2__12db8d11,/raid/ext_csh/AMO_store/iql_amo_qweight_jax_beta125_rho_loco9_seeds0to3/runs/iqlamo_qw_jax_w-m_b2_rho3em4_s2,,,,
iql_amo,2,0.0003,walker2d-medium-v2,3,,,False,,True,1,ext_csh,jax,wm_s3_iql_amo_qweight_jax_loco9_rlr0p0003_b2__012ffb47,,ff44ad5c9f8024ed2aff039c89d00a6459f62d7c,ablation/iql_amo/walker2d-medium-v2/3e-4/seed_3/wm_s3_iql_amo_qweight_jax_loco9_rlr0p0003_b2__012ffb47,/raid/ext_csh/AMO_store/iql_amo_qweight_jax_beta125_rho_loco9_seeds0to3/runs/iqlamo_qw_jax_w-m_b2_rho3em4_s3,,,,
iql_amo,2,0.002,walker2d-medium-replay-v2,0,,,False,,True,1,ext_csh,jax,wmr_s0_iql_amo_qweight_jax_loco9_rlr0p002_b2__233d1393,,ff44ad5c9f8024ed2aff039c89d00a6459f62d7c,ablation/iql_amo/walker2d-medium-replay-v2/2e-3/seed_0/wmr_s0_iql_amo_qweight_jax_loco9_rlr0p002_b2__233d1393,/raid/ext_csh/AMO_store/iql_amo_qweight_jax_beta125_rho_loco9_seeds0to3/runs/iqlamo_qw_jax_w-mr_b2_rho2em3_s0,,,,
iql_amo,2,0.002,walker2d-medium-replay-v2,1,,,False,,True,1,ext_csh,jax,wmr_s1_iql_amo_qweight_jax_loco9_rlr0p002_b2__e83ce7d6,,ff44ad5c9f8024ed2aff039c89d00a6459f62d7c,ablation/iql_amo/walker2d-medium-replay-v2/2e-3/seed_1/wmr_s1_iql_amo_qweight_jax_loco9_rlr0p002_b2__e83ce7d6,/raid/ext_csh/AMO_store/iql_amo_qweight_jax_beta125_rho_loco9_seeds0to3/runs/iqlamo_qw_jax_w-mr_b2_rho2em3_s1,,,,
iql_amo,2,0.002,walker2d-medium-replay-v2,2,,,False,,True,1,ext_csh,jax,wmr_s2_iql_amo_qweight_jax_loco9_rlr0p002_b2__40c1a4db,,ff44ad5c9f8024ed2aff039c89d00a6459f62d7c,ablation/iql_amo/walker2d-medium-replay-v2/2e-3/seed_2/wmr_s2_iql_amo_qweight_jax_loco9_rlr0p002_b2__40c1a4db,/raid/ext_csh/AMO_store/iql_amo_qweight_jax_beta125_rho_loco9_seeds0to3/runs/iqlamo_qw_jax_w-mr_b2_rho2em3_s2,,,,
iql_amo,2,0.002,walker2d-medium-replay-v2,3,,,False,,True,1,ext_csh,jax,wmr_s3_iql_amo_qweight_jax_loco9_rlr0p002_b2__21ea7b92,,ff44ad5c9f8024ed2aff039c89d00a6459f62d7c,ablation/iql_amo/walker2d-medium-replay-v2/2e-3/seed_3/wmr_s3_iql_amo_qweight_jax_loco9_rlr0p002_b2__21ea7b92,/raid/ext_csh/AMO_store/iql_amo_qweight_jax_beta125_rho_loco9_seeds0to3/runs/iqlamo_qw_jax_w-mr_b2_rho2em3_s3,,,,
iql_amo,2,0.001,walker2d-medium-replay-v2,0,,,False,,True,1,ext_csh,jax,wmr_s0_iql_amo_qweight_jax_loco9_rlr0p001_b2__7aee44f3,,ff44ad5c9f8024ed2aff039c89d00a6459f62d7c,ablation/iql_amo/walker2d-medium-replay-v2/1e-3/seed_0/wmr_s0_iql_amo_qweight_jax_loco9_rlr0p001_b2__7aee44f3,/raid/ext_csh/AMO_store/iql_amo_qweight_jax_beta125_rho_loco9_seeds0to3/runs/iqlamo_qw_jax_w-mr_b2_rho1em3_s0,,,,
iql_amo,2,0.001,walker2d-medium-replay-v2,1,,,False,,True,1,ext_csh,jax,wmr_s1_iql_amo_qweight_jax_loco9_rlr0p001_b2__c083be0b,,ff44ad5c9f8024ed2aff039c89d00a6459f62d7c,ablation/iql_amo/walker2d-medium-replay-v2/1e-3/seed_1/wmr_s1_iql_amo_qweight_jax_loco9_rlr0p001_b2__c083be0b,/raid/ext_csh/AMO_store/iql_amo_qweight_jax_beta125_rho_loco9_seeds0to3/runs/iqlamo_qw_jax_w-mr_b2_rho1em3_s1,,,,
iql_amo,2,0.001,walker2d-medium-replay-v2,2,,,False,,True,1,ext_csh,jax,wmr_s2_iql_amo_qweight_jax_loco9_rlr0p001_b2__9bad24be,,ff44ad5c9f8024ed2aff039c89d00a6459f62d7c,ablation/iql_amo/walker2d-medium-replay-v2/1e-3/seed_2/wmr_s2_iql_amo_qweight_jax_loco9_rlr0p001_b2__9bad24be,/raid/ext_csh/AMO_store/iql_amo_qweight_jax_beta125_rho_loco9_seeds0to3/runs/iqlamo_qw_jax_w-mr_b2_rho1em3_s2,,,,
iql_amo,2,0.001,walker2d-medium-replay-v2,3,,,False,,True,1,ext_csh,jax,wmr_s3_iql_amo_qweight_jax_loco9_rlr0p001_b2__04d93cf5,,ff44ad5c9f8024ed2aff039c89d00a6459f62d7c,ablation/iql_amo/walker2d-medium-replay-v2/1e-3/seed_3/wmr_s3_iql_amo_qweight_jax_loco9_rlr0p001_b2__04d93cf5,/raid/ext_csh/AMO_store/iql_amo_qweight_jax_beta125_rho_loco9_seeds0to3/runs/iqlamo_qw_jax_w-mr_b2_rho1em3_s3,,,,
iql_amo,2,0.0003,walker2d-medium-replay-v2,0,,,False,,True,1,ext_csh,jax,wmr_s0_iql_amo_qweight_jax_loco9_rlr0p0003_b2__2c1606c1,,ff44ad5c9f8024ed2aff039c89d00a6459f62d7c,ablation/iql_amo/walker2d-medium-replay-v2/3e-4/seed_0/wmr_s0_iql_amo_qweight_jax_loco9_rlr0p0003_b2__2c1606c1,/raid/ext_csh/AMO_store/iql_amo_qweight_jax_beta125_rho_loco9_seeds0to3/runs/iqlamo_qw_jax_w-mr_b2_rho3em4_s0,,,,
iql_amo,2,0.0003,walker2d-medium-replay-v2,1,,,False,,True,1,ext_csh,jax,wmr_s1_iql_amo_qweight_jax_loco9_rlr0p0003_b2__16c684f1,,ff44ad5c9f8024ed2aff039c89d00a6459f62d7c,ablation/iql_amo/walker2d-medium-replay-v2/3e-4/seed_1/wmr_s1_iql_amo_qweight_jax_loco9_rlr0p0003_b2__16c684f1,/raid/ext_csh/AMO_store/iql_amo_qweight_jax_beta125_rho_loco9_seeds0to3/runs/iqlamo_qw_jax_w-mr_b2_rho3em4_s1,,,,
iql_amo,2,0.0003,walker2d-medium-replay-v2,2,,,False,,True,1,ext_csh,jax,wmr_s2_iql_amo_qweight_jax_loco9_rlr0p0003_b2__fdde08d3,,ff44ad5c9f8024ed2aff039c89d00a6459f62d7c,ablation/iql_amo/walker2d-medium-replay-v2/3e-4/seed_2/wmr_s2_iql_amo_qweight_jax_loco9_rlr0p0003_b2__fdde08d3,/raid/ext_csh/AMO_store/iql_amo_qweight_jax_beta125_rho_loco9_seeds0to3/runs/iqlamo_qw_jax_w-mr_b2_rho3em4_s2,,,,
iql_amo,2,0.0003,walker2d-medium-replay-v2,3,,,False,,True,1,ext_csh,jax,wmr_s3_iql_amo_qweight_jax_loco9_rlr0p0003_b2__306603a4,,ff44ad5c9f8024ed2aff039c89d00a6459f62d7c,ablation/iql_amo/walker2d-medium-replay-v2/3e-4/seed_3/wmr_s3_iql_amo_qweight_jax_loco9_rlr0p0003_b2__306603a4,/raid/ext_csh/AMO_store/iql_amo_qweight_jax_beta125_rho_loco9_seeds0to3/runs/iqlamo_qw_jax_w-mr_b2_rho3em4_s3,,,,
iql_amo,2,0.002,walker2d-medium-expert-v2,0,,,False,,True,1,ext_csh,jax,wme_s0_iql_amo_qweight_jax_loco9_rlr0p002_b2__d1ee6b0e,,ff44ad5c9f8024ed2aff039c89d00a6459f62d7c,ablation/iql_amo/walker2d-medium-expert-v2/2e-3/seed_0/wme_s0_iql_amo_qweight_jax_loco9_rlr0p002_b2__d1ee6b0e,/raid/ext_csh/AMO_store/iql_amo_qweight_jax_beta125_rho_loco9_seeds0to3/runs/iqlamo_qw_jax_w-me_b2_rho2em3_s0,,,,
iql_amo,2,0.002,walker2d-medium-expert-v2,1,,,False,,True,1,ext_csh,jax,wme_s1_iql_amo_qweight_jax_loco9_rlr0p002_b2__c0db80fb,,ff44ad5c9f8024ed2aff039c89d00a6459f62d7c,ablation/iql_amo/walker2d-medium-expert-v2/2e-3/seed_1/wme_s1_iql_amo_qweight_jax_loco9_rlr0p002_b2__c0db80fb,/raid/ext_csh/AMO_store/iql_amo_qweight_jax_beta125_rho_loco9_seeds0to3/runs/iqlamo_qw_jax_w-me_b2_rho2em3_s1,,,,
iql_amo,2,0.002,walker2d-medium-expert-v2,2,,,False,,True,1,ext_csh,jax,wme_s2_iql_amo_qweight_jax_loco9_rlr0p002_b2__5e18c332,,ff44ad5c9f8024ed2aff039c89d00a6459f62d7c,ablation/iql_amo/walker2d-medium-expert-v2/2e-3/seed_2/wme_s2_iql_amo_qweight_jax_loco9_rlr0p002_b2__5e18c332,/raid/ext_csh/AMO_store/iql_amo_qweight_jax_beta125_rho_loco9_seeds0to3/runs/iqlamo_qw_jax_w-me_b2_rho2em3_s2,,,,
iql_amo,2,0.002,walker2d-medium-expert-v2,3,,,False,,True,1,ext_csh,jax,wme_s3_iql_amo_qweight_jax_loco9_rlr0p002_b2__69cb4bff,,ff44ad5c9f8024ed2aff039c89d00a6459f62d7c,ablation/iql_amo/walker2d-medium-expert-v2/2e-3/seed_3/wme_s3_iql_amo_qweight_jax_loco9_rlr0p002_b2__69cb4bff,/raid/ext_csh/AMO_store/iql_amo_qweight_jax_beta125_rho_loco9_seeds0to3/runs/iqlamo_qw_jax_w-me_b2_rho2em3_s3,,,,
iql_amo,2,0.001,walker2d-medium-expert-v2,0,,,False,,True,1,ext_csh,jax,wme_s0_iql_amo_qweight_jax_loco9_rlr0p001_b2__cd22387a,,ff44ad5c9f8024ed2aff039c89d00a6459f62d7c,ablation/iql_amo/walker2d-medium-expert-v2/1e-3/seed_0/wme_s0_iql_amo_qweight_jax_loco9_rlr0p001_b2__cd22387a,/raid/ext_csh/AMO_store/iql_amo_qweight_jax_beta125_rho_loco9_seeds0to3/runs/iqlamo_qw_jax_w-me_b2_rho1em3_s0,,,,
iql_amo,2,0.001,walker2d-medium-expert-v2,1,,,False,,True,1,ext_csh,jax,wme_s1_iql_amo_qweight_jax_loco9_rlr0p001_b2__f70a6cb6,,ff44ad5c9f8024ed2aff039c89d00a6459f62d7c,ablation/iql_amo/walker2d-medium-expert-v2/1e-3/seed_1/wme_s1_iql_amo_qweight_jax_loco9_rlr0p001_b2__f70a6cb6,/raid/ext_csh/AMO_store/iql_amo_qweight_jax_beta125_rho_loco9_seeds0to3/runs/iqlamo_qw_jax_w-me_b2_rho1em3_s1,,,,
iql_amo,2,0.001,walker2d-medium-expert-v2,2,,,False,,True,1,ext_csh,jax,wme_s2_iql_amo_qweight_jax_loco9_rlr0p001_b2__277cffe9,,ff44ad5c9f8024ed2aff039c89d00a6459f62d7c,ablation/iql_amo/walker2d-medium-expert-v2/1e-3/seed_2/wme_s2_iql_amo_qweight_jax_loco9_rlr0p001_b2__277cffe9,/raid/ext_csh/AMO_store/iql_amo_qweight_jax_beta125_rho_loco9_seeds0to3/runs/iqlamo_qw_jax_w-me_b2_rho1em3_s2,,,,
iql_amo,2,0.001,walker2d-medium-expert-v2,3,,,False,,True,1,ext_csh,jax,wme_s3_iql_amo_qweight_jax_loco9_rlr0p001_b2__b3216ca0,,ff44ad5c9f8024ed2aff039c89d00a6459f62d7c,ablation/iql_amo/walker2d-medium-expert-v2/1e-3/seed_3/wme_s3_iql_amo_qweight_jax_loco9_rlr0p001_b2__b3216ca0,/raid/ext_csh/AMO_store/iql_amo_qweight_jax_beta125_rho_loco9_seeds0to3/runs/iqlamo_qw_jax_w-me_b2_rho1em3_s3,,,,
iql_amo,2,0.0003,walker2d-medium-expert-v2,0,,,False,,True,1,ext_csh,jax,wme_s0_iql_amo_qweight_jax_loco9_rlr0p0003_b2__ac604328,,ff44ad5c9f8024ed2aff039c89d00a6459f62d7c,ablation/iql_amo/walker2d-medium-expert-v2/3e-4/seed_0/wme_s0_iql_amo_qweight_jax_loco9_rlr0p0003_b2__ac604328,/raid/ext_csh/AMO_store/iql_amo_qweight_jax_beta125_rho_loco9_seeds0to3/runs/iqlamo_qw_jax_w-me_b2_rho3em4_s0,,,,
iql_amo,2,0.0003,walker2d-medium-expert-v2,1,,,False,,True,1,ext_csh,jax,wme_s1_iql_amo_qweight_jax_loco9_rlr0p0003_b2__9d1e85bb,,ff44ad5c9f8024ed2aff039c89d00a6459f62d7c,ablation/iql_amo/walker2d-medium-expert-v2/3e-4/seed_1/wme_s1_iql_amo_qweight_jax_loco9_rlr0p0003_b2__9d1e85bb,/raid/ext_csh/AMO_store/iql_amo_qweight_jax_beta125_rho_loco9_seeds0to3/runs/iqlamo_qw_jax_w-me_b2_rho3em4_s1,,,,
iql_amo,2,0.0003,walker2d-medium-expert-v2,2,,,False,,True,1,ext_csh,jax,wme_s2_iql_amo_qweight_jax_loco9_rlr0p0003_b2__1b2d0bb5,,ff44ad5c9f8024ed2aff039c89d00a6459f62d7c,ablation/iql_amo/walker2d-medium-expert-v2/3e-4/seed_2/wme_s2_iql_amo_qweight_jax_loco9_rlr0p0003_b2__1b2d0bb5,/raid/ext_csh/AMO_store/iql_amo_qweight_jax_beta125_rho_loco9_seeds0to3/runs/iqlamo_qw_jax_w-me_b2_rho3em4_s2,,,,
iql_amo,2,0.0003,walker2d-medium-expert-v2,3,,,False,,True,1,ext_csh,jax,wme_s3_iql_amo_qweight_jax_loco9_rlr0p0003_b2__fb843949,,ff44ad5c9f8024ed2aff039c89d00a6459f62d7c,ablation/iql_amo/walker2d-medium-expert-v2/3e-4/seed_3/wme_s3_iql_amo_qweight_jax_loco9_rlr0p0003_b2__fb843949,/raid/ext_csh/AMO_store/iql_amo_qweight_jax_beta125_rho_loco9_seeds0to3/runs/iqlamo_qw_jax_w-me_b2_rho3em4_s3,,,,
iql_amo,2,0.002,antmaze-umaze-v2,0,60.0,1000000,True,50,True,1,ext_csv,jax,amu_s0_beta2_Tlr0p002__32c9be02,ceffa5373681e09b20d5b513091bccd4d301a4eb,b6eec3e97847aab34b5ed353ae7dfdc842a488e5,ablation/iql_amo/antmaze-umaze-v2/2e-3/seed_0/amu_s0_beta2_Tlr0p002__32c9be02,/raid/ext_csv/AMO_store/iql_amo_qweight_jax_beta125_rho_loco_antmaze_seeds0to3/runs/iqlamo_qw_jax_am-u_b2_rho2em3_s0,eval.jsonl,1,normalized_score,2026-09-18T15:21:13.204417+00:00
iql_amo,2,0.002,antmaze-umaze-v2,1,68.0,1000000,True,50,True,1,ext_csv,jax,amu_s1_beta2_Tlr0p002__c028c5d8,ceffa5373681e09b20d5b513091bccd4d301a4eb,b6eec3e97847aab34b5ed353ae7dfdc842a488e5,ablation/iql_amo/antmaze-umaze-v2/2e-3/seed_1/amu_s1_beta2_Tlr0p002__c028c5d8,/raid/ext_csv/AMO_store/iql_amo_qweight_jax_beta125_rho_loco_antmaze_seeds0to3/runs/iqlamo_qw_jax_am-u_b2_rho2em3_s1,eval.jsonl,1,normalized_score,2026-09-18T17:19:52.824626+00:00
iql_amo,2,0.001,antmaze-umaze-v2,0,64.0,1000000,True,50,True,1,ext_csv,jax,amu_s0_beta2_Tlr0p001__9fa6708f,ceffa5373681e09b20d5b513091bccd4d301a4eb,b6eec3e97847aab34b5ed353ae7dfdc842a488e5,ablation/iql_amo/antmaze-umaze-v2/1e-3/seed_0/amu_s0_beta2_Tlr0p001__9fa6708f,/raid/ext_csv/AMO_store/iql_amo_qweight_jax_beta125_rho_loco_antmaze_seeds0to3/runs/iqlamo_qw_jax_am-u_b2_rho1em3_s0,eval.jsonl,1,normalized_score,2026-09-18T15:20:58.057482+00:00
iql_amo,2,0.001,antmaze-umaze-v2,1,57.99999999999999,1000000,True,50,True,1,ext_csv,jax,amu_s1_beta2_Tlr0p001__9d63269b,ceffa5373681e09b20d5b513091bccd4d301a4eb,b6eec3e97847aab34b5ed353ae7dfdc842a488e5,ablation/iql_amo/antmaze-umaze-v2/1e-3/seed_1/amu_s1_beta2_Tlr0p001__9d63269b,/raid/ext_csv/AMO_store/iql_amo_qweight_jax_beta125_rho_loco_antmaze_seeds0to3/runs/iqlamo_qw_jax_am-u_b2_rho1em3_s1,eval.jsonl,1,normalized_score,2026-09-18T17:17:42.416781+00:00
iql_amo,2,0.0003,antmaze-umaze-v2,0,57.99999999999999,1000000,True,50,True,1,ext_csv,jax,amu_s0_beta2_Tlr0p0003__b11e26b3,ceffa5373681e09b20d5b513091bccd4d301a4eb,b6eec3e97847aab34b5ed353ae7dfdc842a488e5,ablation/iql_amo/antmaze-umaze-v2/3e-4/seed_0/amu_s0_beta2_Tlr0p0003__b11e26b3,/raid/ext_csv/AMO_store/iql_amo_qweight_jax_beta125_rho_loco_antmaze_seeds0to3/runs/iqlamo_qw_jax_am-u_b2_rho3em4_s0,eval.jsonl,1,normalized_score,2026-09-18T15:26:09.798205+00:00
iql_amo,2,0.0003,antmaze-umaze-v2,1,68.0,1000000,True,50,True,1,ext_csv,jax,amu_s1_beta2_Tlr0p0003__84e849b8,ceffa5373681e09b20d5b513091bccd4d301a4eb,b6eec3e97847aab34b5ed353ae7dfdc842a488e5,ablation/iql_amo/antmaze-umaze-v2/3e-4/seed_1/amu_s1_beta2_Tlr0p0003__84e849b8,/raid/ext_csv/AMO_store/iql_amo_qweight_jax_beta125_rho_loco_antmaze_seeds0to3/runs/iqlamo_qw_jax_am-u_b2_rho3em4_s1,eval.jsonl,1,normalized_score,2026-09-18T16:41:21.394856+00:00
iql_amo,2,0.002,antmaze-umaze-diverse-v2,0,54.0,1000000,True,50,True,1,ext_csv,jax,amud_s0_beta2_Tlr0p002__bcd3f1e6,ceffa5373681e09b20d5b513091bccd4d301a4eb,b6eec3e97847aab34b5ed353ae7dfdc842a488e5,ablation/iql_amo/antmaze-umaze-diverse-v2/2e-3/seed_0/amud_s0_beta2_Tlr0p002__bcd3f1e6,/raid/ext_csv/AMO_store/iql_amo_qweight_jax_beta125_rho_loco_antmaze_seeds0to3/runs/iqlamo_qw_jax_am-u-div_b2_rho2em3_s0,eval.jsonl,1,normalized_score,2026-09-18T15:23:37.673645+00:00
iql_amo,2,0.002,antmaze-umaze-diverse-v2,1,38.0,1000000,True,50,True,1,ext_csv,jax,amud_s1_beta2_Tlr0p002__17417a0f,ceffa5373681e09b20d5b513091bccd4d301a4eb,b6eec3e97847aab34b5ed353ae7dfdc842a488e5,ablation/iql_amo/antmaze-umaze-diverse-v2/2e-3/seed_1/amud_s1_beta2_Tlr0p002__17417a0f,/raid/ext_csv/AMO_store/iql_amo_qweight_jax_beta125_rho_loco_antmaze_seeds0to3/runs/iqlamo_qw_jax_am-u-div_b2_rho2em3_s1,eval.jsonl,1,normalized_score,2026-09-18T17:19:34.168499+00:00
iql_amo,2,0.001,antmaze-umaze-diverse-v2,0,36.0,1000000,True,50,True,1,ext_csv,jax,amud_s0_beta2_Tlr0p001__a5cace78,ceffa5373681e09b20d5b513091bccd4d301a4eb,b6eec3e97847aab34b5ed353ae7dfdc842a488e5,ablation/iql_amo/antmaze-umaze-diverse-v2/1e-3/seed_0/amud_s0_beta2_Tlr0p001__a5cace78,/raid/ext_csv/AMO_store/iql_amo_qweight_jax_beta125_rho_loco_antmaze_seeds0to3/runs/iqlamo_qw_jax_am-u-div_b2_rho1em3_s0,eval.jsonl,1,normalized_score,2026-09-18T15:23:50.457998+00:00
iql_amo,2,0.001,antmaze-umaze-diverse-v2,1,54.0,1000000,True,50,True,1,ext_csv,jax,amud_s1_beta2_Tlr0p001__7edbcbd2,ceffa5373681e09b20d5b513091bccd4d301a4eb,b6eec3e97847aab34b5ed353ae7dfdc842a488e5,ablation/iql_amo/antmaze-umaze-diverse-v2/1e-3/seed_1/amud_s1_beta2_Tlr0p001__7edbcbd2,/raid/ext_csv/AMO_store/iql_amo_qweight_jax_beta125_rho_loco_antmaze_seeds0to3/runs/iqlamo_qw_jax_am-u-div_b2_rho1em3_s1,eval.jsonl,1,normalized_score,2026-09-18T17:20:32.851693+00:00
iql_amo,2,0.0003,antmaze-umaze-diverse-v2,0,42.0,1000000,True,50,True,1,ext_csv,jax,amud_s0_beta2_Tlr0p0003__9cf718c1,ceffa5373681e09b20d5b513091bccd4d301a4eb,b6eec3e97847aab34b5ed353ae7dfdc842a488e5,ablation/iql_amo/antmaze-umaze-diverse-v2/3e-4/seed_0/amud_s0_beta2_Tlr0p0003__9cf718c1,/raid/ext_csv/AMO_store/iql_amo_qweight_jax_beta125_rho_loco_antmaze_seeds0to3/runs/iqlamo_qw_jax_am-u-div_b2_rho3em4_s0,eval.jsonl,1,normalized_score,2026-09-18T15:22:24.512383+00:00
iql_amo,2,0.0003,antmaze-umaze-diverse-v2,1,36.0,1000000,True,50,True,1,ext_csv,jax,amud_s1_beta2_Tlr0p0003__d5042c9c,ceffa5373681e09b20d5b513091bccd4d301a4eb,b6eec3e97847aab34b5ed353ae7dfdc842a488e5,ablation/iql_amo/antmaze-umaze-diverse-v2/3e-4/seed_1/amud_s1_beta2_Tlr0p0003__d5042c9c,/raid/ext_csv/AMO_store/iql_amo_qweight_jax_beta125_rho_loco_antmaze_seeds0to3/runs/iqlamo_qw_jax_am-u-div_b2_rho3em4_s1,eval.jsonl,1,normalized_score,2026-09-18T17:19:11.631625+00:00
iql_amo,2,0.002,antmaze-medium-play-v2,0,38.0,1000000,True,50,True,1,ext_csv,jax,ammp_s0_beta2_Tlr0p002__a086597c,ceffa5373681e09b20d5b513091bccd4d301a4eb,b6eec3e97847aab34b5ed353ae7dfdc842a488e5,ablation/iql_amo/antmaze-medium-play-v2/2e-3/seed_0/ammp_s0_beta2_Tlr0p002__a086597c,/raid/ext_csv/AMO_store/iql_amo_qweight_jax_beta125_rho_loco_antmaze_seeds0to3/runs/iqlamo_qw_jax_am-m-p_b2_rho2em3_s0,eval.jsonl,1,normalized_score,2026-09-18T16:01:24.570153+00:00
iql_amo,2,0.002,antmaze-medium-play-v2,1,48.0,1000000,True,50,True,1,ext_csv,jax,ammp_s1_beta2_Tlr0p002__74ea8e0e,ceffa5373681e09b20d5b513091bccd4d301a4eb,b6eec3e97847aab34b5ed353ae7dfdc842a488e5,ablation/iql_amo/antmaze-medium-play-v2/2e-3/seed_1/ammp_s1_beta2_Tlr0p002__74ea8e0e,/raid/ext_csv/AMO_store/iql_amo_qweight_jax_beta125_rho_loco_antmaze_seeds0to3/runs/iqlamo_qw_jax_am-m-p_b2_rho2em3_s1,eval.jsonl,1,normalized_score,2026-09-18T18:01:03.883389+00:00
iql_amo,2,0.001,antmaze-medium-play-v2,0,44.0,1000000,True,50,True,1,ext_csv,jax,ammp_s0_beta2_Tlr0p001__4131982c,ceffa5373681e09b20d5b513091bccd4d301a4eb,b6eec3e97847aab34b5ed353ae7dfdc842a488e5,ablation/iql_amo/antmaze-medium-play-v2/1e-3/seed_0/ammp_s0_beta2_Tlr0p001__4131982c,/raid/ext_csv/AMO_store/iql_amo_qweight_jax_beta125_rho_loco_antmaze_seeds0to3/runs/iqlamo_qw_jax_am-m-p_b2_rho1em3_s0,eval.jsonl,1,normalized_score,2026-09-18T16:00:31.691715+00:00
iql_amo,2,0.001,antmaze-medium-play-v2,1,60.0,1000000,True,50,True,1,ext_csv,jax,ammp_s1_beta2_Tlr0p001__c9876aa2,ceffa5373681e09b20d5b513091bccd4d301a4eb,b6eec3e97847aab34b5ed353ae7dfdc842a488e5,ablation/iql_amo/antmaze-medium-play-v2/1e-3/seed_1/ammp_s1_beta2_Tlr0p001__c9876aa2,/raid/ext_csv/AMO_store/iql_amo_qweight_jax_beta125_rho_loco_antmaze_seeds0to3/runs/iqlamo_qw_jax_am-m-p_b2_rho1em3_s1,eval.jsonl,1,normalized_score,2026-09-18T17:59:11.446480+00:00
iql_amo,2,0.0003,antmaze-medium-play-v2,0,34.0,1000000,True,50,True,1,ext_csv,jax,ammp_s0_beta2_Tlr0p0003__2d355e77,ceffa5373681e09b20d5b513091bccd4d301a4eb,b6eec3e97847aab34b5ed353ae7dfdc842a488e5,ablation/iql_amo/antmaze-medium-play-v2/3e-4/seed_0/ammp_s0_beta2_Tlr0p0003__2d355e77,/raid/ext_csv/AMO_store/iql_amo_qweight_jax_beta125_rho_loco_antmaze_seeds0to3/runs/iqlamo_qw_jax_am-m-p_b2_rho3em4_s0,eval.jsonl,1,normalized_score,2026-09-18T15:23:50.436419+00:00
iql_amo,2,0.0003,antmaze-medium-play-v2,1,56.00000000000001,1000000,True,50,True,1,ext_csv,jax,ammp_s1_beta2_Tlr0p0003__b6215faf,ceffa5373681e09b20d5b513091bccd4d301a4eb,b6eec3e97847aab34b5ed353ae7dfdc842a488e5,ablation/iql_amo/antmaze-medium-play-v2/3e-4/seed_1/ammp_s1_beta2_Tlr0p0003__b6215faf,/raid/ext_csv/AMO_store/iql_amo_qweight_jax_beta125_rho_loco_antmaze_seeds0to3/runs/iqlamo_qw_jax_am-m-p_b2_rho3em4_s1,eval.jsonl,1,normalized_score,2026-09-18T17:20:32.322488+00:00
iql_amo,2,0.002,antmaze-medium-diverse-v2,0,44.0,1000000,True,50,True,1,ext_csv,jax,ammd_s0_beta2_Tlr0p002__707a022b,ceffa5373681e09b20d5b513091bccd4d301a4eb,b6eec3e97847aab34b5ed353ae7dfdc842a488e5,ablation/iql_amo/antmaze-medium-diverse-v2/2e-3/seed_0/ammd_s0_beta2_Tlr0p002__707a022b,/raid/ext_csv/AMO_store/iql_amo_qweight_jax_beta125_rho_loco_antmaze_seeds0to3/runs/iqlamo_qw_jax_am-m-div_b2_rho2em3_s0,eval.jsonl,1,normalized_score,2026-09-18T16:03:01.586752+00:00
iql_amo,2,0.002,antmaze-medium-diverse-v2,1,30.0,1000000,True,50,True,1,ext_csv,jax,ammd_s1_beta2_Tlr0p002__4409e0dc,ceffa5373681e09b20d5b513091bccd4d301a4eb,b6eec3e97847aab34b5ed353ae7dfdc842a488e5,ablation/iql_amo/antmaze-medium-diverse-v2/2e-3/seed_1/ammd_s1_beta2_Tlr0p002__4409e0dc,/raid/ext_csv/AMO_store/iql_amo_qweight_jax_beta125_rho_loco_antmaze_seeds0to3/runs/iqlamo_qw_jax_am-m-div_b2_rho2em3_s1,eval.jsonl,1,normalized_score,2026-09-18T18:01:25.247257+00:00
iql_amo,2,0.001,antmaze-medium-diverse-v2,0,56.00000000000001,1000000,True,50,True,1,ext_csv,jax,ammd_s0_beta2_Tlr0p001__30bc9d00,ceffa5373681e09b20d5b513091bccd4d301a4eb,b6eec3e97847aab34b5ed353ae7dfdc842a488e5,ablation/iql_amo/antmaze-medium-diverse-v2/1e-3/seed_0/ammd_s0_beta2_Tlr0p001__30bc9d00,/raid/ext_csv/AMO_store/iql_amo_qweight_jax_beta125_rho_loco_antmaze_seeds0to3/runs/iqlamo_qw_jax_am-m-div_b2_rho1em3_s0,eval.jsonl,1,normalized_score,2026-09-18T16:01:58.798897+00:00
iql_amo,2,0.001,antmaze-medium-diverse-v2,1,30.0,1000000,True,50,True,1,ext_csv,jax,ammd_s1_beta2_Tlr0p001__2b715182,ceffa5373681e09b20d5b513091bccd4d301a4eb,b6eec3e97847aab34b5ed353ae7dfdc842a488e5,ablation/iql_amo/antmaze-medium-diverse-v2/1e-3/seed_1/ammd_s1_beta2_Tlr0p001__2b715182,/raid/ext_csv/AMO_store/iql_amo_qweight_jax_beta125_rho_loco_antmaze_seeds0to3/runs/iqlamo_qw_jax_am-m-div_b2_rho1em3_s1,eval.jsonl,1,normalized_score,2026-09-18T18:00:18.487994+00:00
iql_amo,2,0.0003,antmaze-medium-diverse-v2,0,46.0,1000000,True,50,True,1,ext_csv,jax,ammd_s0_beta2_Tlr0p0003__65c02bea,ceffa5373681e09b20d5b513091bccd4d301a4eb,b6eec3e97847aab34b5ed353ae7dfdc842a488e5,ablation/iql_amo/antmaze-medium-diverse-v2/3e-4/seed_0/ammd_s0_beta2_Tlr0p0003__65c02bea,/raid/ext_csv/AMO_store/iql_amo_qweight_jax_beta125_rho_loco_antmaze_seeds0to3/runs/iqlamo_qw_jax_am-m-div_b2_rho3em4_s0,eval.jsonl,1,normalized_score,2026-09-18T16:02:37.330954+00:00
iql_amo,2,0.0003,antmaze-medium-diverse-v2,1,40.0,1000000,True,50,True,1,ext_csv,jax,ammd_s1_beta2_Tlr0p0003__0284bb83,ceffa5373681e09b20d5b513091bccd4d301a4eb,b6eec3e97847aab34b5ed353ae7dfdc842a488e5,ablation/iql_amo/antmaze-medium-diverse-v2/3e-4/seed_1/ammd_s1_beta2_Tlr0p0003__0284bb83,/raid/ext_csv/AMO_store/iql_amo_qweight_jax_beta125_rho_loco_antmaze_seeds0to3/runs/iqlamo_qw_jax_am-m-div_b2_rho3em4_s1,eval.jsonl,1,normalized_score,2026-09-18T18:01:00.170903+00:00
iql_amo,2,0.002,antmaze-large-play-v2,0,4.0,1000000,True,50,True,1,ext_csv,jax,amlp_s0_beta2_Tlr0p002__784b2040,ceffa5373681e09b20d5b513091bccd4d301a4eb,b6eec3e97847aab34b5ed353ae7dfdc842a488e5,ablation/iql_amo/antmaze-large-play-v2/2e-3/seed_0/amlp_s0_beta2_Tlr0p002__784b2040,/raid/ext_csv/AMO_store/iql_amo_qweight_jax_beta125_rho_loco_antmaze_seeds0to3/runs/iqlamo_qw_jax_am-l-p_b2_rho2em3_s0,eval.jsonl,1,normalized_score,2026-09-18T16:41:54.288708+00:00
iql_amo,2,0.002,antmaze-large-play-v2,1,10.0,1000000,True,50,True,1,ext_csv,jax,amlp_s1_beta2_Tlr0p002__08a190bd,ceffa5373681e09b20d5b513091bccd4d301a4eb,b6eec3e97847aab34b5ed353ae7dfdc842a488e5,ablation/iql_amo/antmaze-large-play-v2/2e-3/seed_1/amlp_s1_beta2_Tlr0p002__08a190bd,/raid/ext_csv/AMO_store/iql_amo_qweight_jax_beta125_rho_loco_antmaze_seeds0to3/runs/iqlamo_qw_jax_am-l-p_b2_rho2em3_s1,eval.jsonl,1,normalized_score,2026-09-18T23:14:40.464251+00:00
iql_amo,2,0.001,antmaze-large-play-v2,0,10.0,1000000,True,50,True,1,ext_csv,jax,amlp_s0_beta2_Tlr0p001__3c210721,ceffa5373681e09b20d5b513091bccd4d301a4eb,b6eec3e97847aab34b5ed353ae7dfdc842a488e5,ablation/iql_amo/antmaze-large-play-v2/1e-3/seed_0/amlp_s0_beta2_Tlr0p001__3c210721,/raid/ext_csv/AMO_store/iql_amo_qweight_jax_beta125_rho_loco_antmaze_seeds0to3/runs/iqlamo_qw_jax_am-l-p_b2_rho1em3_s0,eval.jsonl,1,normalized_score,2026-09-18T16:39:29.626841+00:00
iql_amo,2,0.001,antmaze-large-play-v2,1,10.0,1000000,True,50,True,1,ext_csv,jax,amlp_s1_beta2_Tlr0p001__2a24b7b0,ceffa5373681e09b20d5b513091bccd4d301a4eb,b6eec3e97847aab34b5ed353ae7dfdc842a488e5,ablation/iql_amo/antmaze-large-play-v2/1e-3/seed_1/amlp_s1_beta2_Tlr0p001__2a24b7b0,/raid/ext_csv/AMO_store/iql_amo_qweight_jax_beta125_rho_loco_antmaze_seeds0to3/runs/iqlamo_qw_jax_am-l-p_b2_rho1em3_s1,eval.jsonl,1,normalized_score,2026-09-18T23:13:02.221914+00:00
iql_amo,2,0.0003,antmaze-large-play-v2,0,6.0,1000000,True,50,True,1,ext_csv,jax,amlp_s0_beta2_Tlr0p0003__ae8a8ef7,ceffa5373681e09b20d5b513091bccd4d301a4eb,b6eec3e97847aab34b5ed353ae7dfdc842a488e5,ablation/iql_amo/antmaze-large-play-v2/3e-4/seed_0/amlp_s0_beta2_Tlr0p0003__ae8a8ef7,/raid/ext_csv/AMO_store/iql_amo_qweight_jax_beta125_rho_loco_antmaze_seeds0to3/runs/iqlamo_qw_jax_am-l-p_b2_rho3em4_s0,eval.jsonl,1,normalized_score,2026-09-18T16:04:33.337641+00:00
iql_amo,2,0.0003,antmaze-large-play-v2,1,16.0,1000000,True,50,True,1,ext_csv,jax,amlp_s1_beta2_Tlr0p0003__b9bccd58,ceffa5373681e09b20d5b513091bccd4d301a4eb,b6eec3e97847aab34b5ed353ae7dfdc842a488e5,ablation/iql_amo/antmaze-large-play-v2/3e-4/seed_1/amlp_s1_beta2_Tlr0p0003__b9bccd58,/raid/ext_csv/AMO_store/iql_amo_qweight_jax_beta125_rho_loco_antmaze_seeds0to3/runs/iqlamo_qw_jax_am-l-p_b2_rho3em4_s1,eval.jsonl,1,normalized_score,2026-09-18T18:02:56.687302+00:00
iql_amo,2,0.002,antmaze-large-diverse-v2,0,14.000000000000002,1000000,True,50,True,1,ext_csv,jax,amld_s0_beta2_Tlr0p002__897bea11,ceffa5373681e09b20d5b513091bccd4d301a4eb,b6eec3e97847aab34b5ed353ae7dfdc842a488e5,ablation/iql_amo/antmaze-large-diverse-v2/2e-3/seed_0/amld_s0_beta2_Tlr0p002__897bea11,/raid/ext_csv/AMO_store/iql_amo_qweight_jax_beta125_rho_loco_antmaze_seeds0to3/runs/iqlamo_qw_jax_am-l-div_b2_rho2em3_s0,eval.jsonl,1,normalized_score,2026-09-18T16:40:59.205682+00:00
iql_amo,2,0.002,antmaze-large-diverse-v2,1,16.0,1000000,True,50,True,1,ext_csv,jax,amld_s1_beta2_Tlr0p002__d35701f8,ceffa5373681e09b20d5b513091bccd4d301a4eb,b6eec3e97847aab34b5ed353ae7dfdc842a488e5,ablation/iql_amo/antmaze-large-diverse-v2/2e-3/seed_1/amld_s1_beta2_Tlr0p002__d35701f8,/raid/ext_csv/AMO_store/iql_amo_qweight_jax_beta125_rho_loco_antmaze_seeds0to3/runs/iqlamo_qw_jax_am-l-div_b2_rho2em3_s1,eval.jsonl,1,normalized_score,2026-09-18T23:16:36.721940+00:00
iql_amo,2,0.001,antmaze-large-diverse-v2,0,4.0,1000000,True,50,True,1,ext_csv,jax,amld_s0_beta2_Tlr0p001__7fc7fce5,ceffa5373681e09b20d5b513091bccd4d301a4eb,b6eec3e97847aab34b5ed353ae7dfdc842a488e5,ablation/iql_amo/antmaze-large-diverse-v2/1e-3/seed_0/amld_s0_beta2_Tlr0p001__7fc7fce5,/raid/ext_csv/AMO_store/iql_amo_qweight_jax_beta125_rho_loco_antmaze_seeds0to3/runs/iqlamo_qw_jax_am-l-div_b2_rho1em3_s0,eval.jsonl,1,normalized_score,2026-09-18T16:41:24.226918+00:00
iql_amo,2,0.001,antmaze-large-diverse-v2,1,2.0,1000000,True,50,True,1,ext_csv,jax,amld_s1_beta2_Tlr0p001__8cb6fb2e,ceffa5373681e09b20d5b513091bccd4d301a4eb,b6eec3e97847aab34b5ed353ae7dfdc842a488e5,ablation/iql_amo/antmaze-large-diverse-v2/1e-3/seed_1/amld_s1_beta2_Tlr0p001__8cb6fb2e,/raid/ext_csv/AMO_store/iql_amo_qweight_jax_beta125_rho_loco_antmaze_seeds0to3/runs/iqlamo_qw_jax_am-l-div_b2_rho1em3_s1,eval.jsonl,1,normalized_score,2026-09-18T23:17:47.967963+00:00
iql_amo,2,0.0003,antmaze-large-diverse-v2,0,12.0,1000000,True,50,True,1,ext_csv,jax,amld_s0_beta2_Tlr0p0003__8dc343d7,ceffa5373681e09b20d5b513091bccd4d301a4eb,b6eec3e97847aab34b5ed353ae7dfdc842a488e5,ablation/iql_amo/antmaze-large-diverse-v2/3e-4/seed_0/amld_s0_beta2_Tlr0p0003__8dc343d7,/raid/ext_csv/AMO_store/iql_amo_qweight_jax_beta125_rho_loco_antmaze_seeds0to3/runs/iqlamo_qw_jax_am-l-div_b2_rho3em4_s0,eval.jsonl,1,normalized_score,2026-09-18T16:42:19.945745+00:00
iql_amo,2,0.0003,antmaze-large-diverse-v2,1,4.0,1000000,True,50,True,1,ext_csv,jax,amld_s1_beta2_Tlr0p0003__2bda15a9,ceffa5373681e09b20d5b513091bccd4d301a4eb,b6eec3e97847aab34b5ed353ae7dfdc842a488e5,ablation/iql_amo/antmaze-large-diverse-v2/3e-4/seed_1/amld_s1_beta2_Tlr0p0003__2bda15a9,/raid/ext_csv/AMO_store/iql_amo_qweight_jax_beta125_rho_loco_antmaze_seeds0to3/runs/iqlamo_qw_jax_am-l-div_b2_rho3em4_s1,eval.jsonl,1,normalized_score,2026-09-18T23:15:03.055177+00:00
iql_amo,5,0.002,halfcheetah-medium-v2,0,,,False,,True,1,ext_csh,jax,hcm_s0_iql_amo_qweight_jax_loco9_rlr0p002_b5__30a98806,,ff44ad5c9f8024ed2aff039c89d00a6459f62d7c,ablation/iql_amo/halfcheetah-medium-v2/2e-3/seed_0/hcm_s0_iql_amo_qweight_jax_loco9_rlr0p002_b5__30a98806,/raid/ext_csh/AMO_store/iql_amo_qweight_jax_beta125_rho_loco9_seeds0to3/runs/iqlamo_qw_jax_hc-m_b5_rho2em3_s0,,,,
iql_amo,5,0.002,halfcheetah-medium-v2,1,,,False,,True,1,ext_csh,jax,hcm_s1_iql_amo_qweight_jax_loco9_rlr0p002_b5__e4d7a8c7,,ff44ad5c9f8024ed2aff039c89d00a6459f62d7c,ablation/iql_amo/halfcheetah-medium-v2/2e-3/seed_1/hcm_s1_iql_amo_qweight_jax_loco9_rlr0p002_b5__e4d7a8c7,/raid/ext_csh/AMO_store/iql_amo_qweight_jax_beta125_rho_loco9_seeds0to3/runs/iqlamo_qw_jax_hc-m_b5_rho2em3_s1,,,,
iql_amo,5,0.002,halfcheetah-medium-v2,2,,,False,,True,1,ext_csh,jax,hcm_s2_iql_amo_qweight_jax_loco9_rlr0p002_b5__7875b9e8,,ff44ad5c9f8024ed2aff039c89d00a6459f62d7c,ablation/iql_amo/halfcheetah-medium-v2/2e-3/seed_2/hcm_s2_iql_amo_qweight_jax_loco9_rlr0p002_b5__7875b9e8,/raid/ext_csh/AMO_store/iql_amo_qweight_jax_beta125_rho_loco9_seeds0to3/runs/iqlamo_qw_jax_hc-m_b5_rho2em3_s2,,,,
iql_amo,5,0.002,halfcheetah-medium-v2,3,,,False,,True,1,ext_csh,jax,hcm_s3_iql_amo_qweight_jax_loco9_rlr0p002_b5__67c78864,,ff44ad5c9f8024ed2aff039c89d00a6459f62d7c,ablation/iql_amo/halfcheetah-medium-v2/2e-3/seed_3/hcm_s3_iql_amo_qweight_jax_loco9_rlr0p002_b5__67c78864,/raid/ext_csh/AMO_store/iql_amo_qweight_jax_beta125_rho_loco9_seeds0to3/runs/iqlamo_qw_jax_hc-m_b5_rho2em3_s3,,,,
iql_amo,5,0.001,halfcheetah-medium-v2,0,,,False,,True,1,ext_csh,jax,hcm_s0_iql_amo_qweight_jax_loco9_rlr0p001_b5__0f111c05,,ff44ad5c9f8024ed2aff039c89d00a6459f62d7c,ablation/iql_amo/halfcheetah-medium-v2/1e-3/seed_0/hcm_s0_iql_amo_qweight_jax_loco9_rlr0p001_b5__0f111c05,/raid/ext_csh/AMO_store/iql_amo_qweight_jax_beta125_rho_loco9_seeds0to3/runs/iqlamo_qw_jax_hc-m_b5_rho1em3_s0,,,,
iql_amo,5,0.001,halfcheetah-medium-v2,1,,,False,,True,1,ext_csh,jax,hcm_s1_iql_amo_qweight_jax_loco9_rlr0p001_b5__cc63643b,,ff44ad5c9f8024ed2aff039c89d00a6459f62d7c,ablation/iql_amo/halfcheetah-medium-v2/1e-3/seed_1/hcm_s1_iql_amo_qweight_jax_loco9_rlr0p001_b5__cc63643b,/raid/ext_csh/AMO_store/iql_amo_qweight_jax_beta125_rho_loco9_seeds0to3/runs/iqlamo_qw_jax_hc-m_b5_rho1em3_s1,,,,
iql_amo,5,0.001,halfcheetah-medium-v2,2,,,False,,True,1,ext_csh,jax,hcm_s2_iql_amo_qweight_jax_loco9_rlr0p001_b5__f522ebd4,,ff44ad5c9f8024ed2aff039c89d00a6459f62d7c,ablation/iql_amo/halfcheetah-medium-v2/1e-3/seed_2/hcm_s2_iql_amo_qweight_jax_loco9_rlr0p001_b5__f522ebd4,/raid/ext_csh/AMO_store/iql_amo_qweight_jax_beta125_rho_loco9_seeds0to3/runs/iqlamo_qw_jax_hc-m_b5_rho1em3_s2,,,,
iql_amo,5,0.001,halfcheetah-medium-v2,3,,,False,,True,1,ext_csh,jax,hcm_s3_iql_amo_qweight_jax_loco9_rlr0p001_b5__2397d7fb,,ff44ad5c9f8024ed2aff039c89d00a6459f62d7c,ablation/iql_amo/halfcheetah-medium-v2/1e-3/seed_3/hcm_s3_iql_amo_qweight_jax_loco9_rlr0p001_b5__2397d7fb,/raid/ext_csh/AMO_store/iql_amo_qweight_jax_beta125_rho_loco9_seeds0to3/runs/iqlamo_qw_jax_hc-m_b5_rho1em3_s3,,,,
iql_amo,5,0.0003,halfcheetah-medium-v2,0,,,False,,True,1,ext_csh,jax,hcm_s0_iql_amo_qweight_jax_loco9_rlr0p0003_b5__8080865c,,ff44ad5c9f8024ed2aff039c89d00a6459f62d7c,ablation/iql_amo/halfcheetah-medium-v2/3e-4/seed_0/hcm_s0_iql_amo_qweight_jax_loco9_rlr0p0003_b5__8080865c,/raid/ext_csh/AMO_store/iql_amo_qweight_jax_beta125_rho_loco9_seeds0to3/runs/iqlamo_qw_jax_hc-m_b5_rho3em4_s0,,,,
iql_amo,5,0.0003,halfcheetah-medium-v2,1,,,False,,True,1,ext_csh,jax,hcm_s1_iql_amo_qweight_jax_loco9_rlr0p0003_b5__7cf93146,,ff44ad5c9f8024ed2aff039c89d00a6459f62d7c,ablation/iql_amo/halfcheetah-medium-v2/3e-4/seed_1/hcm_s1_iql_amo_qweight_jax_loco9_rlr0p0003_b5__7cf93146,/raid/ext_csh/AMO_store/iql_amo_qweight_jax_beta125_rho_loco9_seeds0to3/runs/iqlamo_qw_jax_hc-m_b5_rho3em4_s1,,,,
iql_amo,5,0.0003,halfcheetah-medium-v2,2,,,False,,True,1,ext_csh,jax,hcm_s2_iql_amo_qweight_jax_loco9_rlr0p0003_b5__2090f155,,ff44ad5c9f8024ed2aff039c89d00a6459f62d7c,ablation/iql_amo/halfcheetah-medium-v2/3e-4/seed_2/hcm_s2_iql_amo_qweight_jax_loco9_rlr0p0003_b5__2090f155,/raid/ext_csh/AMO_store/iql_amo_qweight_jax_beta125_rho_loco9_seeds0to3/runs/iqlamo_qw_jax_hc-m_b5_rho3em4_s2,,,,
iql_amo,5,0.0003,halfcheetah-medium-v2,3,,,False,,True,1,ext_csh,jax,hcm_s3_iql_amo_qweight_jax_loco9_rlr0p0003_b5__3a6ed44d,,ff44ad5c9f8024ed2aff039c89d00a6459f62d7c,ablation/iql_amo/halfcheetah-medium-v2/3e-4/seed_3/hcm_s3_iql_amo_qweight_jax_loco9_rlr0p0003_b5__3a6ed44d,/raid/ext_csh/AMO_store/iql_amo_qweight_jax_beta125_rho_loco9_seeds0to3/runs/iqlamo_qw_jax_hc-m_b5_rho3em4_s3,,,,
iql_amo,5,0.002,halfcheetah-medium-replay-v2,0,,,False,,True,1,ext_csh,jax,hcmr_s0_iql_amo_qweight_jax_loco9_rlr0p002_b5__b59369b8,,ff44ad5c9f8024ed2aff039c89d00a6459f62d7c,ablation/iql_amo/halfcheetah-medium-replay-v2/2e-3/seed_0/hcmr_s0_iql_amo_qweight_jax_loco9_rlr0p002_b5__b59369b8,/raid/ext_csh/AMO_store/iql_amo_qweight_jax_beta125_rho_loco9_seeds0to3/runs/iqlamo_qw_jax_hc-mr_b5_rho2em3_s0,,,,
iql_amo,5,0.002,halfcheetah-medium-replay-v2,1,,,False,,True,1,ext_csh,jax,hcmr_s1_iql_amo_qweight_jax_loco9_rlr0p002_b5__386e968d,,ff44ad5c9f8024ed2aff039c89d00a6459f62d7c,ablation/iql_amo/halfcheetah-medium-replay-v2/2e-3/seed_1/hcmr_s1_iql_amo_qweight_jax_loco9_rlr0p002_b5__386e968d,/raid/ext_csh/AMO_store/iql_amo_qweight_jax_beta125_rho_loco9_seeds0to3/runs/iqlamo_qw_jax_hc-mr_b5_rho2em3_s1,,,,
iql_amo,5,0.002,halfcheetah-medium-replay-v2,2,,,False,,True,1,ext_csh,jax,hcmr_s2_iql_amo_qweight_jax_loco9_rlr0p002_b5__331b38e6,,ff44ad5c9f8024ed2aff039c89d00a6459f62d7c,ablation/iql_amo/halfcheetah-medium-replay-v2/2e-3/seed_2/hcmr_s2_iql_amo_qweight_jax_loco9_rlr0p002_b5__331b38e6,/raid/ext_csh/AMO_store/iql_amo_qweight_jax_beta125_rho_loco9_seeds0to3/runs/iqlamo_qw_jax_hc-mr_b5_rho2em3_s2,,,,
iql_amo,5,0.002,halfcheetah-medium-replay-v2,3,,,False,,True,1,ext_csh,jax,hcmr_s3_iql_amo_qweight_jax_loco9_rlr0p002_b5__27193e86,,ff44ad5c9f8024ed2aff039c89d00a6459f62d7c,ablation/iql_amo/halfcheetah-medium-replay-v2/2e-3/seed_3/hcmr_s3_iql_amo_qweight_jax_loco9_rlr0p002_b5__27193e86,/raid/ext_csh/AMO_store/iql_amo_qweight_jax_beta125_rho_loco9_seeds0to3/runs/iqlamo_qw_jax_hc-mr_b5_rho2em3_s3,,,,
iql_amo,5,0.001,halfcheetah-medium-replay-v2,0,,,False,,True,1,ext_csh,jax,hcmr_s0_iql_amo_qweight_jax_loco9_rlr0p001_b5__26456f62,,ff44ad5c9f8024ed2aff039c89d00a6459f62d7c,ablation/iql_amo/halfcheetah-medium-replay-v2/1e-3/seed_0/hcmr_s0_iql_amo_qweight_jax_loco9_rlr0p001_b5__26456f62,/raid/ext_csh/AMO_store/iql_amo_qweight_jax_beta125_rho_loco9_seeds0to3/runs/iqlamo_qw_jax_hc-mr_b5_rho1em3_s0,,,,
iql_amo,5,0.001,halfcheetah-medium-replay-v2,1,,,False,,True,1,ext_csh,jax,hcmr_s1_iql_amo_qweight_jax_loco9_rlr0p001_b5__944345fc,,ff44ad5c9f8024ed2aff039c89d00a6459f62d7c,ablation/iql_amo/halfcheetah-medium-replay-v2/1e-3/seed_1/hcmr_s1_iql_amo_qweight_jax_loco9_rlr0p001_b5__944345fc,/raid/ext_csh/AMO_store/iql_amo_qweight_jax_beta125_rho_loco9_seeds0to3/runs/iqlamo_qw_jax_hc-mr_b5_rho1em3_s1,,,,
iql_amo,5,0.001,halfcheetah-medium-replay-v2,2,,,False,,True,1,ext_csh,jax,hcmr_s2_iql_amo_qweight_jax_loco9_rlr0p001_b5__7c0d62e5,,ff44ad5c9f8024ed2aff039c89d00a6459f62d7c,ablation/iql_amo/halfcheetah-medium-replay-v2/1e-3/seed_2/hcmr_s2_iql_amo_qweight_jax_loco9_rlr0p001_b5__7c0d62e5,/raid/ext_csh/AMO_store/iql_amo_qweight_jax_beta125_rho_loco9_seeds0to3/runs/iqlamo_qw_jax_hc-mr_b5_rho1em3_s2,,,,
iql_amo,5,0.001,halfcheetah-medium-replay-v2,3,,,False,,True,1,ext_csh,jax,hcmr_s3_iql_amo_qweight_jax_loco9_rlr0p001_b5__03ff31f3,,ff44ad5c9f8024ed2aff039c89d00a6459f62d7c,ablation/iql_amo/halfcheetah-medium-replay-v2/1e-3/seed_3/hcmr_s3_iql_amo_qweight_jax_loco9_rlr0p001_b5__03ff31f3,/raid/ext_csh/AMO_store/iql_amo_qweight_jax_beta125_rho_loco9_seeds0to3/runs/iqlamo_qw_jax_hc-mr_b5_rho1em3_s3,,,,
iql_amo,5,0.0003,halfcheetah-medium-replay-v2,0,,,False,,True,1,ext_csh,jax,hcmr_s0_iql_amo_qweight_jax_loco9_rlr0p0003_b5__254f6ac4,,ff44ad5c9f8024ed2aff039c89d00a6459f62d7c,ablation/iql_amo/halfcheetah-medium-replay-v2/3e-4/seed_0/hcmr_s0_iql_amo_qweight_jax_loco9_rlr0p0003_b5__254f6ac4,/raid/ext_csh/AMO_store/iql_amo_qweight_jax_beta125_rho_loco9_seeds0to3/runs/iqlamo_qw_jax_hc-mr_b5_rho3em4_s0,,,,
iql_amo,5,0.0003,halfcheetah-medium-replay-v2,1,,,False,,True,1,ext_csh,jax,hcmr_s1_iql_amo_qweight_jax_loco9_rlr0p0003_b5__070ca6ab,,ff44ad5c9f8024ed2aff039c89d00a6459f62d7c,ablation/iql_amo/halfcheetah-medium-replay-v2/3e-4/seed_1/hcmr_s1_iql_amo_qweight_jax_loco9_rlr0p0003_b5__070ca6ab,/raid/ext_csh/AMO_store/iql_amo_qweight_jax_beta125_rho_loco9_seeds0to3/runs/iqlamo_qw_jax_hc-mr_b5_rho3em4_s1,,,,
iql_amo,5,0.0003,halfcheetah-medium-replay-v2,2,,,False,,True,1,ext_csh,jax,hcmr_s2_iql_amo_qweight_jax_loco9_rlr0p0003_b5__01c89240,,ff44ad5c9f8024ed2aff039c89d00a6459f62d7c,ablation/iql_amo/halfcheetah-medium-replay-v2/3e-4/seed_2/hcmr_s2_iql_amo_qweight_jax_loco9_rlr0p0003_b5__01c89240,/raid/ext_csh/AMO_store/iql_amo_qweight_jax_beta125_rho_loco9_seeds0to3/runs/iqlamo_qw_jax_hc-mr_b5_rho3em4_s2,,,,
iql_amo,5,0.0003,halfcheetah-medium-replay-v2,3,,,False,,True,1,ext_csh,jax,hcmr_s3_iql_amo_qweight_jax_loco9_rlr0p0003_b5__89f9ee56,,ff44ad5c9f8024ed2aff039c89d00a6459f62d7c,ablation/iql_amo/halfcheetah-medium-replay-v2/3e-4/seed_3/hcmr_s3_iql_amo_qweight_jax_loco9_rlr0p0003_b5__89f9ee56,/raid/ext_csh/AMO_store/iql_amo_qweight_jax_beta125_rho_loco9_seeds0to3/runs/iqlamo_qw_jax_hc-mr_b5_rho3em4_s3,,,,
iql_amo,5,0.002,halfcheetah-medium-expert-v2,0,,,False,,True,1,ext_csh,jax,hme_s0_iql_amo_qweight_jax_loco9_rlr0p002_b5__06ee09c0,,ff44ad5c9f8024ed2aff039c89d00a6459f62d7c,ablation/iql_amo/halfcheetah-medium-expert-v2/2e-3/seed_0/hme_s0_iql_amo_qweight_jax_loco9_rlr0p002_b5__06ee09c0,/raid/ext_csh/AMO_store/iql_amo_qweight_jax_beta125_rho_loco9_seeds0to3/runs/iqlamo_qw_jax_hc-me_b5_rho2em3_s0,,,,
iql_amo,5,0.002,halfcheetah-medium-expert-v2,1,,,False,,True,1,ext_csh,jax,hme_s1_iql_amo_qweight_jax_loco9_rlr0p002_b5__f7fb1546,,ff44ad5c9f8024ed2aff039c89d00a6459f62d7c,ablation/iql_amo/halfcheetah-medium-expert-v2/2e-3/seed_1/hme_s1_iql_amo_qweight_jax_loco9_rlr0p002_b5__f7fb1546,/raid/ext_csh/AMO_store/iql_amo_qweight_jax_beta125_rho_loco9_seeds0to3/runs/iqlamo_qw_jax_hc-me_b5_rho2em3_s1,,,,
iql_amo,5,0.002,halfcheetah-medium-expert-v2,2,,,False,,True,1,ext_csh,jax,hme_s2_iql_amo_qweight_jax_loco9_rlr0p002_b5__fac882d1,,ff44ad5c9f8024ed2aff039c89d00a6459f62d7c,ablation/iql_amo/halfcheetah-medium-expert-v2/2e-3/seed_2/hme_s2_iql_amo_qweight_jax_loco9_rlr0p002_b5__fac882d1,/raid/ext_csh/AMO_store/iql_amo_qweight_jax_beta125_rho_loco9_seeds0to3/runs/iqlamo_qw_jax_hc-me_b5_rho2em3_s2,,,,
iql_amo,5,0.002,halfcheetah-medium-expert-v2,3,,,False,,True,1,ext_csh,jax,hme_s3_iql_amo_qweight_jax_loco9_rlr0p002_b5__b1c5aeb8,,ff44ad5c9f8024ed2aff039c89d00a6459f62d7c,ablation/iql_amo/halfcheetah-medium-expert-v2/2e-3/seed_3/hme_s3_iql_amo_qweight_jax_loco9_rlr0p002_b5__b1c5aeb8,/raid/ext_csh/AMO_store/iql_amo_qweight_jax_beta125_rho_loco9_seeds0to3/runs/iqlamo_qw_jax_hc-me_b5_rho2em3_s3,,,,
iql_amo,5,0.001,halfcheetah-medium-expert-v2,0,,,False,,True,1,ext_csh,jax,hme_s0_iql_amo_qweight_jax_loco9_rlr0p001_b5__4aa957ff,,ff44ad5c9f8024ed2aff039c89d00a6459f62d7c,ablation/iql_amo/halfcheetah-medium-expert-v2/1e-3/seed_0/hme_s0_iql_amo_qweight_jax_loco9_rlr0p001_b5__4aa957ff,/raid/ext_csh/AMO_store/iql_amo_qweight_jax_beta125_rho_loco9_seeds0to3/runs/iqlamo_qw_jax_hc-me_b5_rho1em3_s0,,,,
iql_amo,5,0.001,halfcheetah-medium-expert-v2,1,,,False,,True,1,ext_csh,jax,hme_s1_iql_amo_qweight_jax_loco9_rlr0p001_b5__c50c08ce,,ff44ad5c9f8024ed2aff039c89d00a6459f62d7c,ablation/iql_amo/halfcheetah-medium-expert-v2/1e-3/seed_1/hme_s1_iql_amo_qweight_jax_loco9_rlr0p001_b5__c50c08ce,/raid/ext_csh/AMO_store/iql_amo_qweight_jax_beta125_rho_loco9_seeds0to3/runs/iqlamo_qw_jax_hc-me_b5_rho1em3_s1,,,,
iql_amo,5,0.001,halfcheetah-medium-expert-v2,2,,,False,,True,1,ext_csh,jax,hme_s2_iql_amo_qweight_jax_loco9_rlr0p001_b5__1535a1eb,,ff44ad5c9f8024ed2aff039c89d00a6459f62d7c,ablation/iql_amo/halfcheetah-medium-expert-v2/1e-3/seed_2/hme_s2_iql_amo_qweight_jax_loco9_rlr0p001_b5__1535a1eb,/raid/ext_csh/AMO_store/iql_amo_qweight_jax_beta125_rho_loco9_seeds0to3/runs/iqlamo_qw_jax_hc-me_b5_rho1em3_s2,,,,
iql_amo,5,0.001,halfcheetah-medium-expert-v2,3,,,False,,True,1,ext_csh,jax,hme_s3_iql_amo_qweight_jax_loco9_rlr0p001_b5__1b79cde7,,ff44ad5c9f8024ed2aff039c89d00a6459f62d7c,ablation/iql_amo/halfcheetah-medium-expert-v2/1e-3/seed_3/hme_s3_iql_amo_qweight_jax_loco9_rlr0p001_b5__1b79cde7,/raid/ext_csh/AMO_store/iql_amo_qweight_jax_beta125_rho_loco9_seeds0to3/runs/iqlamo_qw_jax_hc-me_b5_rho1em3_s3,,,,
iql_amo,5,0.0003,halfcheetah-medium-expert-v2,0,,,False,,True,1,ext_csh,jax,hme_s0_iql_amo_qweight_jax_loco9_rlr0p0003_b5__d4170e6b,,ff44ad5c9f8024ed2aff039c89d00a6459f62d7c,ablation/iql_amo/halfcheetah-medium-expert-v2/3e-4/seed_0/hme_s0_iql_amo_qweight_jax_loco9_rlr0p0003_b5__d4170e6b,/raid/ext_csh/AMO_store/iql_amo_qweight_jax_beta125_rho_loco9_seeds0to3/runs/iqlamo_qw_jax_hc-me_b5_rho3em4_s0,,,,
iql_amo,5,0.0003,halfcheetah-medium-expert-v2,1,,,False,,True,1,ext_csh,jax,hme_s1_iql_amo_qweight_jax_loco9_rlr0p0003_b5__3be68471,,ff44ad5c9f8024ed2aff039c89d00a6459f62d7c,ablation/iql_amo/halfcheetah-medium-expert-v2/3e-4/seed_1/hme_s1_iql_amo_qweight_jax_loco9_rlr0p0003_b5__3be68471,/raid/ext_csh/AMO_store/iql_amo_qweight_jax_beta125_rho_loco9_seeds0to3/runs/iqlamo_qw_jax_hc-me_b5_rho3em4_s1,,,,
iql_amo,5,0.0003,halfcheetah-medium-expert-v2,2,,,False,,True,1,ext_csh,jax,hme_s2_iql_amo_qweight_jax_loco9_rlr0p0003_b5__cd2de4c4,,ff44ad5c9f8024ed2aff039c89d00a6459f62d7c,ablation/iql_amo/halfcheetah-medium-expert-v2/3e-4/seed_2/hme_s2_iql_amo_qweight_jax_loco9_rlr0p0003_b5__cd2de4c4,/raid/ext_csh/AMO_store/iql_amo_qweight_jax_beta125_rho_loco9_seeds0to3/runs/iqlamo_qw_jax_hc-me_b5_rho3em4_s2,,,,
iql_amo,5,0.0003,halfcheetah-medium-expert-v2,3,,,False,,True,1,ext_csh,jax,hme_s3_iql_amo_qweight_jax_loco9_rlr0p0003_b5__4dc3805d,,ff44ad5c9f8024ed2aff039c89d00a6459f62d7c,ablation/iql_amo/halfcheetah-medium-expert-v2/3e-4/seed_3/hme_s3_iql_amo_qweight_jax_loco9_rlr0p0003_b5__4dc3805d,/raid/ext_csh/AMO_store/iql_amo_qweight_jax_beta125_rho_loco9_seeds0to3/runs/iqlamo_qw_jax_hc-me_b5_rho3em4_s3,,,,
iql_amo,5,0.002,hopper-medium-v2,0,,,False,,False,2,ext_csh,jax,hopm_s0_iql_amo_qweight_jax_loco9_rlr0p002_b5__ae3b9fd5,,ff44ad5c9f8024ed2aff039c89d00a6459f62d7c,ablation/iql_amo/hopper-medium-v2/2e-3/seed_0/hopm_s0_iql_amo_qweight_jax_loco9_rlr0p002_b5__ae3b9fd5,/raid/ext_csh/AMO_store/iql_amo_qweight_jax_beta125_rho_loco9_seeds0to3/runs/iqlamo_qw_jax_h-m_b5_rho2em3_s0,,,,
iql_amo,5,0.002,hopper-medium-v2,0,62.717311348574256,1000000,True,50,True,2,ext_csv,jax,hopm_s0_beta5_Tlr0p002__ae3b9fd5,ceffa5373681e09b20d5b513091bccd4d301a4eb,b6eec3e97847aab34b5ed353ae7dfdc842a488e5,ablation/iql_amo/hopper-medium-v2/2e-3/seed_0/hopm_s0_beta5_Tlr0p002__ae3b9fd5,/raid/ext_csv/AMO_store/iql_amo_qweight_jax_beta125_rho_loco_antmaze_seeds0to3/runs/iqlamo_qw_jax_h-m_b5_rho2em3_s0,eval.jsonl,1,normalized_score,2026-09-18T04:12:35.485797+00:00
iql_amo,5,0.002,hopper-medium-v2,1,,,False,,True,1,ext_csh,jax,hopm_s1_iql_amo_qweight_jax_loco9_rlr0p002_b5__14fdf9ad,,ff44ad5c9f8024ed2aff039c89d00a6459f62d7c,ablation/iql_amo/hopper-medium-v2/2e-3/seed_1/hopm_s1_iql_amo_qweight_jax_loco9_rlr0p002_b5__14fdf9ad,/raid/ext_csh/AMO_store/iql_amo_qweight_jax_beta125_rho_loco9_seeds0to3/runs/iqlamo_qw_jax_h-m_b5_rho2em3_s1,,,,
iql_amo,5,0.002,hopper-medium-v2,2,,,False,,True,1,ext_csh,jax,hopm_s2_iql_amo_qweight_jax_loco9_rlr0p002_b5__c5d705b2,,ff44ad5c9f8024ed2aff039c89d00a6459f62d7c,ablation/iql_amo/hopper-medium-v2/2e-3/seed_2/hopm_s2_iql_amo_qweight_jax_loco9_rlr0p002_b5__c5d705b2,/raid/ext_csh/AMO_store/iql_amo_qweight_jax_beta125_rho_loco9_seeds0to3/runs/iqlamo_qw_jax_h-m_b5_rho2em3_s2,,,,
iql_amo,5,0.002,hopper-medium-v2,3,,,False,,True,1,ext_csh,jax,hopm_s3_iql_amo_qweight_jax_loco9_rlr0p002_b5__84d1a940,,ff44ad5c9f8024ed2aff039c89d00a6459f62d7c,ablation/iql_amo/hopper-medium-v2/2e-3/seed_3/hopm_s3_iql_amo_qweight_jax_loco9_rlr0p002_b5__84d1a940,/raid/ext_csh/AMO_store/iql_amo_qweight_jax_beta125_rho_loco9_seeds0to3/runs/iqlamo_qw_jax_h-m_b5_rho2em3_s3,,,,
iql_amo,5,0.001,hopper-medium-v2,0,,,False,,False,2,ext_csh,jax,hopm_s0_iql_amo_qweight_jax_loco9_rlr0p001_b5__5ddd9b5b,,ff44ad5c9f8024ed2aff039c89d00a6459f62d7c,ablation/iql_amo/hopper-medium-v2/1e-3/seed_0/hopm_s0_iql_amo_qweight_jax_loco9_rlr0p001_b5__5ddd9b5b,/raid/ext_csh/AMO_store/iql_amo_qweight_jax_beta125_rho_loco9_seeds0to3/runs/iqlamo_qw_jax_h-m_b5_rho1em3_s0,,,,
iql_amo,5,0.001,hopper-medium-v2,0,65.33715381811895,1000000,True,50,True,2,ext_csv,jax,hopm_s0_beta5_Tlr0p001__5ddd9b5b,ceffa5373681e09b20d5b513091bccd4d301a4eb,b6eec3e97847aab34b5ed353ae7dfdc842a488e5,ablation/iql_amo/hopper-medium-v2/1e-3/seed_0/hopm_s0_beta5_Tlr0p001__5ddd9b5b,/raid/ext_csv/AMO_store/iql_amo_qweight_jax_beta125_rho_loco_antmaze_seeds0to3/runs/iqlamo_qw_jax_h-m_b5_rho1em3_s0,eval.jsonl,1,normalized_score,2026-09-18T04:12:35.944780+00:00
iql_amo,5,0.001,hopper-medium-v2,1,,,False,,True,1,ext_csh,jax,hopm_s1_iql_amo_qweight_jax_loco9_rlr0p001_b5__ceec5cdd,,ff44ad5c9f8024ed2aff039c89d00a6459f62d7c,ablation/iql_amo/hopper-medium-v2/1e-3/seed_1/hopm_s1_iql_amo_qweight_jax_loco9_rlr0p001_b5__ceec5cdd,/raid/ext_csh/AMO_store/iql_amo_qweight_jax_beta125_rho_loco9_seeds0to3/runs/iqlamo_qw_jax_h-m_b5_rho1em3_s1,,,,
iql_amo,5,0.001,hopper-medium-v2,2,,,False,,True,1,ext_csh,jax,hopm_s2_iql_amo_qweight_jax_loco9_rlr0p001_b5__a3e0541b,,ff44ad5c9f8024ed2aff039c89d00a6459f62d7c,ablation/iql_amo/hopper-medium-v2/1e-3/seed_2/hopm_s2_iql_amo_qweight_jax_loco9_rlr0p001_b5__a3e0541b,/raid/ext_csh/AMO_store/iql_amo_qweight_jax_beta125_rho_loco9_seeds0to3/runs/iqlamo_qw_jax_h-m_b5_rho1em3_s2,,,,
iql_amo,5,0.001,hopper-medium-v2,3,,,False,,True,1,ext_csh,jax,hopm_s3_iql_amo_qweight_jax_loco9_rlr0p001_b5__1ee46d8e,,ff44ad5c9f8024ed2aff039c89d00a6459f62d7c,ablation/iql_amo/hopper-medium-v2/1e-3/seed_3/hopm_s3_iql_amo_qweight_jax_loco9_rlr0p001_b5__1ee46d8e,/raid/ext_csh/AMO_store/iql_amo_qweight_jax_beta125_rho_loco9_seeds0to3/runs/iqlamo_qw_jax_h-m_b5_rho1em3_s3,,,,
iql_amo,5,0.0003,hopper-medium-v2,0,,,False,,False,2,ext_csh,jax,hopm_s0_iql_amo_qweight_jax_loco9_rlr0p0003_b5__54af0a0a,,ff44ad5c9f8024ed2aff039c89d00a6459f62d7c,ablation/iql_amo/hopper-medium-v2/3e-4/seed_0/hopm_s0_iql_amo_qweight_jax_loco9_rlr0p0003_b5__54af0a0a,/raid/ext_csh/AMO_store/iql_amo_qweight_jax_beta125_rho_loco9_seeds0to3/runs/iqlamo_qw_jax_h-m_b5_rho3em4_s0,,,,
iql_amo,5,0.0003,hopper-medium-v2,0,58.082574919968074,1000000,True,50,True,2,ext_csv,jax,hopm_s0_beta5_Tlr0p0003__54af0a0a,ceffa5373681e09b20d5b513091bccd4d301a4eb,b6eec3e97847aab34b5ed353ae7dfdc842a488e5,ablation/iql_amo/hopper-medium-v2/3e-4/seed_0/hopm_s0_beta5_Tlr0p0003__54af0a0a,/raid/ext_csv/AMO_store/iql_amo_qweight_jax_beta125_rho_loco_antmaze_seeds0to3/runs/iqlamo_qw_jax_h-m_b5_rho3em4_s0,eval.jsonl,1,normalized_score,2026-09-18T04:12:47.418163+00:00
iql_amo,5,0.0003,hopper-medium-v2,1,,,False,,True,1,ext_csh,jax,hopm_s1_iql_amo_qweight_jax_loco9_rlr0p0003_b5__97e48751,,ff44ad5c9f8024ed2aff039c89d00a6459f62d7c,ablation/iql_amo/hopper-medium-v2/3e-4/seed_1/hopm_s1_iql_amo_qweight_jax_loco9_rlr0p0003_b5__97e48751,/raid/ext_csh/AMO_store/iql_amo_qweight_jax_beta125_rho_loco9_seeds0to3/runs/iqlamo_qw_jax_h-m_b5_rho3em4_s1,,,,
iql_amo,5,0.0003,hopper-medium-v2,2,,,False,,True,1,ext_csh,jax,hopm_s2_iql_amo_qweight_jax_loco9_rlr0p0003_b5__56b263bf,,ff44ad5c9f8024ed2aff039c89d00a6459f62d7c,ablation/iql_amo/hopper-medium-v2/3e-4/seed_2/hopm_s2_iql_amo_qweight_jax_loco9_rlr0p0003_b5__56b263bf,/raid/ext_csh/AMO_store/iql_amo_qweight_jax_beta125_rho_loco9_seeds0to3/runs/iqlamo_qw_jax_h-m_b5_rho3em4_s2,,,,
iql_amo,5,0.0003,hopper-medium-v2,3,,,False,,True,1,ext_csh,jax,hopm_s3_iql_amo_qweight_jax_loco9_rlr0p0003_b5__cde0c188,,ff44ad5c9f8024ed2aff039c89d00a6459f62d7c,ablation/iql_amo/hopper-medium-v2/3e-4/seed_3/hopm_s3_iql_amo_qweight_jax_loco9_rlr0p0003_b5__cde0c188,/raid/ext_csh/AMO_store/iql_amo_qweight_jax_beta125_rho_loco9_seeds0to3/runs/iqlamo_qw_jax_h-m_b5_rho3em4_s3,,,,
iql_amo,5,0.002,hopper-medium-replay-v2,0,,,False,,False,2,ext_csh,jax,hopmr_s0_iql_amo_qweight_jax_loco9_rlr0p002_b5__19781c6c,,ff44ad5c9f8024ed2aff039c89d00a6459f62d7c,ablation/iql_amo/hopper-medium-replay-v2/2e-3/seed_0/hopmr_s0_iql_amo_qweight_jax_loco9_rlr0p002_b5__19781c6c,/raid/ext_csh/AMO_store/iql_amo_qweight_jax_beta125_rho_loco9_seeds0to3/runs/iqlamo_qw_jax_h-mr_b5_rho2em3_s0,,,,
iql_amo,5,0.002,hopper-medium-replay-v2,0,99.87906873287788,1000000,True,50,True,2,ext_csv,jax,hopmr_s0_beta5_Tlr0p002__19781c6c,ceffa5373681e09b20d5b513091bccd4d301a4eb,b6eec3e97847aab34b5ed353ae7dfdc842a488e5,ablation/iql_amo/hopper-medium-replay-v2/2e-3/seed_0/hopmr_s0_beta5_Tlr0p002__19781c6c,/raid/ext_csv/AMO_store/iql_amo_qweight_jax_beta125_rho_loco_antmaze_seeds0to3/runs/iqlamo_qw_jax_h-mr_b5_rho2em3_s0,eval.jsonl,1,normalized_score,2026-09-18T04:13:35.674594+00:00
iql_amo,5,0.002,hopper-medium-replay-v2,1,,,False,,True,1,ext_csh,jax,hopmr_s1_iql_amo_qweight_jax_loco9_rlr0p002_b5__55cbb7a3,,ff44ad5c9f8024ed2aff039c89d00a6459f62d7c,ablation/iql_amo/hopper-medium-replay-v2/2e-3/seed_1/hopmr_s1_iql_amo_qweight_jax_loco9_rlr0p002_b5__55cbb7a3,/raid/ext_csh/AMO_store/iql_amo_qweight_jax_beta125_rho_loco9_seeds0to3/runs/iqlamo_qw_jax_h-mr_b5_rho2em3_s1,,,,
iql_amo,5,0.002,hopper-medium-replay-v2,2,,,False,,True,1,ext_csh,jax,hopmr_s2_iql_amo_qweight_jax_loco9_rlr0p002_b5__5fac0d0f,,ff44ad5c9f8024ed2aff039c89d00a6459f62d7c,ablation/iql_amo/hopper-medium-replay-v2/2e-3/seed_2/hopmr_s2_iql_amo_qweight_jax_loco9_rlr0p002_b5__5fac0d0f,/raid/ext_csh/AMO_store/iql_amo_qweight_jax_beta125_rho_loco9_seeds0to3/runs/iqlamo_qw_jax_h-mr_b5_rho2em3_s2,,,,
iql_amo,5,0.002,hopper-medium-replay-v2,3,,,False,,True,1,ext_csh,jax,hopmr_s3_iql_amo_qweight_jax_loco9_rlr0p002_b5__8dc35bf5,,ff44ad5c9f8024ed2aff039c89d00a6459f62d7c,ablation/iql_amo/hopper-medium-replay-v2/2e-3/seed_3/hopmr_s3_iql_amo_qweight_jax_loco9_rlr0p002_b5__8dc35bf5,/raid/ext_csh/AMO_store/iql_amo_qweight_jax_beta125_rho_loco9_seeds0to3/runs/iqlamo_qw_jax_h-mr_b5_rho2em3_s3,,,,
iql_amo,5,0.001,hopper-medium-replay-v2,0,,,False,,False,2,ext_csh,jax,hopmr_s0_iql_amo_qweight_jax_loco9_rlr0p001_b5__06bdbf71,,ff44ad5c9f8024ed2aff039c89d00a6459f62d7c,ablation/iql_amo/hopper-medium-replay-v2/1e-3/seed_0/hopmr_s0_iql_amo_qweight_jax_loco9_rlr0p001_b5__06bdbf71,/raid/ext_csh/AMO_store/iql_amo_qweight_jax_beta125_rho_loco9_seeds0to3/runs/iqlamo_qw_jax_h-mr_b5_rho1em3_s0,,,,
iql_amo,5,0.001,hopper-medium-replay-v2,0,97.49172847629806,1000000,True,50,True,2,ext_csv,jax,hopmr_s0_beta5_Tlr0p001__06bdbf71,ceffa5373681e09b20d5b513091bccd4d301a4eb,b6eec3e97847aab34b5ed353ae7dfdc842a488e5,ablation/iql_amo/hopper-medium-replay-v2/1e-3/seed_0/hopmr_s0_beta5_Tlr0p001__06bdbf71,/raid/ext_csv/AMO_store/iql_amo_qweight_jax_beta125_rho_loco_antmaze_seeds0to3/runs/iqlamo_qw_jax_h-mr_b5_rho1em3_s0,eval.jsonl,1,normalized_score,2026-09-18T04:13:30.661383+00:00
iql_amo,5,0.001,hopper-medium-replay-v2,1,,,False,,True,1,ext_csh,jax,hopmr_s1_iql_amo_qweight_jax_loco9_rlr0p001_b5__e098933c,,ff44ad5c9f8024ed2aff039c89d00a6459f62d7c,ablation/iql_amo/hopper-medium-replay-v2/1e-3/seed_1/hopmr_s1_iql_amo_qweight_jax_loco9_rlr0p001_b5__e098933c,/raid/ext_csh/AMO_store/iql_amo_qweight_jax_beta125_rho_loco9_seeds0to3/runs/iqlamo_qw_jax_h-mr_b5_rho1em3_s1,,,,
iql_amo,5,0.001,hopper-medium-replay-v2,2,,,False,,True,1,ext_csh,jax,hopmr_s2_iql_amo_qweight_jax_loco9_rlr0p001_b5__41a37002,,ff44ad5c9f8024ed2aff039c89d00a6459f62d7c,ablation/iql_amo/hopper-medium-replay-v2/1e-3/seed_2/hopmr_s2_iql_amo_qweight_jax_loco9_rlr0p001_b5__41a37002,/raid/ext_csh/AMO_store/iql_amo_qweight_jax_beta125_rho_loco9_seeds0to3/runs/iqlamo_qw_jax_h-mr_b5_rho1em3_s2,,,,
iql_amo,5,0.001,hopper-medium-replay-v2,3,,,False,,True,1,ext_csh,jax,hopmr_s3_iql_amo_qweight_jax_loco9_rlr0p001_b5__57561593,,ff44ad5c9f8024ed2aff039c89d00a6459f62d7c,ablation/iql_amo/hopper-medium-replay-v2/1e-3/seed_3/hopmr_s3_iql_amo_qweight_jax_loco9_rlr0p001_b5__57561593,/raid/ext_csh/AMO_store/iql_amo_qweight_jax_beta125_rho_loco9_seeds0to3/runs/iqlamo_qw_jax_h-mr_b5_rho1em3_s3,,,,
iql_amo,5,0.0003,hopper-medium-replay-v2,0,,,False,,False,2,ext_csh,jax,hopmr_s0_iql_amo_qweight_jax_loco9_rlr0p0003_b5__eb359221,,ff44ad5c9f8024ed2aff039c89d00a6459f62d7c,ablation/iql_amo/hopper-medium-replay-v2/3e-4/seed_0/hopmr_s0_iql_amo_qweight_jax_loco9_rlr0p0003_b5__eb359221,/raid/ext_csh/AMO_store/iql_amo_qweight_jax_beta125_rho_loco9_seeds0to3/runs/iqlamo_qw_jax_h-mr_b5_rho3em4_s0,,,,
iql_amo,5,0.0003,hopper-medium-replay-v2,0,102.17644398402015,1000000,True,50,True,2,ext_csv,jax,hopmr_s0_beta5_Tlr0p0003__eb359221,ceffa5373681e09b20d5b513091bccd4d301a4eb,b6eec3e97847aab34b5ed353ae7dfdc842a488e5,ablation/iql_amo/hopper-medium-replay-v2/3e-4/seed_0/hopmr_s0_beta5_Tlr0p0003__eb359221,/raid/ext_csv/AMO_store/iql_amo_qweight_jax_beta125_rho_loco_antmaze_seeds0to3/runs/iqlamo_qw_jax_h-mr_b5_rho3em4_s0,eval.jsonl,1,normalized_score,2026-09-18T04:13:52.730084+00:00
iql_amo,5,0.0003,hopper-medium-replay-v2,1,,,False,,True,1,ext_csh,jax,hopmr_s1_iql_amo_qweight_jax_loco9_rlr0p0003_b5__02bb8138,,ff44ad5c9f8024ed2aff039c89d00a6459f62d7c,ablation/iql_amo/hopper-medium-replay-v2/3e-4/seed_1/hopmr_s1_iql_amo_qweight_jax_loco9_rlr0p0003_b5__02bb8138,/raid/ext_csh/AMO_store/iql_amo_qweight_jax_beta125_rho_loco9_seeds0to3/runs/iqlamo_qw_jax_h-mr_b5_rho3em4_s1,,,,
iql_amo,5,0.0003,hopper-medium-replay-v2,2,,,False,,True,1,ext_csh,jax,hopmr_s2_iql_amo_qweight_jax_loco9_rlr0p0003_b5__b62c4ca6,,ff44ad5c9f8024ed2aff039c89d00a6459f62d7c,ablation/iql_amo/hopper-medium-replay-v2/3e-4/seed_2/hopmr_s2_iql_amo_qweight_jax_loco9_rlr0p0003_b5__b62c4ca6,/raid/ext_csh/AMO_store/iql_amo_qweight_jax_beta125_rho_loco9_seeds0to3/runs/iqlamo_qw_jax_h-mr_b5_rho3em4_s2,,,,
iql_amo,5,0.0003,hopper-medium-replay-v2,3,,,False,,True,1,ext_csh,jax,hopmr_s3_iql_amo_qweight_jax_loco9_rlr0p0003_b5__941bdf0c,,ff44ad5c9f8024ed2aff039c89d00a6459f62d7c,ablation/iql_amo/hopper-medium-replay-v2/3e-4/seed_3/hopmr_s3_iql_amo_qweight_jax_loco9_rlr0p0003_b5__941bdf0c,/raid/ext_csh/AMO_store/iql_amo_qweight_jax_beta125_rho_loco9_seeds0to3/runs/iqlamo_qw_jax_h-mr_b5_rho3em4_s3,,,,
iql_amo,5,0.002,hopper-medium-expert-v2,0,112.16417791373941,1000000,True,50,True,1,ext_csv,jax,hopme_s0_beta5_Tlr0p002__0f1fa504,ceffa5373681e09b20d5b513091bccd4d301a4eb,b6eec3e97847aab34b5ed353ae7dfdc842a488e5,ablation/iql_amo/hopper-medium-expert-v2/2e-3/seed_0/hopme_s0_beta5_Tlr0p002__0f1fa504,/raid/ext_csv/AMO_store/iql_amo_qweight_jax_beta125_rho_loco_antmaze_seeds0to3/runs/iqlamo_qw_jax_h-me_b5_rho2em3_s0,eval.jsonl,1,normalized_score,2026-09-18T04:13:09.128198+00:00
iql_amo,5,0.002,hopper-medium-expert-v2,1,,,False,,True,1,ext_csh,jax,hopme_s1_iql_amo_qweight_jax_loco9_rlr0p002_b5__93ac9327,,ff44ad5c9f8024ed2aff039c89d00a6459f62d7c,ablation/iql_amo/hopper-medium-expert-v2/2e-3/seed_1/hopme_s1_iql_amo_qweight_jax_loco9_rlr0p002_b5__93ac9327,/raid/ext_csh/AMO_store/iql_amo_qweight_jax_beta125_rho_loco9_seeds0to3/runs/iqlamo_qw_jax_h-me_b5_rho2em3_s1,,,,
iql_amo,5,0.002,hopper-medium-expert-v2,2,,,False,,True,1,ext_csh,jax,hopme_s2_iql_amo_qweight_jax_loco9_rlr0p002_b5__2ed1a095,,ff44ad5c9f8024ed2aff039c89d00a6459f62d7c,ablation/iql_amo/hopper-medium-expert-v2/2e-3/seed_2/hopme_s2_iql_amo_qweight_jax_loco9_rlr0p002_b5__2ed1a095,/raid/ext_csh/AMO_store/iql_amo_qweight_jax_beta125_rho_loco9_seeds0to3/runs/iqlamo_qw_jax_h-me_b5_rho2em3_s2,,,,
iql_amo,5,0.002,hopper-medium-expert-v2,3,,,False,,True,1,ext_csh,jax,hopme_s3_iql_amo_qweight_jax_loco9_rlr0p002_b5__aa591a45,,ff44ad5c9f8024ed2aff039c89d00a6459f62d7c,ablation/iql_amo/hopper-medium-expert-v2/2e-3/seed_3/hopme_s3_iql_amo_qweight_jax_loco9_rlr0p002_b5__aa591a45,/raid/ext_csh/AMO_store/iql_amo_qweight_jax_beta125_rho_loco9_seeds0to3/runs/iqlamo_qw_jax_h-me_b5_rho2em3_s3,,,,
iql_amo,5,0.001,hopper-medium-expert-v2,0,112.10274945897429,1000000,True,50,True,1,ext_csv,jax,hopme_s0_beta5_Tlr0p001__10ad3c3c,ceffa5373681e09b20d5b513091bccd4d301a4eb,b6eec3e97847aab34b5ed353ae7dfdc842a488e5,ablation/iql_amo/hopper-medium-expert-v2/1e-3/seed_0/hopme_s0_beta5_Tlr0p001__10ad3c3c,/raid/ext_csv/AMO_store/iql_amo_qweight_jax_beta125_rho_loco_antmaze_seeds0to3/runs/iqlamo_qw_jax_h-me_b5_rho1em3_s0,eval.jsonl,1,normalized_score,2026-09-18T04:12:55.972688+00:00
iql_amo,5,0.001,hopper-medium-expert-v2,1,,,False,,True,1,ext_csh,jax,hopme_s1_iql_amo_qweight_jax_loco9_rlr0p001_b5__db661fb4,,ff44ad5c9f8024ed2aff039c89d00a6459f62d7c,ablation/iql_amo/hopper-medium-expert-v2/1e-3/seed_1/hopme_s1_iql_amo_qweight_jax_loco9_rlr0p001_b5__db661fb4,/raid/ext_csh/AMO_store/iql_amo_qweight_jax_beta125_rho_loco9_seeds0to3/runs/iqlamo_qw_jax_h-me_b5_rho1em3_s1,,,,
iql_amo,5,0.001,hopper-medium-expert-v2,2,,,False,,True,1,ext_csh,jax,hopme_s2_iql_amo_qweight_jax_loco9_rlr0p001_b5__297c4f9c,,ff44ad5c9f8024ed2aff039c89d00a6459f62d7c,ablation/iql_amo/hopper-medium-expert-v2/1e-3/seed_2/hopme_s2_iql_amo_qweight_jax_loco9_rlr0p001_b5__297c4f9c,/raid/ext_csh/AMO_store/iql_amo_qweight_jax_beta125_rho_loco9_seeds0to3/runs/iqlamo_qw_jax_h-me_b5_rho1em3_s2,,,,
iql_amo,5,0.001,hopper-medium-expert-v2,3,,,False,,True,1,ext_csh,jax,hopme_s3_iql_amo_qweight_jax_loco9_rlr0p001_b5__f5a34fe3,,ff44ad5c9f8024ed2aff039c89d00a6459f62d7c,ablation/iql_amo/hopper-medium-expert-v2/1e-3/seed_3/hopme_s3_iql_amo_qweight_jax_loco9_rlr0p001_b5__f5a34fe3,/raid/ext_csh/AMO_store/iql_amo_qweight_jax_beta125_rho_loco9_seeds0to3/runs/iqlamo_qw_jax_h-me_b5_rho1em3_s3,,,,
iql_amo,5,0.0003,hopper-medium-expert-v2,0,109.33336384157077,1000000,True,50,True,1,ext_csv,jax,hopme_s0_beta5_Tlr0p0003__0477a770,ceffa5373681e09b20d5b513091bccd4d301a4eb,b6eec3e97847aab34b5ed353ae7dfdc842a488e5,ablation/iql_amo/hopper-medium-expert-v2/3e-4/seed_0/hopme_s0_beta5_Tlr0p0003__0477a770,/raid/ext_csv/AMO_store/iql_amo_qweight_jax_beta125_rho_loco_antmaze_seeds0to3/runs/iqlamo_qw_jax_h-me_b5_rho3em4_s0,eval.jsonl,1,normalized_score,2026-09-18T04:13:15.863627+00:00
iql_amo,5,0.0003,hopper-medium-expert-v2,1,,,False,,True,1,ext_csh,jax,hopme_s1_iql_amo_qweight_jax_loco9_rlr0p0003_b5__3e402ba3,,ff44ad5c9f8024ed2aff039c89d00a6459f62d7c,ablation/iql_amo/hopper-medium-expert-v2/3e-4/seed_1/hopme_s1_iql_amo_qweight_jax_loco9_rlr0p0003_b5__3e402ba3,/raid/ext_csh/AMO_store/iql_amo_qweight_jax_beta125_rho_loco9_seeds0to3/runs/iqlamo_qw_jax_h-me_b5_rho3em4_s1,,,,
iql_amo,5,0.0003,hopper-medium-expert-v2,2,,,False,,True,1,ext_csh,jax,hopme_s2_iql_amo_qweight_jax_loco9_rlr0p0003_b5__e88e698e,,ff44ad5c9f8024ed2aff039c89d00a6459f62d7c,ablation/iql_amo/hopper-medium-expert-v2/3e-4/seed_2/hopme_s2_iql_amo_qweight_jax_loco9_rlr0p0003_b5__e88e698e,/raid/ext_csh/AMO_store/iql_amo_qweight_jax_beta125_rho_loco9_seeds0to3/runs/iqlamo_qw_jax_h-me_b5_rho3em4_s2,,,,
iql_amo,5,0.0003,hopper-medium-expert-v2,3,,,False,,True,1,ext_csh,jax,hopme_s3_iql_amo_qweight_jax_loco9_rlr0p0003_b5__675a4c31,,ff44ad5c9f8024ed2aff039c89d00a6459f62d7c,ablation/iql_amo/hopper-medium-expert-v2/3e-4/seed_3/hopme_s3_iql_amo_qweight_jax_loco9_rlr0p0003_b5__675a4c31,/raid/ext_csh/AMO_store/iql_amo_qweight_jax_beta125_rho_loco9_seeds0to3/runs/iqlamo_qw_jax_h-me_b5_rho3em4_s3,,,,
iql_amo,5,0.002,walker2d-medium-v2,0,85.92597229554151,1000000,True,50,True,1,ext_csv,jax,wm_s0_beta5_Tlr0p002__67ba40e3,ceffa5373681e09b20d5b513091bccd4d301a4eb,b6eec3e97847aab34b5ed353ae7dfdc842a488e5,ablation/iql_amo/walker2d-medium-v2/2e-3/seed_0/wm_s0_beta5_Tlr0p002__67ba40e3,/raid/ext_csv/AMO_store/iql_amo_qweight_jax_beta125_rho_loco_antmaze_seeds0to3/runs/iqlamo_qw_jax_w-m_b5_rho2em3_s0,eval.jsonl,1,normalized_score,2026-09-18T04:13:58.213885+00:00
iql_amo,5,0.002,walker2d-medium-v2,1,,,False,,True,1,ext_csh,jax,wm_s1_iql_amo_qweight_jax_loco9_rlr0p002_b5__24435e91,,ff44ad5c9f8024ed2aff039c89d00a6459f62d7c,ablation/iql_amo/walker2d-medium-v2/2e-3/seed_1/wm_s1_iql_amo_qweight_jax_loco9_rlr0p002_b5__24435e91,/raid/ext_csh/AMO_store/iql_amo_qweight_jax_beta125_rho_loco9_seeds0to3/runs/iqlamo_qw_jax_w-m_b5_rho2em3_s1,,,,
iql_amo,5,0.002,walker2d-medium-v2,2,,,False,,True,1,ext_csh,jax,wm_s2_iql_amo_qweight_jax_loco9_rlr0p002_b5__a64344d4,,ff44ad5c9f8024ed2aff039c89d00a6459f62d7c,ablation/iql_amo/walker2d-medium-v2/2e-3/seed_2/wm_s2_iql_amo_qweight_jax_loco9_rlr0p002_b5__a64344d4,/raid/ext_csh/AMO_store/iql_amo_qweight_jax_beta125_rho_loco9_seeds0to3/runs/iqlamo_qw_jax_w-m_b5_rho2em3_s2,,,,
iql_amo,5,0.002,walker2d-medium-v2,3,,,False,,True,1,ext_csh,jax,wm_s3_iql_amo_qweight_jax_loco9_rlr0p002_b5__48393f37,,ff44ad5c9f8024ed2aff039c89d00a6459f62d7c,ablation/iql_amo/walker2d-medium-v2/2e-3/seed_3/wm_s3_iql_amo_qweight_jax_loco9_rlr0p002_b5__48393f37,/raid/ext_csh/AMO_store/iql_amo_qweight_jax_beta125_rho_loco9_seeds0to3/runs/iqlamo_qw_jax_w-m_b5_rho2em3_s3,,,,
iql_amo,5,0.001,walker2d-medium-v2,0,85.43943825749778,1000000,True,50,True,1,ext_csv,jax,wm_s0_beta5_Tlr0p001__ce03b882,ceffa5373681e09b20d5b513091bccd4d301a4eb,b6eec3e97847aab34b5ed353ae7dfdc842a488e5,ablation/iql_amo/walker2d-medium-v2/1e-3/seed_0/wm_s0_beta5_Tlr0p001__ce03b882,/raid/ext_csv/AMO_store/iql_amo_qweight_jax_beta125_rho_loco_antmaze_seeds0to3/runs/iqlamo_qw_jax_w-m_b5_rho1em3_s0,eval.jsonl,1,normalized_score,2026-09-18T04:14:16.449512+00:00
iql_amo,5,0.001,walker2d-medium-v2,1,,,False,,True,1,ext_csh,jax,wm_s1_iql_amo_qweight_jax_loco9_rlr0p001_b5__e56a6a52,,ff44ad5c9f8024ed2aff039c89d00a6459f62d7c,ablation/iql_amo/walker2d-medium-v2/1e-3/seed_1/wm_s1_iql_amo_qweight_jax_loco9_rlr0p001_b5__e56a6a52,/raid/ext_csh/AMO_store/iql_amo_qweight_jax_beta125_rho_loco9_seeds0to3/runs/iqlamo_qw_jax_w-m_b5_rho1em3_s1,,,,
iql_amo,5,0.001,walker2d-medium-v2,2,,,False,,True,1,ext_csh,jax,wm_s2_iql_amo_qweight_jax_loco9_rlr0p001_b5__d0fca7db,,ff44ad5c9f8024ed2aff039c89d00a6459f62d7c,ablation/iql_amo/walker2d-medium-v2/1e-3/seed_2/wm_s2_iql_amo_qweight_jax_loco9_rlr0p001_b5__d0fca7db,/raid/ext_csh/AMO_store/iql_amo_qweight_jax_beta125_rho_loco9_seeds0to3/runs/iqlamo_qw_jax_w-m_b5_rho1em3_s2,,,,
iql_amo,5,0.001,walker2d-medium-v2,3,,,False,,True,1,ext_csh,jax,wm_s3_iql_amo_qweight_jax_loco9_rlr0p001_b5__bcabd712,,ff44ad5c9f8024ed2aff039c89d00a6459f62d7c,ablation/iql_amo/walker2d-medium-v2/1e-3/seed_3/wm_s3_iql_amo_qweight_jax_loco9_rlr0p001_b5__bcabd712,/raid/ext_csh/AMO_store/iql_amo_qweight_jax_beta125_rho_loco9_seeds0to3/runs/iqlamo_qw_jax_w-m_b5_rho1em3_s3,,,,
iql_amo,5,0.0003,walker2d-medium-v2,0,85.96075652024966,1000000,True,50,True,1,ext_csv,jax,wm_s0_beta5_Tlr0p0003__424130f1,ceffa5373681e09b20d5b513091bccd4d301a4eb,b6eec3e97847aab34b5ed353ae7dfdc842a488e5,ablation/iql_amo/walker2d-medium-v2/3e-4/seed_0/wm_s0_beta5_Tlr0p0003__424130f1,/raid/ext_csv/AMO_store/iql_amo_qweight_jax_beta125_rho_loco_antmaze_seeds0to3/runs/iqlamo_qw_jax_w-m_b5_rho3em4_s0,eval.jsonl,1,normalized_score,2026-09-18T04:14:38.511305+00:00
iql_amo,5,0.0003,walker2d-medium-v2,1,,,False,,True,1,ext_csh,jax,wm_s1_iql_amo_qweight_jax_loco9_rlr0p0003_b5__6d01f237,,ff44ad5c9f8024ed2aff039c89d00a6459f62d7c,ablation/iql_amo/walker2d-medium-v2/3e-4/seed_1/wm_s1_iql_amo_qweight_jax_loco9_rlr0p0003_b5__6d01f237,/raid/ext_csh/AMO_store/iql_amo_qweight_jax_beta125_rho_loco9_seeds0to3/runs/iqlamo_qw_jax_w-m_b5_rho3em4_s1,,,,
iql_amo,5,0.0003,walker2d-medium-v2,2,,,False,,True,1,ext_csh,jax,wm_s2_iql_amo_qweight_jax_loco9_rlr0p0003_b5__84f764eb,,ff44ad5c9f8024ed2aff039c89d00a6459f62d7c,ablation/iql_amo/walker2d-medium-v2/3e-4/seed_2/wm_s2_iql_amo_qweight_jax_loco9_rlr0p0003_b5__84f764eb,/raid/ext_csh/AMO_store/iql_amo_qweight_jax_beta125_rho_loco9_seeds0to3/runs/iqlamo_qw_jax_w-m_b5_rho3em4_s2,,,,
iql_amo,5,0.0003,walker2d-medium-v2,3,,,False,,True,1,ext_csh,jax,wm_s3_iql_amo_qweight_jax_loco9_rlr0p0003_b5__6814b08f,,ff44ad5c9f8024ed2aff039c89d00a6459f62d7c,ablation/iql_amo/walker2d-medium-v2/3e-4/seed_3/wm_s3_iql_amo_qweight_jax_loco9_rlr0p0003_b5__6814b08f,/raid/ext_csh/AMO_store/iql_amo_qweight_jax_beta125_rho_loco9_seeds0to3/runs/iqlamo_qw_jax_w-m_b5_rho3em4_s3,,,,
iql_amo,5,0.002,walker2d-medium-replay-v2,0,,,False,,True,1,ext_csv,jax,wmr_s0_beta5_Tlr0p002__1f3c54b2,ceffa5373681e09b20d5b513091bccd4d301a4eb,b6eec3e97847aab34b5ed353ae7dfdc842a488e5,ablation/iql_amo/walker2d-medium-replay-v2/2e-3/seed_0/wmr_s0_beta5_Tlr0p002__1f3c54b2,/raid/ext_csv/AMO_store/iql_amo_qweight_jax_beta125_rho_loco_antmaze_seeds0to3/runs/iqlamo_qw_jax_w-mr_b5_rho2em3_s0,,,,
iql_amo,5,0.002,walker2d-medium-replay-v2,1,,,False,,True,1,ext_csh,jax,wmr_s1_iql_amo_qweight_jax_loco9_rlr0p002_b5__877fa8a1,,ff44ad5c9f8024ed2aff039c89d00a6459f62d7c,ablation/iql_amo/walker2d-medium-replay-v2/2e-3/seed_1/wmr_s1_iql_amo_qweight_jax_loco9_rlr0p002_b5__877fa8a1,/raid/ext_csh/AMO_store/iql_amo_qweight_jax_beta125_rho_loco9_seeds0to3/runs/iqlamo_qw_jax_w-mr_b5_rho2em3_s1,,,,
iql_amo,5,0.002,walker2d-medium-replay-v2,2,,,False,,True,1,ext_csh,jax,wmr_s2_iql_amo_qweight_jax_loco9_rlr0p002_b5__f5f8ef06,,ff44ad5c9f8024ed2aff039c89d00a6459f62d7c,ablation/iql_amo/walker2d-medium-replay-v2/2e-3/seed_2/wmr_s2_iql_amo_qweight_jax_loco9_rlr0p002_b5__f5f8ef06,/raid/ext_csh/AMO_store/iql_amo_qweight_jax_beta125_rho_loco9_seeds0to3/runs/iqlamo_qw_jax_w-mr_b5_rho2em3_s2,,,,
iql_amo,5,0.002,walker2d-medium-replay-v2,3,,,False,,True,1,ext_csh,jax,wmr_s3_iql_amo_qweight_jax_loco9_rlr0p002_b5__8fd24b26,,ff44ad5c9f8024ed2aff039c89d00a6459f62d7c,ablation/iql_amo/walker2d-medium-replay-v2/2e-3/seed_3/wmr_s3_iql_amo_qweight_jax_loco9_rlr0p002_b5__8fd24b26,/raid/ext_csh/AMO_store/iql_amo_qweight_jax_beta125_rho_loco9_seeds0to3/runs/iqlamo_qw_jax_w-mr_b5_rho2em3_s3,,,,
iql_amo,5,0.001,walker2d-medium-replay-v2,0,68.88062708160636,1000000,True,50,True,1,ext_csv,jax,wmr_s0_beta5_Tlr0p001__30533fdc,ceffa5373681e09b20d5b513091bccd4d301a4eb,b6eec3e97847aab34b5ed353ae7dfdc842a488e5,ablation/iql_amo/walker2d-medium-replay-v2/1e-3/seed_0/wmr_s0_beta5_Tlr0p001__30533fdc,/raid/ext_csv/AMO_store/iql_amo_qweight_jax_beta125_rho_loco_antmaze_seeds0to3/runs/iqlamo_qw_jax_w-mr_b5_rho1em3_s0,eval.jsonl,1,normalized_score,2026-09-18T04:24:59.185194+00:00
iql_amo,5,0.001,walker2d-medium-replay-v2,1,,,False,,True,1,ext_csh,jax,wmr_s1_iql_amo_qweight_jax_loco9_rlr0p001_b5__70fdac5c,,ff44ad5c9f8024ed2aff039c89d00a6459f62d7c,ablation/iql_amo/walker2d-medium-replay-v2/1e-3/seed_1/wmr_s1_iql_amo_qweight_jax_loco9_rlr0p001_b5__70fdac5c,/raid/ext_csh/AMO_store/iql_amo_qweight_jax_beta125_rho_loco9_seeds0to3/runs/iqlamo_qw_jax_w-mr_b5_rho1em3_s1,,,,
iql_amo,5,0.001,walker2d-medium-replay-v2,2,,,False,,True,1,ext_csh,jax,wmr_s2_iql_amo_qweight_jax_loco9_rlr0p001_b5__296ca26c,,ff44ad5c9f8024ed2aff039c89d00a6459f62d7c,ablation/iql_amo/walker2d-medium-replay-v2/1e-3/seed_2/wmr_s2_iql_amo_qweight_jax_loco9_rlr0p001_b5__296ca26c,/raid/ext_csh/AMO_store/iql_amo_qweight_jax_beta125_rho_loco9_seeds0to3/runs/iqlamo_qw_jax_w-mr_b5_rho1em3_s2,,,,
iql_amo,5,0.001,walker2d-medium-replay-v2,3,,,False,,True,1,ext_csh,jax,wmr_s3_iql_amo_qweight_jax_loco9_rlr0p001_b5__313a10f7,,ff44ad5c9f8024ed2aff039c89d00a6459f62d7c,ablation/iql_amo/walker2d-medium-replay-v2/1e-3/seed_3/wmr_s3_iql_amo_qweight_jax_loco9_rlr0p001_b5__313a10f7,/raid/ext_csh/AMO_store/iql_amo_qweight_jax_beta125_rho_loco9_seeds0to3/runs/iqlamo_qw_jax_w-mr_b5_rho1em3_s3,,,,
iql_amo,5,0.0003,walker2d-medium-replay-v2,0,89.51552857105285,1000000,True,50,True,1,ext_csv,jax,wmr_s0_beta5_Tlr0p0003__da3bd28a,ceffa5373681e09b20d5b513091bccd4d301a4eb,b6eec3e97847aab34b5ed353ae7dfdc842a488e5,ablation/iql_amo/walker2d-medium-replay-v2/3e-4/seed_0/wmr_s0_beta5_Tlr0p0003__da3bd28a,/raid/ext_csv/AMO_store/iql_amo_qweight_jax_beta125_rho_loco_antmaze_seeds0to3/runs/iqlamo_qw_jax_w-mr_b5_rho3em4_s0,eval.jsonl,1,normalized_score,2026-09-18T04:25:24.090705+00:00
iql_amo,5,0.0003,walker2d-medium-replay-v2,1,,,False,,True,1,ext_csh,jax,wmr_s1_iql_amo_qweight_jax_loco9_rlr0p0003_b5__8b15adab,,ff44ad5c9f8024ed2aff039c89d00a6459f62d7c,ablation/iql_amo/walker2d-medium-replay-v2/3e-4/seed_1/wmr_s1_iql_amo_qweight_jax_loco9_rlr0p0003_b5__8b15adab,/raid/ext_csh/AMO_store/iql_amo_qweight_jax_beta125_rho_loco9_seeds0to3/runs/iqlamo_qw_jax_w-mr_b5_rho3em4_s1,,,,
iql_amo,5,0.0003,walker2d-medium-replay-v2,2,,,False,,True,1,ext_csh,jax,wmr_s2_iql_amo_qweight_jax_loco9_rlr0p0003_b5__e49158e6,,ff44ad5c9f8024ed2aff039c89d00a6459f62d7c,ablation/iql_amo/walker2d-medium-replay-v2/3e-4/seed_2/wmr_s2_iql_amo_qweight_jax_loco9_rlr0p0003_b5__e49158e6,/raid/ext_csh/AMO_store/iql_amo_qweight_jax_beta125_rho_loco9_seeds0to3/runs/iqlamo_qw_jax_w-mr_b5_rho3em4_s2,,,,
iql_amo,5,0.0003,walker2d-medium-replay-v2,3,,,False,,True,1,ext_csh,jax,wmr_s3_iql_amo_qweight_jax_loco9_rlr0p0003_b5__dfca019f,,ff44ad5c9f8024ed2aff039c89d00a6459f62d7c,ablation/iql_amo/walker2d-medium-replay-v2/3e-4/seed_3/wmr_s3_iql_amo_qweight_jax_loco9_rlr0p0003_b5__dfca019f,/raid/ext_csh/AMO_store/iql_amo_qweight_jax_beta125_rho_loco9_seeds0to3/runs/iqlamo_qw_jax_w-mr_b5_rho3em4_s3,,,,
iql_amo,5,0.002,walker2d-medium-expert-v2,0,,,False,,True,1,ext_csv,jax,wme_s0_beta5_Tlr0p002__432fca2f,ceffa5373681e09b20d5b513091bccd4d301a4eb,b6eec3e97847aab34b5ed353ae7dfdc842a488e5,ablation/iql_amo/walker2d-medium-expert-v2/2e-3/seed_0/wme_s0_beta5_Tlr0p002__432fca2f,/raid/ext_csv/AMO_store/iql_amo_qweight_jax_beta125_rho_loco_antmaze_seeds0to3/runs/iqlamo_qw_jax_w-me_b5_rho2em3_s0,,,,
iql_amo,5,0.002,walker2d-medium-expert-v2,1,,,False,,True,1,ext_csh,jax,wme_s1_iql_amo_qweight_jax_loco9_rlr0p002_b5__4a50d063,,ff44ad5c9f8024ed2aff039c89d00a6459f62d7c,ablation/iql_amo/walker2d-medium-expert-v2/2e-3/seed_1/wme_s1_iql_amo_qweight_jax_loco9_rlr0p002_b5__4a50d063,/raid/ext_csh/AMO_store/iql_amo_qweight_jax_beta125_rho_loco9_seeds0to3/runs/iqlamo_qw_jax_w-me_b5_rho2em3_s1,,,,
iql_amo,5,0.002,walker2d-medium-expert-v2,2,,,False,,True,1,ext_csh,jax,wme_s2_iql_amo_qweight_jax_loco9_rlr0p002_b5__ae1bcea3,,ff44ad5c9f8024ed2aff039c89d00a6459f62d7c,ablation/iql_amo/walker2d-medium-expert-v2/2e-3/seed_2/wme_s2_iql_amo_qweight_jax_loco9_rlr0p002_b5__ae1bcea3,/raid/ext_csh/AMO_store/iql_amo_qweight_jax_beta125_rho_loco9_seeds0to3/runs/iqlamo_qw_jax_w-me_b5_rho2em3_s2,,,,
iql_amo,5,0.002,walker2d-medium-expert-v2,3,,,False,,True,1,ext_csh,jax,wme_s3_iql_amo_qweight_jax_loco9_rlr0p002_b5__41ab37d6,,ff44ad5c9f8024ed2aff039c89d00a6459f62d7c,ablation/iql_amo/walker2d-medium-expert-v2/2e-3/seed_3/wme_s3_iql_amo_qweight_jax_loco9_rlr0p002_b5__41ab37d6,/raid/ext_csh/AMO_store/iql_amo_qweight_jax_beta125_rho_loco9_seeds0to3/runs/iqlamo_qw_jax_w-me_b5_rho2em3_s3,,,,
iql_amo,5,0.001,walker2d-medium-expert-v2,0,,,False,,True,1,ext_csv,jax,wme_s0_beta5_Tlr0p001__e27fba83,ceffa5373681e09b20d5b513091bccd4d301a4eb,b6eec3e97847aab34b5ed353ae7dfdc842a488e5,ablation/iql_amo/walker2d-medium-expert-v2/1e-3/seed_0/wme_s0_beta5_Tlr0p001__e27fba83,/raid/ext_csv/AMO_store/iql_amo_qweight_jax_beta125_rho_loco_antmaze_seeds0to3/runs/iqlamo_qw_jax_w-me_b5_rho1em3_s0,,,,
iql_amo,5,0.001,walker2d-medium-expert-v2,1,,,False,,True,1,ext_csh,jax,wme_s1_iql_amo_qweight_jax_loco9_rlr0p001_b5__f02cd654,,ff44ad5c9f8024ed2aff039c89d00a6459f62d7c,ablation/iql_amo/walker2d-medium-expert-v2/1e-3/seed_1/wme_s1_iql_amo_qweight_jax_loco9_rlr0p001_b5__f02cd654,/raid/ext_csh/AMO_store/iql_amo_qweight_jax_beta125_rho_loco9_seeds0to3/runs/iqlamo_qw_jax_w-me_b5_rho1em3_s1,,,,
iql_amo,5,0.001,walker2d-medium-expert-v2,2,,,False,,True,1,ext_csh,jax,wme_s2_iql_amo_qweight_jax_loco9_rlr0p001_b5__998f2d87,,ff44ad5c9f8024ed2aff039c89d00a6459f62d7c,ablation/iql_amo/walker2d-medium-expert-v2/1e-3/seed_2/wme_s2_iql_amo_qweight_jax_loco9_rlr0p001_b5__998f2d87,/raid/ext_csh/AMO_store/iql_amo_qweight_jax_beta125_rho_loco9_seeds0to3/runs/iqlamo_qw_jax_w-me_b5_rho1em3_s2,,,,
iql_amo,5,0.001,walker2d-medium-expert-v2,3,,,False,,True,1,ext_csh,jax,wme_s3_iql_amo_qweight_jax_loco9_rlr0p001_b5__e8f8d2ce,,ff44ad5c9f8024ed2aff039c89d00a6459f62d7c,ablation/iql_amo/walker2d-medium-expert-v2/1e-3/seed_3/wme_s3_iql_amo_qweight_jax_loco9_rlr0p001_b5__e8f8d2ce,/raid/ext_csh/AMO_store/iql_amo_qweight_jax_beta125_rho_loco9_seeds0to3/runs/iqlamo_qw_jax_w-me_b5_rho1em3_s3,,,,
iql_amo,5,0.0003,walker2d-medium-expert-v2,0,,,False,,True,1,ext_csv,jax,wme_s0_beta5_Tlr0p0003__a91199b5,ceffa5373681e09b20d5b513091bccd4d301a4eb,b6eec3e97847aab34b5ed353ae7dfdc842a488e5,ablation/iql_amo/walker2d-medium-expert-v2/3e-4/seed_0/wme_s0_beta5_Tlr0p0003__a91199b5,/raid/ext_csv/AMO_store/iql_amo_qweight_jax_beta125_rho_loco_antmaze_seeds0to3/runs/iqlamo_qw_jax_w-me_b5_rho3em4_s0,,,,
iql_amo,5,0.0003,walker2d-medium-expert-v2,1,,,False,,True,1,ext_csh,jax,wme_s1_iql_amo_qweight_jax_loco9_rlr0p0003_b5__d006b463,,ff44ad5c9f8024ed2aff039c89d00a6459f62d7c,ablation/iql_amo/walker2d-medium-expert-v2/3e-4/seed_1/wme_s1_iql_amo_qweight_jax_loco9_rlr0p0003_b5__d006b463,/raid/ext_csh/AMO_store/iql_amo_qweight_jax_beta125_rho_loco9_seeds0to3/runs/iqlamo_qw_jax_w-me_b5_rho3em4_s1,,,,
iql_amo,5,0.0003,walker2d-medium-expert-v2,2,,,False,,True,1,ext_csh,jax,wme_s2_iql_amo_qweight_jax_loco9_rlr0p0003_b5__7056a1d9,,ff44ad5c9f8024ed2aff039c89d00a6459f62d7c,ablation/iql_amo/walker2d-medium-expert-v2/3e-4/seed_2/wme_s2_iql_amo_qweight_jax_loco9_rlr0p0003_b5__7056a1d9,/raid/ext_csh/AMO_store/iql_amo_qweight_jax_beta125_rho_loco9_seeds0to3/runs/iqlamo_qw_jax_w-me_b5_rho3em4_s2,,,,
iql_amo,5,0.0003,walker2d-medium-expert-v2,3,,,False,,True,1,ext_csh,jax,wme_s3_iql_amo_qweight_jax_loco9_rlr0p0003_b5__d0a8795b,,ff44ad5c9f8024ed2aff039c89d00a6459f62d7c,ablation/iql_amo/walker2d-medium-expert-v2/3e-4/seed_3/wme_s3_iql_amo_qweight_jax_loco9_rlr0p0003_b5__d0a8795b,/raid/ext_csh/AMO_store/iql_amo_qweight_jax_beta125_rho_loco9_seeds0to3/runs/iqlamo_qw_jax_w-me_b5_rho3em4_s3,,,,
iql_amo,5,0.002,antmaze-umaze-v2,0,66.0,1000000,True,50,True,1,ext_csv,jax,amu_s0_beta5_Tlr0p002__90b8767d,ceffa5373681e09b20d5b513091bccd4d301a4eb,b6eec3e97847aab34b5ed353ae7dfdc842a488e5,ablation/iql_amo/antmaze-umaze-v2/2e-3/seed_0/amu_s0_beta5_Tlr0p002__90b8767d,/raid/ext_csv/AMO_store/iql_amo_qweight_jax_beta125_rho_loco_antmaze_seeds0to3/runs/iqlamo_qw_jax_am-u_b5_rho2em3_s0,eval.jsonl,1,normalized_score,2026-09-18T11:50:26.020623+00:00
iql_amo,5,0.002,antmaze-umaze-v2,1,62.0,1000000,True,50,True,1,ext_csv,jax,amu_s1_beta5_Tlr0p002__8c60ee8b,ceffa5373681e09b20d5b513091bccd4d301a4eb,b6eec3e97847aab34b5ed353ae7dfdc842a488e5,ablation/iql_amo/antmaze-umaze-v2/2e-3/seed_1/amu_s1_beta5_Tlr0p002__8c60ee8b,/raid/ext_csv/AMO_store/iql_amo_qweight_jax_beta125_rho_loco_antmaze_seeds0to3/runs/iqlamo_qw_jax_am-u_b5_rho2em3_s1,eval.jsonl,1,normalized_score,2026-09-18T13:19:58.621186+00:00
iql_amo,5,0.002,antmaze-umaze-v2,2,,,False,,True,1,ext_csv,jax,amu_s2_beta5_Tlr0p002__9e4a8a27,ceffa5373681e09b20d5b513091bccd4d301a4eb,b6eec3e97847aab34b5ed353ae7dfdc842a488e5,ablation/iql_amo/antmaze-umaze-v2/2e-3/seed_2/amu_s2_beta5_Tlr0p002__9e4a8a27,/raid/ext_csv/AMO_store/iql_amo_qweight_jax_beta125_rho_loco_antmaze_seeds0to3/runs/iqlamo_qw_jax_am-u_b5_rho2em3_s2,,,,
iql_amo,5,0.001,antmaze-umaze-v2,0,57.99999999999999,1000000,True,50,True,1,ext_csv,jax,amu_s0_beta5_Tlr0p001__3ecf16d0,ceffa5373681e09b20d5b513091bccd4d301a4eb,b6eec3e97847aab34b5ed353ae7dfdc842a488e5,ablation/iql_amo/antmaze-umaze-v2/1e-3/seed_0/amu_s0_beta5_Tlr0p001__3ecf16d0,/raid/ext_csv/AMO_store/iql_amo_qweight_jax_beta125_rho_loco_antmaze_seeds0to3/runs/iqlamo_qw_jax_am-u_b5_rho1em3_s0,eval.jsonl,1,normalized_score,2026-09-18T11:50:26.032031+00:00
iql_amo,5,0.001,antmaze-umaze-v2,1,54.0,1000000,True,50,True,1,ext_csv,jax,amu_s1_beta5_Tlr0p001__5fc16466,ceffa5373681e09b20d5b513091bccd4d301a4eb,b6eec3e97847aab34b5ed353ae7dfdc842a488e5,ablation/iql_amo/antmaze-umaze-v2/1e-3/seed_1/amu_s1_beta5_Tlr0p001__5fc16466,/raid/ext_csv/AMO_store/iql_amo_qweight_jax_beta125_rho_loco_antmaze_seeds0to3/runs/iqlamo_qw_jax_am-u_b5_rho1em3_s1,eval.jsonl,1,normalized_score,2026-09-18T13:18:32.063362+00:00
iql_amo,5,0.001,antmaze-umaze-v2,2,,,False,,True,1,ext_csv,jax,amu_s2_beta5_Tlr0p001__a283d903,ceffa5373681e09b20d5b513091bccd4d301a4eb,b6eec3e97847aab34b5ed353ae7dfdc842a488e5,ablation/iql_amo/antmaze-umaze-v2/1e-3/seed_2/amu_s2_beta5_Tlr0p001__a283d903,/raid/ext_csv/AMO_store/iql_amo_qweight_jax_beta125_rho_loco_antmaze_seeds0to3/runs/iqlamo_qw_jax_am-u_b5_rho1em3_s2,,,,
iql_amo,5,0.0003,antmaze-umaze-v2,0,60.0,1000000,True,50,True,1,ext_csv,jax,amu_s0_beta5_Tlr0p0003__ff5cce2e,ceffa5373681e09b20d5b513091bccd4d301a4eb,b6eec3e97847aab34b5ed353ae7dfdc842a488e5,ablation/iql_amo/antmaze-umaze-v2/3e-4/seed_0/amu_s0_beta5_Tlr0p0003__ff5cce2e,/raid/ext_csv/AMO_store/iql_amo_qweight_jax_beta125_rho_loco_antmaze_seeds0to3/runs/iqlamo_qw_jax_am-u_b5_rho3em4_s0,eval.jsonl,1,normalized_score,2026-09-18T11:50:24.778481+00:00
iql_amo,5,0.0003,antmaze-umaze-v2,1,68.0,1000000,True,50,True,1,ext_csv,jax,amu_s1_beta5_Tlr0p0003__659c4c34,ceffa5373681e09b20d5b513091bccd4d301a4eb,b6eec3e97847aab34b5ed353ae7dfdc842a488e5,ablation/iql_amo/antmaze-umaze-v2/3e-4/seed_1/amu_s1_beta5_Tlr0p0003__659c4c34,/raid/ext_csv/AMO_store/iql_amo_qweight_jax_beta125_rho_loco_antmaze_seeds0to3/runs/iqlamo_qw_jax_am-u_b5_rho3em4_s1,eval.jsonl,1,normalized_score,2026-09-18T13:18:52.868843+00:00
iql_amo,5,0.0003,antmaze-umaze-v2,2,,,False,,True,1,ext_csv,jax,amu_s2_beta5_Tlr0p0003__f936c750,ceffa5373681e09b20d5b513091bccd4d301a4eb,b6eec3e97847aab34b5ed353ae7dfdc842a488e5,ablation/iql_amo/antmaze-umaze-v2/3e-4/seed_2/amu_s2_beta5_Tlr0p0003__f936c750,/raid/ext_csv/AMO_store/iql_amo_qweight_jax_beta125_rho_loco_antmaze_seeds0to3/runs/iqlamo_qw_jax_am-u_b5_rho3em4_s2,,,,
iql_amo,5,0.002,antmaze-umaze-diverse-v2,0,26.0,1000000,True,50,True,1,ext_csv,jax,amud_s0_beta5_Tlr0p002__48edb088,ceffa5373681e09b20d5b513091bccd4d301a4eb,b6eec3e97847aab34b5ed353ae7dfdc842a488e5,ablation/iql_amo/antmaze-umaze-diverse-v2/2e-3/seed_0/amud_s0_beta5_Tlr0p002__48edb088,/raid/ext_csv/AMO_store/iql_amo_qweight_jax_beta125_rho_loco_antmaze_seeds0to3/runs/iqlamo_qw_jax_am-u-div_b5_rho2em3_s0,eval.jsonl,1,normalized_score,2026-09-18T11:50:39.611586+00:00
iql_amo,5,0.002,antmaze-umaze-diverse-v2,1,36.0,1000000,True,50,True,1,ext_csv,jax,amud_s1_beta5_Tlr0p002__07c5bbd9,ceffa5373681e09b20d5b513091bccd4d301a4eb,b6eec3e97847aab34b5ed353ae7dfdc842a488e5,ablation/iql_amo/antmaze-umaze-diverse-v2/2e-3/seed_1/amud_s1_beta5_Tlr0p002__07c5bbd9,/raid/ext_csv/AMO_store/iql_amo_qweight_jax_beta125_rho_loco_antmaze_seeds0to3/runs/iqlamo_qw_jax_am-u-div_b5_rho2em3_s1,eval.jsonl,1,normalized_score,2026-09-18T13:19:39.188254+00:00
iql_amo,5,0.002,antmaze-umaze-diverse-v2,2,,,False,,True,1,ext_csv,jax,amud_s2_beta5_Tlr0p002__536c6c6b,ceffa5373681e09b20d5b513091bccd4d301a4eb,b6eec3e97847aab34b5ed353ae7dfdc842a488e5,ablation/iql_amo/antmaze-umaze-diverse-v2/2e-3/seed_2/amud_s2_beta5_Tlr0p002__536c6c6b,/raid/ext_csv/AMO_store/iql_amo_qweight_jax_beta125_rho_loco_antmaze_seeds0to3/runs/iqlamo_qw_jax_am-u-div_b5_rho2em3_s2,,,,
iql_amo,5,0.001,antmaze-umaze-diverse-v2,0,54.0,1000000,True,50,True,1,ext_csv,jax,amud_s0_beta5_Tlr0p001__c663d9a1,ceffa5373681e09b20d5b513091bccd4d301a4eb,b6eec3e97847aab34b5ed353ae7dfdc842a488e5,ablation/iql_amo/antmaze-umaze-diverse-v2/1e-3/seed_0/amud_s0_beta5_Tlr0p001__c663d9a1,/raid/ext_csv/AMO_store/iql_amo_qweight_jax_beta125_rho_loco_antmaze_seeds0to3/runs/iqlamo_qw_jax_am-u-div_b5_rho1em3_s0,eval.jsonl,1,normalized_score,2026-09-18T11:50:27.967557+00:00
iql_amo,5,0.001,antmaze-umaze-diverse-v2,1,46.0,1000000,True,50,True,1,ext_csv,jax,amud_s1_beta5_Tlr0p001__de29b057,ceffa5373681e09b20d5b513091bccd4d301a4eb,b6eec3e97847aab34b5ed353ae7dfdc842a488e5,ablation/iql_amo/antmaze-umaze-diverse-v2/1e-3/seed_1/amud_s1_beta5_Tlr0p001__de29b057,/raid/ext_csv/AMO_store/iql_amo_qweight_jax_beta125_rho_loco_antmaze_seeds0to3/runs/iqlamo_qw_jax_am-u-div_b5_rho1em3_s1,eval.jsonl,1,normalized_score,2026-09-18T13:20:16.110425+00:00
iql_amo,5,0.001,antmaze-umaze-diverse-v2,2,,,False,,True,1,ext_csv,jax,amud_s2_beta5_Tlr0p001__f3e40318,ceffa5373681e09b20d5b513091bccd4d301a4eb,b6eec3e97847aab34b5ed353ae7dfdc842a488e5,ablation/iql_amo/antmaze-umaze-diverse-v2/1e-3/seed_2/amud_s2_beta5_Tlr0p001__f3e40318,/raid/ext_csv/AMO_store/iql_amo_qweight_jax_beta125_rho_loco_antmaze_seeds0to3/runs/iqlamo_qw_jax_am-u-div_b5_rho1em3_s2,,,,
iql_amo,5,0.0003,antmaze-umaze-diverse-v2,0,57.99999999999999,1000000,True,50,True,1,ext_csv,jax,amud_s0_beta5_Tlr0p0003__79a39453,ceffa5373681e09b20d5b513091bccd4d301a4eb,b6eec3e97847aab34b5ed353ae7dfdc842a488e5,ablation/iql_amo/antmaze-umaze-diverse-v2/3e-4/seed_0/amud_s0_beta5_Tlr0p0003__79a39453,/raid/ext_csv/AMO_store/iql_amo_qweight_jax_beta125_rho_loco_antmaze_seeds0to3/runs/iqlamo_qw_jax_am-u-div_b5_rho3em4_s0,eval.jsonl,1,normalized_score,2026-09-18T11:50:26.582832+00:00
iql_amo,5,0.0003,antmaze-umaze-diverse-v2,1,70.0,1000000,True,50,True,1,ext_csv,jax,amud_s1_beta5_Tlr0p0003__3ee2c5eb,ceffa5373681e09b20d5b513091bccd4d301a4eb,b6eec3e97847aab34b5ed353ae7dfdc842a488e5,ablation/iql_amo/antmaze-umaze-diverse-v2/3e-4/seed_1/amud_s1_beta5_Tlr0p0003__3ee2c5eb,/raid/ext_csv/AMO_store/iql_amo_qweight_jax_beta125_rho_loco_antmaze_seeds0to3/runs/iqlamo_qw_jax_am-u-div_b5_rho3em4_s1,eval.jsonl,1,normalized_score,2026-09-18T13:20:34.407958+00:00
iql_amo,5,0.0003,antmaze-umaze-diverse-v2,2,,,False,,True,1,ext_csv,jax,amud_s2_beta5_Tlr0p0003__1d27aad1,ceffa5373681e09b20d5b513091bccd4d301a4eb,b6eec3e97847aab34b5ed353ae7dfdc842a488e5,ablation/iql_amo/antmaze-umaze-diverse-v2/3e-4/seed_2/amud_s2_beta5_Tlr0p0003__1d27aad1,/raid/ext_csv/AMO_store/iql_amo_qweight_jax_beta125_rho_loco_antmaze_seeds0to3/runs/iqlamo_qw_jax_am-u-div_b5_rho3em4_s2,,,,
iql_amo,5,0.002,antmaze-medium-play-v2,0,50.0,1000000,True,50,True,1,ext_csv,jax,ammp_s0_beta5_Tlr0p002__28d5dcce,ceffa5373681e09b20d5b513091bccd4d301a4eb,b6eec3e97847aab34b5ed353ae7dfdc842a488e5,ablation/iql_amo/antmaze-medium-play-v2/2e-3/seed_0/ammp_s0_beta5_Tlr0p002__28d5dcce,/raid/ext_csv/AMO_store/iql_amo_qweight_jax_beta125_rho_loco_antmaze_seeds0to3/runs/iqlamo_qw_jax_am-m-p_b5_rho2em3_s0,eval.jsonl,1,normalized_score,2026-09-18T12:17:46.171711+00:00
iql_amo,5,0.002,antmaze-medium-play-v2,1,54.0,1000000,True,50,True,1,ext_csv,jax,ammp_s1_beta5_Tlr0p002__4195a12c,ceffa5373681e09b20d5b513091bccd4d301a4eb,b6eec3e97847aab34b5ed353ae7dfdc842a488e5,ablation/iql_amo/antmaze-medium-play-v2/2e-3/seed_1/ammp_s1_beta5_Tlr0p002__4195a12c,/raid/ext_csv/AMO_store/iql_amo_qweight_jax_beta125_rho_loco_antmaze_seeds0to3/runs/iqlamo_qw_jax_am-m-p_b5_rho2em3_s1,eval.jsonl,1,normalized_score,2026-09-18T13:59:32.661563+00:00
iql_amo,5,0.002,antmaze-medium-play-v2,2,,,False,,True,1,ext_csv,jax,ammp_s2_beta5_Tlr0p002__46a46b95,ceffa5373681e09b20d5b513091bccd4d301a4eb,b6eec3e97847aab34b5ed353ae7dfdc842a488e5,ablation/iql_amo/antmaze-medium-play-v2/2e-3/seed_2/ammp_s2_beta5_Tlr0p002__46a46b95,/raid/ext_csv/AMO_store/iql_amo_qweight_jax_beta125_rho_loco_antmaze_seeds0to3/runs/iqlamo_qw_jax_am-m-p_b5_rho2em3_s2,,,,
iql_amo,5,0.001,antmaze-medium-play-v2,0,56.00000000000001,1000000,True,50,True,1,ext_csv,jax,ammp_s0_beta5_Tlr0p001__824f4022,ceffa5373681e09b20d5b513091bccd4d301a4eb,b6eec3e97847aab34b5ed353ae7dfdc842a488e5,ablation/iql_amo/antmaze-medium-play-v2/1e-3/seed_0/ammp_s0_beta5_Tlr0p001__824f4022,/raid/ext_csv/AMO_store/iql_amo_qweight_jax_beta125_rho_loco_antmaze_seeds0to3/runs/iqlamo_qw_jax_am-m-p_b5_rho1em3_s0,eval.jsonl,1,normalized_score,2026-09-18T12:06:25.908271+00:00
iql_amo,5,0.001,antmaze-medium-play-v2,1,52.0,1000000,True,50,True,1,ext_csv,jax,ammp_s1_beta5_Tlr0p001__deb2fdf8,ceffa5373681e09b20d5b513091bccd4d301a4eb,b6eec3e97847aab34b5ed353ae7dfdc842a488e5,ablation/iql_amo/antmaze-medium-play-v2/1e-3/seed_1/ammp_s1_beta5_Tlr0p001__deb2fdf8,/raid/ext_csv/AMO_store/iql_amo_qweight_jax_beta125_rho_loco_antmaze_seeds0to3/runs/iqlamo_qw_jax_am-m-p_b5_rho1em3_s1,eval.jsonl,1,normalized_score,2026-09-18T13:59:08.880891+00:00
iql_amo,5,0.001,antmaze-medium-play-v2,2,,,False,,True,1,ext_csv,jax,ammp_s2_beta5_Tlr0p001__85e20a5a,ceffa5373681e09b20d5b513091bccd4d301a4eb,b6eec3e97847aab34b5ed353ae7dfdc842a488e5,ablation/iql_amo/antmaze-medium-play-v2/1e-3/seed_2/ammp_s2_beta5_Tlr0p001__85e20a5a,/raid/ext_csv/AMO_store/iql_amo_qweight_jax_beta125_rho_loco_antmaze_seeds0to3/runs/iqlamo_qw_jax_am-m-p_b5_rho1em3_s2,,,,
iql_amo,5,0.0003,antmaze-medium-play-v2,0,54.0,1000000,True,50,True,1,ext_csv,jax,ammp_s0_beta5_Tlr0p0003__d535a6f5,ceffa5373681e09b20d5b513091bccd4d301a4eb,b6eec3e97847aab34b5ed353ae7dfdc842a488e5,ablation/iql_amo/antmaze-medium-play-v2/3e-4/seed_0/ammp_s0_beta5_Tlr0p0003__d535a6f5,/raid/ext_csv/AMO_store/iql_amo_qweight_jax_beta125_rho_loco_antmaze_seeds0to3/runs/iqlamo_qw_jax_am-m-p_b5_rho3em4_s0,eval.jsonl,1,normalized_score,2026-09-18T12:04:47.450902+00:00
iql_amo,5,0.0003,antmaze-medium-play-v2,1,64.0,1000000,True,50,True,1,ext_csv,jax,ammp_s1_beta5_Tlr0p0003__132b5233,ceffa5373681e09b20d5b513091bccd4d301a4eb,b6eec3e97847aab34b5ed353ae7dfdc842a488e5,ablation/iql_amo/antmaze-medium-play-v2/3e-4/seed_1/ammp_s1_beta5_Tlr0p0003__132b5233,/raid/ext_csv/AMO_store/iql_amo_qweight_jax_beta125_rho_loco_antmaze_seeds0to3/runs/iqlamo_qw_jax_am-m-p_b5_rho3em4_s1,eval.jsonl,1,normalized_score,2026-09-18T13:59:46.015629+00:00
iql_amo,5,0.0003,antmaze-medium-play-v2,2,,,False,,True,1,ext_csv,jax,ammp_s2_beta5_Tlr0p0003__08aa4369,ceffa5373681e09b20d5b513091bccd4d301a4eb,b6eec3e97847aab34b5ed353ae7dfdc842a488e5,ablation/iql_amo/antmaze-medium-play-v2/3e-4/seed_2/ammp_s2_beta5_Tlr0p0003__08aa4369,/raid/ext_csv/AMO_store/iql_amo_qweight_jax_beta125_rho_loco_antmaze_seeds0to3/runs/iqlamo_qw_jax_am-m-p_b5_rho3em4_s2,,,,
iql_amo,5,0.002,antmaze-medium-diverse-v2,0,57.99999999999999,1000000,True,50,True,1,ext_csv,jax,ammd_s0_beta5_Tlr0p002__3002f2e1,ceffa5373681e09b20d5b513091bccd4d301a4eb,b6eec3e97847aab34b5ed353ae7dfdc842a488e5,ablation/iql_amo/antmaze-medium-diverse-v2/2e-3/seed_0/ammd_s0_beta5_Tlr0p002__3002f2e1,/raid/ext_csv/AMO_store/iql_amo_qweight_jax_beta125_rho_loco_antmaze_seeds0to3/runs/iqlamo_qw_jax_am-m-div_b5_rho2em3_s0,eval.jsonl,1,normalized_score,2026-09-18T12:18:41.700432+00:00
iql_amo,5,0.002,antmaze-medium-diverse-v2,1,57.99999999999999,1000000,True,50,True,1,ext_csv,jax,ammd_s1_beta5_Tlr0p002__2924f2f0,ceffa5373681e09b20d5b513091bccd4d301a4eb,b6eec3e97847aab34b5ed353ae7dfdc842a488e5,ablation/iql_amo/antmaze-medium-diverse-v2/2e-3/seed_1/ammd_s1_beta5_Tlr0p002__2924f2f0,/raid/ext_csv/AMO_store/iql_amo_qweight_jax_beta125_rho_loco_antmaze_seeds0to3/runs/iqlamo_qw_jax_am-m-div_b5_rho2em3_s1,eval.jsonl,1,normalized_score,2026-09-18T14:01:07.012988+00:00
iql_amo,5,0.002,antmaze-medium-diverse-v2,2,,,False,,True,1,ext_csv,jax,ammd_s2_beta5_Tlr0p002__c0be5504,ceffa5373681e09b20d5b513091bccd4d301a4eb,b6eec3e97847aab34b5ed353ae7dfdc842a488e5,ablation/iql_amo/antmaze-medium-diverse-v2/2e-3/seed_2/ammd_s2_beta5_Tlr0p002__c0be5504,/raid/ext_csv/AMO_store/iql_amo_qweight_jax_beta125_rho_loco_antmaze_seeds0to3/runs/iqlamo_qw_jax_am-m-div_b5_rho2em3_s2,,,,
iql_amo,5,0.001,antmaze-medium-diverse-v2,0,48.0,1000000,True,50,True,1,ext_csv,jax,ammd_s0_beta5_Tlr0p001__25618d0e,ceffa5373681e09b20d5b513091bccd4d301a4eb,b6eec3e97847aab34b5ed353ae7dfdc842a488e5,ablation/iql_amo/antmaze-medium-diverse-v2/1e-3/seed_0/ammd_s0_beta5_Tlr0p001__25618d0e,/raid/ext_csv/AMO_store/iql_amo_qweight_jax_beta125_rho_loco_antmaze_seeds0to3/runs/iqlamo_qw_jax_am-m-div_b5_rho1em3_s0,eval.jsonl,1,normalized_score,2026-09-18T12:17:46.587817+00:00
iql_amo,5,0.001,antmaze-medium-diverse-v2,1,50.0,1000000,True,50,True,1,ext_csv,jax,ammd_s1_beta5_Tlr0p001__28acc6a0,ceffa5373681e09b20d5b513091bccd4d301a4eb,b6eec3e97847aab34b5ed353ae7dfdc842a488e5,ablation/iql_amo/antmaze-medium-diverse-v2/1e-3/seed_1/ammd_s1_beta5_Tlr0p001__28acc6a0,/raid/ext_csv/AMO_store/iql_amo_qweight_jax_beta125_rho_loco_antmaze_seeds0to3/runs/iqlamo_qw_jax_am-m-div_b5_rho1em3_s1,eval.jsonl,1,normalized_score,2026-09-18T14:00:29.869410+00:00
iql_amo,5,0.001,antmaze-medium-diverse-v2,2,,,False,,True,1,ext_csv,jax,ammd_s2_beta5_Tlr0p001__7e66c8a6,ceffa5373681e09b20d5b513091bccd4d301a4eb,b6eec3e97847aab34b5ed353ae7dfdc842a488e5,ablation/iql_amo/antmaze-medium-diverse-v2/1e-3/seed_2/ammd_s2_beta5_Tlr0p001__7e66c8a6,/raid/ext_csv/AMO_store/iql_amo_qweight_jax_beta125_rho_loco_antmaze_seeds0to3/runs/iqlamo_qw_jax_am-m-div_b5_rho1em3_s2,,,,
iql_amo,5,0.0003,antmaze-medium-diverse-v2,0,56.00000000000001,1000000,True,50,True,1,ext_csv,jax,ammd_s0_beta5_Tlr0p0003__4802cca7,ceffa5373681e09b20d5b513091bccd4d301a4eb,b6eec3e97847aab34b5ed353ae7dfdc842a488e5,ablation/iql_amo/antmaze-medium-diverse-v2/3e-4/seed_0/ammd_s0_beta5_Tlr0p0003__4802cca7,/raid/ext_csv/AMO_store/iql_amo_qweight_jax_beta125_rho_loco_antmaze_seeds0to3/runs/iqlamo_qw_jax_am-m-div_b5_rho3em4_s0,eval.jsonl,1,normalized_score,2026-09-18T12:18:19.847760+00:00
iql_amo,5,0.0003,antmaze-medium-diverse-v2,1,54.0,1000000,True,50,True,1,ext_csv,jax,ammd_s1_beta5_Tlr0p0003__1dc06267,ceffa5373681e09b20d5b513091bccd4d301a4eb,b6eec3e97847aab34b5ed353ae7dfdc842a488e5,ablation/iql_amo/antmaze-medium-diverse-v2/3e-4/seed_1/ammd_s1_beta5_Tlr0p0003__1dc06267,/raid/ext_csv/AMO_store/iql_amo_qweight_jax_beta125_rho_loco_antmaze_seeds0to3/runs/iqlamo_qw_jax_am-m-div_b5_rho3em4_s1,eval.jsonl,1,normalized_score,2026-09-18T14:01:04.923060+00:00
iql_amo,5,0.0003,antmaze-medium-diverse-v2,2,,,False,,True,1,ext_csv,jax,ammd_s2_beta5_Tlr0p0003__40cbbf56,ceffa5373681e09b20d5b513091bccd4d301a4eb,b6eec3e97847aab34b5ed353ae7dfdc842a488e5,ablation/iql_amo/antmaze-medium-diverse-v2/3e-4/seed_2/ammd_s2_beta5_Tlr0p0003__40cbbf56,/raid/ext_csv/AMO_store/iql_amo_qweight_jax_beta125_rho_loco_antmaze_seeds0to3/runs/iqlamo_qw_jax_am-m-div_b5_rho3em4_s2,,,,
iql_amo,5,0.002,antmaze-large-play-v2,0,24.0,1000000,True,50,True,1,ext_csv,jax,amlp_s0_beta5_Tlr0p002__c05a4aeb,ceffa5373681e09b20d5b513091bccd4d301a4eb,b6eec3e97847aab34b5ed353ae7dfdc842a488e5,ablation/iql_amo/antmaze-large-play-v2/2e-3/seed_0/amlp_s0_beta5_Tlr0p002__c05a4aeb,/raid/ext_csv/AMO_store/iql_amo_qweight_jax_beta125_rho_loco_antmaze_seeds0to3/runs/iqlamo_qw_jax_am-l-p_b5_rho2em3_s0,eval.jsonl,1,normalized_score,2026-09-18T12:42:25.248201+00:00
iql_amo,5,0.002,antmaze-large-play-v2,1,34.0,1000000,True,50,True,1,ext_csv,jax,amlp_s1_beta5_Tlr0p002__78ef5f2e,ceffa5373681e09b20d5b513091bccd4d301a4eb,b6eec3e97847aab34b5ed353ae7dfdc842a488e5,ablation/iql_amo/antmaze-large-play-v2/2e-3/seed_1/amlp_s1_beta5_Tlr0p002__78ef5f2e,/raid/ext_csv/AMO_store/iql_amo_qweight_jax_beta125_rho_loco_antmaze_seeds0to3/runs/iqlamo_qw_jax_am-l-p_b5_rho2em3_s1,eval.jsonl,1,normalized_score,2026-09-18T14:41:03.153555+00:00
iql_amo,5,0.001,antmaze-large-play-v2,0,30.0,1000000,True,50,True,1,ext_csv,jax,amlp_s0_beta5_Tlr0p001__830f30ab,ceffa5373681e09b20d5b513091bccd4d301a4eb,b6eec3e97847aab34b5ed353ae7dfdc842a488e5,ablation/iql_amo/antmaze-large-play-v2/1e-3/seed_0/amlp_s0_beta5_Tlr0p001__830f30ab,/raid/ext_csv/AMO_store/iql_amo_qweight_jax_beta125_rho_loco_antmaze_seeds0to3/runs/iqlamo_qw_jax_am-l-p_b5_rho1em3_s0,eval.jsonl,1,normalized_score,2026-09-18T12:40:15.433744+00:00
iql_amo,5,0.001,antmaze-large-play-v2,1,34.0,1000000,True,50,True,1,ext_csv,jax,amlp_s1_beta5_Tlr0p001__cc705863,ceffa5373681e09b20d5b513091bccd4d301a4eb,b6eec3e97847aab34b5ed353ae7dfdc842a488e5,ablation/iql_amo/antmaze-large-play-v2/1e-3/seed_1/amlp_s1_beta5_Tlr0p001__cc705863,/raid/ext_csv/AMO_store/iql_amo_qweight_jax_beta125_rho_loco_antmaze_seeds0to3/runs/iqlamo_qw_jax_am-l-p_b5_rho1em3_s1,eval.jsonl,1,normalized_score,2026-09-18T14:40:04.579097+00:00
iql_amo,5,0.001,antmaze-large-play-v2,2,,,False,,True,1,ext_csv,jax,amlp_s2_beta5_Tlr0p001__52c29283,ceffa5373681e09b20d5b513091bccd4d301a4eb,b6eec3e97847aab34b5ed353ae7dfdc842a488e5,ablation/iql_amo/antmaze-large-play-v2/1e-3/seed_2/amlp_s2_beta5_Tlr0p001__52c29283,/raid/ext_csv/AMO_store/iql_amo_qweight_jax_beta125_rho_loco_antmaze_seeds0to3/runs/iqlamo_qw_jax_am-l-p_b5_rho1em3_s2,,,,
iql_amo,5,0.0003,antmaze-large-play-v2,0,14.000000000000002,1000000,True,50,True,1,ext_csv,jax,amlp_s0_beta5_Tlr0p0003__692e0341,ceffa5373681e09b20d5b513091bccd4d301a4eb,b6eec3e97847aab34b5ed353ae7dfdc842a488e5,ablation/iql_amo/antmaze-large-play-v2/3e-4/seed_0/amlp_s0_beta5_Tlr0p0003__692e0341,/raid/ext_csv/AMO_store/iql_amo_qweight_jax_beta125_rho_loco_antmaze_seeds0to3/runs/iqlamo_qw_jax_am-l-p_b5_rho3em4_s0,eval.jsonl,1,normalized_score,2026-09-18T12:43:49.788559+00:00
iql_amo,5,0.0003,antmaze-large-play-v2,1,26.0,1000000,True,50,True,1,ext_csv,jax,amlp_s1_beta5_Tlr0p0003__38892dec,ceffa5373681e09b20d5b513091bccd4d301a4eb,b6eec3e97847aab34b5ed353ae7dfdc842a488e5,ablation/iql_amo/antmaze-large-play-v2/3e-4/seed_1/amlp_s1_beta5_Tlr0p0003__38892dec,/raid/ext_csv/AMO_store/iql_amo_qweight_jax_beta125_rho_loco_antmaze_seeds0to3/runs/iqlamo_qw_jax_am-l-p_b5_rho3em4_s1,eval.jsonl,1,normalized_score,2026-09-18T14:41:00.032269+00:00
iql_amo,5,0.0003,antmaze-large-play-v2,2,,,False,,True,1,ext_csv,jax,amlp_s2_beta5_Tlr0p0003__838831e6,ceffa5373681e09b20d5b513091bccd4d301a4eb,b6eec3e97847aab34b5ed353ae7dfdc842a488e5,ablation/iql_amo/antmaze-large-play-v2/3e-4/seed_2/amlp_s2_beta5_Tlr0p0003__838831e6,/raid/ext_csv/AMO_store/iql_amo_qweight_jax_beta125_rho_loco_antmaze_seeds0to3/runs/iqlamo_qw_jax_am-l-p_b5_rho3em4_s2,,,,
iql_amo,5,0.002,antmaze-large-diverse-v2,0,44.0,1000000,True,50,True,1,ext_csv,jax,amld_s0_beta5_Tlr0p002__60727fce,ceffa5373681e09b20d5b513091bccd4d301a4eb,b6eec3e97847aab34b5ed353ae7dfdc842a488e5,ablation/iql_amo/antmaze-large-diverse-v2/2e-3/seed_0/amld_s0_beta5_Tlr0p002__60727fce,/raid/ext_csv/AMO_store/iql_amo_qweight_jax_beta125_rho_loco_antmaze_seeds0to3/runs/iqlamo_qw_jax_am-l-div_b5_rho2em3_s0,eval.jsonl,1,normalized_score,2026-09-18T12:40:34.505297+00:00
iql_amo,5,0.002,antmaze-large-diverse-v2,1,34.0,1000000,True,50,True,1,ext_csv,jax,amld_s1_beta5_Tlr0p002__a9ed4db3,ceffa5373681e09b20d5b513091bccd4d301a4eb,b6eec3e97847aab34b5ed353ae7dfdc842a488e5,ablation/iql_amo/antmaze-large-diverse-v2/2e-3/seed_1/amld_s1_beta5_Tlr0p002__a9ed4db3,/raid/ext_csv/AMO_store/iql_amo_qweight_jax_beta125_rho_loco_antmaze_seeds0to3/runs/iqlamo_qw_jax_am-l-div_b5_rho2em3_s1,eval.jsonl,1,normalized_score,2026-09-18T14:42:57.931986+00:00
iql_amo,5,0.001,antmaze-large-diverse-v2,0,26.0,1000000,True,50,True,1,ext_csv,jax,amld_s0_beta5_Tlr0p001__0a3ea500,ceffa5373681e09b20d5b513091bccd4d301a4eb,b6eec3e97847aab34b5ed353ae7dfdc842a488e5,ablation/iql_amo/antmaze-large-diverse-v2/1e-3/seed_0/amld_s0_beta5_Tlr0p001__0a3ea500,/raid/ext_csv/AMO_store/iql_amo_qweight_jax_beta125_rho_loco_antmaze_seeds0to3/runs/iqlamo_qw_jax_am-l-div_b5_rho1em3_s0,eval.jsonl,1,normalized_score,2026-09-18T12:42:05.911158+00:00
iql_amo,5,0.001,antmaze-large-diverse-v2,1,20.0,1000000,True,50,True,1,ext_csv,jax,amld_s1_beta5_Tlr0p001__2c20fe4f,ceffa5373681e09b20d5b513091bccd4d301a4eb,b6eec3e97847aab34b5ed353ae7dfdc842a488e5,ablation/iql_amo/antmaze-large-diverse-v2/1e-3/seed_1/amld_s1_beta5_Tlr0p001__2c20fe4f,/raid/ext_csv/AMO_store/iql_amo_qweight_jax_beta125_rho_loco_antmaze_seeds0to3/runs/iqlamo_qw_jax_am-l-div_b5_rho1em3_s1,eval.jsonl,1,normalized_score,2026-09-18T14:43:00.263137+00:00
iql_amo,5,0.0003,antmaze-large-diverse-v2,0,40.0,1000000,True,50,True,1,ext_csv,jax,amld_s0_beta5_Tlr0p0003__3a8c2f1c,ceffa5373681e09b20d5b513091bccd4d301a4eb,b6eec3e97847aab34b5ed353ae7dfdc842a488e5,ablation/iql_amo/antmaze-large-diverse-v2/3e-4/seed_0/amld_s0_beta5_Tlr0p0003__3a8c2f1c,/raid/ext_csv/AMO_store/iql_amo_qweight_jax_beta125_rho_loco_antmaze_seeds0to3/runs/iqlamo_qw_jax_am-l-div_b5_rho3em4_s0,eval.jsonl,1,normalized_score,2026-09-18T12:42:55.606791+00:00
iql_amo,5,0.0003,antmaze-large-diverse-v2,1,20.0,1000000,True,50,True,1,ext_csv,jax,amld_s1_beta5_Tlr0p0003__921a5c92,ceffa5373681e09b20d5b513091bccd4d301a4eb,b6eec3e97847aab34b5ed353ae7dfdc842a488e5,ablation/iql_amo/antmaze-large-diverse-v2/3e-4/seed_1/amld_s1_beta5_Tlr0p0003__921a5c92,/raid/ext_csv/AMO_store/iql_amo_qweight_jax_beta125_rho_loco_antmaze_seeds0to3/runs/iqlamo_qw_jax_am-l-div_b5_rho3em4_s1,eval.jsonl,1,normalized_score,2026-09-18T14:43:56.758268+00:00
