method,initial,meta_lr,env,seed,score,step,aggregate,episodes,selected,candidate_runs,branch,backend,run_id,code_commit,log_commit,rel_path,source_path,eval_file,eval_line,score_field,evaluated_at
td3_amo,1,0.002,halfcheetah-medium-v2,0,57.282742094597616,1000000,True,50,True,1,ext_csv,jax,hcm_s0_ae1_ab1_Tlr0p002__59a79297,1e34514ddf70bfc8a78757d9a78b82306627164c,32edbe55c2befd86f645192b55d2156f2f8abffc,ablation/td3_amo/halfcheetah-medium-v2/2e-3/seed_0/hcm_s0_ae1_ab1_Tlr0p002__59a79297,/raid/ext_csv/AMO_store/td3_amo_jax_loco_antmaze_alpha1_alr_seeds0to3/runs/td3amo_jax_hc-m_a1_alr2em3_s0,eval.jsonl,1,normalized_score,2026-09-15T06:42:09.696944+00:00
td3_amo,1,0.002,halfcheetah-medium-v2,1,56.54649011142351,1000000,True,50,True,1,ext_csv,jax,hcm_s1_ae1_ab1_Tlr0p002__005cf501,1e34514ddf70bfc8a78757d9a78b82306627164c,32edbe55c2befd86f645192b55d2156f2f8abffc,ablation/td3_amo/halfcheetah-medium-v2/2e-3/seed_1/hcm_s1_ae1_ab1_Tlr0p002__005cf501,/raid/ext_csv/AMO_store/td3_amo_jax_loco_antmaze_alpha1_alr_seeds0to3/runs/td3amo_jax_hc-m_a1_alr2em3_s1,eval.jsonl,1,normalized_score,2026-09-15T06:42:27.747209+00:00
td3_amo,1,0.002,halfcheetah-medium-v2,2,55.92289121528613,1000000,True,50,True,1,ext_csv,jax,hcm_s2_ae1_ab1_Tlr0p002__3cfd8b5b,1e34514ddf70bfc8a78757d9a78b82306627164c,32edbe55c2befd86f645192b55d2156f2f8abffc,ablation/td3_amo/halfcheetah-medium-v2/2e-3/seed_2/hcm_s2_ae1_ab1_Tlr0p002__3cfd8b5b,/raid/ext_csv/AMO_store/td3_amo_jax_loco_antmaze_alpha1_alr_seeds0to3/runs/td3amo_jax_hc-m_a1_alr2em3_s2,eval.jsonl,1,normalized_score,2026-09-15T06:42:48.180710+00:00
td3_amo,1,0.002,halfcheetah-medium-v2,3,57.35624930745698,1000000,True,50,True,1,ext_csv,jax,hcm_s3_ae1_ab1_Tlr0p002__9478b98e,1e34514ddf70bfc8a78757d9a78b82306627164c,32edbe55c2befd86f645192b55d2156f2f8abffc,ablation/td3_amo/halfcheetah-medium-v2/2e-3/seed_3/hcm_s3_ae1_ab1_Tlr0p002__9478b98e,/raid/ext_csv/AMO_store/td3_amo_jax_loco_antmaze_alpha1_alr_seeds0to3/runs/td3amo_jax_hc-m_a1_alr2em3_s3,eval.jsonl,1,normalized_score,2026-09-15T06:43:08.707486+00:00
td3_amo,1,0.001,halfcheetah-medium-v2,0,53.732568541861944,1000000,True,50,True,2,ext_csv,jax,hcm_s0_ae1_ab1_Tlr0p001__7fd7fc5c,1e34514ddf70bfc8a78757d9a78b82306627164c,32edbe55c2befd86f645192b55d2156f2f8abffc,ablation/td3_amo/halfcheetah-medium-v2/1e-3/seed_0/hcm_s0_ae1_ab1_Tlr0p001__7fd7fc5c,/raid/ext_csv/AMO_store/td3_amo_jax_loco_antmaze_alpha1_alr_seeds0to3/runs/td3amo_jax_hc-m_a1_alr1em3_s0,eval.jsonl,1,normalized_score,2026-09-15T03:42:58.269310+00:00
td3_amo,1,0.001,halfcheetah-medium-v2,0,53.533523101138215,1000000,True,50,False,2,shchoi,jax,hcm_s0_default__ba6b566f,1e34514ddf70bfc8a78757d9a78b82306627164c,aa9e29b18841961a07cba1afe3a44a6048ce24e6,ablation/td3_amo/halfcheetah-medium-v2/1e-3/seed_0/hcm_s0_default__ba6b566f,/home/shchoi/AMO_td3-amo-bootrms/results/td3_amo_jax_a1_s03/runs/td3amo_jax_a1_tlr1em3_hc-m_s0,final_eval_50.jsonl,1,d4rl_normalized_score,2026-09-19T12:01:11.907433+00:00
td3_amo,1,0.001,halfcheetah-medium-v2,1,52.453441647053126,1000000,True,50,True,2,ext_csv,jax,hcm_s1_ae1_ab1_Tlr0p001__2fc9360b,1e34514ddf70bfc8a78757d9a78b82306627164c,32edbe55c2befd86f645192b55d2156f2f8abffc,ablation/td3_amo/halfcheetah-medium-v2/1e-3/seed_1/hcm_s1_ae1_ab1_Tlr0p001__2fc9360b,/raid/ext_csv/AMO_store/td3_amo_jax_loco_antmaze_alpha1_alr_seeds0to3/runs/td3amo_jax_hc-m_a1_alr1em3_s1,eval.jsonl,1,normalized_score,2026-09-15T04:07:18.512664+00:00
td3_amo,1,0.001,halfcheetah-medium-v2,1,52.30424582293283,1000000,True,50,False,2,shchoi,jax,hcm_s1_default__610f4c7e,1e34514ddf70bfc8a78757d9a78b82306627164c,aa9e29b18841961a07cba1afe3a44a6048ce24e6,ablation/td3_amo/halfcheetah-medium-v2/1e-3/seed_1/hcm_s1_default__610f4c7e,/home/shchoi/AMO_td3-amo-bootrms/results/td3_amo_jax_a1_s03/runs/td3amo_jax_a1_tlr1em3_hc-m_s1,final_eval_50.jsonl,1,d4rl_normalized_score,2026-09-19T16:21:23.888724+00:00
td3_amo,1,0.001,halfcheetah-medium-v2,2,52.33657343112383,1000000,True,50,False,2,ext_csv,jax,hcm_s2_ae1_ab1_Tlr0p001__fc0132c9,1e34514ddf70bfc8a78757d9a78b82306627164c,32edbe55c2befd86f645192b55d2156f2f8abffc,ablation/td3_amo/halfcheetah-medium-v2/1e-3/seed_2/hcm_s2_ae1_ab1_Tlr0p001__fc0132c9,/raid/ext_csv/AMO_store/td3_amo_jax_loco_antmaze_alpha1_alr_seeds0to3/runs/td3amo_jax_hc-m_a1_alr1em3_s2,eval.jsonl,1,normalized_score,2026-09-15T06:41:24.709092+00:00
td3_amo,1,0.001,halfcheetah-medium-v2,2,53.53448903709446,1000000,True,50,True,2,shchoi,jax,hcm_s2_default__c9d08106,1e34514ddf70bfc8a78757d9a78b82306627164c,aa9e29b18841961a07cba1afe3a44a6048ce24e6,ablation/td3_amo/halfcheetah-medium-v2/1e-3/seed_2/hcm_s2_default__c9d08106,/home/shchoi/AMO_td3-amo-bootrms/results/td3_amo_jax_a1_s03/runs/td3amo_jax_a1_tlr1em3_hc-m_s2,final_eval_50.jsonl,1,d4rl_normalized_score,2026-09-19T18:36:04.525292+00:00
td3_amo,1,0.001,halfcheetah-medium-v2,3,52.86048922559263,1000000,True,50,False,2,ext_csv,jax,hcm_s3_ae1_ab1_Tlr0p001__f116e699,1e34514ddf70bfc8a78757d9a78b82306627164c,32edbe55c2befd86f645192b55d2156f2f8abffc,ablation/td3_amo/halfcheetah-medium-v2/1e-3/seed_3/hcm_s3_ae1_ab1_Tlr0p001__f116e699,/raid/ext_csv/AMO_store/td3_amo_jax_loco_antmaze_alpha1_alr_seeds0to3/runs/td3amo_jax_hc-m_a1_alr1em3_s3,eval.jsonl,1,normalized_score,2026-09-15T06:41:47.461692+00:00
td3_amo,1,0.001,halfcheetah-medium-v2,3,53.52439529730321,1000000,True,50,True,2,shchoi,jax,hcm_s3_default__bf9cc2c4,1e34514ddf70bfc8a78757d9a78b82306627164c,aa9e29b18841961a07cba1afe3a44a6048ce24e6,ablation/td3_amo/halfcheetah-medium-v2/1e-3/seed_3/hcm_s3_default__bf9cc2c4,/home/shchoi/AMO_td3-amo-bootrms/results/td3_amo_jax_a1_s03/runs/td3amo_jax_a1_tlr1em3_hc-m_s3,final_eval_50.jsonl,1,d4rl_normalized_score,2026-09-19T20:24:31.740070+00:00
td3_amo,1,0.0003,halfcheetah-medium-v2,0,48.19901529706944,1000000,True,50,False,2,ext_csv,jax,hcm_s0_ae1_ab1_Tlr0p0003__a7df7dc3,1e34514ddf70bfc8a78757d9a78b82306627164c,32edbe55c2befd86f645192b55d2156f2f8abffc,ablation/td3_amo/halfcheetah-medium-v2/3e-4/seed_0/hcm_s0_ae1_ab1_Tlr0p0003__a7df7dc3,/raid/ext_csv/AMO_store/td3_amo_jax_loco_antmaze_alpha1_alr_seeds0to3/runs/td3amo_jax_hc-m_a1_alr3em4_s0,eval.jsonl,1,normalized_score,2026-09-15T04:07:39.594306+00:00
td3_amo,1,0.0003,halfcheetah-medium-v2,0,48.37436846224962,1000000,True,50,True,2,shchoi,jax,hcm_s0_default__2a174a69,1e34514ddf70bfc8a78757d9a78b82306627164c,aa9e29b18841961a07cba1afe3a44a6048ce24e6,ablation/td3_amo/halfcheetah-medium-v2/3e-4/seed_0/hcm_s0_default__2a174a69,/home/shchoi/AMO_td3-amo-bootrms/results/td3_amo_jax_a1_s03/runs/td3amo_jax_a1_tlr3em4_hc-m_s0,final_eval_50.jsonl,1,d4rl_normalized_score,2026-09-19T11:45:38.446316+00:00
td3_amo,1,0.0003,halfcheetah-medium-v2,1,47.6782918807462,1000000,True,50,False,2,ext_csv,jax,hcm_s1_ae1_ab1_Tlr0p0003__fbeaf529,1e34514ddf70bfc8a78757d9a78b82306627164c,32edbe55c2befd86f645192b55d2156f2f8abffc,ablation/td3_amo/halfcheetah-medium-v2/3e-4/seed_1/hcm_s1_ae1_ab1_Tlr0p0003__fbeaf529,/raid/ext_csv/AMO_store/td3_amo_jax_loco_antmaze_alpha1_alr_seeds0to3/runs/td3amo_jax_hc-m_a1_alr3em4_s1,eval.jsonl,1,normalized_score,2026-09-15T03:43:21.307462+00:00
td3_amo,1,0.0003,halfcheetah-medium-v2,1,47.934049558479416,1000000,True,50,True,2,shchoi,jax,hcm_s1_default__59565d03,1e34514ddf70bfc8a78757d9a78b82306627164c,aa9e29b18841961a07cba1afe3a44a6048ce24e6,ablation/td3_amo/halfcheetah-medium-v2/3e-4/seed_1/hcm_s1_default__59565d03,/home/shchoi/AMO_td3-amo-bootrms/results/td3_amo_jax_a1_s03/runs/td3amo_jax_a1_tlr3em4_hc-m_s1,final_eval_50.jsonl,1,d4rl_normalized_score,2026-09-19T11:46:34.089978+00:00
td3_amo,1,0.0003,halfcheetah-medium-v2,2,48.607917103940935,1000000,True,50,True,2,ext_csv,jax,hcm_s2_ae1_ab1_Tlr0p0003__6b05d23f,1e34514ddf70bfc8a78757d9a78b82306627164c,32edbe55c2befd86f645192b55d2156f2f8abffc,ablation/td3_amo/halfcheetah-medium-v2/3e-4/seed_2/hcm_s2_ae1_ab1_Tlr0p0003__6b05d23f,/raid/ext_csv/AMO_store/td3_amo_jax_loco_antmaze_alpha1_alr_seeds0to3/runs/td3amo_jax_hc-m_a1_alr3em4_s2,eval.jsonl,1,normalized_score,2026-09-15T04:08:02.565766+00:00
td3_amo,1,0.0003,halfcheetah-medium-v2,2,48.2637275274925,1000000,True,50,False,2,shchoi,jax,hcm_s2_default__66f679ae,1e34514ddf70bfc8a78757d9a78b82306627164c,aa9e29b18841961a07cba1afe3a44a6048ce24e6,ablation/td3_amo/halfcheetah-medium-v2/3e-4/seed_2/hcm_s2_default__66f679ae,/home/shchoi/AMO_td3-amo-bootrms/results/td3_amo_jax_a1_s03/runs/td3amo_jax_a1_tlr3em4_hc-m_s2,final_eval_50.jsonl,1,d4rl_normalized_score,2026-09-19T11:46:34.468691+00:00
td3_amo,1,0.0003,halfcheetah-medium-v2,3,48.3594646568202,1000000,True,50,False,2,ext_csv,jax,hcm_s3_ae1_ab1_Tlr0p0003__4e3cc99f,1e34514ddf70bfc8a78757d9a78b82306627164c,32edbe55c2befd86f645192b55d2156f2f8abffc,ablation/td3_amo/halfcheetah-medium-v2/3e-4/seed_3/hcm_s3_ae1_ab1_Tlr0p0003__4e3cc99f,/raid/ext_csv/AMO_store/td3_amo_jax_loco_antmaze_alpha1_alr_seeds0to3/runs/td3amo_jax_hc-m_a1_alr3em4_s3,eval.jsonl,1,normalized_score,2026-09-15T03:43:45.551093+00:00
td3_amo,1,0.0003,halfcheetah-medium-v2,3,48.3952642203366,1000000,True,50,True,2,shchoi,jax,hcm_s3_default__d776da17,1e34514ddf70bfc8a78757d9a78b82306627164c,aa9e29b18841961a07cba1afe3a44a6048ce24e6,ablation/td3_amo/halfcheetah-medium-v2/3e-4/seed_3/hcm_s3_default__d776da17,/home/shchoi/AMO_td3-amo-bootrms/results/td3_amo_jax_a1_s03/runs/td3amo_jax_a1_tlr3em4_hc-m_s3,final_eval_50.jsonl,1,d4rl_normalized_score,2026-09-19T11:46:34.524491+00:00
td3_amo,1,0.002,halfcheetah-medium-replay-v2,0,48.969300852314035,1000000,True,50,True,1,ext_csv,jax,hcmr_s0_ae1_ab1_Tlr0p002__9c649aa1,1e34514ddf70bfc8a78757d9a78b82306627164c,32edbe55c2befd86f645192b55d2156f2f8abffc,ablation/td3_amo/halfcheetah-medium-replay-v2/2e-3/seed_0/hcmr_s0_ae1_ab1_Tlr0p002__9c649aa1,/raid/ext_csv/AMO_store/td3_amo_jax_loco_antmaze_alpha1_alr_seeds0to3/runs/td3amo_jax_hc-mr_a1_alr2em3_s0,eval.jsonl,1,normalized_score,2026-09-15T06:46:43.107786+00:00
td3_amo,1,0.002,halfcheetah-medium-replay-v2,1,48.61631267079065,1000000,True,50,True,1,ext_csv,jax,hcmr_s1_ae1_ab1_Tlr0p002__ba51d3e3,1e34514ddf70bfc8a78757d9a78b82306627164c,32edbe55c2befd86f645192b55d2156f2f8abffc,ablation/td3_amo/halfcheetah-medium-replay-v2/2e-3/seed_1/hcmr_s1_ae1_ab1_Tlr0p002__ba51d3e3,/raid/ext_csv/AMO_store/td3_amo_jax_loco_antmaze_alpha1_alr_seeds0to3/runs/td3amo_jax_hc-mr_a1_alr2em3_s1,eval.jsonl,1,normalized_score,2026-09-15T06:46:58.880869+00:00
td3_amo,1,0.002,halfcheetah-medium-replay-v2,2,48.66272598647125,1000000,True,50,True,1,ext_csv,jax,hcmr_s2_ae1_ab1_Tlr0p002__03ae7ed4,1e34514ddf70bfc8a78757d9a78b82306627164c,32edbe55c2befd86f645192b55d2156f2f8abffc,ablation/td3_amo/halfcheetah-medium-replay-v2/2e-3/seed_2/hcmr_s2_ae1_ab1_Tlr0p002__03ae7ed4,/raid/ext_csv/AMO_store/td3_amo_jax_loco_antmaze_alpha1_alr_seeds0to3/runs/td3amo_jax_hc-mr_a1_alr2em3_s2,eval.jsonl,1,normalized_score,2026-09-15T06:47:20.556168+00:00
td3_amo,1,0.002,halfcheetah-medium-replay-v2,3,48.117739226594104,1000000,True,50,True,1,ext_csv,jax,hcmr_s3_ae1_ab1_Tlr0p002__7d3ebc99,1e34514ddf70bfc8a78757d9a78b82306627164c,32edbe55c2befd86f645192b55d2156f2f8abffc,ablation/td3_amo/halfcheetah-medium-replay-v2/2e-3/seed_3/hcmr_s3_ae1_ab1_Tlr0p002__7d3ebc99,/raid/ext_csv/AMO_store/td3_amo_jax_loco_antmaze_alpha1_alr_seeds0to3/runs/td3amo_jax_hc-mr_a1_alr2em3_s3,eval.jsonl,1,normalized_score,2026-09-15T06:47:41.655604+00:00
td3_amo,1,0.001,halfcheetah-medium-replay-v2,0,47.499200300621844,1000000,True,50,True,2,ext_csv,jax,hcmr_s0_ae1_ab1_Tlr0p001__4417417e,1e34514ddf70bfc8a78757d9a78b82306627164c,32edbe55c2befd86f645192b55d2156f2f8abffc,ablation/td3_amo/halfcheetah-medium-replay-v2/1e-3/seed_0/hcmr_s0_ae1_ab1_Tlr0p001__4417417e,/raid/ext_csv/AMO_store/td3_amo_jax_loco_antmaze_alpha1_alr_seeds0to3/runs/td3amo_jax_hc-mr_a1_alr1em3_s0,eval.jsonl,1,normalized_score,2026-09-15T06:45:21.582181+00:00
td3_amo,1,0.001,halfcheetah-medium-replay-v2,0,46.60620995106211,1000000,True,50,False,2,shchoi,jax,hcmr_s0_default__9e3c48d3,1e34514ddf70bfc8a78757d9a78b82306627164c,aa9e29b18841961a07cba1afe3a44a6048ce24e6,ablation/td3_amo/halfcheetah-medium-replay-v2/1e-3/seed_0/hcmr_s0_default__9e3c48d3,/home/shchoi/AMO_td3-amo-bootrms/results/td3_amo_jax_a1_s03/runs/td3amo_jax_a1_tlr1em3_hc-mr_s0,final_eval_50.jsonl,1,d4rl_normalized_score,2026-09-19T12:03:20.511466+00:00
td3_amo,1,0.001,halfcheetah-medium-replay-v2,1,47.06978417111245,1000000,True,50,True,2,ext_csv,jax,hcmr_s1_ae1_ab1_Tlr0p001__3ab9b5bf,1e34514ddf70bfc8a78757d9a78b82306627164c,32edbe55c2befd86f645192b55d2156f2f8abffc,ablation/td3_amo/halfcheetah-medium-replay-v2/1e-3/seed_1/hcmr_s1_ae1_ab1_Tlr0p001__3ab9b5bf,/raid/ext_csv/AMO_store/td3_amo_jax_loco_antmaze_alpha1_alr_seeds0to3/runs/td3amo_jax_hc-mr_a1_alr1em3_s1,eval.jsonl,1,normalized_score,2026-09-15T06:45:43.223459+00:00
td3_amo,1,0.001,halfcheetah-medium-replay-v2,1,46.325145887918055,1000000,True,50,False,2,shchoi,jax,hcmr_s1_default__1c3a20e4,1e34514ddf70bfc8a78757d9a78b82306627164c,aa9e29b18841961a07cba1afe3a44a6048ce24e6,ablation/td3_amo/halfcheetah-medium-replay-v2/1e-3/seed_1/hcmr_s1_default__1c3a20e4,/home/shchoi/AMO_td3-amo-bootrms/results/td3_amo_jax_a1_s03/runs/td3amo_jax_a1_tlr1em3_hc-mr_s1,final_eval_50.jsonl,1,d4rl_normalized_score,2026-09-19T16:51:28.032039+00:00
td3_amo,1,0.001,halfcheetah-medium-replay-v2,2,46.96793519156032,1000000,True,50,True,2,ext_csv,jax,hcmr_s2_ae1_ab1_Tlr0p001__82e23d24,1e34514ddf70bfc8a78757d9a78b82306627164c,32edbe55c2befd86f645192b55d2156f2f8abffc,ablation/td3_amo/halfcheetah-medium-replay-v2/1e-3/seed_2/hcmr_s2_ae1_ab1_Tlr0p001__82e23d24,/raid/ext_csv/AMO_store/td3_amo_jax_loco_antmaze_alpha1_alr_seeds0to3/runs/td3amo_jax_hc-mr_a1_alr1em3_s2,eval.jsonl,1,normalized_score,2026-09-15T06:46:04.176843+00:00
td3_amo,1,0.001,halfcheetah-medium-replay-v2,2,46.57556945503449,1000000,True,50,False,2,shchoi,jax,hcmr_s2_default__a32efa91,1e34514ddf70bfc8a78757d9a78b82306627164c,aa9e29b18841961a07cba1afe3a44a6048ce24e6,ablation/td3_amo/halfcheetah-medium-replay-v2/1e-3/seed_2/hcmr_s2_default__a32efa91,/home/shchoi/AMO_td3-amo-bootrms/results/td3_amo_jax_a1_s03/runs/td3amo_jax_a1_tlr1em3_hc-mr_s2,final_eval_50.jsonl,1,d4rl_normalized_score,2026-09-19T18:40:08.231403+00:00
td3_amo,1,0.001,halfcheetah-medium-replay-v2,3,46.229851389846935,1000000,True,50,False,2,ext_csv,jax,hcmr_s3_ae1_ab1_Tlr0p001__6c1b5714,1e34514ddf70bfc8a78757d9a78b82306627164c,32edbe55c2befd86f645192b55d2156f2f8abffc,ablation/td3_amo/halfcheetah-medium-replay-v2/1e-3/seed_3/hcmr_s3_ae1_ab1_Tlr0p001__6c1b5714,/raid/ext_csv/AMO_store/td3_amo_jax_loco_antmaze_alpha1_alr_seeds0to3/runs/td3amo_jax_hc-mr_a1_alr1em3_s3,eval.jsonl,1,normalized_score,2026-09-15T06:46:21.436462+00:00
td3_amo,1,0.001,halfcheetah-medium-replay-v2,3,46.96855935602185,1000000,True,50,True,2,shchoi,jax,hcmr_s3_default__cda8e465,1e34514ddf70bfc8a78757d9a78b82306627164c,aa9e29b18841961a07cba1afe3a44a6048ce24e6,ablation/td3_amo/halfcheetah-medium-replay-v2/1e-3/seed_3/hcmr_s3_default__cda8e465,/home/shchoi/AMO_td3-amo-bootrms/results/td3_amo_jax_a1_s03/runs/td3amo_jax_a1_tlr1em3_hc-mr_s3,final_eval_50.jsonl,1,d4rl_normalized_score,2026-09-19T20:38:39.751321+00:00
td3_amo,1,0.0003,halfcheetah-medium-replay-v2,0,44.30317134624642,1000000,True,50,True,2,ext_csv,jax,hcmr_s0_ae1_ab1_Tlr0p0003__fbacbd6a,1e34514ddf70bfc8a78757d9a78b82306627164c,32edbe55c2befd86f645192b55d2156f2f8abffc,ablation/td3_amo/halfcheetah-medium-replay-v2/3e-4/seed_0/hcmr_s0_ae1_ab1_Tlr0p0003__fbacbd6a,/raid/ext_csv/AMO_store/td3_amo_jax_loco_antmaze_alpha1_alr_seeds0to3/runs/td3amo_jax_hc-mr_a1_alr3em4_s0,eval.jsonl,1,normalized_score,2026-09-15T06:48:03.174378+00:00
td3_amo,1,0.0003,halfcheetah-medium-replay-v2,0,43.667067461696426,1000000,True,50,False,2,shchoi,jax,hcmr_s0_default__698efc74,1e34514ddf70bfc8a78757d9a78b82306627164c,aa9e29b18841961a07cba1afe3a44a6048ce24e6,ablation/td3_amo/halfcheetah-medium-replay-v2/3e-4/seed_0/hcmr_s0_default__698efc74,/home/shchoi/AMO_td3-amo-bootrms/results/td3_amo_jax_a1_s03/runs/td3amo_jax_a1_tlr3em4_hc-mr_s0,final_eval_50.jsonl,1,d4rl_normalized_score,2026-09-19T11:46:39.819060+00:00
td3_amo,1,0.0003,halfcheetah-medium-replay-v2,1,44.259324033372756,1000000,True,50,False,2,ext_csv,jax,hcmr_s1_ae1_ab1_Tlr0p0003__63e44393,1e34514ddf70bfc8a78757d9a78b82306627164c,32edbe55c2befd86f645192b55d2156f2f8abffc,ablation/td3_amo/halfcheetah-medium-replay-v2/3e-4/seed_1/hcmr_s1_ae1_ab1_Tlr0p0003__63e44393,/raid/ext_csv/AMO_store/td3_amo_jax_loco_antmaze_alpha1_alr_seeds0to3/runs/td3amo_jax_hc-mr_a1_alr3em4_s1,eval.jsonl,1,normalized_score,2026-09-15T06:48:26.535835+00:00
td3_amo,1,0.0003,halfcheetah-medium-replay-v2,1,44.61500601907593,1000000,True,50,True,2,shchoi,jax,hcmr_s1_default__4afcdc9f,1e34514ddf70bfc8a78757d9a78b82306627164c,aa9e29b18841961a07cba1afe3a44a6048ce24e6,ablation/td3_amo/halfcheetah-medium-replay-v2/3e-4/seed_1/hcmr_s1_default__4afcdc9f,/home/shchoi/AMO_td3-amo-bootrms/results/td3_amo_jax_a1_s03/runs/td3amo_jax_a1_tlr3em4_hc-mr_s1,final_eval_50.jsonl,1,d4rl_normalized_score,2026-09-19T11:46:39.814265+00:00
td3_amo,1,0.0003,halfcheetah-medium-replay-v2,2,44.66324811366696,1000000,True,50,False,2,ext_csv,jax,hcmr_s2_ae1_ab1_Tlr0p0003__fdc0316d,1e34514ddf70bfc8a78757d9a78b82306627164c,32edbe55c2befd86f645192b55d2156f2f8abffc,ablation/td3_amo/halfcheetah-medium-replay-v2/3e-4/seed_2/hcmr_s2_ae1_ab1_Tlr0p0003__fdc0316d,/raid/ext_csv/AMO_store/td3_amo_jax_loco_antmaze_alpha1_alr_seeds0to3/runs/td3amo_jax_hc-mr_a1_alr3em4_s2,eval.jsonl,1,normalized_score,2026-09-15T06:48:46.640188+00:00
td3_amo,1,0.0003,halfcheetah-medium-replay-v2,2,45.31105769298057,1000000,True,50,True,2,shchoi,jax,hcmr_s2_default__b714c7aa,1e34514ddf70bfc8a78757d9a78b82306627164c,aa9e29b18841961a07cba1afe3a44a6048ce24e6,ablation/td3_amo/halfcheetah-medium-replay-v2/3e-4/seed_2/hcmr_s2_default__b714c7aa,/home/shchoi/AMO_td3-amo-bootrms/results/td3_amo_jax_a1_s03/runs/td3amo_jax_a1_tlr3em4_hc-mr_s2,final_eval_50.jsonl,1,d4rl_normalized_score,2026-09-19T11:46:40.093666+00:00
td3_amo,1,0.0003,halfcheetah-medium-replay-v2,3,44.542056473688575,1000000,True,50,True,2,ext_csv,jax,hcmr_s3_ae1_ab1_Tlr0p0003__0be32a38,1e34514ddf70bfc8a78757d9a78b82306627164c,32edbe55c2befd86f645192b55d2156f2f8abffc,ablation/td3_amo/halfcheetah-medium-replay-v2/3e-4/seed_3/hcmr_s3_ae1_ab1_Tlr0p0003__0be32a38,/raid/ext_csv/AMO_store/td3_amo_jax_loco_antmaze_alpha1_alr_seeds0to3/runs/td3amo_jax_hc-mr_a1_alr3em4_s3,eval.jsonl,1,normalized_score,2026-09-15T06:49:08.047078+00:00
td3_amo,1,0.0003,halfcheetah-medium-replay-v2,3,44.320525536182075,1000000,True,50,False,2,shchoi,jax,hcmr_s3_default__f377b1b3,1e34514ddf70bfc8a78757d9a78b82306627164c,aa9e29b18841961a07cba1afe3a44a6048ce24e6,ablation/td3_amo/halfcheetah-medium-replay-v2/3e-4/seed_3/hcmr_s3_default__f377b1b3,/home/shchoi/AMO_td3-amo-bootrms/results/td3_amo_jax_a1_s03/runs/td3amo_jax_a1_tlr3em4_hc-mr_s3,final_eval_50.jsonl,1,d4rl_normalized_score,2026-09-19T11:46:40.373619+00:00
td3_amo,1,0.002,halfcheetah-medium-expert-v2,0,99.6782816165254,1000000,True,50,True,1,ext_csv,jax,hme_s0_ae1_ab1_Tlr0p002__b895113c,1e34514ddf70bfc8a78757d9a78b82306627164c,32edbe55c2befd86f645192b55d2156f2f8abffc,ablation/td3_amo/halfcheetah-medium-expert-v2/2e-3/seed_0/hme_s0_ae1_ab1_Tlr0p002__b895113c,/raid/ext_csv/AMO_store/td3_amo_jax_loco_antmaze_alpha1_alr_seeds0to3/runs/td3amo_jax_hc-me_a1_alr2em3_s0,eval.jsonl,1,normalized_score,2026-09-15T08:44:55.744931+00:00
td3_amo,1,0.002,halfcheetah-medium-expert-v2,1,100.96566802632276,1000000,True,50,True,1,ext_csv,jax,hme_s1_ae1_ab1_Tlr0p002__a2023dc3,1e34514ddf70bfc8a78757d9a78b82306627164c,32edbe55c2befd86f645192b55d2156f2f8abffc,ablation/td3_amo/halfcheetah-medium-expert-v2/2e-3/seed_1/hme_s1_ae1_ab1_Tlr0p002__a2023dc3,/raid/ext_csv/AMO_store/td3_amo_jax_loco_antmaze_alpha1_alr_seeds0to3/runs/td3amo_jax_hc-me_a1_alr2em3_s1,eval.jsonl,1,normalized_score,2026-09-15T08:45:20.336862+00:00
td3_amo,1,0.002,halfcheetah-medium-expert-v2,2,89.30551517352748,1000000,True,50,True,1,ext_csv,jax,hme_s2_ae1_ab1_Tlr0p002__07a93247,1e34514ddf70bfc8a78757d9a78b82306627164c,32edbe55c2befd86f645192b55d2156f2f8abffc,ablation/td3_amo/halfcheetah-medium-expert-v2/2e-3/seed_2/hme_s2_ae1_ab1_Tlr0p002__07a93247,/raid/ext_csv/AMO_store/td3_amo_jax_loco_antmaze_alpha1_alr_seeds0to3/runs/td3amo_jax_hc-me_a1_alr2em3_s2,eval.jsonl,1,normalized_score,2026-09-15T11:13:30.834874+00:00
td3_amo,1,0.002,halfcheetah-medium-expert-v2,3,94.98340785125144,1000000,True,50,True,1,ext_csv,jax,hme_s3_ae1_ab1_Tlr0p002__9034cb1b,1e34514ddf70bfc8a78757d9a78b82306627164c,32edbe55c2befd86f645192b55d2156f2f8abffc,ablation/td3_amo/halfcheetah-medium-expert-v2/2e-3/seed_3/hme_s3_ae1_ab1_Tlr0p002__9034cb1b,/raid/ext_csv/AMO_store/td3_amo_jax_loco_antmaze_alpha1_alr_seeds0to3/runs/td3amo_jax_hc-me_a1_alr2em3_s3,eval.jsonl,1,normalized_score,2026-09-15T08:45:46.379171+00:00
td3_amo,1,0.001,halfcheetah-medium-expert-v2,0,99.76199574025001,1000000,True,50,True,2,ext_csv,jax,hme_s0_ae1_ab1_Tlr0p001__cfc29775,1e34514ddf70bfc8a78757d9a78b82306627164c,32edbe55c2befd86f645192b55d2156f2f8abffc,ablation/td3_amo/halfcheetah-medium-expert-v2/1e-3/seed_0/hme_s0_ae1_ab1_Tlr0p001__cfc29775,/raid/ext_csv/AMO_store/td3_amo_jax_loco_antmaze_alpha1_alr_seeds0to3/runs/td3amo_jax_hc-me_a1_alr1em3_s0,eval.jsonl,1,normalized_score,2026-09-15T06:43:25.772625+00:00
td3_amo,1,0.001,halfcheetah-medium-expert-v2,0,91.17512996606344,1000000,True,50,False,2,shchoi,jax,hme_s0_default__f4243c64,1e34514ddf70bfc8a78757d9a78b82306627164c,aa9e29b18841961a07cba1afe3a44a6048ce24e6,ablation/td3_amo/halfcheetah-medium-expert-v2/1e-3/seed_0/hme_s0_default__f4243c64,/home/shchoi/AMO_td3-amo-bootrms/results/td3_amo_jax_a1_s03/runs/td3amo_jax_a1_tlr1em3_hc-me_s0,final_eval_50.jsonl,1,d4rl_normalized_score,2026-09-19T12:41:28.313288+00:00
td3_amo,1,0.001,halfcheetah-medium-expert-v2,1,95.26676508026878,1000000,True,50,False,2,ext_csv,jax,hme_s1_ae1_ab1_Tlr0p001__c10607dd,1e34514ddf70bfc8a78757d9a78b82306627164c,32edbe55c2befd86f645192b55d2156f2f8abffc,ablation/td3_amo/halfcheetah-medium-expert-v2/1e-3/seed_1/hme_s1_ae1_ab1_Tlr0p001__c10607dd,/raid/ext_csv/AMO_store/td3_amo_jax_loco_antmaze_alpha1_alr_seeds0to3/runs/td3amo_jax_hc-me_a1_alr1em3_s1,eval.jsonl,1,normalized_score,2026-09-15T06:43:48.685234+00:00
td3_amo,1,0.001,halfcheetah-medium-expert-v2,1,98.56669645044207,1000000,True,50,True,2,shchoi,jax,hme_s1_default__6a0b4cfc,1e34514ddf70bfc8a78757d9a78b82306627164c,aa9e29b18841961a07cba1afe3a44a6048ce24e6,ablation/td3_amo/halfcheetah-medium-expert-v2/1e-3/seed_1/hme_s1_default__6a0b4cfc,/home/shchoi/AMO_td3-amo-bootrms/results/td3_amo_jax_a1_s03/runs/td3amo_jax_a1_tlr1em3_hc-me_s1,final_eval_50.jsonl,1,d4rl_normalized_score,2026-09-19T16:53:34.764834+00:00
td3_amo,1,0.001,halfcheetah-medium-expert-v2,2,102.56023275671657,1000000,True,50,True,2,ext_csv,jax,hme_s2_ae1_ab1_Tlr0p001__f5135520,1e34514ddf70bfc8a78757d9a78b82306627164c,32edbe55c2befd86f645192b55d2156f2f8abffc,ablation/td3_amo/halfcheetah-medium-expert-v2/1e-3/seed_2/hme_s2_ae1_ab1_Tlr0p001__f5135520,/raid/ext_csv/AMO_store/td3_amo_jax_loco_antmaze_alpha1_alr_seeds0to3/runs/td3amo_jax_hc-me_a1_alr1em3_s2,eval.jsonl,1,normalized_score,2026-09-15T08:43:58.979506+00:00
td3_amo,1,0.001,halfcheetah-medium-expert-v2,2,99.57423771505786,1000000,True,50,False,2,shchoi,jax,hme_s2_default__8d1f2c3b,1e34514ddf70bfc8a78757d9a78b82306627164c,aa9e29b18841961a07cba1afe3a44a6048ce24e6,ablation/td3_amo/halfcheetah-medium-expert-v2/1e-3/seed_2/hme_s2_default__8d1f2c3b,/home/shchoi/AMO_td3-amo-bootrms/results/td3_amo_jax_a1_s03/runs/td3amo_jax_a1_tlr1em3_hc-me_s2,final_eval_50.jsonl,1,d4rl_normalized_score,2026-09-19T18:52:12.030151+00:00
td3_amo,1,0.001,halfcheetah-medium-expert-v2,3,100.72187981991638,1000000,True,50,False,2,ext_csv,jax,hme_s3_ae1_ab1_Tlr0p001__e2c8fcb7,1e34514ddf70bfc8a78757d9a78b82306627164c,32edbe55c2befd86f645192b55d2156f2f8abffc,ablation/td3_amo/halfcheetah-medium-expert-v2/1e-3/seed_3/hme_s3_ae1_ab1_Tlr0p001__e2c8fcb7,/raid/ext_csv/AMO_store/td3_amo_jax_loco_antmaze_alpha1_alr_seeds0to3/runs/td3amo_jax_hc-me_a1_alr1em3_s3,eval.jsonl,1,normalized_score,2026-09-15T08:44:28.023581+00:00
td3_amo,1,0.001,halfcheetah-medium-expert-v2,3,103.8313590616974,1000000,True,50,True,2,shchoi,jax,hme_s3_default__f9451ccd,1e34514ddf70bfc8a78757d9a78b82306627164c,aa9e29b18841961a07cba1afe3a44a6048ce24e6,ablation/td3_amo/halfcheetah-medium-expert-v2/1e-3/seed_3/hme_s3_default__f9451ccd,/home/shchoi/AMO_td3-amo-bootrms/results/td3_amo_jax_a1_s03/runs/td3amo_jax_a1_tlr1em3_hc-me_s3,final_eval_50.jsonl,1,d4rl_normalized_score,2026-09-19T20:38:36.118066+00:00
td3_amo,1,0.0003,halfcheetah-medium-expert-v2,0,98.29317077825966,1000000,True,50,True,2,ext_csv,jax,hme_s0_ae1_ab1_Tlr0p0003__a97f4c4b,1e34514ddf70bfc8a78757d9a78b82306627164c,32edbe55c2befd86f645192b55d2156f2f8abffc,ablation/td3_amo/halfcheetah-medium-expert-v2/3e-4/seed_0/hme_s0_ae1_ab1_Tlr0p0003__a97f4c4b,/raid/ext_csv/AMO_store/td3_amo_jax_loco_antmaze_alpha1_alr_seeds0to3/runs/td3amo_jax_hc-me_a1_alr3em4_s0,eval.jsonl,1,normalized_score,2026-09-15T06:44:09.073399+00:00
td3_amo,1,0.0003,halfcheetah-medium-expert-v2,0,97.13603890574282,1000000,True,50,False,2,shchoi,jax,hme_s0_default__87b2a89a,1e34514ddf70bfc8a78757d9a78b82306627164c,aa9e29b18841961a07cba1afe3a44a6048ce24e6,ablation/td3_amo/halfcheetah-medium-expert-v2/3e-4/seed_0/hme_s0_default__87b2a89a,/home/shchoi/AMO_td3-amo-bootrms/results/td3_amo_jax_a1_s03/runs/td3amo_jax_a1_tlr3em4_hc-me_s0,final_eval_50.jsonl,1,d4rl_normalized_score,2026-09-19T11:46:34.374970+00:00
td3_amo,1,0.0003,halfcheetah-medium-expert-v2,1,95.92187829494304,1000000,True,50,True,2,ext_csv,jax,hme_s1_ae1_ab1_Tlr0p0003__6e99b246,1e34514ddf70bfc8a78757d9a78b82306627164c,32edbe55c2befd86f645192b55d2156f2f8abffc,ablation/td3_amo/halfcheetah-medium-expert-v2/3e-4/seed_1/hme_s1_ae1_ab1_Tlr0p0003__6e99b246,/raid/ext_csv/AMO_store/td3_amo_jax_loco_antmaze_alpha1_alr_seeds0to3/runs/td3amo_jax_hc-me_a1_alr3em4_s1,eval.jsonl,1,normalized_score,2026-09-15T06:44:28.713271+00:00
td3_amo,1,0.0003,halfcheetah-medium-expert-v2,1,94.89472055446639,1000000,True,50,False,2,shchoi,jax,hme_s1_default__896674fa,1e34514ddf70bfc8a78757d9a78b82306627164c,aa9e29b18841961a07cba1afe3a44a6048ce24e6,ablation/td3_amo/halfcheetah-medium-expert-v2/3e-4/seed_1/hme_s1_default__896674fa,/home/shchoi/AMO_td3-amo-bootrms/results/td3_amo_jax_a1_s03/runs/td3amo_jax_a1_tlr3em4_hc-me_s1,final_eval_50.jsonl,1,d4rl_normalized_score,2026-09-19T11:46:34.467997+00:00
td3_amo,1,0.0003,halfcheetah-medium-expert-v2,2,96.58575591568118,1000000,True,50,False,2,ext_csv,jax,hme_s2_ae1_ab1_Tlr0p0003__fa1395cc,1e34514ddf70bfc8a78757d9a78b82306627164c,32edbe55c2befd86f645192b55d2156f2f8abffc,ablation/td3_amo/halfcheetah-medium-expert-v2/3e-4/seed_2/hme_s2_ae1_ab1_Tlr0p0003__fa1395cc,/raid/ext_csv/AMO_store/td3_amo_jax_loco_antmaze_alpha1_alr_seeds0to3/runs/td3amo_jax_hc-me_a1_alr3em4_s2,eval.jsonl,1,normalized_score,2026-09-15T06:44:46.257850+00:00
td3_amo,1,0.0003,halfcheetah-medium-expert-v2,2,98.20080185441908,1000000,True,50,True,2,shchoi,jax,hme_s2_default__b38be9d7,1e34514ddf70bfc8a78757d9a78b82306627164c,aa9e29b18841961a07cba1afe3a44a6048ce24e6,ablation/td3_amo/halfcheetah-medium-expert-v2/3e-4/seed_2/hme_s2_default__b38be9d7,/home/shchoi/AMO_td3-amo-bootrms/results/td3_amo_jax_a1_s03/runs/td3amo_jax_a1_tlr3em4_hc-me_s2,final_eval_50.jsonl,1,d4rl_normalized_score,2026-09-19T11:46:39.136622+00:00
td3_amo,1,0.0003,halfcheetah-medium-expert-v2,3,94.70422281766187,1000000,True,50,False,2,ext_csv,jax,hme_s3_ae1_ab1_Tlr0p0003__3fe54c0d,1e34514ddf70bfc8a78757d9a78b82306627164c,32edbe55c2befd86f645192b55d2156f2f8abffc,ablation/td3_amo/halfcheetah-medium-expert-v2/3e-4/seed_3/hme_s3_ae1_ab1_Tlr0p0003__3fe54c0d,/raid/ext_csv/AMO_store/td3_amo_jax_loco_antmaze_alpha1_alr_seeds0to3/runs/td3amo_jax_hc-me_a1_alr3em4_s3,eval.jsonl,1,normalized_score,2026-09-15T06:45:05.982562+00:00
td3_amo,1,0.0003,halfcheetah-medium-expert-v2,3,95.39821866426354,1000000,True,50,True,2,shchoi,jax,hme_s3_default__3037251f,1e34514ddf70bfc8a78757d9a78b82306627164c,aa9e29b18841961a07cba1afe3a44a6048ce24e6,ablation/td3_amo/halfcheetah-medium-expert-v2/3e-4/seed_3/hme_s3_default__3037251f,/home/shchoi/AMO_td3-amo-bootrms/results/td3_amo_jax_a1_s03/runs/td3amo_jax_a1_tlr3em4_hc-me_s3,final_eval_50.jsonl,1,d4rl_normalized_score,2026-09-19T11:46:39.635705+00:00
td3_amo,1,0.002,hopper-medium-v2,0,100.70751410418812,1000000,True,50,True,1,ext_csv,jax,hopm_s0_ae1_ab1_Tlr0p002__d13125b6,1e34514ddf70bfc8a78757d9a78b82306627164c,32edbe55c2befd86f645192b55d2156f2f8abffc,ablation/td3_amo/hopper-medium-v2/2e-3/seed_0/hopm_s0_ae1_ab1_Tlr0p002__d13125b6,/raid/ext_csv/AMO_store/td3_amo_jax_loco_antmaze_alpha1_alr_seeds0to3/runs/td3amo_jax_h-m_a1_alr2em3_s0,eval.jsonl,1,normalized_score,2026-09-15T11:08:24.405750+00:00
td3_amo,1,0.002,hopper-medium-v2,1,100.7774912306713,1000000,True,50,True,1,ext_csv,jax,hopm_s1_ae1_ab1_Tlr0p002__df251ddf,1e34514ddf70bfc8a78757d9a78b82306627164c,32edbe55c2befd86f645192b55d2156f2f8abffc,ablation/td3_amo/hopper-medium-v2/2e-3/seed_1/hopm_s1_ae1_ab1_Tlr0p002__df251ddf,/raid/ext_csv/AMO_store/td3_amo_jax_loco_antmaze_alpha1_alr_seeds0to3/runs/td3amo_jax_h-m_a1_alr2em3_s1,eval.jsonl,1,normalized_score,2026-09-15T11:08:53.115732+00:00
td3_amo,1,0.002,hopper-medium-v2,2,99.03031913323743,1000000,True,50,True,1,ext_csv,jax,hopm_s2_ae1_ab1_Tlr0p002__48d30a9b,1e34514ddf70bfc8a78757d9a78b82306627164c,32edbe55c2befd86f645192b55d2156f2f8abffc,ablation/td3_amo/hopper-medium-v2/2e-3/seed_2/hopm_s2_ae1_ab1_Tlr0p002__48d30a9b,/raid/ext_csv/AMO_store/td3_amo_jax_loco_antmaze_alpha1_alr_seeds0to3/runs/td3amo_jax_h-m_a1_alr2em3_s2,eval.jsonl,1,normalized_score,2026-09-15T11:09:19.360928+00:00
td3_amo,1,0.002,hopper-medium-v2,3,94.44975787101959,1000000,True,50,True,1,ext_csv,jax,hopm_s3_ae1_ab1_Tlr0p002__ebac76fc,1e34514ddf70bfc8a78757d9a78b82306627164c,32edbe55c2befd86f645192b55d2156f2f8abffc,ablation/td3_amo/hopper-medium-v2/2e-3/seed_3/hopm_s3_ae1_ab1_Tlr0p002__ebac76fc,/raid/ext_csv/AMO_store/td3_amo_jax_loco_antmaze_alpha1_alr_seeds0to3/runs/td3amo_jax_h-m_a1_alr2em3_s3,eval.jsonl,1,normalized_score,2026-09-15T11:09:44.423079+00:00
td3_amo,1,0.001,hopper-medium-v2,0,72.7103144930143,1000000,True,50,False,2,ext_csv,jax,hopm_s0_ae1_ab1_Tlr0p001__c989c5da,1e34514ddf70bfc8a78757d9a78b82306627164c,32edbe55c2befd86f645192b55d2156f2f8abffc,ablation/td3_amo/hopper-medium-v2/1e-3/seed_0/hopm_s0_ae1_ab1_Tlr0p001__c989c5da,/raid/ext_csv/AMO_store/td3_amo_jax_loco_antmaze_alpha1_alr_seeds0to3/runs/td3amo_jax_h-m_a1_alr1em3_s0,eval.jsonl,1,normalized_score,2026-09-15T11:07:02.265883+00:00
td3_amo,1,0.001,hopper-medium-v2,0,76.81730725396919,1000000,True,50,True,2,shchoi,jax,hopm_s0_default__1a8218ae,1e34514ddf70bfc8a78757d9a78b82306627164c,aa9e29b18841961a07cba1afe3a44a6048ce24e6,ablation/td3_amo/hopper-medium-v2/1e-3/seed_0/hopm_s0_default__1a8218ae,/home/shchoi/AMO_td3-amo-bootrms/results/td3_amo_jax_a1_s03/runs/td3amo_jax_a1_tlr1em3_h-m_s0,final_eval_50.jsonl,1,d4rl_normalized_score,2026-09-19T12:39:24.742136+00:00
td3_amo,1,0.001,hopper-medium-v2,1,68.2234097409924,1000000,True,50,False,2,ext_csv,jax,hopm_s1_ae1_ab1_Tlr0p001__b09de4d7,1e34514ddf70bfc8a78757d9a78b82306627164c,32edbe55c2befd86f645192b55d2156f2f8abffc,ablation/td3_amo/hopper-medium-v2/1e-3/seed_1/hopm_s1_ae1_ab1_Tlr0p001__b09de4d7,/raid/ext_csv/AMO_store/td3_amo_jax_loco_antmaze_alpha1_alr_seeds0to3/runs/td3amo_jax_h-m_a1_alr1em3_s1,eval.jsonl,1,normalized_score,2026-09-15T11:07:19.364226+00:00
td3_amo,1,0.001,hopper-medium-v2,1,73.9328424231503,1000000,True,50,True,2,shchoi,jax,hopm_s1_default__4e8973a6,1e34514ddf70bfc8a78757d9a78b82306627164c,aa9e29b18841961a07cba1afe3a44a6048ce24e6,ablation/td3_amo/hopper-medium-v2/1e-3/seed_1/hopm_s1_default__4e8973a6,/home/shchoi/AMO_td3-amo-bootrms/results/td3_amo_jax_a1_s03/runs/td3amo_jax_a1_tlr1em3_h-m_s1,final_eval_50.jsonl,1,d4rl_normalized_score,2026-09-19T17:05:40.067212+00:00
td3_amo,1,0.001,hopper-medium-v2,2,68.46786609278634,1000000,True,50,False,2,ext_csv,jax,hopm_s2_ae1_ab1_Tlr0p001__1ebb761d,1e34514ddf70bfc8a78757d9a78b82306627164c,32edbe55c2befd86f645192b55d2156f2f8abffc,ablation/td3_amo/hopper-medium-v2/1e-3/seed_2/hopm_s2_ae1_ab1_Tlr0p001__1ebb761d,/raid/ext_csv/AMO_store/td3_amo_jax_loco_antmaze_alpha1_alr_seeds0to3/runs/td3amo_jax_h-m_a1_alr1em3_s2,eval.jsonl,1,normalized_score,2026-09-15T11:07:36.544527+00:00
td3_amo,1,0.001,hopper-medium-v2,2,71.40118302892832,1000000,True,50,True,2,shchoi,jax,hopm_s2_default__db81063b,1e34514ddf70bfc8a78757d9a78b82306627164c,aa9e29b18841961a07cba1afe3a44a6048ce24e6,ablation/td3_amo/hopper-medium-v2/1e-3/seed_2/hopm_s2_default__db81063b,/home/shchoi/AMO_td3-amo-bootrms/results/td3_amo_jax_a1_s03/runs/td3amo_jax_a1_tlr1em3_h-m_s2,final_eval_50.jsonl,1,d4rl_normalized_score,2026-09-19T18:56:15.863776+00:00
td3_amo,1,0.001,hopper-medium-v2,3,74.89004667122259,1000000,True,50,True,2,ext_csv,jax,hopm_s3_ae1_ab1_Tlr0p001__f5c927bb,1e34514ddf70bfc8a78757d9a78b82306627164c,32edbe55c2befd86f645192b55d2156f2f8abffc,ablation/td3_amo/hopper-medium-v2/1e-3/seed_3/hopm_s3_ae1_ab1_Tlr0p001__f5c927bb,/raid/ext_csv/AMO_store/td3_amo_jax_loco_antmaze_alpha1_alr_seeds0to3/runs/td3amo_jax_h-m_a1_alr1em3_s3,eval.jsonl,1,normalized_score,2026-09-15T11:07:56.667392+00:00
td3_amo,1,0.001,hopper-medium-v2,3,61.78107853761921,1000000,True,50,False,2,shchoi,jax,hopm_s3_default__a8e6bd08,1e34514ddf70bfc8a78757d9a78b82306627164c,aa9e29b18841961a07cba1afe3a44a6048ce24e6,ablation/td3_amo/hopper-medium-v2/1e-3/seed_3/hopm_s3_default__a8e6bd08,/home/shchoi/AMO_td3-amo-bootrms/results/td3_amo_jax_a1_s03/runs/td3amo_jax_a1_tlr1em3_h-m_s3,final_eval_50.jsonl,1,d4rl_normalized_score,2026-09-19T20:54:48.028123+00:00
td3_amo,1,0.0003,hopper-medium-v2,0,60.396986240491756,1000000,True,50,False,2,ext_csv,jax,hopm_s0_ae1_ab1_Tlr0p0003__f0d43b7d,1e34514ddf70bfc8a78757d9a78b82306627164c,32edbe55c2befd86f645192b55d2156f2f8abffc,ablation/td3_amo/hopper-medium-v2/3e-4/seed_0/hopm_s0_ae1_ab1_Tlr0p0003__f0d43b7d,/raid/ext_csv/AMO_store/td3_amo_jax_loco_antmaze_alpha1_alr_seeds0to3/runs/td3amo_jax_h-m_a1_alr3em4_s0,eval.jsonl,1,normalized_score,2026-09-15T11:09:59.671249+00:00
td3_amo,1,0.0003,hopper-medium-v2,0,61.36313762308778,1000000,True,50,True,2,shchoi,jax,hopm_s0_default__69847d50,1e34514ddf70bfc8a78757d9a78b82306627164c,aa9e29b18841961a07cba1afe3a44a6048ce24e6,ablation/td3_amo/hopper-medium-v2/3e-4/seed_0/hopm_s0_default__69847d50,/home/shchoi/AMO_td3-amo-bootrms/results/td3_amo_jax_a1_s03/runs/td3amo_jax_a1_tlr3em4_h-m_s0,final_eval_50.jsonl,1,d4rl_normalized_score,2026-09-19T11:46:25.583423+00:00
td3_amo,1,0.0003,hopper-medium-v2,1,64.45378673549159,1000000,True,50,True,2,ext_csv,jax,hopm_s1_ae1_ab1_Tlr0p0003__7751bf0b,1e34514ddf70bfc8a78757d9a78b82306627164c,32edbe55c2befd86f645192b55d2156f2f8abffc,ablation/td3_amo/hopper-medium-v2/3e-4/seed_1/hopm_s1_ae1_ab1_Tlr0p0003__7751bf0b,/raid/ext_csv/AMO_store/td3_amo_jax_loco_antmaze_alpha1_alr_seeds0to3/runs/td3amo_jax_h-m_a1_alr3em4_s1,eval.jsonl,1,normalized_score,2026-09-15T11:10:15.893281+00:00
td3_amo,1,0.0003,hopper-medium-v2,1,62.79515111767392,1000000,True,50,False,2,shchoi,jax,hopm_s1_default__7ff7df0d,1e34514ddf70bfc8a78757d9a78b82306627164c,aa9e29b18841961a07cba1afe3a44a6048ce24e6,ablation/td3_amo/hopper-medium-v2/3e-4/seed_1/hopm_s1_default__7ff7df0d,/home/shchoi/AMO_td3-amo-bootrms/results/td3_amo_jax_a1_s03/runs/td3amo_jax_a1_tlr3em4_h-m_s1,final_eval_50.jsonl,1,d4rl_normalized_score,2026-09-19T11:46:25.882906+00:00
td3_amo,1,0.0003,hopper-medium-v2,2,57.40939559665716,1000000,True,50,False,2,ext_csv,jax,hopm_s2_ae1_ab1_Tlr0p0003__fac84e18,1e34514ddf70bfc8a78757d9a78b82306627164c,32edbe55c2befd86f645192b55d2156f2f8abffc,ablation/td3_amo/hopper-medium-v2/3e-4/seed_2/hopm_s2_ae1_ab1_Tlr0p0003__fac84e18,/raid/ext_csv/AMO_store/td3_amo_jax_loco_antmaze_alpha1_alr_seeds0to3/runs/td3amo_jax_h-m_a1_alr3em4_s2,eval.jsonl,1,normalized_score,2026-09-15T11:10:30.314909+00:00
td3_amo,1,0.0003,hopper-medium-v2,2,60.1144025757258,1000000,True,50,True,2,shchoi,jax,hopm_s2_default__6888b1dc,1e34514ddf70bfc8a78757d9a78b82306627164c,aa9e29b18841961a07cba1afe3a44a6048ce24e6,ablation/td3_amo/hopper-medium-v2/3e-4/seed_2/hopm_s2_default__6888b1dc,/home/shchoi/AMO_td3-amo-bootrms/results/td3_amo_jax_a1_s03/runs/td3amo_jax_a1_tlr3em4_h-m_s2,final_eval_50.jsonl,1,d4rl_normalized_score,2026-09-19T11:46:25.828634+00:00
td3_amo,1,0.0003,hopper-medium-v2,3,55.70892439548513,1000000,True,50,False,2,ext_csv,jax,hopm_s3_ae1_ab1_Tlr0p0003__b4c2c3c5,1e34514ddf70bfc8a78757d9a78b82306627164c,32edbe55c2befd86f645192b55d2156f2f8abffc,ablation/td3_amo/hopper-medium-v2/3e-4/seed_3/hopm_s3_ae1_ab1_Tlr0p0003__b4c2c3c5,/raid/ext_csv/AMO_store/td3_amo_jax_loco_antmaze_alpha1_alr_seeds0to3/runs/td3amo_jax_h-m_a1_alr3em4_s3,eval.jsonl,1,normalized_score,2026-09-15T11:10:44.270666+00:00
td3_amo,1,0.0003,hopper-medium-v2,3,58.58155939048426,1000000,True,50,True,2,shchoi,jax,hopm_s3_default__cd731398,1e34514ddf70bfc8a78757d9a78b82306627164c,aa9e29b18841961a07cba1afe3a44a6048ce24e6,ablation/td3_amo/hopper-medium-v2/3e-4/seed_3/hopm_s3_default__cd731398,/home/shchoi/AMO_td3-amo-bootrms/results/td3_amo_jax_a1_s03/runs/td3amo_jax_a1_tlr3em4_h-m_s3,final_eval_50.jsonl,1,d4rl_normalized_score,2026-09-19T11:46:26.113681+00:00
td3_amo,1,0.002,hopper-medium-replay-v2,0,102.20833722794225,1000000,True,50,True,1,ext_csv,jax,hopmr_s0_ae1_ab1_Tlr0p002__d659c820,1e34514ddf70bfc8a78757d9a78b82306627164c,32edbe55c2befd86f645192b55d2156f2f8abffc,ablation/td3_amo/hopper-medium-replay-v2/2e-3/seed_0/hopmr_s0_ae1_ab1_Tlr0p002__d659c820,/raid/ext_csv/AMO_store/td3_amo_jax_loco_antmaze_alpha1_alr_seeds0to3/runs/td3amo_jax_h-mr_a1_alr2em3_s0,eval.jsonl,1,normalized_score,2026-09-15T11:56:51.405395+00:00
td3_amo,1,0.002,hopper-medium-replay-v2,1,98.43171908787623,1000000,True,50,True,1,ext_csv,jax,hopmr_s1_ae1_ab1_Tlr0p002__207ec490,1e34514ddf70bfc8a78757d9a78b82306627164c,32edbe55c2befd86f645192b55d2156f2f8abffc,ablation/td3_amo/hopper-medium-replay-v2/2e-3/seed_1/hopmr_s1_ae1_ab1_Tlr0p002__207ec490,/raid/ext_csv/AMO_store/td3_amo_jax_loco_antmaze_alpha1_alr_seeds0to3/runs/td3amo_jax_h-mr_a1_alr2em3_s1,eval.jsonl,1,normalized_score,2026-09-15T11:57:17.716359+00:00
td3_amo,1,0.002,hopper-medium-replay-v2,2,101.82388317788555,1000000,True,50,True,1,ext_csv,jax,hopmr_s2_ae1_ab1_Tlr0p002__ab7845e2,1e34514ddf70bfc8a78757d9a78b82306627164c,32edbe55c2befd86f645192b55d2156f2f8abffc,ablation/td3_amo/hopper-medium-replay-v2/2e-3/seed_2/hopmr_s2_ae1_ab1_Tlr0p002__ab7845e2,/raid/ext_csv/AMO_store/td3_amo_jax_loco_antmaze_alpha1_alr_seeds0to3/runs/td3amo_jax_h-mr_a1_alr2em3_s2,eval.jsonl,1,normalized_score,2026-09-15T11:57:42.040861+00:00
td3_amo,1,0.002,hopper-medium-replay-v2,3,100.85146328425152,1000000,True,50,True,1,ext_csv,jax,hopmr_s3_ae1_ab1_Tlr0p002__0a2f2c40,1e34514ddf70bfc8a78757d9a78b82306627164c,32edbe55c2befd86f645192b55d2156f2f8abffc,ablation/td3_amo/hopper-medium-replay-v2/2e-3/seed_3/hopmr_s3_ae1_ab1_Tlr0p002__0a2f2c40,/raid/ext_csv/AMO_store/td3_amo_jax_loco_antmaze_alpha1_alr_seeds0to3/runs/td3amo_jax_h-mr_a1_alr2em3_s3,eval.jsonl,1,normalized_score,2026-09-15T11:58:09.500979+00:00
td3_amo,1,0.001,hopper-medium-replay-v2,0,101.09034810478961,1000000,True,50,True,2,ext_csv,jax,hopmr_s0_ae1_ab1_Tlr0p001__13b8b0bc,1e34514ddf70bfc8a78757d9a78b82306627164c,32edbe55c2befd86f645192b55d2156f2f8abffc,ablation/td3_amo/hopper-medium-replay-v2/1e-3/seed_0/hopmr_s0_ae1_ab1_Tlr0p001__13b8b0bc,/raid/ext_csv/AMO_store/td3_amo_jax_loco_antmaze_alpha1_alr_seeds0to3/runs/td3amo_jax_h-mr_a1_alr1em3_s0,eval.jsonl,1,normalized_score,2026-09-15T11:11:10.696439+00:00
td3_amo,1,0.001,hopper-medium-replay-v2,0,100.67733431618345,1000000,True,50,False,2,shchoi,jax,hopmr_s0_default__d7f3dd09,1e34514ddf70bfc8a78757d9a78b82306627164c,aa9e29b18841961a07cba1afe3a44a6048ce24e6,ablation/td3_amo/hopper-medium-replay-v2/1e-3/seed_0/hopmr_s0_default__d7f3dd09,/home/shchoi/AMO_td3-amo-bootrms/results/td3_amo_jax_a1_s03/runs/td3amo_jax_a1_tlr1em3_h-mr_s0,final_eval_50.jsonl,1,d4rl_normalized_score,2026-09-19T13:15:39.059802+00:00
td3_amo,1,0.001,hopper-medium-replay-v2,1,98.28398337423879,1000000,True,50,True,2,ext_csv,jax,hopmr_s1_ae1_ab1_Tlr0p001__7cc6793b,1e34514ddf70bfc8a78757d9a78b82306627164c,32edbe55c2befd86f645192b55d2156f2f8abffc,ablation/td3_amo/hopper-medium-replay-v2/1e-3/seed_1/hopmr_s1_ae1_ab1_Tlr0p001__7cc6793b,/raid/ext_csv/AMO_store/td3_amo_jax_loco_antmaze_alpha1_alr_seeds0to3/runs/td3amo_jax_h-mr_a1_alr1em3_s1,eval.jsonl,1,normalized_score,2026-09-15T11:11:37.652276+00:00
td3_amo,1,0.001,hopper-medium-replay-v2,1,96.13259048696065,1000000,True,50,False,2,shchoi,jax,hopmr_s1_default__a2351bfb,1e34514ddf70bfc8a78757d9a78b82306627164c,aa9e29b18841961a07cba1afe3a44a6048ce24e6,ablation/td3_amo/hopper-medium-replay-v2/1e-3/seed_1/hopmr_s1_default__a2351bfb,/home/shchoi/AMO_td3-amo-bootrms/results/td3_amo_jax_a1_s03/runs/td3amo_jax_a1_tlr1em3_h-mr_s1,final_eval_50.jsonl,1,d4rl_normalized_score,2026-09-19T17:09:45.476087+00:00
td3_amo,1,0.001,hopper-medium-replay-v2,2,100.25478449684458,1000000,True,50,True,2,ext_csv,jax,hopmr_s2_ae1_ab1_Tlr0p001__f7fe2ec8,1e34514ddf70bfc8a78757d9a78b82306627164c,32edbe55c2befd86f645192b55d2156f2f8abffc,ablation/td3_amo/hopper-medium-replay-v2/1e-3/seed_2/hopmr_s2_ae1_ab1_Tlr0p001__f7fe2ec8,/raid/ext_csv/AMO_store/td3_amo_jax_loco_antmaze_alpha1_alr_seeds0to3/runs/td3amo_jax_h-mr_a1_alr1em3_s2,eval.jsonl,1,normalized_score,2026-09-15T11:19:29.790362+00:00
td3_amo,1,0.001,hopper-medium-replay-v2,2,99.49447301160826,1000000,True,50,False,2,shchoi,jax,hopmr_s2_default__464dec64,1e34514ddf70bfc8a78757d9a78b82306627164c,aa9e29b18841961a07cba1afe3a44a6048ce24e6,ablation/td3_amo/hopper-medium-replay-v2/1e-3/seed_2/hopmr_s2_default__464dec64,/home/shchoi/AMO_td3-amo-bootrms/results/td3_amo_jax_a1_s03/runs/td3amo_jax_a1_tlr1em3_h-mr_s2,final_eval_50.jsonl,1,d4rl_normalized_score,2026-09-19T19:06:23.803816+00:00
td3_amo,1,0.001,hopper-medium-replay-v2,3,101.3742353518941,1000000,True,50,False,2,ext_csv,jax,hopmr_s3_ae1_ab1_Tlr0p001__39fda357,1e34514ddf70bfc8a78757d9a78b82306627164c,32edbe55c2befd86f645192b55d2156f2f8abffc,ablation/td3_amo/hopper-medium-replay-v2/1e-3/seed_3/hopmr_s3_ae1_ab1_Tlr0p001__39fda357,/raid/ext_csv/AMO_store/td3_amo_jax_loco_antmaze_alpha1_alr_seeds0to3/runs/td3amo_jax_h-mr_a1_alr1em3_s3,eval.jsonl,1,normalized_score,2026-09-15T11:56:22.470317+00:00
td3_amo,1,0.001,hopper-medium-replay-v2,3,101.67763240259316,1000000,True,50,True,2,shchoi,jax,hopmr_s3_default__3944f32f,1e34514ddf70bfc8a78757d9a78b82306627164c,aa9e29b18841961a07cba1afe3a44a6048ce24e6,ablation/td3_amo/hopper-medium-replay-v2/1e-3/seed_3/hopmr_s3_default__3944f32f,/home/shchoi/AMO_td3-amo-bootrms/results/td3_amo_jax_a1_s03/runs/td3amo_jax_a1_tlr1em3_h-mr_s3,final_eval_50.jsonl,1,d4rl_normalized_score,2026-09-19T20:52:45.000104+00:00
td3_amo,1,0.0003,hopper-medium-replay-v2,0,99.14759722825451,1000000,True,50,True,2,ext_csv,jax,hopmr_s0_ae1_ab1_Tlr0p0003__d9311d3b,1e34514ddf70bfc8a78757d9a78b82306627164c,32edbe55c2befd86f645192b55d2156f2f8abffc,ablation/td3_amo/hopper-medium-replay-v2/3e-4/seed_0/hopmr_s0_ae1_ab1_Tlr0p0003__d9311d3b,/raid/ext_csv/AMO_store/td3_amo_jax_loco_antmaze_alpha1_alr_seeds0to3/runs/td3amo_jax_h-mr_a1_alr3em4_s0,eval.jsonl,1,normalized_score,2026-09-15T11:12:01.293335+00:00
td3_amo,1,0.0003,hopper-medium-replay-v2,0,97.72738234509902,1000000,True,50,False,2,shchoi,jax,hopmr_s0_default__cdb79d0a,1e34514ddf70bfc8a78757d9a78b82306627164c,aa9e29b18841961a07cba1afe3a44a6048ce24e6,ablation/td3_amo/hopper-medium-replay-v2/3e-4/seed_0/hopmr_s0_default__cdb79d0a,/home/shchoi/AMO_td3-amo-bootrms/results/td3_amo_jax_a1_s03/runs/td3amo_jax_a1_tlr3em4_h-mr_s0,final_eval_50.jsonl,1,d4rl_normalized_score,2026-09-19T11:46:33.447352+00:00
td3_amo,1,0.0003,hopper-medium-replay-v2,1,44.66748976054233,1000000,True,50,True,2,ext_csv,jax,hopmr_s1_ae1_ab1_Tlr0p0003__35f5ea36,1e34514ddf70bfc8a78757d9a78b82306627164c,32edbe55c2befd86f645192b55d2156f2f8abffc,ablation/td3_amo/hopper-medium-replay-v2/3e-4/seed_1/hopmr_s1_ae1_ab1_Tlr0p0003__35f5ea36,/raid/ext_csv/AMO_store/td3_amo_jax_loco_antmaze_alpha1_alr_seeds0to3/runs/td3amo_jax_h-mr_a1_alr3em4_s1,eval.jsonl,1,normalized_score,2026-09-15T11:12:13.529548+00:00
td3_amo,1,0.0003,hopper-medium-replay-v2,1,22.7340392579361,1000000,True,50,False,2,shchoi,jax,hopmr_s1_default__ce496ffb,1e34514ddf70bfc8a78757d9a78b82306627164c,aa9e29b18841961a07cba1afe3a44a6048ce24e6,ablation/td3_amo/hopper-medium-replay-v2/3e-4/seed_1/hopmr_s1_default__ce496ffb,/home/shchoi/AMO_td3-amo-bootrms/results/td3_amo_jax_a1_s03/runs/td3amo_jax_a1_tlr3em4_h-mr_s1,final_eval_50.jsonl,1,d4rl_normalized_score,2026-09-19T11:46:28.297466+00:00
td3_amo,1,0.0003,hopper-medium-replay-v2,2,99.02549196227699,1000000,True,50,True,2,ext_csv,jax,hopmr_s2_ae1_ab1_Tlr0p0003__6102c47c,1e34514ddf70bfc8a78757d9a78b82306627164c,32edbe55c2befd86f645192b55d2156f2f8abffc,ablation/td3_amo/hopper-medium-replay-v2/3e-4/seed_2/hopmr_s2_ae1_ab1_Tlr0p0003__6102c47c,/raid/ext_csv/AMO_store/td3_amo_jax_loco_antmaze_alpha1_alr_seeds0to3/runs/td3amo_jax_h-mr_a1_alr3em4_s2,eval.jsonl,1,normalized_score,2026-09-15T11:12:42.232435+00:00
td3_amo,1,0.0003,hopper-medium-replay-v2,2,95.71804336861753,1000000,True,50,False,2,shchoi,jax,hopmr_s2_default__37a2c458,1e34514ddf70bfc8a78757d9a78b82306627164c,aa9e29b18841961a07cba1afe3a44a6048ce24e6,ablation/td3_amo/hopper-medium-replay-v2/3e-4/seed_2/hopmr_s2_default__37a2c458,/home/shchoi/AMO_td3-amo-bootrms/results/td3_amo_jax_a1_s03/runs/td3amo_jax_a1_tlr3em4_h-mr_s2,final_eval_50.jsonl,1,d4rl_normalized_score,2026-09-19T11:46:33.474915+00:00
td3_amo,1,0.0003,hopper-medium-replay-v2,3,96.23832995083968,1000000,True,50,False,2,ext_csv,jax,hopmr_s3_ae1_ab1_Tlr0p0003__e1e448b5,1e34514ddf70bfc8a78757d9a78b82306627164c,32edbe55c2befd86f645192b55d2156f2f8abffc,ablation/td3_amo/hopper-medium-replay-v2/3e-4/seed_3/hopmr_s3_ae1_ab1_Tlr0p0003__e1e448b5,/raid/ext_csv/AMO_store/td3_amo_jax_loco_antmaze_alpha1_alr_seeds0to3/runs/td3amo_jax_h-mr_a1_alr3em4_s3,eval.jsonl,1,normalized_score,2026-09-15T11:13:09.921522+00:00
td3_amo,1,0.0003,hopper-medium-replay-v2,3,98.76757617480473,1000000,True,50,True,2,shchoi,jax,hopmr_s3_default__d35164ec,1e34514ddf70bfc8a78757d9a78b82306627164c,aa9e29b18841961a07cba1afe3a44a6048ce24e6,ablation/td3_amo/hopper-medium-replay-v2/3e-4/seed_3/hopmr_s3_default__d35164ec,/home/shchoi/AMO_td3-amo-bootrms/results/td3_amo_jax_a1_s03/runs/td3amo_jax_a1_tlr3em4_h-mr_s3,final_eval_50.jsonl,1,d4rl_normalized_score,2026-09-19T11:46:33.826289+00:00
td3_amo,1,0.002,hopper-medium-expert-v2,0,111.46605059377983,1000000,True,50,True,1,ext_csv,jax,hopme_s0_ae1_ab1_Tlr0p002__bfaa80f2,1e34514ddf70bfc8a78757d9a78b82306627164c,32edbe55c2befd86f645192b55d2156f2f8abffc,ablation/td3_amo/hopper-medium-expert-v2/2e-3/seed_0/hopme_s0_ae1_ab1_Tlr0p002__bfaa80f2,/raid/ext_csv/AMO_store/td3_amo_jax_loco_antmaze_alpha1_alr_seeds0to3/runs/td3amo_jax_h-me_a1_alr2em3_s0,eval.jsonl,1,normalized_score,2026-09-15T16:37:50.323638+00:00
td3_amo,1,0.002,hopper-medium-expert-v2,1,83.08302953796128,1000000,True,50,True,1,ext_csv,jax,hopme_s1_ae1_ab1_Tlr0p002__8934a29e,1e34514ddf70bfc8a78757d9a78b82306627164c,32edbe55c2befd86f645192b55d2156f2f8abffc,ablation/td3_amo/hopper-medium-expert-v2/2e-3/seed_1/hopme_s1_ae1_ab1_Tlr0p002__8934a29e,/raid/ext_csv/AMO_store/td3_amo_jax_loco_antmaze_alpha1_alr_seeds0to3/runs/td3amo_jax_h-me_a1_alr2em3_s1,eval.jsonl,1,normalized_score,2026-09-15T16:38:10.293699+00:00
td3_amo,1,0.002,hopper-medium-expert-v2,2,111.92059846082823,1000000,True,50,True,1,ext_csv,jax,hopme_s2_ae1_ab1_Tlr0p002__900fc919,1e34514ddf70bfc8a78757d9a78b82306627164c,32edbe55c2befd86f645192b55d2156f2f8abffc,ablation/td3_amo/hopper-medium-expert-v2/2e-3/seed_2/hopme_s2_ae1_ab1_Tlr0p002__900fc919,/raid/ext_csv/AMO_store/td3_amo_jax_loco_antmaze_alpha1_alr_seeds0to3/runs/td3amo_jax_h-me_a1_alr2em3_s2,eval.jsonl,1,normalized_score,2026-09-15T16:38:37.644357+00:00
td3_amo,1,0.002,hopper-medium-expert-v2,3,50.97578234888148,1000000,True,50,True,1,ext_csv,jax,hopme_s3_ae1_ab1_Tlr0p002__142727c6,1e34514ddf70bfc8a78757d9a78b82306627164c,32edbe55c2befd86f645192b55d2156f2f8abffc,ablation/td3_amo/hopper-medium-expert-v2/2e-3/seed_3/hopme_s3_ae1_ab1_Tlr0p002__142727c6,/raid/ext_csv/AMO_store/td3_amo_jax_loco_antmaze_alpha1_alr_seeds0to3/runs/td3amo_jax_h-me_a1_alr2em3_s3,eval.jsonl,1,normalized_score,2026-09-15T16:38:50.216981+00:00
td3_amo,1,0.001,hopper-medium-expert-v2,0,105.66734737687578,1000000,True,50,False,2,ext_csv,jax,hopme_s0_ae1_ab1_Tlr0p001__debfe297,1e34514ddf70bfc8a78757d9a78b82306627164c,32edbe55c2befd86f645192b55d2156f2f8abffc,ablation/td3_amo/hopper-medium-expert-v2/1e-3/seed_0/hopme_s0_ae1_ab1_Tlr0p001__debfe297,/raid/ext_csv/AMO_store/td3_amo_jax_loco_antmaze_alpha1_alr_seeds0to3/runs/td3amo_jax_h-me_a1_alr1em3_s0,eval.jsonl,1,normalized_score,2026-09-15T16:36:01.682564+00:00
td3_amo,1,0.001,hopper-medium-expert-v2,0,109.82619768247292,1000000,True,50,True,2,shchoi,jax,hopme_s0_default__a3380096,1e34514ddf70bfc8a78757d9a78b82306627164c,aa9e29b18841961a07cba1afe3a44a6048ce24e6,ablation/td3_amo/hopper-medium-expert-v2/1e-3/seed_0/hopme_s0_default__a3380096,/home/shchoi/AMO_td3-amo-bootrms/results/td3_amo_jax_a1_s03/runs/td3amo_jax_a1_tlr1em3_h-me_s0,final_eval_50.jsonl,1,d4rl_normalized_score,2026-09-19T13:15:33.537122+00:00
td3_amo,1,0.001,hopper-medium-expert-v2,1,111.14607003740922,1000000,True,50,False,2,ext_csv,jax,hopme_s1_ae1_ab1_Tlr0p001__5eb1eb3e,1e34514ddf70bfc8a78757d9a78b82306627164c,32edbe55c2befd86f645192b55d2156f2f8abffc,ablation/td3_amo/hopper-medium-expert-v2/1e-3/seed_1/hopme_s1_ae1_ab1_Tlr0p001__5eb1eb3e,/raid/ext_csv/AMO_store/td3_amo_jax_loco_antmaze_alpha1_alr_seeds0to3/runs/td3amo_jax_h-me_a1_alr1em3_s1,eval.jsonl,1,normalized_score,2026-09-15T16:36:30.250812+00:00
td3_amo,1,0.001,hopper-medium-expert-v2,1,111.2030468437253,1000000,True,50,True,2,shchoi,jax,hopme_s1_default__c193088f,1e34514ddf70bfc8a78757d9a78b82306627164c,aa9e29b18841961a07cba1afe3a44a6048ce24e6,ablation/td3_amo/hopper-medium-expert-v2/1e-3/seed_1/hopme_s1_default__c193088f,/home/shchoi/AMO_td3-amo-bootrms/results/td3_amo_jax_a1_s03/runs/td3amo_jax_a1_tlr1em3_h-me_s1,final_eval_50.jsonl,1,d4rl_normalized_score,2026-09-19T17:21:50.374706+00:00
td3_amo,1,0.001,hopper-medium-expert-v2,2,111.58040163445528,1000000,True,50,True,2,ext_csv,jax,hopme_s2_ae1_ab1_Tlr0p001__4a4246d3,1e34514ddf70bfc8a78757d9a78b82306627164c,32edbe55c2befd86f645192b55d2156f2f8abffc,ablation/td3_amo/hopper-medium-expert-v2/1e-3/seed_2/hopme_s2_ae1_ab1_Tlr0p001__4a4246d3,/raid/ext_csv/AMO_store/td3_amo_jax_loco_antmaze_alpha1_alr_seeds0to3/runs/td3amo_jax_h-me_a1_alr1em3_s2,eval.jsonl,1,normalized_score,2026-09-15T16:36:59.381457+00:00
td3_amo,1,0.001,hopper-medium-expert-v2,2,95.44799493716611,1000000,True,50,False,2,shchoi,jax,hopme_s2_default__afb8a9b5,1e34514ddf70bfc8a78757d9a78b82306627164c,aa9e29b18841961a07cba1afe3a44a6048ce24e6,ablation/td3_amo/hopper-medium-expert-v2/1e-3/seed_2/hopme_s2_default__afb8a9b5,/home/shchoi/AMO_td3-amo-bootrms/results/td3_amo_jax_a1_s03/runs/td3amo_jax_a1_tlr1em3_h-me_s2,final_eval_50.jsonl,1,d4rl_normalized_score,2026-09-19T19:12:28.288381+00:00
td3_amo,1,0.001,hopper-medium-expert-v2,3,111.58689837158822,1000000,True,50,True,2,ext_csv,jax,hopme_s3_ae1_ab1_Tlr0p001__ef0863f7,1e34514ddf70bfc8a78757d9a78b82306627164c,32edbe55c2befd86f645192b55d2156f2f8abffc,ablation/td3_amo/hopper-medium-expert-v2/1e-3/seed_3/hopme_s3_ae1_ab1_Tlr0p001__ef0863f7,/raid/ext_csv/AMO_store/td3_amo_jax_loco_antmaze_alpha1_alr_seeds0to3/runs/td3amo_jax_h-me_a1_alr1em3_s3,eval.jsonl,1,normalized_score,2026-09-15T16:37:22.626866+00:00
td3_amo,1,0.001,hopper-medium-expert-v2,3,108.34777135494447,1000000,True,50,False,2,shchoi,jax,hopme_s3_default__c56b70e1,1e34514ddf70bfc8a78757d9a78b82306627164c,aa9e29b18841961a07cba1afe3a44a6048ce24e6,ablation/td3_amo/hopper-medium-expert-v2/1e-3/seed_3/hopme_s3_default__c56b70e1,/home/shchoi/AMO_td3-amo-bootrms/results/td3_amo_jax_a1_s03/runs/td3amo_jax_a1_tlr1em3_h-me_s3,final_eval_50.jsonl,1,d4rl_normalized_score,2026-09-19T21:08:53.313846+00:00
td3_amo,1,0.0003,hopper-medium-expert-v2,0,98.3347030676382,1000000,True,50,True,2,ext_csv,jax,hopme_s0_ae1_ab1_Tlr0p0003__f54684a0,1e34514ddf70bfc8a78757d9a78b82306627164c,32edbe55c2befd86f645192b55d2156f2f8abffc,ablation/td3_amo/hopper-medium-expert-v2/3e-4/seed_0/hopme_s0_ae1_ab1_Tlr0p0003__f54684a0,/raid/ext_csv/AMO_store/td3_amo_jax_loco_antmaze_alpha1_alr_seeds0to3/runs/td3amo_jax_h-me_a1_alr3em4_s0,eval.jsonl,1,normalized_score,2026-09-15T12:09:04.617096+00:00
td3_amo,1,0.0003,hopper-medium-expert-v2,0,89.93956708245398,1000000,True,50,False,2,shchoi,jax,hopme_s0_default__5ffab7e6,1e34514ddf70bfc8a78757d9a78b82306627164c,aa9e29b18841961a07cba1afe3a44a6048ce24e6,ablation/td3_amo/hopper-medium-expert-v2/3e-4/seed_0/hopme_s0_default__5ffab7e6,/home/shchoi/AMO_td3-amo-bootrms/results/td3_amo_jax_a1_s03/runs/td3amo_jax_a1_tlr3em4_h-me_s0,final_eval_50.jsonl,1,d4rl_normalized_score,2026-09-19T11:46:28.185151+00:00
td3_amo,1,0.0003,hopper-medium-expert-v2,1,84.28080722964114,1000000,True,50,False,2,ext_csv,jax,hopme_s1_ae1_ab1_Tlr0p0003__469867d0,1e34514ddf70bfc8a78757d9a78b82306627164c,32edbe55c2befd86f645192b55d2156f2f8abffc,ablation/td3_amo/hopper-medium-expert-v2/3e-4/seed_1/hopme_s1_ae1_ab1_Tlr0p0003__469867d0,/raid/ext_csv/AMO_store/td3_amo_jax_loco_antmaze_alpha1_alr_seeds0to3/runs/td3amo_jax_h-me_a1_alr3em4_s1,eval.jsonl,1,normalized_score,2026-09-15T12:09:25.929894+00:00
td3_amo,1,0.0003,hopper-medium-expert-v2,1,94.19085052851224,1000000,True,50,True,2,shchoi,jax,hopme_s1_default__9fc274ea,1e34514ddf70bfc8a78757d9a78b82306627164c,aa9e29b18841961a07cba1afe3a44a6048ce24e6,ablation/td3_amo/hopper-medium-expert-v2/3e-4/seed_1/hopme_s1_default__9fc274ea,/home/shchoi/AMO_td3-amo-bootrms/results/td3_amo_jax_a1_s03/runs/td3amo_jax_a1_tlr3em4_h-me_s1,final_eval_50.jsonl,1,d4rl_normalized_score,2026-09-19T11:46:28.345194+00:00
td3_amo,1,0.0003,hopper-medium-expert-v2,2,96.37312155139128,1000000,True,50,True,2,ext_csv,jax,hopme_s2_ae1_ab1_Tlr0p0003__6652bec2,1e34514ddf70bfc8a78757d9a78b82306627164c,32edbe55c2befd86f645192b55d2156f2f8abffc,ablation/td3_amo/hopper-medium-expert-v2/3e-4/seed_2/hopme_s2_ae1_ab1_Tlr0p0003__6652bec2,/raid/ext_csv/AMO_store/td3_amo_jax_loco_antmaze_alpha1_alr_seeds0to3/runs/td3amo_jax_h-me_a1_alr3em4_s2,eval.jsonl,1,normalized_score,2026-09-15T12:09:52.588671+00:00
td3_amo,1,0.0003,hopper-medium-expert-v2,2,85.58720327233006,1000000,True,50,False,2,shchoi,jax,hopme_s2_default__f569138d,1e34514ddf70bfc8a78757d9a78b82306627164c,aa9e29b18841961a07cba1afe3a44a6048ce24e6,ablation/td3_amo/hopper-medium-expert-v2/3e-4/seed_2/hopme_s2_default__f569138d,/home/shchoi/AMO_td3-amo-bootrms/results/td3_amo_jax_a1_s03/runs/td3amo_jax_a1_tlr3em4_h-me_s2,final_eval_50.jsonl,1,d4rl_normalized_score,2026-09-19T11:46:28.295246+00:00
td3_amo,1,0.0003,hopper-medium-expert-v2,3,72.33926784279056,1000000,True,50,False,2,ext_csv,jax,hopme_s3_ae1_ab1_Tlr0p0003__f6397df7,1e34514ddf70bfc8a78757d9a78b82306627164c,32edbe55c2befd86f645192b55d2156f2f8abffc,ablation/td3_amo/hopper-medium-expert-v2/3e-4/seed_3/hopme_s3_ae1_ab1_Tlr0p0003__f6397df7,/raid/ext_csv/AMO_store/td3_amo_jax_loco_antmaze_alpha1_alr_seeds0to3/runs/td3amo_jax_h-me_a1_alr3em4_s3,eval.jsonl,1,normalized_score,2026-09-15T12:10:08.757850+00:00
td3_amo,1,0.0003,hopper-medium-expert-v2,3,77.50331637547934,1000000,True,50,True,2,shchoi,jax,hopme_s3_default__d1588bc7,1e34514ddf70bfc8a78757d9a78b82306627164c,aa9e29b18841961a07cba1afe3a44a6048ce24e6,ablation/td3_amo/hopper-medium-expert-v2/3e-4/seed_3/hopme_s3_default__d1588bc7,/home/shchoi/AMO_td3-amo-bootrms/results/td3_amo_jax_a1_s03/runs/td3amo_jax_a1_tlr3em4_h-me_s3,final_eval_50.jsonl,1,d4rl_normalized_score,2026-09-19T11:46:27.977376+00:00
td3_amo,1,0.002,walker2d-medium-v2,0,79.89936273702764,1000000,True,50,True,1,ext_csv,jax,wm_s0_ae1_ab1_Tlr0p002__20b1fbb2,1e34514ddf70bfc8a78757d9a78b82306627164c,32edbe55c2befd86f645192b55d2156f2f8abffc,ablation/td3_amo/walker2d-medium-v2/2e-3/seed_0/wm_s0_ae1_ab1_Tlr0p002__20b1fbb2,/raid/ext_csv/AMO_store/td3_amo_jax_loco_antmaze_alpha1_alr_seeds0to3/runs/td3amo_jax_w-m_a1_alr2em3_s0,eval.jsonl,1,normalized_score,2026-09-15T16:41:13.045169+00:00
td3_amo,1,0.002,walker2d-medium-v2,1,82.75915974991229,1000000,True,50,True,1,ext_csv,jax,wm_s1_ae1_ab1_Tlr0p002__ddafd258,1e34514ddf70bfc8a78757d9a78b82306627164c,32edbe55c2befd86f645192b55d2156f2f8abffc,ablation/td3_amo/walker2d-medium-v2/2e-3/seed_1/wm_s1_ae1_ab1_Tlr0p002__ddafd258,/raid/ext_csv/AMO_store/td3_amo_jax_loco_antmaze_alpha1_alr_seeds0to3/runs/td3amo_jax_w-m_a1_alr2em3_s1,eval.jsonl,1,normalized_score,2026-09-15T16:41:42.065532+00:00
td3_amo,1,0.002,walker2d-medium-v2,2,81.13881552334567,1000000,True,50,True,1,ext_csv,jax,wm_s2_ae1_ab1_Tlr0p002__1ee516cb,1e34514ddf70bfc8a78757d9a78b82306627164c,32edbe55c2befd86f645192b55d2156f2f8abffc,ablation/td3_amo/walker2d-medium-v2/2e-3/seed_2/wm_s2_ae1_ab1_Tlr0p002__1ee516cb,/raid/ext_csv/AMO_store/td3_amo_jax_loco_antmaze_alpha1_alr_seeds0to3/runs/td3amo_jax_w-m_a1_alr2em3_s2,eval.jsonl,1,normalized_score,2026-09-15T16:42:09.135830+00:00
td3_amo,1,0.002,walker2d-medium-v2,3,83.62166096226214,1000000,True,50,True,1,ext_csv,jax,wm_s3_ae1_ab1_Tlr0p002__a716ccd1,1e34514ddf70bfc8a78757d9a78b82306627164c,32edbe55c2befd86f645192b55d2156f2f8abffc,ablation/td3_amo/walker2d-medium-v2/2e-3/seed_3/wm_s3_ae1_ab1_Tlr0p002__a716ccd1,/raid/ext_csv/AMO_store/td3_amo_jax_loco_antmaze_alpha1_alr_seeds0to3/runs/td3amo_jax_w-m_a1_alr2em3_s3,eval.jsonl,1,normalized_score,2026-09-15T16:42:33.792071+00:00
td3_amo,1,0.001,walker2d-medium-v2,0,80.83828563602788,1000000,True,50,False,2,ext_csv,jax,wm_s0_ae1_ab1_Tlr0p001__bbc5594b,1e34514ddf70bfc8a78757d9a78b82306627164c,32edbe55c2befd86f645192b55d2156f2f8abffc,ablation/td3_amo/walker2d-medium-v2/1e-3/seed_0/wm_s0_ae1_ab1_Tlr0p001__bbc5594b,/raid/ext_csv/AMO_store/td3_amo_jax_loco_antmaze_alpha1_alr_seeds0to3/runs/td3amo_jax_w-m_a1_alr1em3_s0,eval.jsonl,1,normalized_score,2026-09-15T16:39:18.862326+00:00
td3_amo,1,0.001,walker2d-medium-v2,0,81.44721151799979,1000000,True,50,True,2,shchoi,jax,wm_s0_default__60529272,1e34514ddf70bfc8a78757d9a78b82306627164c,aa9e29b18841961a07cba1afe3a44a6048ce24e6,ablation/td3_amo/walker2d-medium-v2/1e-3/seed_0/wm_s0_default__60529272,/home/shchoi/AMO_td3-amo-bootrms/results/td3_amo_jax_a1_s03/runs/td3amo_jax_a1_tlr1em3_w-m_s0,final_eval_50.jsonl,1,d4rl_normalized_score,2026-09-19T13:49:45.073204+00:00
td3_amo,1,0.001,walker2d-medium-v2,1,80.18299432560923,1000000,True,50,False,2,ext_csv,jax,wm_s1_ae1_ab1_Tlr0p001__264f08db,1e34514ddf70bfc8a78757d9a78b82306627164c,32edbe55c2befd86f645192b55d2156f2f8abffc,ablation/td3_amo/walker2d-medium-v2/1e-3/seed_1/wm_s1_ae1_ab1_Tlr0p001__264f08db,/raid/ext_csv/AMO_store/td3_amo_jax_loco_antmaze_alpha1_alr_seeds0to3/runs/td3amo_jax_w-m_a1_alr1em3_s1,eval.jsonl,1,normalized_score,2026-09-15T16:39:46.294460+00:00
td3_amo,1,0.001,walker2d-medium-v2,1,82.69672961941932,1000000,True,50,True,2,shchoi,jax,wm_s1_default__dc35a889,1e34514ddf70bfc8a78757d9a78b82306627164c,aa9e29b18841961a07cba1afe3a44a6048ce24e6,ablation/td3_amo/walker2d-medium-v2/1e-3/seed_1/wm_s1_default__dc35a889,/home/shchoi/AMO_td3-amo-bootrms/results/td3_amo_jax_a1_s03/runs/td3amo_jax_a1_tlr1em3_w-m_s1,final_eval_50.jsonl,1,d4rl_normalized_score,2026-09-19T17:23:56.553945+00:00
td3_amo,1,0.001,walker2d-medium-v2,2,82.09633650775207,1000000,True,50,True,2,ext_csv,jax,wm_s2_ae1_ab1_Tlr0p001__09dad519,1e34514ddf70bfc8a78757d9a78b82306627164c,32edbe55c2befd86f645192b55d2156f2f8abffc,ablation/td3_amo/walker2d-medium-v2/1e-3/seed_2/wm_s2_ae1_ab1_Tlr0p001__09dad519,/raid/ext_csv/AMO_store/td3_amo_jax_loco_antmaze_alpha1_alr_seeds0to3/runs/td3amo_jax_w-m_a1_alr1em3_s2,eval.jsonl,1,normalized_score,2026-09-15T16:40:15.419770+00:00
td3_amo,1,0.001,walker2d-medium-v2,2,80.00773164766571,1000000,True,50,False,2,shchoi,jax,wm_s2_default__ff00c299,1e34514ddf70bfc8a78757d9a78b82306627164c,aa9e29b18841961a07cba1afe3a44a6048ce24e6,ablation/td3_amo/walker2d-medium-v2/1e-3/seed_2/wm_s2_default__ff00c299,/home/shchoi/AMO_td3-amo-bootrms/results/td3_amo_jax_a1_s03/runs/td3amo_jax_a1_tlr1em3_w-m_s2,final_eval_50.jsonl,1,d4rl_normalized_score,2026-09-19T19:22:34.472365+00:00
td3_amo,1,0.001,walker2d-medium-v2,3,83.68357048327347,1000000,True,50,True,2,ext_csv,jax,wm_s3_ae1_ab1_Tlr0p001__51c1170a,1e34514ddf70bfc8a78757d9a78b82306627164c,32edbe55c2befd86f645192b55d2156f2f8abffc,ablation/td3_amo/walker2d-medium-v2/1e-3/seed_3/wm_s3_ae1_ab1_Tlr0p001__51c1170a,/raid/ext_csv/AMO_store/td3_amo_jax_loco_antmaze_alpha1_alr_seeds0to3/runs/td3amo_jax_w-m_a1_alr1em3_s3,eval.jsonl,1,normalized_score,2026-09-15T16:40:45.285660+00:00
td3_amo,1,0.001,walker2d-medium-v2,3,82.01893004947428,1000000,True,50,False,2,shchoi,jax,wm_s3_default__802019cf,1e34514ddf70bfc8a78757d9a78b82306627164c,aa9e29b18841961a07cba1afe3a44a6048ce24e6,ablation/td3_amo/walker2d-medium-v2/1e-3/seed_3/wm_s3_default__802019cf,/home/shchoi/AMO_td3-amo-bootrms/results/td3_amo_jax_a1_s03/runs/td3amo_jax_a1_tlr1em3_w-m_s3,final_eval_50.jsonl,1,d4rl_normalized_score,2026-09-19T21:08:59.026524+00:00
td3_amo,1,0.0003,walker2d-medium-v2,0,83.50289958672003,1000000,True,50,True,2,ext_csv,jax,wm_s0_ae1_ab1_Tlr0p0003__13f91750,1e34514ddf70bfc8a78757d9a78b82306627164c,32edbe55c2befd86f645192b55d2156f2f8abffc,ablation/td3_amo/walker2d-medium-v2/3e-4/seed_0/wm_s0_ae1_ab1_Tlr0p0003__13f91750,/raid/ext_csv/AMO_store/td3_amo_jax_loco_antmaze_alpha1_alr_seeds0to3/runs/td3amo_jax_w-m_a1_alr3em4_s0,eval.jsonl,1,normalized_score,2026-09-15T16:43:03.970330+00:00
td3_amo,1,0.0003,walker2d-medium-v2,0,82.9220293265867,1000000,True,50,False,2,shchoi,jax,wm_s0_default__9b88dcdd,1e34514ddf70bfc8a78757d9a78b82306627164c,aa9e29b18841961a07cba1afe3a44a6048ce24e6,ablation/td3_amo/walker2d-medium-v2/3e-4/seed_0/wm_s0_default__9b88dcdd,/home/shchoi/AMO_td3-amo-bootrms/results/td3_amo_jax_a1_s03/runs/td3amo_jax_a1_tlr3em4_w-m_s0,final_eval_50.jsonl,1,d4rl_normalized_score,2026-09-19T11:46:43.346275+00:00
td3_amo,1,0.0003,walker2d-medium-v2,1,83.23593449718774,1000000,True,50,False,2,ext_csv,jax,wm_s1_ae1_ab1_Tlr0p0003__55ee58b8,1e34514ddf70bfc8a78757d9a78b82306627164c,32edbe55c2befd86f645192b55d2156f2f8abffc,ablation/td3_amo/walker2d-medium-v2/3e-4/seed_1/wm_s1_ae1_ab1_Tlr0p0003__55ee58b8,/raid/ext_csv/AMO_store/td3_amo_jax_loco_antmaze_alpha1_alr_seeds0to3/runs/td3amo_jax_w-m_a1_alr3em4_s1,eval.jsonl,1,normalized_score,2026-09-15T16:43:31.595077+00:00
td3_amo,1,0.0003,walker2d-medium-v2,1,83.44399364219348,1000000,True,50,True,2,shchoi,jax,wm_s1_default__67a111e1,1e34514ddf70bfc8a78757d9a78b82306627164c,aa9e29b18841961a07cba1afe3a44a6048ce24e6,ablation/td3_amo/walker2d-medium-v2/3e-4/seed_1/wm_s1_default__67a111e1,/home/shchoi/AMO_td3-amo-bootrms/results/td3_amo_jax_a1_s03/runs/td3amo_jax_a1_tlr3em4_w-m_s1,final_eval_50.jsonl,1,d4rl_normalized_score,2026-09-19T11:46:43.591758+00:00
td3_amo,1,0.0003,walker2d-medium-v2,2,82.13526063793037,1000000,True,50,False,2,ext_csv,jax,wm_s2_ae1_ab1_Tlr0p0003__35dcbce0,1e34514ddf70bfc8a78757d9a78b82306627164c,32edbe55c2befd86f645192b55d2156f2f8abffc,ablation/td3_amo/walker2d-medium-v2/3e-4/seed_2/wm_s2_ae1_ab1_Tlr0p0003__35dcbce0,/raid/ext_csv/AMO_store/td3_amo_jax_loco_antmaze_alpha1_alr_seeds0to3/runs/td3amo_jax_w-m_a1_alr3em4_s2,eval.jsonl,1,normalized_score,2026-09-15T16:44:02.434825+00:00
td3_amo,1,0.0003,walker2d-medium-v2,2,83.47016406835236,1000000,True,50,True,2,shchoi,jax,wm_s2_default__b80128aa,1e34514ddf70bfc8a78757d9a78b82306627164c,aa9e29b18841961a07cba1afe3a44a6048ce24e6,ablation/td3_amo/walker2d-medium-v2/3e-4/seed_2/wm_s2_default__b80128aa,/home/shchoi/AMO_td3-amo-bootrms/results/td3_amo_jax_a1_s03/runs/td3amo_jax_a1_tlr3em4_w-m_s2,final_eval_50.jsonl,1,d4rl_normalized_score,2026-09-19T11:46:43.325811+00:00
td3_amo,1,0.0003,walker2d-medium-v2,3,84.21372178211118,1000000,True,50,False,2,ext_csv,jax,wm_s3_ae1_ab1_Tlr0p0003__2d701e91,1e34514ddf70bfc8a78757d9a78b82306627164c,32edbe55c2befd86f645192b55d2156f2f8abffc,ablation/td3_amo/walker2d-medium-v2/3e-4/seed_3/wm_s3_ae1_ab1_Tlr0p0003__2d701e91,/raid/ext_csv/AMO_store/td3_amo_jax_loco_antmaze_alpha1_alr_seeds0to3/runs/td3amo_jax_w-m_a1_alr3em4_s3,eval.jsonl,1,normalized_score,2026-09-15T16:44:33.526206+00:00
td3_amo,1,0.0003,walker2d-medium-v2,3,84.86116341008253,1000000,True,50,True,2,shchoi,jax,wm_s3_default__262f27fd,1e34514ddf70bfc8a78757d9a78b82306627164c,aa9e29b18841961a07cba1afe3a44a6048ce24e6,ablation/td3_amo/walker2d-medium-v2/3e-4/seed_3/wm_s3_default__262f27fd,/home/shchoi/AMO_td3-amo-bootrms/results/td3_amo_jax_a1_s03/runs/td3amo_jax_a1_tlr3em4_w-m_s3,final_eval_50.jsonl,1,d4rl_normalized_score,2026-09-19T11:46:43.298405+00:00
td3_amo,1,0.002,walker2d-medium-replay-v2,0,97.13024414978815,1000000,True,50,True,1,ext_csv,jax,wmr_s0_ae1_ab1_Tlr0p002__2a279e1d,1e34514ddf70bfc8a78757d9a78b82306627164c,32edbe55c2befd86f645192b55d2156f2f8abffc,ablation/td3_amo/walker2d-medium-replay-v2/2e-3/seed_0/wmr_s0_ae1_ab1_Tlr0p002__2a279e1d,/raid/ext_csv/AMO_store/td3_amo_jax_loco_antmaze_alpha1_alr_seeds0to3/runs/td3amo_jax_w-mr_a1_alr2em3_s0,eval.jsonl,1,normalized_score,2026-09-15T16:49:31.176726+00:00
td3_amo,1,0.002,walker2d-medium-replay-v2,1,93.94762944655145,1000000,True,50,True,1,ext_csv,jax,wmr_s1_ae1_ab1_Tlr0p002__f987d850,1e34514ddf70bfc8a78757d9a78b82306627164c,32edbe55c2befd86f645192b55d2156f2f8abffc,ablation/td3_amo/walker2d-medium-replay-v2/2e-3/seed_1/wmr_s1_ae1_ab1_Tlr0p002__f987d850,/raid/ext_csv/AMO_store/td3_amo_jax_loco_antmaze_alpha1_alr_seeds0to3/runs/td3amo_jax_w-mr_a1_alr2em3_s1,eval.jsonl,1,normalized_score,2026-09-15T16:49:55.242581+00:00
td3_amo,1,0.002,walker2d-medium-replay-v2,2,96.94435520144962,1000000,True,50,True,1,ext_csv,jax,wmr_s2_ae1_ab1_Tlr0p002__679046fb,1e34514ddf70bfc8a78757d9a78b82306627164c,32edbe55c2befd86f645192b55d2156f2f8abffc,ablation/td3_amo/walker2d-medium-replay-v2/2e-3/seed_2/wmr_s2_ae1_ab1_Tlr0p002__679046fb,/raid/ext_csv/AMO_store/td3_amo_jax_loco_antmaze_alpha1_alr_seeds0to3/runs/td3amo_jax_w-mr_a1_alr2em3_s2,eval.jsonl,1,normalized_score,2026-09-15T16:50:20.672877+00:00
td3_amo,1,0.002,walker2d-medium-replay-v2,3,97.01330701891692,1000000,True,50,True,1,ext_csv,jax,wmr_s3_ae1_ab1_Tlr0p002__9e2d5b92,1e34514ddf70bfc8a78757d9a78b82306627164c,32edbe55c2befd86f645192b55d2156f2f8abffc,ablation/td3_amo/walker2d-medium-replay-v2/2e-3/seed_3/wmr_s3_ae1_ab1_Tlr0p002__9e2d5b92,/raid/ext_csv/AMO_store/td3_amo_jax_loco_antmaze_alpha1_alr_seeds0to3/runs/td3amo_jax_w-mr_a1_alr2em3_s3,eval.jsonl,1,normalized_score,2026-09-15T16:50:47.666491+00:00
td3_amo,1,0.001,walker2d-medium-replay-v2,0,90.06956770061288,1000000,True,50,False,2,ext_csv,jax,wmr_s0_ae1_ab1_Tlr0p001__345364ac,1e34514ddf70bfc8a78757d9a78b82306627164c,32edbe55c2befd86f645192b55d2156f2f8abffc,ablation/td3_amo/walker2d-medium-replay-v2/1e-3/seed_0/wmr_s0_ae1_ab1_Tlr0p001__345364ac,/raid/ext_csv/AMO_store/td3_amo_jax_loco_antmaze_alpha1_alr_seeds0to3/runs/td3amo_jax_w-mr_a1_alr1em3_s0,eval.jsonl,1,normalized_score,2026-09-15T16:47:42.918735+00:00
td3_amo,1,0.001,walker2d-medium-replay-v2,0,90.37335709135819,1000000,True,50,True,2,shchoi,jax,wmr_s0_default__8c17097c,1e34514ddf70bfc8a78757d9a78b82306627164c,aa9e29b18841961a07cba1afe3a44a6048ce24e6,ablation/td3_amo/walker2d-medium-replay-v2/1e-3/seed_0/wmr_s0_default__8c17097c,/home/shchoi/AMO_td3-amo-bootrms/results/td3_amo_jax_a1_s03/runs/td3amo_jax_a1_tlr1em3_w-mr_s0,final_eval_50.jsonl,1,d4rl_normalized_score,2026-09-19T13:51:50.643455+00:00
td3_amo,1,0.001,walker2d-medium-replay-v2,1,97.16624869175294,1000000,True,50,True,2,ext_csv,jax,wmr_s1_ae1_ab1_Tlr0p001__eba71e5b,1e34514ddf70bfc8a78757d9a78b82306627164c,32edbe55c2befd86f645192b55d2156f2f8abffc,ablation/td3_amo/walker2d-medium-replay-v2/1e-3/seed_1/wmr_s1_ae1_ab1_Tlr0p001__eba71e5b,/raid/ext_csv/AMO_store/td3_amo_jax_loco_antmaze_alpha1_alr_seeds0to3/runs/td3amo_jax_w-mr_a1_alr1em3_s1,eval.jsonl,1,normalized_score,2026-09-15T16:48:11.624787+00:00
td3_amo,1,0.001,walker2d-medium-replay-v2,1,96.56138490233538,1000000,True,50,False,2,shchoi,jax,wmr_s1_default__155194db,1e34514ddf70bfc8a78757d9a78b82306627164c,aa9e29b18841961a07cba1afe3a44a6048ce24e6,ablation/td3_amo/walker2d-medium-replay-v2/1e-3/seed_1/wmr_s1_default__155194db,/home/shchoi/AMO_td3-amo-bootrms/results/td3_amo_jax_a1_s03/runs/td3amo_jax_a1_tlr1em3_w-mr_s1,final_eval_50.jsonl,1,d4rl_normalized_score,2026-09-19T17:38:02.556941+00:00
td3_amo,1,0.001,walker2d-medium-replay-v2,2,82.66726351904494,1000000,True,50,False,2,ext_csv,jax,wmr_s2_ae1_ab1_Tlr0p001__c5365799,1e34514ddf70bfc8a78757d9a78b82306627164c,32edbe55c2befd86f645192b55d2156f2f8abffc,ablation/td3_amo/walker2d-medium-replay-v2/1e-3/seed_2/wmr_s2_ae1_ab1_Tlr0p001__c5365799,/raid/ext_csv/AMO_store/td3_amo_jax_loco_antmaze_alpha1_alr_seeds0to3/runs/td3amo_jax_w-mr_a1_alr1em3_s2,eval.jsonl,1,normalized_score,2026-09-15T16:48:36.794252+00:00
td3_amo,1,0.001,walker2d-medium-replay-v2,2,94.58659098138253,1000000,True,50,True,2,shchoi,jax,wmr_s2_default__e5b65648,1e34514ddf70bfc8a78757d9a78b82306627164c,aa9e29b18841961a07cba1afe3a44a6048ce24e6,ablation/td3_amo/walker2d-medium-replay-v2/1e-3/seed_2/wmr_s2_default__e5b65648,/home/shchoi/AMO_td3-amo-bootrms/results/td3_amo_jax_a1_s03/runs/td3amo_jax_a1_tlr1em3_w-mr_s2,final_eval_50.jsonl,1,d4rl_normalized_score,2026-09-19T19:26:40.195137+00:00
td3_amo,1,0.001,walker2d-medium-replay-v2,3,94.3924221665048,1000000,True,50,True,2,ext_csv,jax,wmr_s3_ae1_ab1_Tlr0p001__54a39023,1e34514ddf70bfc8a78757d9a78b82306627164c,32edbe55c2befd86f645192b55d2156f2f8abffc,ablation/td3_amo/walker2d-medium-replay-v2/1e-3/seed_3/wmr_s3_ae1_ab1_Tlr0p001__54a39023,/raid/ext_csv/AMO_store/td3_amo_jax_loco_antmaze_alpha1_alr_seeds0to3/runs/td3amo_jax_w-mr_a1_alr1em3_s3,eval.jsonl,1,normalized_score,2026-09-15T16:49:03.382320+00:00
td3_amo,1,0.001,walker2d-medium-replay-v2,3,85.86384613311705,1000000,True,50,False,2,shchoi,jax,wmr_s3_default__a115baf4,1e34514ddf70bfc8a78757d9a78b82306627164c,aa9e29b18841961a07cba1afe3a44a6048ce24e6,ablation/td3_amo/walker2d-medium-replay-v2/1e-3/seed_3/wmr_s3_default__a115baf4,/home/shchoi/AMO_td3-amo-bootrms/results/td3_amo_jax_a1_s03/runs/td3amo_jax_a1_tlr1em3_w-mr_s3,final_eval_50.jsonl,1,d4rl_normalized_score,2026-09-19T21:25:09.926904+00:00
td3_amo,1,0.0003,walker2d-medium-replay-v2,0,86.08193552939737,1000000,True,50,True,2,ext_csv,jax,wmr_s0_ae1_ab1_Tlr0p0003__c9b26d3f,1e34514ddf70bfc8a78757d9a78b82306627164c,32edbe55c2befd86f645192b55d2156f2f8abffc,ablation/td3_amo/walker2d-medium-replay-v2/3e-4/seed_0/wmr_s0_ae1_ab1_Tlr0p0003__c9b26d3f,/raid/ext_csv/AMO_store/td3_amo_jax_loco_antmaze_alpha1_alr_seeds0to3/runs/td3amo_jax_w-mr_a1_alr3em4_s0,eval.jsonl,1,normalized_score,2026-09-15T16:51:11.656689+00:00
td3_amo,1,0.0003,walker2d-medium-replay-v2,0,85.01671160034005,1000000,True,50,False,2,shchoi,jax,wmr_s0_default__6eda6718,1e34514ddf70bfc8a78757d9a78b82306627164c,aa9e29b18841961a07cba1afe3a44a6048ce24e6,ablation/td3_amo/walker2d-medium-replay-v2/3e-4/seed_0/wmr_s0_default__6eda6718,/home/shchoi/AMO_td3-amo-bootrms/results/td3_amo_jax_a1_s03/runs/td3amo_jax_a1_tlr3em4_w-mr_s0,final_eval_50.jsonl,1,d4rl_normalized_score,2026-09-19T11:46:47.486716+00:00
td3_amo,1,0.0003,walker2d-medium-replay-v2,1,73.97124415198378,1000000,True,50,False,2,ext_csv,jax,wmr_s1_ae1_ab1_Tlr0p0003__4b4493a9,1e34514ddf70bfc8a78757d9a78b82306627164c,32edbe55c2befd86f645192b55d2156f2f8abffc,ablation/td3_amo/walker2d-medium-replay-v2/3e-4/seed_1/wmr_s1_ae1_ab1_Tlr0p0003__4b4493a9,/raid/ext_csv/AMO_store/td3_amo_jax_loco_antmaze_alpha1_alr_seeds0to3/runs/td3amo_jax_w-mr_a1_alr3em4_s1,eval.jsonl,1,normalized_score,2026-09-15T16:51:32.732874+00:00
td3_amo,1,0.0003,walker2d-medium-replay-v2,1,87.54537210295568,1000000,True,50,True,2,shchoi,jax,wmr_s1_default__70aa607f,1e34514ddf70bfc8a78757d9a78b82306627164c,aa9e29b18841961a07cba1afe3a44a6048ce24e6,ablation/td3_amo/walker2d-medium-replay-v2/3e-4/seed_1/wmr_s1_default__70aa607f,/home/shchoi/AMO_td3-amo-bootrms/results/td3_amo_jax_a1_s03/runs/td3amo_jax_a1_tlr3em4_w-mr_s1,final_eval_50.jsonl,1,d4rl_normalized_score,2026-09-19T11:46:47.201478+00:00
td3_amo,1,0.0003,walker2d-medium-replay-v2,2,92.07588037360163,1000000,True,50,True,2,ext_csv,jax,wmr_s2_ae1_ab1_Tlr0p0003__6e818111,1e34514ddf70bfc8a78757d9a78b82306627164c,32edbe55c2befd86f645192b55d2156f2f8abffc,ablation/td3_amo/walker2d-medium-replay-v2/3e-4/seed_2/wmr_s2_ae1_ab1_Tlr0p0003__6e818111,/raid/ext_csv/AMO_store/td3_amo_jax_loco_antmaze_alpha1_alr_seeds0to3/runs/td3amo_jax_w-mr_a1_alr3em4_s2,eval.jsonl,1,normalized_score,2026-09-15T16:51:59.142121+00:00
td3_amo,1,0.0003,walker2d-medium-replay-v2,2,86.73163034055271,1000000,True,50,False,2,shchoi,jax,wmr_s2_default__a0cd7935,1e34514ddf70bfc8a78757d9a78b82306627164c,aa9e29b18841961a07cba1afe3a44a6048ce24e6,ablation/td3_amo/walker2d-medium-replay-v2/3e-4/seed_2/wmr_s2_default__a0cd7935,/home/shchoi/AMO_td3-amo-bootrms/results/td3_amo_jax_a1_s03/runs/td3amo_jax_a1_tlr3em4_w-mr_s2,final_eval_50.jsonl,1,d4rl_normalized_score,2026-09-19T11:46:47.513909+00:00
td3_amo,1,0.0003,walker2d-medium-replay-v2,3,90.4177086913025,1000000,True,50,True,2,ext_csv,jax,wmr_s3_ae1_ab1_Tlr0p0003__1ca7fd0c,1e34514ddf70bfc8a78757d9a78b82306627164c,32edbe55c2befd86f645192b55d2156f2f8abffc,ablation/td3_amo/walker2d-medium-replay-v2/3e-4/seed_3/wmr_s3_ae1_ab1_Tlr0p0003__1ca7fd0c,/raid/ext_csv/AMO_store/td3_amo_jax_loco_antmaze_alpha1_alr_seeds0to3/runs/td3amo_jax_w-mr_a1_alr3em4_s3,eval.jsonl,1,normalized_score,2026-09-15T16:52:28.050710+00:00
td3_amo,1,0.0003,walker2d-medium-replay-v2,3,81.0528810021338,1000000,True,50,False,2,shchoi,jax,wmr_s3_default__3f5ab2f3,1e34514ddf70bfc8a78757d9a78b82306627164c,aa9e29b18841961a07cba1afe3a44a6048ce24e6,ablation/td3_amo/walker2d-medium-replay-v2/3e-4/seed_3/wmr_s3_default__3f5ab2f3,/home/shchoi/AMO_td3-amo-bootrms/results/td3_amo_jax_a1_s03/runs/td3amo_jax_a1_tlr3em4_w-mr_s3,final_eval_50.jsonl,1,d4rl_normalized_score,2026-09-19T11:46:47.385677+00:00
td3_amo,1,0.002,walker2d-medium-expert-v2,0,112.15892971743678,1000000,True,50,True,1,ext_csv,jax,wme_s0_ae1_ab1_Tlr0p002__62773c8c,1e34514ddf70bfc8a78757d9a78b82306627164c,32edbe55c2befd86f645192b55d2156f2f8abffc,ablation/td3_amo/walker2d-medium-expert-v2/2e-3/seed_0/wme_s0_ae1_ab1_Tlr0p002__62773c8c,/raid/ext_csv/AMO_store/td3_amo_jax_loco_antmaze_alpha1_alr_seeds0to3/runs/td3amo_jax_w-me_a1_alr2em3_s0,eval.jsonl,1,normalized_score,2026-09-15T16:54:47.251883+00:00
td3_amo,1,0.002,walker2d-medium-expert-v2,1,113.8329665672672,1000000,True,50,True,1,ext_csv,jax,wme_s1_ae1_ab1_Tlr0p002__595e96f0,1e34514ddf70bfc8a78757d9a78b82306627164c,32edbe55c2befd86f645192b55d2156f2f8abffc,ablation/td3_amo/walker2d-medium-expert-v2/2e-3/seed_1/wme_s1_ae1_ab1_Tlr0p002__595e96f0,/raid/ext_csv/AMO_store/td3_amo_jax_loco_antmaze_alpha1_alr_seeds0to3/runs/td3amo_jax_w-me_a1_alr2em3_s1,eval.jsonl,1,normalized_score,2026-09-15T16:55:15.741461+00:00
td3_amo,1,0.002,walker2d-medium-expert-v2,2,109.99335585705887,1000000,True,50,True,1,ext_csv,jax,wme_s2_ae1_ab1_Tlr0p002__4e13f6cb,1e34514ddf70bfc8a78757d9a78b82306627164c,32edbe55c2befd86f645192b55d2156f2f8abffc,ablation/td3_amo/walker2d-medium-expert-v2/2e-3/seed_2/wme_s2_ae1_ab1_Tlr0p002__4e13f6cb,/raid/ext_csv/AMO_store/td3_amo_jax_loco_antmaze_alpha1_alr_seeds0to3/runs/td3amo_jax_w-me_a1_alr2em3_s2,eval.jsonl,1,normalized_score,2026-09-15T16:57:40.987542+00:00
td3_amo,1,0.002,walker2d-medium-expert-v2,3,110.91593585645947,1000000,True,50,True,1,ext_csv,jax,wme_s3_ae1_ab1_Tlr0p002__ca99bbfa,1e34514ddf70bfc8a78757d9a78b82306627164c,32edbe55c2befd86f645192b55d2156f2f8abffc,ablation/td3_amo/walker2d-medium-expert-v2/2e-3/seed_3/wme_s3_ae1_ab1_Tlr0p002__ca99bbfa,/raid/ext_csv/AMO_store/td3_amo_jax_loco_antmaze_alpha1_alr_seeds0to3/runs/td3amo_jax_w-me_a1_alr2em3_s3,eval.jsonl,1,normalized_score,2026-09-15T16:58:06.668239+00:00
td3_amo,1,0.001,walker2d-medium-expert-v2,0,108.60094968271387,1000000,True,50,False,2,ext_csv,jax,wme_s0_ae1_ab1_Tlr0p001__7cdf02a8,1e34514ddf70bfc8a78757d9a78b82306627164c,32edbe55c2befd86f645192b55d2156f2f8abffc,ablation/td3_amo/walker2d-medium-expert-v2/1e-3/seed_0/wme_s0_ae1_ab1_Tlr0p001__7cdf02a8,/raid/ext_csv/AMO_store/td3_amo_jax_loco_antmaze_alpha1_alr_seeds0to3/runs/td3amo_jax_w-me_a1_alr1em3_s0,eval.jsonl,1,normalized_score,2026-09-15T16:45:01.970100+00:00
td3_amo,1,0.001,walker2d-medium-expert-v2,0,110.14520409720944,1000000,True,50,True,2,shchoi,jax,wme_s0_default__1eaf2670,1e34514ddf70bfc8a78757d9a78b82306627164c,aa9e29b18841961a07cba1afe3a44a6048ce24e6,ablation/td3_amo/walker2d-medium-expert-v2/1e-3/seed_0/wme_s0_default__1eaf2670,/home/shchoi/AMO_td3-amo-bootrms/results/td3_amo_jax_a1_s03/runs/td3amo_jax_a1_tlr1em3_w-me_s0,final_eval_50.jsonl,1,d4rl_normalized_score,2026-09-19T14:23:58.987815+00:00
td3_amo,1,0.001,walker2d-medium-expert-v2,1,110.12826737290682,1000000,True,50,False,2,ext_csv,jax,wme_s1_ae1_ab1_Tlr0p001__b52fcfee,1e34514ddf70bfc8a78757d9a78b82306627164c,32edbe55c2befd86f645192b55d2156f2f8abffc,ablation/td3_amo/walker2d-medium-expert-v2/1e-3/seed_1/wme_s1_ae1_ab1_Tlr0p001__b52fcfee,/raid/ext_csv/AMO_store/td3_amo_jax_loco_antmaze_alpha1_alr_seeds0to3/runs/td3amo_jax_w-me_a1_alr1em3_s1,eval.jsonl,1,normalized_score,2026-09-15T16:45:27.584703+00:00
td3_amo,1,0.001,walker2d-medium-expert-v2,1,110.35498525784513,1000000,True,50,True,2,shchoi,jax,wme_s1_default__42eb57a6,1e34514ddf70bfc8a78757d9a78b82306627164c,aa9e29b18841961a07cba1afe3a44a6048ce24e6,ablation/td3_amo/walker2d-medium-expert-v2/1e-3/seed_1/wme_s1_default__42eb57a6,/home/shchoi/AMO_td3-amo-bootrms/results/td3_amo_jax_a1_s03/runs/td3amo_jax_a1_tlr1em3_w-me_s1,final_eval_50.jsonl,1,d4rl_normalized_score,2026-09-19T17:40:08.642293+00:00
td3_amo,1,0.001,walker2d-medium-expert-v2,2,109.85462943735047,1000000,True,50,False,2,ext_csv,jax,wme_s2_ae1_ab1_Tlr0p001__3a147abf,1e34514ddf70bfc8a78757d9a78b82306627164c,32edbe55c2befd86f645192b55d2156f2f8abffc,ablation/td3_amo/walker2d-medium-expert-v2/1e-3/seed_2/wme_s2_ae1_ab1_Tlr0p001__3a147abf,/raid/ext_csv/AMO_store/td3_amo_jax_loco_antmaze_alpha1_alr_seeds0to3/runs/td3amo_jax_w-me_a1_alr1em3_s2,eval.jsonl,1,normalized_score,2026-09-15T16:53:52.467250+00:00
td3_amo,1,0.001,walker2d-medium-expert-v2,2,110.26090194662224,1000000,True,50,True,2,shchoi,jax,wme_s2_default__2e5cc828,1e34514ddf70bfc8a78757d9a78b82306627164c,aa9e29b18841961a07cba1afe3a44a6048ce24e6,ablation/td3_amo/walker2d-medium-expert-v2/1e-3/seed_2/wme_s2_default__2e5cc828,/home/shchoi/AMO_td3-amo-bootrms/results/td3_amo_jax_a1_s03/runs/td3amo_jax_a1_tlr1em3_w-me_s2,final_eval_50.jsonl,1,d4rl_normalized_score,2026-09-19T19:36:48.241772+00:00
td3_amo,1,0.001,walker2d-medium-expert-v2,3,109.97856619795311,1000000,True,50,False,2,ext_csv,jax,wme_s3_ae1_ab1_Tlr0p001__eac53be4,1e34514ddf70bfc8a78757d9a78b82306627164c,32edbe55c2befd86f645192b55d2156f2f8abffc,ablation/td3_amo/walker2d-medium-expert-v2/1e-3/seed_3/wme_s3_ae1_ab1_Tlr0p001__eac53be4,/raid/ext_csv/AMO_store/td3_amo_jax_loco_antmaze_alpha1_alr_seeds0to3/runs/td3amo_jax_w-me_a1_alr1em3_s3,eval.jsonl,1,normalized_score,2026-09-15T16:54:18.925469+00:00
td3_amo,1,0.001,walker2d-medium-expert-v2,3,111.84354011255007,1000000,True,50,True,2,shchoi,jax,wme_s3_default__332ae1c2,1e34514ddf70bfc8a78757d9a78b82306627164c,aa9e29b18841961a07cba1afe3a44a6048ce24e6,ablation/td3_amo/walker2d-medium-expert-v2/1e-3/seed_3/wme_s3_default__332ae1c2,/home/shchoi/AMO_td3-amo-bootrms/results/td3_amo_jax_a1_s03/runs/td3amo_jax_a1_tlr1em3_w-me_s3,final_eval_50.jsonl,1,d4rl_normalized_score,2026-09-19T21:23:04.813085+00:00
td3_amo,1,0.0003,walker2d-medium-expert-v2,0,108.61839560300905,1000000,True,50,True,2,ext_csv,jax,wme_s0_ae1_ab1_Tlr0p0003__84de5588,1e34514ddf70bfc8a78757d9a78b82306627164c,32edbe55c2befd86f645192b55d2156f2f8abffc,ablation/td3_amo/walker2d-medium-expert-v2/3e-4/seed_0/wme_s0_ae1_ab1_Tlr0p0003__84de5588,/raid/ext_csv/AMO_store/td3_amo_jax_loco_antmaze_alpha1_alr_seeds0to3/runs/td3amo_jax_w-me_a1_alr3em4_s0,eval.jsonl,1,normalized_score,2026-09-15T16:45:55.973881+00:00
td3_amo,1,0.0003,walker2d-medium-expert-v2,0,108.12748653977403,1000000,True,50,False,2,shchoi,jax,wme_s0_default__45f18f7e,1e34514ddf70bfc8a78757d9a78b82306627164c,aa9e29b18841961a07cba1afe3a44a6048ce24e6,ablation/td3_amo/walker2d-medium-expert-v2/3e-4/seed_0/wme_s0_default__45f18f7e,/home/shchoi/AMO_td3-amo-bootrms/results/td3_amo_jax_a1_s03/runs/td3amo_jax_a1_tlr3em4_w-me_s0,final_eval_50.jsonl,1,d4rl_normalized_score,2026-09-19T11:46:43.686054+00:00
td3_amo,1,0.0003,walker2d-medium-expert-v2,1,108.9723773490185,1000000,True,50,False,2,ext_csv,jax,wme_s1_ae1_ab1_Tlr0p0003__b68fd184,1e34514ddf70bfc8a78757d9a78b82306627164c,32edbe55c2befd86f645192b55d2156f2f8abffc,ablation/td3_amo/walker2d-medium-expert-v2/3e-4/seed_1/wme_s1_ae1_ab1_Tlr0p0003__b68fd184,/raid/ext_csv/AMO_store/td3_amo_jax_loco_antmaze_alpha1_alr_seeds0to3/runs/td3amo_jax_w-me_a1_alr3em4_s1,eval.jsonl,1,normalized_score,2026-09-15T16:46:24.382063+00:00
td3_amo,1,0.0003,walker2d-medium-expert-v2,1,109.09645371488237,1000000,True,50,True,2,shchoi,jax,wme_s1_default__68fbcd5b,1e34514ddf70bfc8a78757d9a78b82306627164c,aa9e29b18841961a07cba1afe3a44a6048ce24e6,ablation/td3_amo/walker2d-medium-expert-v2/3e-4/seed_1/wme_s1_default__68fbcd5b,/home/shchoi/AMO_td3-amo-bootrms/results/td3_amo_jax_a1_s03/runs/td3amo_jax_a1_tlr3em4_w-me_s1,final_eval_50.jsonl,1,d4rl_normalized_score,2026-09-19T11:46:43.934513+00:00
td3_amo,1,0.0003,walker2d-medium-expert-v2,2,109.58318459962275,1000000,True,50,False,2,ext_csv,jax,wme_s2_ae1_ab1_Tlr0p0003__546987cf,1e34514ddf70bfc8a78757d9a78b82306627164c,32edbe55c2befd86f645192b55d2156f2f8abffc,ablation/td3_amo/walker2d-medium-expert-v2/3e-4/seed_2/wme_s2_ae1_ab1_Tlr0p0003__546987cf,/raid/ext_csv/AMO_store/td3_amo_jax_loco_antmaze_alpha1_alr_seeds0to3/runs/td3amo_jax_w-me_a1_alr3em4_s2,eval.jsonl,1,normalized_score,2026-09-15T16:46:48.587430+00:00
td3_amo,1,0.0003,walker2d-medium-expert-v2,2,109.60248044388759,1000000,True,50,True,2,shchoi,jax,wme_s2_default__18456de2,1e34514ddf70bfc8a78757d9a78b82306627164c,aa9e29b18841961a07cba1afe3a44a6048ce24e6,ablation/td3_amo/walker2d-medium-expert-v2/3e-4/seed_2/wme_s2_default__18456de2,/home/shchoi/AMO_td3-amo-bootrms/results/td3_amo_jax_a1_s03/runs/td3amo_jax_a1_tlr3em4_w-me_s2,final_eval_50.jsonl,1,d4rl_normalized_score,2026-09-19T11:46:46.881567+00:00
td3_amo,1,0.0003,walker2d-medium-expert-v2,3,109.0122514989031,1000000,True,50,False,2,ext_csv,jax,wme_s3_ae1_ab1_Tlr0p0003__f0fb2fc2,1e34514ddf70bfc8a78757d9a78b82306627164c,32edbe55c2befd86f645192b55d2156f2f8abffc,ablation/td3_amo/walker2d-medium-expert-v2/3e-4/seed_3/wme_s3_ae1_ab1_Tlr0p0003__f0fb2fc2,/raid/ext_csv/AMO_store/td3_amo_jax_loco_antmaze_alpha1_alr_seeds0to3/runs/td3amo_jax_w-me_a1_alr3em4_s3,eval.jsonl,1,normalized_score,2026-09-15T16:47:14.919476+00:00
td3_amo,1,0.0003,walker2d-medium-expert-v2,3,109.58239486671376,1000000,True,50,True,2,shchoi,jax,wme_s3_default__bdec50a8,1e34514ddf70bfc8a78757d9a78b82306627164c,aa9e29b18841961a07cba1afe3a44a6048ce24e6,ablation/td3_amo/walker2d-medium-expert-v2/3e-4/seed_3/wme_s3_default__bdec50a8,/home/shchoi/AMO_td3-amo-bootrms/results/td3_amo_jax_a1_s03/runs/td3amo_jax_a1_tlr3em4_w-me_s3,final_eval_50.jsonl,1,d4rl_normalized_score,2026-09-19T11:46:47.412511+00:00
td3_amo,1,0.002,antmaze-umaze-v2,0,78.0,1000000,True,50,True,1,ext_csv,jax,amu_s0_ae1_ab1_Tlr0p002__64e6d6aa,1e34514ddf70bfc8a78757d9a78b82306627164c,32edbe55c2befd86f645192b55d2156f2f8abffc,ablation/td3_amo/antmaze-umaze-v2/2e-3/seed_0/amu_s0_ae1_ab1_Tlr0p002__64e6d6aa,/raid/ext_csv/AMO_store/td3_amo_jax_loco_antmaze_alpha1_alr_seeds0to3/runs/td3amo_jax_am-umaze_a1_alr2em3_s0,eval.jsonl,1,normalized_score,2026-09-15T18:25:16.001994+00:00
td3_amo,1,0.002,antmaze-umaze-v2,1,86.0,1000000,True,50,True,1,ext_csv,jax,amu_s1_ae1_ab1_Tlr0p002__3504c867,1e34514ddf70bfc8a78757d9a78b82306627164c,32edbe55c2befd86f645192b55d2156f2f8abffc,ablation/td3_amo/antmaze-umaze-v2/2e-3/seed_1/amu_s1_ae1_ab1_Tlr0p002__3504c867,/raid/ext_csv/AMO_store/td3_amo_jax_loco_antmaze_alpha1_alr_seeds0to3/runs/td3amo_jax_am-umaze_a1_alr2em3_s1,eval.jsonl,1,normalized_score,2026-09-15T18:27:25.821539+00:00
td3_amo,1,0.002,antmaze-umaze-v2,2,88.0,1000000,True,50,True,1,ext_csv,jax,amu_s2_ae1_ab1_Tlr0p002__e3a84908,1e34514ddf70bfc8a78757d9a78b82306627164c,32edbe55c2befd86f645192b55d2156f2f8abffc,ablation/td3_amo/antmaze-umaze-v2/2e-3/seed_2/amu_s2_ae1_ab1_Tlr0p002__e3a84908,/raid/ext_csv/AMO_store/td3_amo_jax_loco_antmaze_alpha1_alr_seeds0to3/runs/td3amo_jax_am-umaze_a1_alr2em3_s2,eval.jsonl,1,normalized_score,2026-09-15T18:28:35.790786+00:00
td3_amo,1,0.002,antmaze-umaze-v2,3,82.0,1000000,True,50,True,1,ext_csv,jax,amu_s3_ae1_ab1_Tlr0p002__06a3f205,1e34514ddf70bfc8a78757d9a78b82306627164c,32edbe55c2befd86f645192b55d2156f2f8abffc,ablation/td3_amo/antmaze-umaze-v2/2e-3/seed_3/amu_s3_ae1_ab1_Tlr0p002__06a3f205,/raid/ext_csv/AMO_store/td3_amo_jax_loco_antmaze_alpha1_alr_seeds0to3/runs/td3amo_jax_am-umaze_a1_alr2em3_s3,eval.jsonl,1,normalized_score,2026-09-15T18:39:50.783289+00:00
td3_amo,1,0.001,antmaze-umaze-v2,0,92.0,1000000,True,50,True,2,ext_csv,jax,amu_s0_ae1_ab1_Tlr0p001__e3a99917,1e34514ddf70bfc8a78757d9a78b82306627164c,32edbe55c2befd86f645192b55d2156f2f8abffc,ablation/td3_amo/antmaze-umaze-v2/1e-3/seed_0/amu_s0_ae1_ab1_Tlr0p001__e3a99917,/raid/ext_csv/AMO_store/td3_amo_jax_loco_antmaze_alpha1_alr_seeds0to3/runs/td3amo_jax_am-umaze_a1_alr1em3_s0,eval.jsonl,1,normalized_score,2026-09-15T17:45:57.323380+00:00
td3_amo,1,0.001,antmaze-umaze-v2,0,88.0,1000000,True,50,False,2,shchoi,jax,amu_s0_default__9334832b,1e34514ddf70bfc8a78757d9a78b82306627164c,aa9e29b18841961a07cba1afe3a44a6048ce24e6,ablation/td3_amo/antmaze-umaze-v2/1e-3/seed_0/amu_s0_default__9334832b,/home/shchoi/AMO_td3-amo-bootrms/results/td3_amo_jax_a1_s03/runs/td3amo_jax_a1_tlr1em3_am-u_s0,final_eval_50.jsonl,1,d4rl_normalized_score,2026-09-19T14:30:02.117203+00:00
td3_amo,1,0.001,antmaze-umaze-v2,1,90.0,1000000,True,50,True,2,ext_csv,jax,amu_s1_ae1_ab1_Tlr0p001__5d3372a5,1e34514ddf70bfc8a78757d9a78b82306627164c,32edbe55c2befd86f645192b55d2156f2f8abffc,ablation/td3_amo/antmaze-umaze-v2/1e-3/seed_1/amu_s1_ae1_ab1_Tlr0p001__5d3372a5,/raid/ext_csv/AMO_store/td3_amo_jax_loco_antmaze_alpha1_alr_seeds0to3/runs/td3amo_jax_am-umaze_a1_alr1em3_s1,eval.jsonl,1,normalized_score,2026-09-15T17:56:08.788642+00:00
td3_amo,1,0.001,antmaze-umaze-v2,1,88.0,1000000,True,50,False,2,shchoi,jax,amu_s1_default__e9a8223e,1e34514ddf70bfc8a78757d9a78b82306627164c,aa9e29b18841961a07cba1afe3a44a6048ce24e6,ablation/td3_amo/antmaze-umaze-v2/1e-3/seed_1/amu_s1_default__e9a8223e,/home/shchoi/AMO_td3-amo-bootrms/results/td3_amo_jax_a1_s03/runs/td3amo_jax_a1_tlr1em3_am-u_s1,final_eval_50.jsonl,1,d4rl_normalized_score,2026-09-19T17:52:11.938607+00:00
td3_amo,1,0.001,antmaze-umaze-v2,2,90.0,1000000,True,50,False,2,ext_csv,jax,amu_s2_ae1_ab1_Tlr0p001__838b2a3a,1e34514ddf70bfc8a78757d9a78b82306627164c,32edbe55c2befd86f645192b55d2156f2f8abffc,ablation/td3_amo/antmaze-umaze-v2/1e-3/seed_2/amu_s2_ae1_ab1_Tlr0p001__838b2a3a,/raid/ext_csv/AMO_store/td3_amo_jax_loco_antmaze_alpha1_alr_seeds0to3/runs/td3amo_jax_am-umaze_a1_alr1em3_s2,eval.jsonl,1,normalized_score,2026-09-15T18:16:20.728339+00:00
td3_amo,1,0.001,antmaze-umaze-v2,2,96.0,1000000,True,50,True,2,shchoi,jax,amu_s2_default__4b360739,1e34514ddf70bfc8a78757d9a78b82306627164c,aa9e29b18841961a07cba1afe3a44a6048ce24e6,ablation/td3_amo/antmaze-umaze-v2/1e-3/seed_2/amu_s2_default__4b360739,/home/shchoi/AMO_td3-amo-bootrms/results/td3_amo_jax_a1_s03/runs/td3amo_jax_a1_tlr1em3_am-u_s2,final_eval_50.jsonl,1,d4rl_normalized_score,2026-09-19T19:40:50.540291+00:00
td3_amo,1,0.001,antmaze-umaze-v2,3,92.0,1000000,True,50,False,2,ext_csv,jax,amu_s3_ae1_ab1_Tlr0p001__7ac518cb,1e34514ddf70bfc8a78757d9a78b82306627164c,32edbe55c2befd86f645192b55d2156f2f8abffc,ablation/td3_amo/antmaze-umaze-v2/1e-3/seed_3/amu_s3_ae1_ab1_Tlr0p001__7ac518cb,/raid/ext_csv/AMO_store/td3_amo_jax_loco_antmaze_alpha1_alr_seeds0to3/runs/td3amo_jax_am-umaze_a1_alr1em3_s3,eval.jsonl,1,normalized_score,2026-09-15T18:23:02.708011+00:00
td3_amo,1,0.001,antmaze-umaze-v2,3,98.0,1000000,True,50,True,2,shchoi,jax,amu_s3_default__8968f1a0,1e34514ddf70bfc8a78757d9a78b82306627164c,aa9e29b18841961a07cba1afe3a44a6048ce24e6,ablation/td3_amo/antmaze-umaze-v2/1e-3/seed_3/amu_s3_default__8968f1a0,/home/shchoi/AMO_td3-amo-bootrms/results/td3_amo_jax_a1_s03/runs/td3amo_jax_a1_tlr1em3_am-u_s3,final_eval_50.jsonl,1,d4rl_normalized_score,2026-09-19T21:37:13.614100+00:00
td3_amo,1,0.0003,antmaze-umaze-v2,0,98.0,1000000,True,50,True,2,ext_csv,jax,amu_s0_ae1_ab1_Tlr0p0003__48a45eb9,1e34514ddf70bfc8a78757d9a78b82306627164c,32edbe55c2befd86f645192b55d2156f2f8abffc,ablation/td3_amo/antmaze-umaze-v2/3e-4/seed_0/amu_s0_ae1_ab1_Tlr0p0003__48a45eb9,/raid/ext_csv/AMO_store/td3_amo_jax_loco_antmaze_alpha1_alr_seeds0to3/runs/td3amo_jax_am-umaze_a1_alr3em4_s0,eval.jsonl,1,normalized_score,2026-09-15T17:37:22.138561+00:00
td3_amo,1,0.0003,antmaze-umaze-v2,0,86.0,1000000,True,50,False,2,shchoi,jax,amu_s0_default__f2a553af,1e34514ddf70bfc8a78757d9a78b82306627164c,aa9e29b18841961a07cba1afe3a44a6048ce24e6,ablation/td3_amo/antmaze-umaze-v2/3e-4/seed_0/amu_s0_default__f2a553af,/home/shchoi/AMO_td3-amo-bootrms/results/td3_amo_jax_a1_s03/runs/td3amo_jax_a1_tlr3em4_am-u_s0,final_eval_50.jsonl,1,d4rl_normalized_score,2026-09-19T11:46:20.588880+00:00
td3_amo,1,0.0003,antmaze-umaze-v2,1,98.0,1000000,True,50,True,2,ext_csv,jax,amu_s1_ae1_ab1_Tlr0p0003__b29b68e5,1e34514ddf70bfc8a78757d9a78b82306627164c,32edbe55c2befd86f645192b55d2156f2f8abffc,ablation/td3_amo/antmaze-umaze-v2/3e-4/seed_1/amu_s1_ae1_ab1_Tlr0p0003__b29b68e5,/raid/ext_csv/AMO_store/td3_amo_jax_loco_antmaze_alpha1_alr_seeds0to3/runs/td3amo_jax_am-umaze_a1_alr3em4_s1,eval.jsonl,1,normalized_score,2026-09-15T17:41:29.876908+00:00
td3_amo,1,0.0003,antmaze-umaze-v2,1,74.0,1000000,True,50,False,2,shchoi,jax,amu_s1_default__6f7c91e8,1e34514ddf70bfc8a78757d9a78b82306627164c,aa9e29b18841961a07cba1afe3a44a6048ce24e6,ablation/td3_amo/antmaze-umaze-v2/3e-4/seed_1/amu_s1_default__6f7c91e8,/home/shchoi/AMO_td3-amo-bootrms/results/td3_amo_jax_a1_s03/runs/td3amo_jax_a1_tlr3em4_am-u_s1,final_eval_50.jsonl,1,d4rl_normalized_score,2026-09-19T11:46:22.220604+00:00
td3_amo,1,0.0003,antmaze-umaze-v2,2,92.0,1000000,True,50,True,2,ext_csv,jax,amu_s2_ae1_ab1_Tlr0p0003__4d3a563a,1e34514ddf70bfc8a78757d9a78b82306627164c,32edbe55c2befd86f645192b55d2156f2f8abffc,ablation/td3_amo/antmaze-umaze-v2/3e-4/seed_2/amu_s2_ae1_ab1_Tlr0p0003__4d3a563a,/raid/ext_csv/AMO_store/td3_amo_jax_loco_antmaze_alpha1_alr_seeds0to3/runs/td3amo_jax_am-umaze_a1_alr3em4_s2,eval.jsonl,1,normalized_score,2026-09-15T17:43:39.437497+00:00
td3_amo,1,0.0003,antmaze-umaze-v2,2,86.0,1000000,True,50,False,2,shchoi,jax,amu_s2_default__8c23f7c8,1e34514ddf70bfc8a78757d9a78b82306627164c,aa9e29b18841961a07cba1afe3a44a6048ce24e6,ablation/td3_amo/antmaze-umaze-v2/3e-4/seed_2/amu_s2_default__8c23f7c8,/home/shchoi/AMO_td3-amo-bootrms/results/td3_amo_jax_a1_s03/runs/td3amo_jax_a1_tlr3em4_am-u_s2,final_eval_50.jsonl,1,d4rl_normalized_score,2026-09-19T11:46:21.530867+00:00
td3_amo,1,0.0003,antmaze-umaze-v2,3,94.0,1000000,True,50,True,2,ext_csv,jax,amu_s3_ae1_ab1_Tlr0p0003__b39f7152,1e34514ddf70bfc8a78757d9a78b82306627164c,32edbe55c2befd86f645192b55d2156f2f8abffc,ablation/td3_amo/antmaze-umaze-v2/3e-4/seed_3/amu_s3_ae1_ab1_Tlr0p0003__b39f7152,/raid/ext_csv/AMO_store/td3_amo_jax_loco_antmaze_alpha1_alr_seeds0to3/runs/td3amo_jax_am-umaze_a1_alr3em4_s3,eval.jsonl,1,normalized_score,2026-09-15T17:44:48.184065+00:00
td3_amo,1,0.0003,antmaze-umaze-v2,3,84.0,1000000,True,50,False,2,shchoi,jax,amu_s3_default__2718260b,1e34514ddf70bfc8a78757d9a78b82306627164c,aa9e29b18841961a07cba1afe3a44a6048ce24e6,ablation/td3_amo/antmaze-umaze-v2/3e-4/seed_3/amu_s3_default__2718260b,/home/shchoi/AMO_td3-amo-bootrms/results/td3_amo_jax_a1_s03/runs/td3amo_jax_a1_tlr3em4_am-u_s3,final_eval_50.jsonl,1,d4rl_normalized_score,2026-09-19T11:46:21.883383+00:00
td3_amo,1,0.002,antmaze-umaze-diverse-v2,0,54.0,1000000,True,50,True,1,ext_csv,jax,amud_s0_ae1_ab1_Tlr0p002__b544756c,1e34514ddf70bfc8a78757d9a78b82306627164c,32edbe55c2befd86f645192b55d2156f2f8abffc,ablation/td3_amo/antmaze-umaze-diverse-v2/2e-3/seed_0/amud_s0_ae1_ab1_Tlr0p002__b544756c,/raid/ext_csv/AMO_store/td3_amo_jax_loco_antmaze_alpha1_alr_seeds0to3/runs/td3amo_jax_am-umaze-div_a1_alr2em3_s0,eval.jsonl,1,normalized_score,2026-09-15T19:47:09.705274+00:00
td3_amo,1,0.002,antmaze-umaze-diverse-v2,1,80.0,1000000,True,50,True,1,ext_csv,jax,amud_s1_ae1_ab1_Tlr0p002__05b06d45,1e34514ddf70bfc8a78757d9a78b82306627164c,32edbe55c2befd86f645192b55d2156f2f8abffc,ablation/td3_amo/antmaze-umaze-diverse-v2/2e-3/seed_1/amud_s1_ae1_ab1_Tlr0p002__05b06d45,/raid/ext_csv/AMO_store/td3_amo_jax_loco_antmaze_alpha1_alr_seeds0to3/runs/td3amo_jax_am-umaze-div_a1_alr2em3_s1,eval.jsonl,1,normalized_score,2026-09-15T19:48:34.181893+00:00
td3_amo,1,0.002,antmaze-umaze-diverse-v2,2,80.0,1000000,True,50,True,1,ext_csv,jax,amud_s2_ae1_ab1_Tlr0p002__77e4d09f,1e34514ddf70bfc8a78757d9a78b82306627164c,32edbe55c2befd86f645192b55d2156f2f8abffc,ablation/td3_amo/antmaze-umaze-diverse-v2/2e-3/seed_2/amud_s2_ae1_ab1_Tlr0p002__77e4d09f,/raid/ext_csv/AMO_store/td3_amo_jax_loco_antmaze_alpha1_alr_seeds0to3/runs/td3amo_jax_am-umaze-div_a1_alr2em3_s2,eval.jsonl,1,normalized_score,2026-09-15T19:47:21.862283+00:00
td3_amo,1,0.002,antmaze-umaze-diverse-v2,3,74.0,1000000,True,50,True,1,ext_csv,jax,amud_s3_ae1_ab1_Tlr0p002__0367b104,1e34514ddf70bfc8a78757d9a78b82306627164c,32edbe55c2befd86f645192b55d2156f2f8abffc,ablation/td3_amo/antmaze-umaze-diverse-v2/2e-3/seed_3/amud_s3_ae1_ab1_Tlr0p002__0367b104,/raid/ext_csv/AMO_store/td3_amo_jax_loco_antmaze_alpha1_alr_seeds0to3/runs/td3amo_jax_am-umaze-div_a1_alr2em3_s3,eval.jsonl,1,normalized_score,2026-09-15T19:58:50.627900+00:00
td3_amo,1,0.001,antmaze-umaze-diverse-v2,0,70.0,1000000,True,50,False,2,ext_csv,jax,amud_s0_ae1_ab1_Tlr0p001__0a6b119b,1e34514ddf70bfc8a78757d9a78b82306627164c,32edbe55c2befd86f645192b55d2156f2f8abffc,ablation/td3_amo/antmaze-umaze-diverse-v2/1e-3/seed_0/amud_s0_ae1_ab1_Tlr0p001__0a6b119b,/raid/ext_csv/AMO_store/td3_amo_jax_loco_antmaze_alpha1_alr_seeds0to3/runs/td3amo_jax_am-umaze-div_a1_alr1em3_s0,eval.jsonl,1,normalized_score,2026-09-15T19:07:47.662006+00:00
td3_amo,1,0.001,antmaze-umaze-diverse-v2,0,90.0,1000000,True,50,True,2,shchoi,jax,amud_s0_default__17c22e57,1e34514ddf70bfc8a78757d9a78b82306627164c,aa9e29b18841961a07cba1afe3a44a6048ce24e6,ablation/td3_amo/antmaze-umaze-diverse-v2/1e-3/seed_0/amud_s0_default__17c22e57,/home/shchoi/AMO_td3-amo-bootrms/results/td3_amo_jax_a1_s03/runs/td3amo_jax_a1_tlr1em3_am-u-div_s0,final_eval_50.jsonl,1,d4rl_normalized_score,2026-09-19T15:00:05.328246+00:00
td3_amo,1,0.001,antmaze-umaze-diverse-v2,1,86.0,1000000,True,50,True,2,ext_csv,jax,amud_s1_ae1_ab1_Tlr0p001__6dda73a9,1e34514ddf70bfc8a78757d9a78b82306627164c,32edbe55c2befd86f645192b55d2156f2f8abffc,ablation/td3_amo/antmaze-umaze-diverse-v2/1e-3/seed_1/amud_s1_ae1_ab1_Tlr0p001__6dda73a9,/raid/ext_csv/AMO_store/td3_amo_jax_loco_antmaze_alpha1_alr_seeds0to3/runs/td3amo_jax_am-umaze-div_a1_alr1em3_s1,eval.jsonl,1,normalized_score,2026-09-15T19:19:14.800009+00:00
td3_amo,1,0.001,antmaze-umaze-diverse-v2,1,16.0,1000000,True,50,False,2,shchoi,jax,amud_s1_default__ae76f87f,1e34514ddf70bfc8a78757d9a78b82306627164c,aa9e29b18841961a07cba1afe3a44a6048ce24e6,ablation/td3_amo/antmaze-umaze-diverse-v2/1e-3/seed_1/amud_s1_default__ae76f87f,/home/shchoi/AMO_td3-amo-bootrms/results/td3_amo_jax_a1_s03/runs/td3amo_jax_a1_tlr1em3_am-u-div_s1,final_eval_50.jsonl,1,d4rl_normalized_score,2026-09-19T17:56:21.819359+00:00
td3_amo,1,0.001,antmaze-umaze-diverse-v2,2,74.0,1000000,True,50,True,2,ext_csv,jax,amud_s2_ae1_ab1_Tlr0p001__3c0d6195,1e34514ddf70bfc8a78757d9a78b82306627164c,32edbe55c2befd86f645192b55d2156f2f8abffc,ablation/td3_amo/antmaze-umaze-diverse-v2/1e-3/seed_2/amud_s2_ae1_ab1_Tlr0p001__3c0d6195,/raid/ext_csv/AMO_store/td3_amo_jax_loco_antmaze_alpha1_alr_seeds0to3/runs/td3amo_jax_am-umaze-div_a1_alr1em3_s2,eval.jsonl,1,normalized_score,2026-09-15T19:39:33.138971+00:00
td3_amo,1,0.001,antmaze-umaze-diverse-v2,2,70.0,1000000,True,50,False,2,shchoi,jax,amud_s2_default__fe6803fd,1e34514ddf70bfc8a78757d9a78b82306627164c,aa9e29b18841961a07cba1afe3a44a6048ce24e6,ablation/td3_amo/antmaze-umaze-diverse-v2/1e-3/seed_2/amud_s2_default__fe6803fd,/home/shchoi/AMO_td3-amo-bootrms/results/td3_amo_jax_a1_s03/runs/td3amo_jax_a1_tlr1em3_am-u-div_s2,final_eval_50.jsonl,1,d4rl_normalized_score,2026-09-19T19:52:55.440171+00:00
td3_amo,1,0.001,antmaze-umaze-diverse-v2,3,80.0,1000000,True,50,True,2,ext_csv,jax,amud_s3_ae1_ab1_Tlr0p001__63f10de9,1e34514ddf70bfc8a78757d9a78b82306627164c,32edbe55c2befd86f645192b55d2156f2f8abffc,ablation/td3_amo/antmaze-umaze-diverse-v2/1e-3/seed_3/amud_s3_ae1_ab1_Tlr0p001__63f10de9,/raid/ext_csv/AMO_store/td3_amo_jax_loco_antmaze_alpha1_alr_seeds0to3/runs/td3amo_jax_am-umaze-div_a1_alr1em3_s3,eval.jsonl,1,normalized_score,2026-09-15T19:40:45.606830+00:00
td3_amo,1,0.001,antmaze-umaze-diverse-v2,3,78.0,1000000,True,50,False,2,shchoi,jax,amud_s3_default__2a66dd92,1e34514ddf70bfc8a78757d9a78b82306627164c,aa9e29b18841961a07cba1afe3a44a6048ce24e6,ablation/td3_amo/antmaze-umaze-diverse-v2/1e-3/seed_3/amud_s3_default__2a66dd92,/home/shchoi/AMO_td3-amo-bootrms/results/td3_amo_jax_a1_s03/runs/td3amo_jax_a1_tlr1em3_am-u-div_s3,final_eval_50.jsonl,1,d4rl_normalized_score,2026-09-19T21:39:20.893425+00:00
td3_amo,1,0.0003,antmaze-umaze-diverse-v2,0,86.0,1000000,True,50,True,2,ext_csv,jax,amud_s0_ae1_ab1_Tlr0p0003__f62d1c17,1e34514ddf70bfc8a78757d9a78b82306627164c,32edbe55c2befd86f645192b55d2156f2f8abffc,ablation/td3_amo/antmaze-umaze-diverse-v2/3e-4/seed_0/amud_s0_ae1_ab1_Tlr0p0003__f62d1c17,/raid/ext_csv/AMO_store/td3_amo_jax_loco_antmaze_alpha1_alr_seeds0to3/runs/td3amo_jax_am-umaze-div_a1_alr3em4_s0,eval.jsonl,1,normalized_score,2026-09-15T19:00:05.622900+00:00
td3_amo,1,0.0003,antmaze-umaze-diverse-v2,0,78.0,1000000,True,50,False,2,shchoi,jax,amud_s0_default__03ea41f8,1e34514ddf70bfc8a78757d9a78b82306627164c,aa9e29b18841961a07cba1afe3a44a6048ce24e6,ablation/td3_amo/antmaze-umaze-diverse-v2/3e-4/seed_0/amud_s0_default__03ea41f8,/home/shchoi/AMO_td3-amo-bootrms/results/td3_amo_jax_a1_s03/runs/td3amo_jax_a1_tlr3em4_am-u-div_s0,final_eval_50.jsonl,1,d4rl_normalized_score,2026-09-19T11:46:21.026325+00:00
td3_amo,1,0.0003,antmaze-umaze-diverse-v2,1,82.0,1000000,True,50,True,2,ext_csv,jax,amud_s1_ae1_ab1_Tlr0p0003__de0bcd7a,1e34514ddf70bfc8a78757d9a78b82306627164c,32edbe55c2befd86f645192b55d2156f2f8abffc,ablation/td3_amo/antmaze-umaze-diverse-v2/3e-4/seed_1/amud_s1_ae1_ab1_Tlr0p0003__de0bcd7a,/raid/ext_csv/AMO_store/td3_amo_jax_loco_antmaze_alpha1_alr_seeds0to3/runs/td3amo_jax_am-umaze-div_a1_alr3em4_s1,eval.jsonl,1,normalized_score,2026-09-15T19:01:18.509946+00:00
td3_amo,1,0.0003,antmaze-umaze-diverse-v2,1,78.0,1000000,True,50,False,2,shchoi,jax,amud_s1_default__9a5a8acb,1e34514ddf70bfc8a78757d9a78b82306627164c,aa9e29b18841961a07cba1afe3a44a6048ce24e6,ablation/td3_amo/antmaze-umaze-diverse-v2/3e-4/seed_1/amud_s1_default__9a5a8acb,/home/shchoi/AMO_td3-amo-bootrms/results/td3_amo_jax_a1_s03/runs/td3amo_jax_a1_tlr3em4_am-u-div_s1,final_eval_50.jsonl,1,d4rl_normalized_score,2026-09-19T11:46:21.724864+00:00
td3_amo,1,0.0003,antmaze-umaze-diverse-v2,2,78.0,1000000,True,50,False,2,ext_csv,jax,amud_s2_ae1_ab1_Tlr0p0003__70b3dd5a,1e34514ddf70bfc8a78757d9a78b82306627164c,32edbe55c2befd86f645192b55d2156f2f8abffc,ablation/td3_amo/antmaze-umaze-diverse-v2/3e-4/seed_2/amud_s2_ae1_ab1_Tlr0p0003__70b3dd5a,/raid/ext_csv/AMO_store/td3_amo_jax_loco_antmaze_alpha1_alr_seeds0to3/runs/td3amo_jax_am-umaze-div_a1_alr3em4_s2,eval.jsonl,1,normalized_score,2026-09-15T19:04:32.747139+00:00
td3_amo,1,0.0003,antmaze-umaze-diverse-v2,2,86.0,1000000,True,50,True,2,shchoi,jax,amud_s2_default__bf5c8d51,1e34514ddf70bfc8a78757d9a78b82306627164c,aa9e29b18841961a07cba1afe3a44a6048ce24e6,ablation/td3_amo/antmaze-umaze-diverse-v2/3e-4/seed_2/amud_s2_default__bf5c8d51,/home/shchoi/AMO_td3-amo-bootrms/results/td3_amo_jax_a1_s03/runs/td3amo_jax_a1_tlr3em4_am-u-div_s2,final_eval_50.jsonl,1,d4rl_normalized_score,2026-09-19T11:46:20.586130+00:00
td3_amo,1,0.0003,antmaze-umaze-diverse-v2,3,76.0,1000000,True,50,False,2,ext_csv,jax,amud_s3_ae1_ab1_Tlr0p0003__e25d705d,1e34514ddf70bfc8a78757d9a78b82306627164c,32edbe55c2befd86f645192b55d2156f2f8abffc,ablation/td3_amo/antmaze-umaze-diverse-v2/3e-4/seed_3/amud_s3_ae1_ab1_Tlr0p0003__e25d705d,/raid/ext_csv/AMO_store/td3_amo_jax_loco_antmaze_alpha1_alr_seeds0to3/runs/td3amo_jax_am-umaze-div_a1_alr3em4_s3,eval.jsonl,1,normalized_score,2026-09-15T19:08:01.780132+00:00
td3_amo,1,0.0003,antmaze-umaze-diverse-v2,3,84.0,1000000,True,50,True,2,shchoi,jax,amud_s3_default__4adb98ee,1e34514ddf70bfc8a78757d9a78b82306627164c,aa9e29b18841961a07cba1afe3a44a6048ce24e6,ablation/td3_amo/antmaze-umaze-diverse-v2/3e-4/seed_3/amud_s3_default__4adb98ee,/home/shchoi/AMO_td3-amo-bootrms/results/td3_amo_jax_a1_s03/runs/td3amo_jax_a1_tlr3em4_am-u-div_s3,final_eval_50.jsonl,1,d4rl_normalized_score,2026-09-19T11:46:20.880657+00:00
td3_amo,1,0.002,antmaze-medium-play-v2,0,72.0,1000000,True,50,True,1,ext_csv,jax,ammp_s0_ae1_ab1_Tlr0p002__b0273828,1e34514ddf70bfc8a78757d9a78b82306627164c,32edbe55c2befd86f645192b55d2156f2f8abffc,ablation/td3_amo/antmaze-medium-play-v2/2e-3/seed_0/ammp_s0_ae1_ab1_Tlr0p002__b0273828,/raid/ext_csv/AMO_store/td3_amo_jax_loco_antmaze_alpha1_alr_seeds0to3/runs/td3amo_jax_am-medium-play_a1_alr2em3_s0,eval.jsonl,1,normalized_score,2026-09-15T21:06:36.668573+00:00
td3_amo,1,0.002,antmaze-medium-play-v2,1,62.0,1000000,True,50,True,1,ext_csv,jax,ammp_s1_ae1_ab1_Tlr0p002__cd2e408c,1e34514ddf70bfc8a78757d9a78b82306627164c,32edbe55c2befd86f645192b55d2156f2f8abffc,ablation/td3_amo/antmaze-medium-play-v2/2e-3/seed_1/ammp_s1_ae1_ab1_Tlr0p002__cd2e408c,/raid/ext_csv/AMO_store/td3_amo_jax_loco_antmaze_alpha1_alr_seeds0to3/runs/td3amo_jax_am-medium-play_a1_alr2em3_s1,eval.jsonl,1,normalized_score,2026-09-15T21:08:06.039431+00:00
td3_amo,1,0.002,antmaze-medium-play-v2,2,57.99999999999999,1000000,True,50,True,1,ext_csv,jax,ammp_s2_ae1_ab1_Tlr0p002__f03dcce8,1e34514ddf70bfc8a78757d9a78b82306627164c,32edbe55c2befd86f645192b55d2156f2f8abffc,ablation/td3_amo/antmaze-medium-play-v2/2e-3/seed_2/ammp_s2_ae1_ab1_Tlr0p002__f03dcce8,/raid/ext_csv/AMO_store/td3_amo_jax_loco_antmaze_alpha1_alr_seeds0to3/runs/td3amo_jax_am-medium-play_a1_alr2em3_s2,eval.jsonl,1,normalized_score,2026-09-15T21:08:38.004002+00:00
td3_amo,1,0.002,antmaze-medium-play-v2,3,86.0,1000000,True,50,True,1,ext_csv,jax,ammp_s3_ae1_ab1_Tlr0p002__67eb6bfc,1e34514ddf70bfc8a78757d9a78b82306627164c,32edbe55c2befd86f645192b55d2156f2f8abffc,ablation/td3_amo/antmaze-medium-play-v2/2e-3/seed_3/ammp_s3_ae1_ab1_Tlr0p002__67eb6bfc,/raid/ext_csv/AMO_store/td3_amo_jax_loco_antmaze_alpha1_alr_seeds0to3/runs/td3amo_jax_am-medium-play_a1_alr2em3_s3,eval.jsonl,1,normalized_score,2026-09-15T21:17:59.274536+00:00
td3_amo,1,0.001,antmaze-medium-play-v2,0,24.0,1000000,True,50,True,2,ext_csv,jax,ammp_s0_ae1_ab1_Tlr0p001__8a38010f,1e34514ddf70bfc8a78757d9a78b82306627164c,32edbe55c2befd86f645192b55d2156f2f8abffc,ablation/td3_amo/antmaze-medium-play-v2/1e-3/seed_0/ammp_s0_ae1_ab1_Tlr0p001__8a38010f,/raid/ext_csv/AMO_store/td3_amo_jax_loco_antmaze_alpha1_alr_seeds0to3/runs/td3amo_jax_am-medium-play_a1_alr1em3_s0,eval.jsonl,1,normalized_score,2026-09-15T20:29:13.589341+00:00
td3_amo,1,0.001,antmaze-medium-play-v2,0,16.0,1000000,True,50,False,2,shchoi,jax,ammp_s0_default__50066466,1e34514ddf70bfc8a78757d9a78b82306627164c,aa9e29b18841961a07cba1afe3a44a6048ce24e6,ablation/td3_amo/antmaze-medium-play-v2/1e-3/seed_0/ammp_s0_default__50066466,/home/shchoi/AMO_td3-amo-bootrms/results/td3_amo_jax_a1_s03/runs/td3amo_jax_a1_tlr1em3_am-m-p_s0,final_eval_50.jsonl,1,d4rl_normalized_score,2026-09-19T15:08:20.498477+00:00
td3_amo,1,0.001,antmaze-medium-play-v2,1,32.0,1000000,True,50,True,2,ext_csv,jax,ammp_s1_ae1_ab1_Tlr0p001__e21a6666,1e34514ddf70bfc8a78757d9a78b82306627164c,32edbe55c2befd86f645192b55d2156f2f8abffc,ablation/td3_amo/antmaze-medium-play-v2/1e-3/seed_1/ammp_s1_ae1_ab1_Tlr0p001__e21a6666,/raid/ext_csv/AMO_store/td3_amo_jax_loco_antmaze_alpha1_alr_seeds0to3/runs/td3amo_jax_am-medium-play_a1_alr1em3_s1,eval.jsonl,1,normalized_score,2026-09-15T20:38:44.194201+00:00
td3_amo,1,0.001,antmaze-medium-play-v2,1,18.0,1000000,True,50,False,2,shchoi,jax,ammp_s1_default__50f64f67,1e34514ddf70bfc8a78757d9a78b82306627164c,aa9e29b18841961a07cba1afe3a44a6048ce24e6,ablation/td3_amo/antmaze-medium-play-v2/1e-3/seed_1/ammp_s1_default__50f64f67,/home/shchoi/AMO_td3-amo-bootrms/results/td3_amo_jax_a1_s03/runs/td3amo_jax_a1_tlr1em3_am-m-p_s1,final_eval_50.jsonl,1,d4rl_normalized_score,2026-09-19T18:06:46.372859+00:00
td3_amo,1,0.001,antmaze-medium-play-v2,2,26.0,1000000,True,50,True,2,ext_csv,jax,ammp_s2_ae1_ab1_Tlr0p001__b01cfe75,1e34514ddf70bfc8a78757d9a78b82306627164c,32edbe55c2befd86f645192b55d2156f2f8abffc,ablation/td3_amo/antmaze-medium-play-v2/1e-3/seed_2/ammp_s2_ae1_ab1_Tlr0p001__b01cfe75,/raid/ext_csv/AMO_store/td3_amo_jax_loco_antmaze_alpha1_alr_seeds0to3/runs/td3amo_jax_am-medium-play_a1_alr1em3_s2,eval.jsonl,1,normalized_score,2026-09-15T20:59:34.651364+00:00
td3_amo,1,0.001,antmaze-medium-play-v2,2,16.0,1000000,True,50,False,2,shchoi,jax,ammp_s2_default__fdc3711b,1e34514ddf70bfc8a78757d9a78b82306627164c,aa9e29b18841961a07cba1afe3a44a6048ce24e6,ablation/td3_amo/antmaze-medium-play-v2/1e-3/seed_2/ammp_s2_default__fdc3711b,/home/shchoi/AMO_td3-amo-bootrms/results/td3_amo_jax_a1_s03/runs/td3amo_jax_a1_tlr1em3_am-m-p_s2,final_eval_50.jsonl,1,d4rl_normalized_score,2026-09-19T19:55:21.105249+00:00
td3_amo,1,0.001,antmaze-medium-play-v2,3,46.0,1000000,True,50,False,2,ext_csv,jax,ammp_s3_ae1_ab1_Tlr0p001__aaa5a894,1e34514ddf70bfc8a78757d9a78b82306627164c,32edbe55c2befd86f645192b55d2156f2f8abffc,ablation/td3_amo/antmaze-medium-play-v2/1e-3/seed_3/ammp_s3_ae1_ab1_Tlr0p001__aaa5a894,/raid/ext_csv/AMO_store/td3_amo_jax_loco_antmaze_alpha1_alr_seeds0to3/runs/td3amo_jax_am-medium-play_a1_alr1em3_s3,eval.jsonl,1,normalized_score,2026-09-15T21:00:10.534090+00:00
td3_amo,1,0.001,antmaze-medium-play-v2,3,48.0,1000000,True,50,True,2,shchoi,jax,ammp_s3_default__b78f0ce4,1e34514ddf70bfc8a78757d9a78b82306627164c,aa9e29b18841961a07cba1afe3a44a6048ce24e6,ablation/td3_amo/antmaze-medium-play-v2/1e-3/seed_3/ammp_s3_default__b78f0ce4,/home/shchoi/AMO_td3-amo-bootrms/results/td3_amo_jax_a1_s03/runs/td3amo_jax_a1_tlr1em3_am-m-p_s3,final_eval_50.jsonl,1,d4rl_normalized_score,2026-09-19T21:53:35.134370+00:00
td3_amo,1,0.0003,antmaze-medium-play-v2,0,4.0,1000000,True,50,False,2,ext_csv,jax,ammp_s0_ae1_ab1_Tlr0p0003__b506ac51,1e34514ddf70bfc8a78757d9a78b82306627164c,32edbe55c2befd86f645192b55d2156f2f8abffc,ablation/td3_amo/antmaze-medium-play-v2/3e-4/seed_0/ammp_s0_ae1_ab1_Tlr0p0003__b506ac51,/raid/ext_csv/AMO_store/td3_amo_jax_loco_antmaze_alpha1_alr_seeds0to3/runs/td3amo_jax_am-medium-play_a1_alr3em4_s0,eval.jsonl,1,normalized_score,2026-09-15T20:21:37.029948+00:00
td3_amo,1,0.0003,antmaze-medium-play-v2,0,6.0,1000000,True,50,True,2,shchoi,jax,ammp_s0_default__d2677b4c,1e34514ddf70bfc8a78757d9a78b82306627164c,aa9e29b18841961a07cba1afe3a44a6048ce24e6,ablation/td3_amo/antmaze-medium-play-v2/3e-4/seed_0/ammp_s0_default__d2677b4c,/home/shchoi/AMO_td3-amo-bootrms/results/td3_amo_jax_a1_s03/runs/td3amo_jax_a1_tlr3em4_am-m-p_s0,final_eval_50.jsonl,1,d4rl_normalized_score,2026-09-19T11:46:32.854811+00:00
td3_amo,1,0.0003,antmaze-medium-play-v2,1,4.0,1000000,True,50,True,2,ext_csv,jax,ammp_s1_ae1_ab1_Tlr0p0003__5f7d7734,1e34514ddf70bfc8a78757d9a78b82306627164c,32edbe55c2befd86f645192b55d2156f2f8abffc,ablation/td3_amo/antmaze-medium-play-v2/3e-4/seed_1/ammp_s1_ae1_ab1_Tlr0p0003__5f7d7734,/raid/ext_csv/AMO_store/td3_amo_jax_loco_antmaze_alpha1_alr_seeds0to3/runs/td3amo_jax_am-medium-play_a1_alr3em4_s1,eval.jsonl,1,normalized_score,2026-09-15T20:19:46.385819+00:00
td3_amo,1,0.0003,antmaze-medium-play-v2,1,2.0,1000000,True,50,False,2,shchoi,jax,ammp_s1_default__ca84dee2,1e34514ddf70bfc8a78757d9a78b82306627164c,aa9e29b18841961a07cba1afe3a44a6048ce24e6,ablation/td3_amo/antmaze-medium-play-v2/3e-4/seed_1/ammp_s1_default__ca84dee2,/home/shchoi/AMO_td3-amo-bootrms/results/td3_amo_jax_a1_s03/runs/td3amo_jax_a1_tlr3em4_am-m-p_s1,final_eval_50.jsonl,1,d4rl_normalized_score,2026-09-19T11:46:34.904319+00:00
td3_amo,1,0.0003,antmaze-medium-play-v2,2,2.0,1000000,True,50,False,2,ext_csv,jax,ammp_s2_ae1_ab1_Tlr0p0003__db116681,1e34514ddf70bfc8a78757d9a78b82306627164c,32edbe55c2befd86f645192b55d2156f2f8abffc,ablation/td3_amo/antmaze-medium-play-v2/3e-4/seed_2/ammp_s2_ae1_ab1_Tlr0p0003__db116681,/raid/ext_csv/AMO_store/td3_amo_jax_loco_antmaze_alpha1_alr_seeds0to3/runs/td3amo_jax_am-medium-play_a1_alr3em4_s2,eval.jsonl,1,normalized_score,2026-09-15T20:27:32.234843+00:00
td3_amo,1,0.0003,antmaze-medium-play-v2,2,14.000000000000002,1000000,True,50,True,2,shchoi,jax,ammp_s2_default__dfe073a0,1e34514ddf70bfc8a78757d9a78b82306627164c,aa9e29b18841961a07cba1afe3a44a6048ce24e6,ablation/td3_amo/antmaze-medium-play-v2/3e-4/seed_2/ammp_s2_default__dfe073a0,/home/shchoi/AMO_td3-amo-bootrms/results/td3_amo_jax_a1_s03/runs/td3amo_jax_a1_tlr3em4_am-m-p_s2,final_eval_50.jsonl,1,d4rl_normalized_score,2026-09-19T11:46:33.582150+00:00
td3_amo,1,0.0003,antmaze-medium-play-v2,3,10.0,1000000,True,50,True,2,ext_csv,jax,ammp_s3_ae1_ab1_Tlr0p0003__a1088ba0,1e34514ddf70bfc8a78757d9a78b82306627164c,32edbe55c2befd86f645192b55d2156f2f8abffc,ablation/td3_amo/antmaze-medium-play-v2/3e-4/seed_3/ammp_s3_ae1_ab1_Tlr0p0003__a1088ba0,/raid/ext_csv/AMO_store/td3_amo_jax_loco_antmaze_alpha1_alr_seeds0to3/runs/td3amo_jax_am-medium-play_a1_alr3em4_s3,eval.jsonl,1,normalized_score,2026-09-15T20:30:02.254173+00:00
td3_amo,1,0.0003,antmaze-medium-play-v2,3,6.0,1000000,True,50,False,2,shchoi,jax,ammp_s3_default__e2f32960,1e34514ddf70bfc8a78757d9a78b82306627164c,aa9e29b18841961a07cba1afe3a44a6048ce24e6,ablation/td3_amo/antmaze-medium-play-v2/3e-4/seed_3/ammp_s3_default__e2f32960,/home/shchoi/AMO_td3-amo-bootrms/results/td3_amo_jax_a1_s03/runs/td3amo_jax_a1_tlr3em4_am-m-p_s3,final_eval_50.jsonl,1,d4rl_normalized_score,2026-09-19T11:46:34.581457+00:00
td3_amo,1,0.002,antmaze-medium-diverse-v2,0,34.0,1000000,True,50,True,1,ext_csv,jax,ammd_s0_ae1_ab1_Tlr0p002__734e28cb,1e34514ddf70bfc8a78757d9a78b82306627164c,32edbe55c2befd86f645192b55d2156f2f8abffc,ablation/td3_amo/antmaze-medium-diverse-v2/2e-3/seed_0/ammd_s0_ae1_ab1_Tlr0p002__734e28cb,/raid/ext_csv/AMO_store/td3_amo_jax_loco_antmaze_alpha1_alr_seeds0to3/runs/td3amo_jax_am-medium-div_a1_alr2em3_s0,eval.jsonl,1,normalized_score,2026-09-15T22:26:29.293723+00:00
td3_amo,1,0.002,antmaze-medium-diverse-v2,1,50.0,1000000,True,50,True,1,ext_csv,jax,ammd_s1_ae1_ab1_Tlr0p002__746ae166,1e34514ddf70bfc8a78757d9a78b82306627164c,32edbe55c2befd86f645192b55d2156f2f8abffc,ablation/td3_amo/antmaze-medium-diverse-v2/2e-3/seed_1/ammd_s1_ae1_ab1_Tlr0p002__746ae166,/raid/ext_csv/AMO_store/td3_amo_jax_loco_antmaze_alpha1_alr_seeds0to3/runs/td3amo_jax_am-medium-div_a1_alr2em3_s1,eval.jsonl,1,normalized_score,2026-09-15T22:27:01.190581+00:00
td3_amo,1,0.002,antmaze-medium-diverse-v2,2,64.0,1000000,True,50,True,1,ext_csv,jax,ammd_s2_ae1_ab1_Tlr0p002__542e086a,1e34514ddf70bfc8a78757d9a78b82306627164c,32edbe55c2befd86f645192b55d2156f2f8abffc,ablation/td3_amo/antmaze-medium-diverse-v2/2e-3/seed_2/ammd_s2_ae1_ab1_Tlr0p002__542e086a,/raid/ext_csv/AMO_store/td3_amo_jax_loco_antmaze_alpha1_alr_seeds0to3/runs/td3amo_jax_am-medium-div_a1_alr2em3_s2,eval.jsonl,1,normalized_score,2026-09-15T22:28:30.521637+00:00
td3_amo,1,0.002,antmaze-medium-diverse-v2,3,42.0,1000000,True,50,True,1,ext_csv,jax,ammd_s3_ae1_ab1_Tlr0p002__0f89cbca,1e34514ddf70bfc8a78757d9a78b82306627164c,32edbe55c2befd86f645192b55d2156f2f8abffc,ablation/td3_amo/antmaze-medium-diverse-v2/2e-3/seed_3/ammd_s3_ae1_ab1_Tlr0p002__0f89cbca,/raid/ext_csv/AMO_store/td3_amo_jax_loco_antmaze_alpha1_alr_seeds0to3/runs/td3amo_jax_am-medium-div_a1_alr2em3_s3,eval.jsonl,1,normalized_score,2026-09-15T22:37:08.440717+00:00
td3_amo,1,0.001,antmaze-medium-diverse-v2,0,24.0,1000000,True,50,True,2,ext_csv,jax,ammd_s0_ae1_ab1_Tlr0p001__f1dad95f,1e34514ddf70bfc8a78757d9a78b82306627164c,32edbe55c2befd86f645192b55d2156f2f8abffc,ablation/td3_amo/antmaze-medium-diverse-v2/1e-3/seed_0/ammd_s0_ae1_ab1_Tlr0p001__f1dad95f,/raid/ext_csv/AMO_store/td3_amo_jax_loco_antmaze_alpha1_alr_seeds0to3/runs/td3amo_jax_am-medium-div_a1_alr1em3_s0,eval.jsonl,1,normalized_score,2026-09-15T21:48:28.228295+00:00
td3_amo,1,0.001,antmaze-medium-diverse-v2,0,16.0,1000000,True,50,False,2,shchoi,jax,ammd_s0_default__b2433fa6,1e34514ddf70bfc8a78757d9a78b82306627164c,aa9e29b18841961a07cba1afe3a44a6048ce24e6,ablation/td3_amo/antmaze-medium-diverse-v2/1e-3/seed_0/ammd_s0_default__b2433fa6,/home/shchoi/AMO_td3-amo-bootrms/results/td3_amo_jax_a1_s03/runs/td3amo_jax_a1_tlr1em3_am-m-div_s0,final_eval_50.jsonl,1,d4rl_normalized_score,2026-09-19T15:38:36.097403+00:00
td3_amo,1,0.001,antmaze-medium-diverse-v2,1,0.0,1000000,True,50,False,2,ext_csv,jax,ammd_s1_ae1_ab1_Tlr0p001__563e23a5,1e34514ddf70bfc8a78757d9a78b82306627164c,32edbe55c2befd86f645192b55d2156f2f8abffc,ablation/td3_amo/antmaze-medium-diverse-v2/1e-3/seed_1/ammd_s1_ae1_ab1_Tlr0p001__563e23a5,/raid/ext_csv/AMO_store/td3_amo_jax_loco_antmaze_alpha1_alr_seeds0to3/runs/td3amo_jax_am-medium-div_a1_alr1em3_s1,eval.jsonl,1,normalized_score,2026-09-15T21:58:12.386788+00:00
td3_amo,1,0.001,antmaze-medium-diverse-v2,1,30.0,1000000,True,50,True,2,shchoi,jax,ammd_s1_default__adb4541f,1e34514ddf70bfc8a78757d9a78b82306627164c,aa9e29b18841961a07cba1afe3a44a6048ce24e6,ablation/td3_amo/antmaze-medium-diverse-v2/1e-3/seed_1/ammd_s1_default__adb4541f,/home/shchoi/AMO_td3-amo-bootrms/results/td3_amo_jax_a1_s03/runs/td3amo_jax_a1_tlr1em3_am-m-div_s1,final_eval_50.jsonl,1,d4rl_normalized_score,2026-09-19T18:11:02.321575+00:00
td3_amo,1,0.001,antmaze-medium-diverse-v2,2,12.0,1000000,True,50,False,2,ext_csv,jax,ammd_s2_ae1_ab1_Tlr0p001__e1711538,1e34514ddf70bfc8a78757d9a78b82306627164c,32edbe55c2befd86f645192b55d2156f2f8abffc,ablation/td3_amo/antmaze-medium-diverse-v2/1e-3/seed_2/ammd_s2_ae1_ab1_Tlr0p001__e1711538,/raid/ext_csv/AMO_store/td3_amo_jax_loco_antmaze_alpha1_alr_seeds0to3/runs/td3amo_jax_am-medium-div_a1_alr1em3_s2,eval.jsonl,1,normalized_score,2026-09-15T22:19:05.671077+00:00
td3_amo,1,0.001,antmaze-medium-diverse-v2,2,18.0,1000000,True,50,True,2,shchoi,jax,ammd_s2_default__51a9dc37,1e34514ddf70bfc8a78757d9a78b82306627164c,aa9e29b18841961a07cba1afe3a44a6048ce24e6,ablation/td3_amo/antmaze-medium-diverse-v2/1e-3/seed_2/ammd_s2_default__51a9dc37,/home/shchoi/AMO_td3-amo-bootrms/results/td3_amo_jax_a1_s03/runs/td3amo_jax_a1_tlr1em3_am-m-div_s2,final_eval_50.jsonl,1,d4rl_normalized_score,2026-09-19T20:09:41.707112+00:00
td3_amo,1,0.001,antmaze-medium-diverse-v2,3,28.000000000000004,1000000,True,50,True,2,ext_csv,jax,ammd_s3_ae1_ab1_Tlr0p001__be7cb7de,1e34514ddf70bfc8a78757d9a78b82306627164c,32edbe55c2befd86f645192b55d2156f2f8abffc,ablation/td3_amo/antmaze-medium-diverse-v2/1e-3/seed_3/ammd_s3_ae1_ab1_Tlr0p001__be7cb7de,/raid/ext_csv/AMO_store/td3_amo_jax_loco_antmaze_alpha1_alr_seeds0to3/runs/td3amo_jax_am-medium-div_a1_alr1em3_s3,eval.jsonl,1,normalized_score,2026-09-15T22:21:46.242479+00:00
td3_amo,1,0.001,antmaze-medium-diverse-v2,3,18.0,1000000,True,50,False,2,shchoi,jax,ammd_s3_default__59a45132,1e34514ddf70bfc8a78757d9a78b82306627164c,aa9e29b18841961a07cba1afe3a44a6048ce24e6,ablation/td3_amo/antmaze-medium-diverse-v2/1e-3/seed_3/ammd_s3_default__59a45132,/home/shchoi/AMO_td3-amo-bootrms/results/td3_amo_jax_a1_s03/runs/td3amo_jax_a1_tlr1em3_am-m-div_s3,final_eval_50.jsonl,1,d4rl_normalized_score,2026-09-19T21:55:50.627642+00:00
td3_amo,1,0.0003,antmaze-medium-diverse-v2,0,6.0,1000000,True,50,True,2,ext_csv,jax,ammd_s0_ae1_ab1_Tlr0p0003__6edde38f,1e34514ddf70bfc8a78757d9a78b82306627164c,32edbe55c2befd86f645192b55d2156f2f8abffc,ablation/td3_amo/antmaze-medium-diverse-v2/3e-4/seed_0/ammd_s0_ae1_ab1_Tlr0p0003__6edde38f,/raid/ext_csv/AMO_store/td3_amo_jax_loco_antmaze_alpha1_alr_seeds0to3/runs/td3amo_jax_am-medium-div_a1_alr3em4_s0,eval.jsonl,1,normalized_score,2026-09-15T21:39:53.046493+00:00
td3_amo,1,0.0003,antmaze-medium-diverse-v2,0,2.0,1000000,True,50,False,2,shchoi,jax,ammd_s0_default__222d2617,1e34514ddf70bfc8a78757d9a78b82306627164c,aa9e29b18841961a07cba1afe3a44a6048ce24e6,ablation/td3_amo/antmaze-medium-diverse-v2/3e-4/seed_0/ammd_s0_default__222d2617,/home/shchoi/AMO_td3-amo-bootrms/results/td3_amo_jax_a1_s03/runs/td3amo_jax_a1_tlr3em4_am-m-div_s0,final_eval_50.jsonl,1,d4rl_normalized_score,2026-09-19T11:46:11.996237+00:00
td3_amo,1,0.0003,antmaze-medium-diverse-v2,1,0.0,1000000,True,50,False,2,ext_csv,jax,ammd_s1_ae1_ab1_Tlr0p0003__cd8d7d76,1e34514ddf70bfc8a78757d9a78b82306627164c,32edbe55c2befd86f645192b55d2156f2f8abffc,ablation/td3_amo/antmaze-medium-diverse-v2/3e-4/seed_1/ammd_s1_ae1_ab1_Tlr0p0003__cd8d7d76,/raid/ext_csv/AMO_store/td3_amo_jax_loco_antmaze_alpha1_alr_seeds0to3/runs/td3amo_jax_am-medium-div_a1_alr3em4_s1,eval.jsonl,1,normalized_score,2026-09-15T21:41:46.541981+00:00
td3_amo,1,0.0003,antmaze-medium-diverse-v2,1,8.0,1000000,True,50,True,2,shchoi,jax,ammd_s1_default__ec23fe96,1e34514ddf70bfc8a78757d9a78b82306627164c,aa9e29b18841961a07cba1afe3a44a6048ce24e6,ablation/td3_amo/antmaze-medium-diverse-v2/3e-4/seed_1/ammd_s1_default__ec23fe96,/home/shchoi/AMO_td3-amo-bootrms/results/td3_amo_jax_a1_s03/runs/td3amo_jax_a1_tlr3em4_am-m-div_s1,final_eval_50.jsonl,1,d4rl_normalized_score,2026-09-19T11:46:10.335867+00:00
td3_amo,1,0.0003,antmaze-medium-diverse-v2,2,6.0,1000000,True,50,True,2,ext_csv,jax,ammd_s2_ae1_ab1_Tlr0p0003__ca332b62,1e34514ddf70bfc8a78757d9a78b82306627164c,32edbe55c2befd86f645192b55d2156f2f8abffc,ablation/td3_amo/antmaze-medium-diverse-v2/3e-4/seed_2/ammd_s2_ae1_ab1_Tlr0p0003__ca332b62,/raid/ext_csv/AMO_store/td3_amo_jax_loco_antmaze_alpha1_alr_seeds0to3/runs/td3amo_jax_am-medium-div_a1_alr3em4_s2,eval.jsonl,1,normalized_score,2026-09-15T21:46:41.841511+00:00
td3_amo,1,0.0003,antmaze-medium-diverse-v2,2,2.0,1000000,True,50,False,2,shchoi,jax,ammd_s2_default__4e3ee7d6,1e34514ddf70bfc8a78757d9a78b82306627164c,aa9e29b18841961a07cba1afe3a44a6048ce24e6,ablation/td3_amo/antmaze-medium-diverse-v2/3e-4/seed_2/ammd_s2_default__4e3ee7d6,/home/shchoi/AMO_td3-amo-bootrms/results/td3_amo_jax_a1_s03/runs/td3amo_jax_a1_tlr3em4_am-m-div_s2,final_eval_50.jsonl,1,d4rl_normalized_score,2026-09-19T11:46:12.058225+00:00
td3_amo,1,0.0003,antmaze-medium-diverse-v2,3,4.0,1000000,True,50,True,2,ext_csv,jax,ammd_s3_ae1_ab1_Tlr0p0003__ed52aed7,1e34514ddf70bfc8a78757d9a78b82306627164c,32edbe55c2befd86f645192b55d2156f2f8abffc,ablation/td3_amo/antmaze-medium-diverse-v2/3e-4/seed_3/ammd_s3_ae1_ab1_Tlr0p0003__ed52aed7,/raid/ext_csv/AMO_store/td3_amo_jax_loco_antmaze_alpha1_alr_seeds0to3/runs/td3amo_jax_am-medium-div_a1_alr3em4_s3,eval.jsonl,1,normalized_score,2026-09-15T21:49:19.206183+00:00
td3_amo,1,0.0003,antmaze-medium-diverse-v2,3,4.0,1000000,True,50,False,2,shchoi,jax,ammd_s3_default__bdf0d1f7,1e34514ddf70bfc8a78757d9a78b82306627164c,aa9e29b18841961a07cba1afe3a44a6048ce24e6,ablation/td3_amo/antmaze-medium-diverse-v2/3e-4/seed_3/ammd_s3_default__bdf0d1f7,/home/shchoi/AMO_td3-amo-bootrms/results/td3_amo_jax_a1_s03/runs/td3amo_jax_a1_tlr3em4_am-m-div_s3,final_eval_50.jsonl,1,d4rl_normalized_score,2026-09-19T11:46:11.916920+00:00
td3_amo,1,0.002,antmaze-large-play-v2,0,50.0,1000000,True,50,True,1,ext_csv,jax,amlp_s0_ae1_ab1_Tlr0p002__9be5bcd8,1e34514ddf70bfc8a78757d9a78b82306627164c,32edbe55c2befd86f645192b55d2156f2f8abffc,ablation/td3_amo/antmaze-large-play-v2/2e-3/seed_0/amlp_s0_ae1_ab1_Tlr0p002__9be5bcd8,/raid/ext_csv/AMO_store/td3_amo_jax_loco_antmaze_alpha1_alr_seeds0to3/runs/td3amo_jax_am-large-play_a1_alr2em3_s0,eval.jsonl,1,normalized_score,2026-09-15T23:44:34.824406+00:00
td3_amo,1,0.002,antmaze-large-play-v2,1,22.0,1000000,True,50,True,1,ext_csv,jax,amlp_s1_ae1_ab1_Tlr0p002__9305f828,1e34514ddf70bfc8a78757d9a78b82306627164c,32edbe55c2befd86f645192b55d2156f2f8abffc,ablation/td3_amo/antmaze-large-play-v2/2e-3/seed_1/amlp_s1_ae1_ab1_Tlr0p002__9305f828,/raid/ext_csv/AMO_store/td3_amo_jax_loco_antmaze_alpha1_alr_seeds0to3/runs/td3amo_jax_am-large-play_a1_alr2em3_s1,eval.jsonl,1,normalized_score,2026-09-15T23:46:31.827775+00:00
td3_amo,1,0.002,antmaze-large-play-v2,2,46.0,1000000,True,50,True,1,ext_csv,jax,amlp_s2_ae1_ab1_Tlr0p002__c6472905,1e34514ddf70bfc8a78757d9a78b82306627164c,32edbe55c2befd86f645192b55d2156f2f8abffc,ablation/td3_amo/antmaze-large-play-v2/2e-3/seed_2/amlp_s2_ae1_ab1_Tlr0p002__c6472905,/raid/ext_csv/AMO_store/td3_amo_jax_loco_antmaze_alpha1_alr_seeds0to3/runs/td3amo_jax_am-large-play_a1_alr2em3_s2,eval.jsonl,1,normalized_score,2026-09-15T23:48:18.884124+00:00
td3_amo,1,0.002,antmaze-large-play-v2,3,64.0,1000000,True,50,True,1,ext_csv,jax,amlp_s3_ae1_ab1_Tlr0p002__2163ed12,1e34514ddf70bfc8a78757d9a78b82306627164c,32edbe55c2befd86f645192b55d2156f2f8abffc,ablation/td3_amo/antmaze-large-play-v2/2e-3/seed_3/amlp_s3_ae1_ab1_Tlr0p002__2163ed12,/raid/ext_csv/AMO_store/td3_amo_jax_loco_antmaze_alpha1_alr_seeds0to3/runs/td3amo_jax_am-large-play_a1_alr2em3_s3,eval.jsonl,1,normalized_score,2026-09-16T02:32:29.590520+00:00
td3_amo,1,0.001,antmaze-large-play-v2,0,14.000000000000002,1000000,True,50,False,2,ext_csv,jax,amlp_s0_ae1_ab1_Tlr0p001__ddceddba,1e34514ddf70bfc8a78757d9a78b82306627164c,32edbe55c2befd86f645192b55d2156f2f8abffc,ablation/td3_amo/antmaze-large-play-v2/1e-3/seed_0/amlp_s0_ae1_ab1_Tlr0p001__ddceddba,/raid/ext_csv/AMO_store/td3_amo_jax_loco_antmaze_alpha1_alr_seeds0to3/runs/td3amo_jax_am-large-play_a1_alr1em3_s0,eval.jsonl,1,normalized_score,2026-09-15T23:06:11.299460+00:00
td3_amo,1,0.001,antmaze-large-play-v2,0,20.0,1000000,True,50,True,2,shchoi,jax,amlp_s0_default__8597a190,1e34514ddf70bfc8a78757d9a78b82306627164c,aa9e29b18841961a07cba1afe3a44a6048ce24e6,ablation/td3_amo/antmaze-large-play-v2/1e-3/seed_0/amlp_s0_default__8597a190,/home/shchoi/AMO_td3-amo-bootrms/results/td3_amo_jax_a1_s03/runs/td3amo_jax_a1_tlr1em3_am-l-p_s0,final_eval_50.jsonl,1,d4rl_normalized_score,2026-09-19T15:44:59.043604+00:00
td3_amo,1,0.001,antmaze-large-play-v2,1,8.0,1000000,True,50,False,2,ext_csv,jax,amlp_s1_ae1_ab1_Tlr0p001__5724674b,1e34514ddf70bfc8a78757d9a78b82306627164c,32edbe55c2befd86f645192b55d2156f2f8abffc,ablation/td3_amo/antmaze-large-play-v2/1e-3/seed_1/amlp_s1_ae1_ab1_Tlr0p001__5724674b,/raid/ext_csv/AMO_store/td3_amo_jax_loco_antmaze_alpha1_alr_seeds0to3/runs/td3amo_jax_am-large-play_a1_alr1em3_s1,eval.jsonl,1,normalized_score,2026-09-15T23:18:00.466020+00:00
td3_amo,1,0.001,antmaze-large-play-v2,1,20.0,1000000,True,50,True,2,shchoi,jax,amlp_s1_default__1bfc5786,1e34514ddf70bfc8a78757d9a78b82306627164c,aa9e29b18841961a07cba1afe3a44a6048ce24e6,ablation/td3_amo/antmaze-large-play-v2/1e-3/seed_1/amlp_s1_default__1bfc5786,/home/shchoi/AMO_td3-amo-bootrms/results/td3_amo_jax_a1_s03/runs/td3amo_jax_a1_tlr1em3_am-l-p_s1,final_eval_50.jsonl,1,d4rl_normalized_score,2026-09-19T18:21:33.175554+00:00
td3_amo,1,0.001,antmaze-large-play-v2,2,6.0,1000000,True,50,True,2,ext_csv,jax,amlp_s2_ae1_ab1_Tlr0p001__36c713f9,1e34514ddf70bfc8a78757d9a78b82306627164c,32edbe55c2befd86f645192b55d2156f2f8abffc,ablation/td3_amo/antmaze-large-play-v2/1e-3/seed_2/amlp_s2_ae1_ab1_Tlr0p001__36c713f9,/raid/ext_csv/AMO_store/td3_amo_jax_loco_antmaze_alpha1_alr_seeds0to3/runs/td3amo_jax_am-large-play_a1_alr1em3_s2,eval.jsonl,1,normalized_score,2026-09-15T23:39:02.254726+00:00
td3_amo,1,0.001,antmaze-large-play-v2,2,4.0,1000000,True,50,False,2,shchoi,jax,amlp_s2_default__e10848c6,1e34514ddf70bfc8a78757d9a78b82306627164c,aa9e29b18841961a07cba1afe3a44a6048ce24e6,ablation/td3_amo/antmaze-large-play-v2/1e-3/seed_2/amlp_s2_default__e10848c6,/home/shchoi/AMO_td3-amo-bootrms/results/td3_amo_jax_a1_s03/runs/td3amo_jax_a1_tlr1em3_am-l-p_s2,final_eval_50.jsonl,1,d4rl_normalized_score,2026-09-19T20:12:03.532404+00:00
td3_amo,1,0.001,antmaze-large-play-v2,3,40.0,1000000,True,50,True,2,ext_csv,jax,amlp_s3_ae1_ab1_Tlr0p001__82cd5e5d,1e34514ddf70bfc8a78757d9a78b82306627164c,32edbe55c2befd86f645192b55d2156f2f8abffc,ablation/td3_amo/antmaze-large-play-v2/1e-3/seed_3/amlp_s3_ae1_ab1_Tlr0p001__82cd5e5d,/raid/ext_csv/AMO_store/td3_amo_jax_loco_antmaze_alpha1_alr_seeds0to3/runs/td3amo_jax_am-large-play_a1_alr1em3_s3,eval.jsonl,1,normalized_score,2026-09-15T23:39:48.993316+00:00
td3_amo,1,0.001,antmaze-large-play-v2,3,,,False,,False,2,shchoi,jax,amlp_s3_default__c6e7529d,1e34514ddf70bfc8a78757d9a78b82306627164c,aa9e29b18841961a07cba1afe3a44a6048ce24e6,ablation/td3_amo/antmaze-large-play-v2/1e-3/seed_3/amlp_s3_default__c6e7529d,/home/shchoi/AMO_td3-amo-bootrms/results/td3_amo_jax_a1_s03/runs/td3amo_jax_a1_tlr1em3_am-l-p_s3,,,,
td3_amo,1,0.0003,antmaze-large-play-v2,0,0.0,1000000,True,50,False,2,ext_csv,jax,amlp_s0_ae1_ab1_Tlr0p0003__8ff1b670,1e34514ddf70bfc8a78757d9a78b82306627164c,32edbe55c2befd86f645192b55d2156f2f8abffc,ablation/td3_amo/antmaze-large-play-v2/3e-4/seed_0/amlp_s0_ae1_ab1_Tlr0p0003__8ff1b670,/raid/ext_csv/AMO_store/td3_amo_jax_loco_antmaze_alpha1_alr_seeds0to3/runs/td3amo_jax_am-large-play_a1_alr3em4_s0,eval.jsonl,1,normalized_score,2026-09-15T22:58:10.467138+00:00
td3_amo,1,0.0003,antmaze-large-play-v2,0,2.0,1000000,True,50,True,2,shchoi,jax,amlp_s0_default__092b3299,1e34514ddf70bfc8a78757d9a78b82306627164c,aa9e29b18841961a07cba1afe3a44a6048ce24e6,ablation/td3_amo/antmaze-large-play-v2/3e-4/seed_0/amlp_s0_default__092b3299,/home/shchoi/AMO_td3-amo-bootrms/results/td3_amo_jax_a1_s03/runs/td3amo_jax_a1_tlr3em4_am-l-p_s0,final_eval_50.jsonl,1,d4rl_normalized_score,2026-09-19T11:46:15.942309+00:00
td3_amo,1,0.0003,antmaze-large-play-v2,1,0.0,1000000,True,50,True,2,ext_csv,jax,amlp_s1_ae1_ab1_Tlr0p0003__45481182,1e34514ddf70bfc8a78757d9a78b82306627164c,32edbe55c2befd86f645192b55d2156f2f8abffc,ablation/td3_amo/antmaze-large-play-v2/3e-4/seed_1/amlp_s1_ae1_ab1_Tlr0p0003__45481182,/raid/ext_csv/AMO_store/td3_amo_jax_loco_antmaze_alpha1_alr_seeds0to3/runs/td3amo_jax_am-large-play_a1_alr3em4_s1,eval.jsonl,1,normalized_score,2026-09-15T23:00:09.536316+00:00
td3_amo,1,0.0003,antmaze-large-play-v2,1,0.0,1000000,True,50,False,2,shchoi,jax,amlp_s1_default__eadbe810,1e34514ddf70bfc8a78757d9a78b82306627164c,aa9e29b18841961a07cba1afe3a44a6048ce24e6,ablation/td3_amo/antmaze-large-play-v2/3e-4/seed_1/amlp_s1_default__eadbe810,/home/shchoi/AMO_td3-amo-bootrms/results/td3_amo_jax_a1_s03/runs/td3amo_jax_a1_tlr3em4_am-l-p_s1,final_eval_50.jsonl,1,d4rl_normalized_score,2026-09-19T11:46:15.731864+00:00
td3_amo,1,0.0003,antmaze-large-play-v2,2,0.0,1000000,True,50,True,2,ext_csv,jax,amlp_s2_ae1_ab1_Tlr0p0003__418ae677,1e34514ddf70bfc8a78757d9a78b82306627164c,32edbe55c2befd86f645192b55d2156f2f8abffc,ablation/td3_amo/antmaze-large-play-v2/3e-4/seed_2/amlp_s2_ae1_ab1_Tlr0p0003__418ae677,/raid/ext_csv/AMO_store/td3_amo_jax_loco_antmaze_alpha1_alr_seeds0to3/runs/td3amo_jax_am-large-play_a1_alr3em4_s2,eval.jsonl,1,normalized_score,2026-09-15T23:07:07.312192+00:00
td3_amo,1,0.0003,antmaze-large-play-v2,2,0.0,1000000,True,50,False,2,shchoi,jax,amlp_s2_default__c0a87673,1e34514ddf70bfc8a78757d9a78b82306627164c,aa9e29b18841961a07cba1afe3a44a6048ce24e6,ablation/td3_amo/antmaze-large-play-v2/3e-4/seed_2/amlp_s2_default__c0a87673,/home/shchoi/AMO_td3-amo-bootrms/results/td3_amo_jax_a1_s03/runs/td3amo_jax_a1_tlr3em4_am-l-p_s2,final_eval_50.jsonl,1,d4rl_normalized_score,2026-09-19T11:46:15.245292+00:00
td3_amo,1,0.0003,antmaze-large-play-v2,3,0.0,1000000,True,50,True,2,ext_csv,jax,amlp_s3_ae1_ab1_Tlr0p0003__0965478c,1e34514ddf70bfc8a78757d9a78b82306627164c,32edbe55c2befd86f645192b55d2156f2f8abffc,ablation/td3_amo/antmaze-large-play-v2/3e-4/seed_3/amlp_s3_ae1_ab1_Tlr0p0003__0965478c,/raid/ext_csv/AMO_store/td3_amo_jax_loco_antmaze_alpha1_alr_seeds0to3/runs/td3amo_jax_am-large-play_a1_alr3em4_s3,eval.jsonl,1,normalized_score,2026-09-15T23:09:03.566297+00:00
td3_amo,1,0.0003,antmaze-large-play-v2,3,0.0,1000000,True,50,False,2,shchoi,jax,amlp_s3_default__a91223af,1e34514ddf70bfc8a78757d9a78b82306627164c,aa9e29b18841961a07cba1afe3a44a6048ce24e6,ablation/td3_amo/antmaze-large-play-v2/3e-4/seed_3/amlp_s3_default__a91223af,/home/shchoi/AMO_td3-amo-bootrms/results/td3_amo_jax_a1_s03/runs/td3amo_jax_a1_tlr3em4_am-l-p_s3,final_eval_50.jsonl,1,d4rl_normalized_score,2026-09-19T11:46:14.953733+00:00
td3_amo,1,0.002,antmaze-large-diverse-v2,0,12.0,1000000,True,50,True,1,ext_csv,jax,amld_s0_ae1_ab1_Tlr0p002__240b6b3c,1e34514ddf70bfc8a78757d9a78b82306627164c,32edbe55c2befd86f645192b55d2156f2f8abffc,ablation/td3_amo/antmaze-large-diverse-v2/2e-3/seed_0/amld_s0_ae1_ab1_Tlr0p002__240b6b3c,/raid/ext_csv/AMO_store/td3_amo_jax_loco_antmaze_alpha1_alr_seeds0to3/runs/td3amo_jax_am-large-div_a1_alr2em3_s0,eval.jsonl,1,normalized_score,2026-09-16T03:34:43.525875+00:00
td3_amo,1,0.002,antmaze-large-diverse-v2,1,26.0,1000000,True,50,True,1,ext_csv,jax,amld_s1_ae1_ab1_Tlr0p002__c7837a12,1e34514ddf70bfc8a78757d9a78b82306627164c,32edbe55c2befd86f645192b55d2156f2f8abffc,ablation/td3_amo/antmaze-large-diverse-v2/2e-3/seed_1/amld_s1_ae1_ab1_Tlr0p002__c7837a12,/raid/ext_csv/AMO_store/td3_amo_jax_loco_antmaze_alpha1_alr_seeds0to3/runs/td3amo_jax_am-large-div_a1_alr2em3_s1,eval.jsonl,1,normalized_score,2026-09-16T03:37:35.516604+00:00
td3_amo,1,0.002,antmaze-large-diverse-v2,2,36.0,1000000,True,50,True,1,ext_csv,jax,amld_s2_ae1_ab1_Tlr0p002__9cc696b7,1e34514ddf70bfc8a78757d9a78b82306627164c,32edbe55c2befd86f645192b55d2156f2f8abffc,ablation/td3_amo/antmaze-large-diverse-v2/2e-3/seed_2/amld_s2_ae1_ab1_Tlr0p002__9cc696b7,/raid/ext_csv/AMO_store/td3_amo_jax_loco_antmaze_alpha1_alr_seeds0to3/runs/td3amo_jax_am-large-div_a1_alr2em3_s2,eval.jsonl,1,normalized_score,2026-09-16T03:42:22.437431+00:00
td3_amo,1,0.002,antmaze-large-diverse-v2,3,30.0,1000000,True,50,True,1,ext_csv,jax,amld_s3_ae1_ab1_Tlr0p002__55a9b516,1e34514ddf70bfc8a78757d9a78b82306627164c,32edbe55c2befd86f645192b55d2156f2f8abffc,ablation/td3_amo/antmaze-large-diverse-v2/2e-3/seed_3/amld_s3_ae1_ab1_Tlr0p002__55a9b516,/raid/ext_csv/AMO_store/td3_amo_jax_loco_antmaze_alpha1_alr_seeds0to3/runs/td3amo_jax_am-large-div_a1_alr2em3_s3,eval.jsonl,1,normalized_score,2026-09-16T03:47:10.227347+00:00
td3_amo,1,0.001,antmaze-large-diverse-v2,0,6.0,1000000,True,50,True,2,ext_csv,jax,amld_s0_ae1_ab1_Tlr0p001__8e9f99a1,1e34514ddf70bfc8a78757d9a78b82306627164c,32edbe55c2befd86f645192b55d2156f2f8abffc,ablation/td3_amo/antmaze-large-diverse-v2/1e-3/seed_0/amld_s0_ae1_ab1_Tlr0p001__8e9f99a1,/raid/ext_csv/AMO_store/td3_amo_jax_loco_antmaze_alpha1_alr_seeds0to3/runs/td3amo_jax_am-large-div_a1_alr1em3_s0,eval.jsonl,1,normalized_score,2026-09-16T03:03:06.575065+00:00
td3_amo,1,0.001,antmaze-large-diverse-v2,0,6.0,1000000,True,50,False,2,shchoi,jax,amld_s0_default__0afccc24,1e34514ddf70bfc8a78757d9a78b82306627164c,aa9e29b18841961a07cba1afe3a44a6048ce24e6,ablation/td3_amo/antmaze-large-diverse-v2/1e-3/seed_0/amld_s0_default__0afccc24,/home/shchoi/AMO_td3-amo-bootrms/results/td3_amo_jax_a1_s03/runs/td3amo_jax_a1_tlr1em3_am-l-div_s0,final_eval_50.jsonl,1,d4rl_normalized_score,2026-09-19T16:15:20.353655+00:00
td3_amo,1,0.001,antmaze-large-diverse-v2,1,24.0,1000000,True,50,True,2,ext_csv,jax,amld_s1_ae1_ab1_Tlr0p001__e261c768,1e34514ddf70bfc8a78757d9a78b82306627164c,32edbe55c2befd86f645192b55d2156f2f8abffc,ablation/td3_amo/antmaze-large-diverse-v2/1e-3/seed_1/amld_s1_ae1_ab1_Tlr0p001__e261c768,/raid/ext_csv/AMO_store/td3_amo_jax_loco_antmaze_alpha1_alr_seeds0to3/runs/td3amo_jax_am-large-div_a1_alr1em3_s1,eval.jsonl,1,normalized_score,2026-09-16T03:10:00.439490+00:00
td3_amo,1,0.001,antmaze-large-diverse-v2,1,2.0,1000000,True,50,False,2,shchoi,jax,amld_s1_default__c8177d43,1e34514ddf70bfc8a78757d9a78b82306627164c,aa9e29b18841961a07cba1afe3a44a6048ce24e6,ablation/td3_amo/antmaze-large-diverse-v2/1e-3/seed_1/amld_s1_default__c8177d43,/home/shchoi/AMO_td3-amo-bootrms/results/td3_amo_jax_a1_s03/runs/td3amo_jax_a1_tlr1em3_am-l-div_s1,final_eval_50.jsonl,1,d4rl_normalized_score,2026-09-19T18:25:56.166555+00:00
td3_amo,1,0.001,antmaze-large-diverse-v2,2,12.0,1000000,True,50,True,2,ext_csv,jax,amld_s2_ae1_ab1_Tlr0p001__b750b075,1e34514ddf70bfc8a78757d9a78b82306627164c,32edbe55c2befd86f645192b55d2156f2f8abffc,ablation/td3_amo/antmaze-large-diverse-v2/1e-3/seed_2/amld_s2_ae1_ab1_Tlr0p001__b750b075,/raid/ext_csv/AMO_store/td3_amo_jax_loco_antmaze_alpha1_alr_seeds0to3/runs/td3amo_jax_am-large-div_a1_alr1em3_s2,eval.jsonl,1,normalized_score,2026-09-16T03:30:55.457926+00:00
td3_amo,1,0.001,antmaze-large-diverse-v2,2,6.0,1000000,True,50,False,2,shchoi,jax,amld_s2_default__d825c55a,1e34514ddf70bfc8a78757d9a78b82306627164c,aa9e29b18841961a07cba1afe3a44a6048ce24e6,ablation/td3_amo/antmaze-large-diverse-v2/1e-3/seed_2/amld_s2_default__d825c55a,/home/shchoi/AMO_td3-amo-bootrms/results/td3_amo_jax_a1_s03/runs/td3amo_jax_a1_tlr1em3_am-l-div_s2,final_eval_50.jsonl,1,d4rl_normalized_score,2026-09-19T20:24:27.881460+00:00
td3_amo,1,0.001,antmaze-large-diverse-v2,3,10.0,1000000,True,50,True,2,ext_csv,jax,amld_s3_ae1_ab1_Tlr0p001__7bec5e91,1e34514ddf70bfc8a78757d9a78b82306627164c,32edbe55c2befd86f645192b55d2156f2f8abffc,ablation/td3_amo/antmaze-large-diverse-v2/1e-3/seed_3/amld_s3_ae1_ab1_Tlr0p001__7bec5e91,/raid/ext_csv/AMO_store/td3_amo_jax_loco_antmaze_alpha1_alr_seeds0to3/runs/td3amo_jax_am-large-div_a1_alr1em3_s3,eval.jsonl,1,normalized_score,2026-09-16T03:31:44.247409+00:00
td3_amo,1,0.001,antmaze-large-diverse-v2,3,,,False,,False,2,shchoi,jax,amld_s3_default__764682ac,1e34514ddf70bfc8a78757d9a78b82306627164c,aa9e29b18841961a07cba1afe3a44a6048ce24e6,ablation/td3_amo/antmaze-large-diverse-v2/1e-3/seed_3/amld_s3_default__764682ac,/home/shchoi/AMO_td3-amo-bootrms/results/td3_amo_jax_a1_s03/runs/td3amo_jax_a1_tlr1em3_am-l-div_s3,,,,
td3_amo,1,0.0003,antmaze-large-diverse-v2,0,0.0,1000000,True,50,True,2,ext_csv,jax,amld_s0_ae1_ab1_Tlr0p0003__4bf5b183,1e34514ddf70bfc8a78757d9a78b82306627164c,32edbe55c2befd86f645192b55d2156f2f8abffc,ablation/td3_amo/antmaze-large-diverse-v2/3e-4/seed_0/amld_s0_ae1_ab1_Tlr0p0003__4bf5b183,/raid/ext_csv/AMO_store/td3_amo_jax_loco_antmaze_alpha1_alr_seeds0to3/runs/td3amo_jax_am-large-div_a1_alr3em4_s0,eval.jsonl,1,normalized_score,2026-09-16T02:53:32.115986+00:00
td3_amo,1,0.0003,antmaze-large-diverse-v2,0,0.0,1000000,True,50,False,2,shchoi,jax,amld_s0_default__899308ae,1e34514ddf70bfc8a78757d9a78b82306627164c,aa9e29b18841961a07cba1afe3a44a6048ce24e6,ablation/td3_amo/antmaze-large-diverse-v2/3e-4/seed_0/amld_s0_default__899308ae,/home/shchoi/AMO_td3-amo-bootrms/results/td3_amo_jax_a1_s03/runs/td3amo_jax_a1_tlr3em4_am-l-div_s0,final_eval_50.jsonl,1,d4rl_normalized_score,2026-09-19T11:46:16.318009+00:00
td3_amo,1,0.0003,antmaze-large-diverse-v2,1,0.0,1000000,True,50,True,2,ext_csv,jax,amld_s1_ae1_ab1_Tlr0p0003__5424a48b,1e34514ddf70bfc8a78757d9a78b82306627164c,32edbe55c2befd86f645192b55d2156f2f8abffc,ablation/td3_amo/antmaze-large-diverse-v2/3e-4/seed_1/amld_s1_ae1_ab1_Tlr0p0003__5424a48b,/raid/ext_csv/AMO_store/td3_amo_jax_loco_antmaze_alpha1_alr_seeds0to3/runs/td3amo_jax_am-large-div_a1_alr3em4_s1,eval.jsonl,1,normalized_score,2026-09-16T02:54:24.872505+00:00
td3_amo,1,0.0003,antmaze-large-diverse-v2,1,0.0,1000000,True,50,False,2,shchoi,jax,amld_s1_default__6bac8347,1e34514ddf70bfc8a78757d9a78b82306627164c,aa9e29b18841961a07cba1afe3a44a6048ce24e6,ablation/td3_amo/antmaze-large-diverse-v2/3e-4/seed_1/amld_s1_default__6bac8347,/home/shchoi/AMO_td3-amo-bootrms/results/td3_amo_jax_a1_s03/runs/td3amo_jax_a1_tlr3em4_am-l-div_s1,final_eval_50.jsonl,1,d4rl_normalized_score,2026-09-19T11:46:15.634860+00:00
td3_amo,1,0.0003,antmaze-large-diverse-v2,2,0.0,1000000,True,50,True,2,ext_csv,jax,amld_s2_ae1_ab1_Tlr0p0003__3ae20939,1e34514ddf70bfc8a78757d9a78b82306627164c,32edbe55c2befd86f645192b55d2156f2f8abffc,ablation/td3_amo/antmaze-large-diverse-v2/3e-4/seed_2/amld_s2_ae1_ab1_Tlr0p0003__3ae20939,/raid/ext_csv/AMO_store/td3_amo_jax_loco_antmaze_alpha1_alr_seeds0to3/runs/td3amo_jax_am-large-div_a1_alr3em4_s2,eval.jsonl,1,normalized_score,2026-09-16T02:57:19.568331+00:00
td3_amo,1,0.0003,antmaze-large-diverse-v2,2,0.0,1000000,True,50,False,2,shchoi,jax,amld_s2_default__a5054c32,1e34514ddf70bfc8a78757d9a78b82306627164c,aa9e29b18841961a07cba1afe3a44a6048ce24e6,ablation/td3_amo/antmaze-large-diverse-v2/3e-4/seed_2/amld_s2_default__a5054c32,/home/shchoi/AMO_td3-amo-bootrms/results/td3_amo_jax_a1_s03/runs/td3amo_jax_a1_tlr3em4_am-l-div_s2,final_eval_50.jsonl,1,d4rl_normalized_score,2026-09-19T11:46:15.314818+00:00
td3_amo,1,0.0003,antmaze-large-diverse-v2,3,0.0,1000000,True,50,True,2,ext_csv,jax,amld_s3_ae1_ab1_Tlr0p0003__7a3db537,1e34514ddf70bfc8a78757d9a78b82306627164c,32edbe55c2befd86f645192b55d2156f2f8abffc,ablation/td3_amo/antmaze-large-diverse-v2/3e-4/seed_3/amld_s3_ae1_ab1_Tlr0p0003__7a3db537,/raid/ext_csv/AMO_store/td3_amo_jax_loco_antmaze_alpha1_alr_seeds0to3/runs/td3amo_jax_am-large-div_a1_alr3em4_s3,eval.jsonl,1,normalized_score,2026-09-16T03:01:14.144011+00:00
td3_amo,1,0.0003,antmaze-large-diverse-v2,3,0.0,1000000,True,50,False,2,shchoi,jax,amld_s3_default__4ce17ba3,1e34514ddf70bfc8a78757d9a78b82306627164c,aa9e29b18841961a07cba1afe3a44a6048ce24e6,ablation/td3_amo/antmaze-large-diverse-v2/3e-4/seed_3/amld_s3_default__4ce17ba3,/home/shchoi/AMO_td3-amo-bootrms/results/td3_amo_jax_a1_s03/runs/td3amo_jax_a1_tlr3em4_am-l-div_s3,final_eval_50.jsonl,1,d4rl_normalized_score,2026-09-19T11:46:16.329322+00:00
td3_amo,2,0.002,halfcheetah-medium-v2,0,59.56215998747548,1000000,False,10,True,2,ext_csh,torch,hcm_s0_te1_tb1_Tlr0p002__b96ac1d9,,714cbefbac393aee6d75b154bd8b80daf36d1823,ablation/td3_amo/halfcheetah-medium-v2/2e-3/seed_0/hcm_s0_te1_tb1_Tlr0p002__b96ac1d9,/raid/ext_csh/artifacts/AMO/results/amo_loco9_s0_tlr2e-3_te1_tb1/runs/amo_adaptive_multiscale_hc-m_s0-halfcheetah-medium-v2-b96ac1d9,eval.jsonl,200,d4rl_normalized_score,
td3_amo,2,0.002,halfcheetah-medium-v2,0,56.859635448002024,1000000,True,50,False,2,ext_csv,jax,hcm_s0_ae2_ab2_Tlr0p002__22a27c9a,1e34514ddf70bfc8a78757d9a78b82306627164c,32edbe55c2befd86f645192b55d2156f2f8abffc,ablation/td3_amo/halfcheetah-medium-v2/2e-3/seed_0/hcm_s0_ae2_ab2_Tlr0p002__22a27c9a,/raid/ext_csv/AMO_store/td3_amo_jax_loco9_alpha2_alr1em3_seeds0to3/runs/td3amo_jax_hc-m_a2_alr2em3_s0,eval.jsonl,1,normalized_score,2026-09-16T04:18:25.072167+00:00
td3_amo,2,0.002,halfcheetah-medium-v2,1,57.139935626921314,1000000,True,50,True,2,ext_csv,jax,hcm_s1_ae2_ab2_Tlr0p002__67f8a3f5,1e34514ddf70bfc8a78757d9a78b82306627164c,32edbe55c2befd86f645192b55d2156f2f8abffc,ablation/td3_amo/halfcheetah-medium-v2/2e-3/seed_1/hcm_s1_ae2_ab2_Tlr0p002__67f8a3f5,/raid/ext_csv/AMO_store/td3_amo_jax_loco9_alpha2_alr1em3_seeds0to3/runs/td3amo_jax_hc-m_a2_alr2em3_s1,eval.jsonl,1,normalized_score,2026-09-16T04:23:44.976078+00:00
td3_amo,2,0.002,halfcheetah-medium-v2,1,57.69770137578818,445000,False,10,False,2,ext_csv,torch,hcm_s1_te1_tb1_Tlr0p002__4ddad439,eee3d486fac0c9f5ecbbea411424e6691b715265,32edbe55c2befd86f645192b55d2156f2f8abffc,ablation/td3_amo/halfcheetah-medium-v2/2e-3/seed_1/hcm_s1_te1_tb1_Tlr0p002__4ddad439,/raid/ext_csv/AMO_store/amo_te1_tb1_tlr_gapfill_seeds0to3/runs/amo_ams_hc-m_Te1_Tb1_Tlr0p002_s1-halfcheetah-medium-v2-4ddad439,eval.jsonl,89,d4rl_normalized_score,
td3_amo,2,0.002,halfcheetah-medium-v2,2,56.50766328383293,1000000,True,50,True,1,ext_csv,jax,hcm_s2_ae2_ab2_Tlr0p002__b4ab2520,1e34514ddf70bfc8a78757d9a78b82306627164c,32edbe55c2befd86f645192b55d2156f2f8abffc,ablation/td3_amo/halfcheetah-medium-v2/2e-3/seed_2/hcm_s2_ae2_ab2_Tlr0p002__b4ab2520,/raid/ext_csv/AMO_store/td3_amo_jax_loco9_alpha2_alr1em3_seeds0to3/runs/td3amo_jax_hc-m_a2_alr2em3_s2,eval.jsonl,1,normalized_score,2026-09-16T04:49:08.370086+00:00
td3_amo,2,0.002,halfcheetah-medium-v2,3,57.792190365250725,1000000,True,50,True,1,ext_csv,jax,hcm_s3_ae2_ab2_Tlr0p002__b170dda3,1e34514ddf70bfc8a78757d9a78b82306627164c,32edbe55c2befd86f645192b55d2156f2f8abffc,ablation/td3_amo/halfcheetah-medium-v2/2e-3/seed_3/hcm_s3_ae2_ab2_Tlr0p002__b170dda3,/raid/ext_csv/AMO_store/td3_amo_jax_loco9_alpha2_alr1em3_seeds0to3/runs/td3amo_jax_hc-m_a2_alr2em3_s3,eval.jsonl,1,normalized_score,2026-09-16T04:50:31.041422+00:00
td3_amo,2,0.001,halfcheetah-medium-v2,0,57.35786258385911,1000000,False,10,True,2,ext_csh,torch,hcm_s0_te1_tb1_Tlr0p001__2c85c948,,714cbefbac393aee6d75b154bd8b80daf36d1823,ablation/td3_amo/halfcheetah-medium-v2/1e-3/seed_0/hcm_s0_te1_tb1_Tlr0p001__2c85c948,/raid/ext_csh/artifacts/AMO/results/amo_loco9_s0_tlr1e-3_te1_tb1/runs/amo_adaptive_multiscale_hc-m_s0-halfcheetah-medium-v2-2c85c948,eval.jsonl,200,d4rl_normalized_score,
td3_amo,2,0.001,halfcheetah-medium-v2,0,54.29764483840097,1000000,True,50,False,2,ext_csv,jax,hcm_s0_ae2_ab2_Tlr0p001__33004897,1e34514ddf70bfc8a78757d9a78b82306627164c,32edbe55c2befd86f645192b55d2156f2f8abffc,ablation/td3_amo/halfcheetah-medium-v2/1e-3/seed_0/hcm_s0_ae2_ab2_Tlr0p001__33004897,/raid/ext_csv/AMO_store/td3_amo_jax_loco9_alpha2_alr1em3_seeds0to3/runs/td3amo_jax_hc-m_a2_alr1em3_s0,eval.jsonl,1,normalized_score,2026-09-16T04:13:52.640022+00:00
td3_amo,2,0.001,halfcheetah-medium-v2,1,56.873894007535455,440000,False,10,False,2,ext_csh,torch,hcm_s1_te1_tb1_Tlr0p001__f1a70d99,,714cbefbac393aee6d75b154bd8b80daf36d1823,ablation/td3_amo/halfcheetah-medium-v2/1e-3/seed_1/hcm_s1_te1_tb1_Tlr0p001__f1a70d99,/raid/ext_csh/artifacts/AMO/results/amo_loco9_te1_tb1_tlr1e-3_seeds0to3/runs/amo_adaptive_multiscale_hc-m_s1_tlr1e-3_te1_tb1-halfcheetah-medium-v2-f1a70d99,eval.jsonl,88,d4rl_normalized_score,
td3_amo,2,0.001,halfcheetah-medium-v2,1,57.08446899593389,1000000,False,10,True,2,ext_csv,torch,hcm_s1_te1_tb1_Tlr0p001__9cb24bd9,30abcfcfbc62b892c6c0a7d0763c1c8323154d11,32edbe55c2befd86f645192b55d2156f2f8abffc,ablation/td3_amo/halfcheetah-medium-v2/1e-3/seed_1/hcm_s1_te1_tb1_Tlr0p001__9cb24bd9,/raid/ext_csv/AMO_store/amo_adaptive_multiscale_loco9_te1_tb1_seeds1to3/runs/amo_ams_hc-m_Te1_Tb1_1em3_s1-halfcheetah-medium-v2-9cb24bd9,eval.jsonl,200,d4rl_normalized_score,
td3_amo,2,0.001,halfcheetah-medium-v2,2,56.858766670149166,455000,False,10,False,2,ext_csh,torch,hcm_s2_te1_tb1_Tlr0p001__39a881c5,,714cbefbac393aee6d75b154bd8b80daf36d1823,ablation/td3_amo/halfcheetah-medium-v2/1e-3/seed_2/hcm_s2_te1_tb1_Tlr0p001__39a881c5,/raid/ext_csh/artifacts/AMO/results/amo_loco9_te1_tb1_tlr1e-3_seeds0to3/runs/amo_adaptive_multiscale_hc-m_s2_tlr1e-3_te1_tb1-halfcheetah-medium-v2-39a881c5,eval.jsonl,91,d4rl_normalized_score,
td3_amo,2,0.001,halfcheetah-medium-v2,2,58.16646372360223,1000000,False,10,True,2,ext_csv,torch,hcm_s2_te1_tb1_Tlr0p001__7bc0dfef,30abcfcfbc62b892c6c0a7d0763c1c8323154d11,32edbe55c2befd86f645192b55d2156f2f8abffc,ablation/td3_amo/halfcheetah-medium-v2/1e-3/seed_2/hcm_s2_te1_tb1_Tlr0p001__7bc0dfef,/raid/ext_csv/AMO_store/amo_adaptive_multiscale_loco9_te1_tb1_seeds1to3/runs/amo_ams_hc-m_Te1_Tb1_1em3_s2-halfcheetah-medium-v2-7bc0dfef,eval.jsonl,200,d4rl_normalized_score,
td3_amo,2,0.001,halfcheetah-medium-v2,3,55.88228545159776,425000,False,10,False,2,ext_csh,torch,hcm_s3_te1_tb1_Tlr0p001__1630e46d,,714cbefbac393aee6d75b154bd8b80daf36d1823,ablation/td3_amo/halfcheetah-medium-v2/1e-3/seed_3/hcm_s3_te1_tb1_Tlr0p001__1630e46d,/raid/ext_csh/artifacts/AMO/results/amo_loco9_te1_tb1_tlr1e-3_seeds0to3/runs/amo_adaptive_multiscale_hc-m_s3_tlr1e-3_te1_tb1-halfcheetah-medium-v2-1630e46d,eval.jsonl,85,d4rl_normalized_score,
td3_amo,2,0.001,halfcheetah-medium-v2,3,56.93881173120187,1000000,False,10,True,2,ext_csv,torch,hcm_s3_te1_tb1_Tlr0p001__7693ae87,30abcfcfbc62b892c6c0a7d0763c1c8323154d11,32edbe55c2befd86f645192b55d2156f2f8abffc,ablation/td3_amo/halfcheetah-medium-v2/1e-3/seed_3/hcm_s3_te1_tb1_Tlr0p001__7693ae87,/raid/ext_csv/AMO_store/amo_adaptive_multiscale_loco9_te1_tb1_seeds1to3/runs/amo_ams_hc-m_Te1_Tb1_1em3_s3-halfcheetah-medium-v2-7693ae87,eval.jsonl,200,d4rl_normalized_score,
td3_amo,2,0.0003,halfcheetah-medium-v2,0,52.921173257449226,1000000,False,10,True,1,ext_csv,torch,hcm_s0_te1_tb1_Tlr0p0003__7c2d557e,30abcfcfbc62b892c6c0a7d0763c1c8323154d11,32edbe55c2befd86f645192b55d2156f2f8abffc,ablation/td3_amo/halfcheetah-medium-v2/3e-4/seed_0/hcm_s0_te1_tb1_Tlr0p0003__7c2d557e,/raid/ext_csv/AMO_store/amo_adaptive_multiscale_loco9_te_tb_tlr_grid_seed0/runs/amo_ams_hc-m_Te1_Tb1_Tlr0p0003_s0-halfcheetah-medium-v2-7c2d557e,eval.jsonl,200,d4rl_normalized_score,
td3_amo,2,0.0003,halfcheetah-medium-v2,1,50.390314107680055,1000000,True,50,True,2,ext_csv,jax,hcm_s1_ae2_ab2_Tlr0p0003__708aca6f,1e34514ddf70bfc8a78757d9a78b82306627164c,32edbe55c2befd86f645192b55d2156f2f8abffc,ablation/td3_amo/halfcheetah-medium-v2/3e-4/seed_1/hcm_s1_ae2_ab2_Tlr0p0003__708aca6f,/raid/ext_csv/AMO_store/td3_amo_jax_loco9_alpha2_alr1em3_seeds0to3/runs/td3amo_jax_hc-m_a2_alr3em4_s1,eval.jsonl,1,normalized_score,2026-09-16T04:14:08.684869+00:00
td3_amo,2,0.0003,halfcheetah-medium-v2,1,50.28683553679429,1000000,True,50,False,2,svcho,jax,hcm_s1_jax_ae2_ab2_alr0p0003__23d66d40,1e34514ddf70bfc8a78757d9a78b82306627164c,8428403b482c94dbcd95a5a0770b2bc1aa7c630f,ablation/td3_amo/halfcheetah-medium-v2/3e-4/seed_1/hcm_s1_jax_ae2_ab2_alr0p0003__23d66d40,/home/svcho/amo/results/td3_amo_loco9_alpha2_alr_no2e3_seeds03/jobs/hc-m_alr3e4_s1/run,final_eval_50.json,1,normalized_score,2026-09-16T09:19:50.861185+00:00
td3_amo,2,0.0003,halfcheetah-medium-v2,2,50.917516463365075,1000000,True,50,True,2,ext_csv,jax,hcm_s2_ae2_ab2_Tlr0p0003__44e8bf67,1e34514ddf70bfc8a78757d9a78b82306627164c,32edbe55c2befd86f645192b55d2156f2f8abffc,ablation/td3_amo/halfcheetah-medium-v2/3e-4/seed_2/hcm_s2_ae2_ab2_Tlr0p0003__44e8bf67,/raid/ext_csv/AMO_store/td3_amo_jax_loco9_alpha2_alr1em3_seeds0to3/runs/td3amo_jax_hc-m_a2_alr3em4_s2,eval.jsonl,1,normalized_score,2026-09-16T04:12:34.417254+00:00
td3_amo,2,0.0003,halfcheetah-medium-v2,2,50.86807479375213,1000000,True,50,False,2,svcho,jax,hcm_s2_jax_ae2_ab2_alr0p0003__aa2b3992,1e34514ddf70bfc8a78757d9a78b82306627164c,8428403b482c94dbcd95a5a0770b2bc1aa7c630f,ablation/td3_amo/halfcheetah-medium-v2/3e-4/seed_2/hcm_s2_jax_ae2_ab2_alr0p0003__aa2b3992,/home/svcho/amo/results/td3_amo_loco9_alpha2_alr_no2e3_seeds03/jobs/hc-m_alr3e4_s2/run,final_eval_50.json,1,normalized_score,2026-09-16T09:19:51.047686+00:00
td3_amo,2,0.0003,halfcheetah-medium-v2,3,50.67761561944087,1000000,True,50,False,2,ext_csv,jax,hcm_s3_ae2_ab2_Tlr0p0003__e990fb48,1e34514ddf70bfc8a78757d9a78b82306627164c,32edbe55c2befd86f645192b55d2156f2f8abffc,ablation/td3_amo/halfcheetah-medium-v2/3e-4/seed_3/hcm_s3_ae2_ab2_Tlr0p0003__e990fb48,/raid/ext_csv/AMO_store/td3_amo_jax_loco9_alpha2_alr1em3_seeds0to3/runs/td3amo_jax_hc-m_a2_alr3em4_s3,eval.jsonl,1,normalized_score,2026-09-16T04:11:17.013975+00:00
td3_amo,2,0.0003,halfcheetah-medium-v2,3,50.8875509186559,1000000,True,50,True,2,svcho,jax,hcm_s3_jax_ae2_ab2_alr0p0003__bd91856e,1e34514ddf70bfc8a78757d9a78b82306627164c,8428403b482c94dbcd95a5a0770b2bc1aa7c630f,ablation/td3_amo/halfcheetah-medium-v2/3e-4/seed_3/hcm_s3_jax_ae2_ab2_alr0p0003__bd91856e,/home/svcho/amo/results/td3_amo_loco9_alpha2_alr_no2e3_seeds03/jobs/hc-m_alr3e4_s3/run,final_eval_50.json,1,normalized_score,2026-09-16T09:20:11.527705+00:00
td3_amo,2,0.002,halfcheetah-medium-replay-v2,0,49.760615485288035,1000000,False,10,False,2,ext_csh,torch,hcmr_s0_te1_tb1_Tlr0p002__ba7499da,,714cbefbac393aee6d75b154bd8b80daf36d1823,ablation/td3_amo/halfcheetah-medium-replay-v2/2e-3/seed_0/hcmr_s0_te1_tb1_Tlr0p002__ba7499da,/raid/ext_csh/artifacts/AMO/results/amo_loco9_s0_tlr2e-3_te1_tb1/runs/amo_adaptive_multiscale_hc-mr_s0-halfcheetah-medium-replay-v2-ba7499da,eval.jsonl,200,d4rl_normalized_score,
td3_amo,2,0.002,halfcheetah-medium-replay-v2,0,50.193764178420075,1000000,True,50,True,2,ext_csv,jax,hcmr_s0_ae2_ab2_Tlr0p002__6bd685b2,1e34514ddf70bfc8a78757d9a78b82306627164c,32edbe55c2befd86f645192b55d2156f2f8abffc,ablation/td3_amo/halfcheetah-medium-replay-v2/2e-3/seed_0/hcmr_s0_ae2_ab2_Tlr0p002__6bd685b2,/raid/ext_csv/AMO_store/td3_amo_jax_loco9_alpha2_alr1em3_seeds0to3/runs/td3amo_jax_hc-mr_a2_alr2em3_s0,eval.jsonl,1,normalized_score,2026-09-16T05:28:13.996770+00:00
td3_amo,2,0.002,halfcheetah-medium-replay-v2,1,48.694517449589995,1000000,True,50,True,2,ext_csv,jax,hcmr_s1_ae2_ab2_Tlr0p002__947fc659,1e34514ddf70bfc8a78757d9a78b82306627164c,32edbe55c2befd86f645192b55d2156f2f8abffc,ablation/td3_amo/halfcheetah-medium-replay-v2/2e-3/seed_1/hcmr_s1_ae2_ab2_Tlr0p002__947fc659,/raid/ext_csv/AMO_store/td3_amo_jax_loco9_alpha2_alr1em3_seeds0to3/runs/td3amo_jax_hc-mr_a2_alr2em3_s1,eval.jsonl,1,normalized_score,2026-09-16T05:31:02.243215+00:00
td3_amo,2,0.002,halfcheetah-medium-replay-v2,1,48.62126722326548,435000,False,10,False,2,ext_csv,torch,hcmr_s1_te1_tb1_Tlr0p002__4db153d5,eee3d486fac0c9f5ecbbea411424e6691b715265,32edbe55c2befd86f645192b55d2156f2f8abffc,ablation/td3_amo/halfcheetah-medium-replay-v2/2e-3/seed_1/hcmr_s1_te1_tb1_Tlr0p002__4db153d5,/raid/ext_csv/AMO_store/amo_te1_tb1_tlr_gapfill_seeds0to3/runs/amo_ams_hc-mr_Te1_Tb1_Tlr0p002_s1-halfcheetah-medium-replay-v2-4db153d5,eval.jsonl,87,d4rl_normalized_score,
td3_amo,2,0.002,halfcheetah-medium-replay-v2,2,49.46886561521834,1000000,True,50,True,1,ext_csv,jax,hcmr_s2_ae2_ab2_Tlr0p002__781ad66d,1e34514ddf70bfc8a78757d9a78b82306627164c,32edbe55c2befd86f645192b55d2156f2f8abffc,ablation/td3_amo/halfcheetah-medium-replay-v2/2e-3/seed_2/hcmr_s2_ae2_ab2_Tlr0p002__781ad66d,/raid/ext_csv/AMO_store/td3_amo_jax_loco9_alpha2_alr1em3_seeds0to3/runs/td3amo_jax_hc-mr_a2_alr2em3_s2,eval.jsonl,1,normalized_score,2026-09-16T05:29:37.388565+00:00
td3_amo,2,0.002,halfcheetah-medium-replay-v2,3,48.18457024115622,1000000,True,50,True,1,ext_csv,jax,hcmr_s3_ae2_ab2_Tlr0p002__194bf5ce,1e34514ddf70bfc8a78757d9a78b82306627164c,32edbe55c2befd86f645192b55d2156f2f8abffc,ablation/td3_amo/halfcheetah-medium-replay-v2/2e-3/seed_3/hcmr_s3_ae2_ab2_Tlr0p002__194bf5ce,/raid/ext_csv/AMO_store/td3_amo_jax_loco9_alpha2_alr1em3_seeds0to3/runs/td3amo_jax_hc-mr_a2_alr2em3_s3,eval.jsonl,1,normalized_score,2026-09-16T05:32:25.008042+00:00
td3_amo,2,0.001,halfcheetah-medium-replay-v2,0,48.86473092707527,1000000,False,10,True,2,ext_csh,torch,hcmr_s0_te1_tb1_Tlr0p001__3e8f0850,,714cbefbac393aee6d75b154bd8b80daf36d1823,ablation/td3_amo/halfcheetah-medium-replay-v2/1e-3/seed_0/hcmr_s0_te1_tb1_Tlr0p001__3e8f0850,/raid/ext_csh/artifacts/AMO/results/amo_loco9_s0_tlr1e-3_te1_tb1/runs/amo_adaptive_multiscale_hc-mr_s0-halfcheetah-medium-replay-v2-3e8f0850,eval.jsonl,200,d4rl_normalized_score,
td3_amo,2,0.001,halfcheetah-medium-replay-v2,0,47.87622689971817,1000000,True,50,False,2,ext_csv,jax,hcmr_s0_ae2_ab2_Tlr0p001__bf48c320,1e34514ddf70bfc8a78757d9a78b82306627164c,32edbe55c2befd86f645192b55d2156f2f8abffc,ablation/td3_amo/halfcheetah-medium-replay-v2/1e-3/seed_0/hcmr_s0_ae2_ab2_Tlr0p001__bf48c320,/raid/ext_csv/AMO_store/td3_amo_jax_loco9_alpha2_alr1em3_seeds0to3/runs/td3amo_jax_hc-mr_a2_alr1em3_s0,eval.jsonl,1,normalized_score,2026-09-16T05:00:50.857666+00:00
td3_amo,2,0.001,halfcheetah-medium-replay-v2,1,48.058808787442146,440000,False,10,False,2,ext_csh,torch,hcmr_s1_te1_tb1_Tlr0p001__83c867e0,,714cbefbac393aee6d75b154bd8b80daf36d1823,ablation/td3_amo/halfcheetah-medium-replay-v2/1e-3/seed_1/hcmr_s1_te1_tb1_Tlr0p001__83c867e0,/raid/ext_csh/artifacts/AMO/results/amo_loco9_te1_tb1_tlr1e-3_seeds0to3/runs/amo_adaptive_multiscale_hc-mr_s1_tlr1e-3_te1_tb1-halfcheetah-medium-replay-v2-83c867e0,eval.jsonl,88,d4rl_normalized_score,
td3_amo,2,0.001,halfcheetah-medium-replay-v2,1,48.639186449636995,1000000,False,10,True,2,ext_csv,torch,hcmr_s1_te1_tb1_Tlr0p001__2479d7b2,30abcfcfbc62b892c6c0a7d0763c1c8323154d11,32edbe55c2befd86f645192b55d2156f2f8abffc,ablation/td3_amo/halfcheetah-medium-replay-v2/1e-3/seed_1/hcmr_s1_te1_tb1_Tlr0p001__2479d7b2,/raid/ext_csv/AMO_store/amo_adaptive_multiscale_loco9_te1_tb1_seeds1to3/runs/amo_ams_hc-mr_Te1_Tb1_1em3_s1-halfcheetah-medium-replay-v2-2479d7b2,eval.jsonl,200,d4rl_normalized_score,
td3_amo,2,0.001,halfcheetah-medium-replay-v2,2,48.06290704588331,425000,False,10,False,2,ext_csh,torch,hcmr_s2_te1_tb1_Tlr0p001__603dfa1b,,714cbefbac393aee6d75b154bd8b80daf36d1823,ablation/td3_amo/halfcheetah-medium-replay-v2/1e-3/seed_2/hcmr_s2_te1_tb1_Tlr0p001__603dfa1b,/raid/ext_csh/artifacts/AMO/results/amo_loco9_te1_tb1_tlr1e-3_seeds0to3/runs/amo_adaptive_multiscale_hc-mr_s2_tlr1e-3_te1_tb1-halfcheetah-medium-replay-v2-603dfa1b,eval.jsonl,85,d4rl_normalized_score,
td3_amo,2,0.001,halfcheetah-medium-replay-v2,2,49.0190937290169,1000000,False,10,True,2,ext_csv,torch,hcmr_s2_te1_tb1_Tlr0p001__d317dbc3,30abcfcfbc62b892c6c0a7d0763c1c8323154d11,32edbe55c2befd86f645192b55d2156f2f8abffc,ablation/td3_amo/halfcheetah-medium-replay-v2/1e-3/seed_2/hcmr_s2_te1_tb1_Tlr0p001__d317dbc3,/raid/ext_csv/AMO_store/amo_adaptive_multiscale_loco9_te1_tb1_seeds1to3/runs/amo_ams_hc-mr_Te1_Tb1_1em3_s2-halfcheetah-medium-replay-v2-d317dbc3,eval.jsonl,200,d4rl_normalized_score,
td3_amo,2,0.001,halfcheetah-medium-replay-v2,3,48.29218163198598,445000,False,10,False,2,ext_csh,torch,hcmr_s3_te1_tb1_Tlr0p001__7a6abb69,,714cbefbac393aee6d75b154bd8b80daf36d1823,ablation/td3_amo/halfcheetah-medium-replay-v2/1e-3/seed_3/hcmr_s3_te1_tb1_Tlr0p001__7a6abb69,/raid/ext_csh/artifacts/AMO/results/amo_loco9_te1_tb1_tlr1e-3_seeds0to3/runs/amo_adaptive_multiscale_hc-mr_s3_tlr1e-3_te1_tb1-halfcheetah-medium-replay-v2-7a6abb69,eval.jsonl,89,d4rl_normalized_score,
td3_amo,2,0.001,halfcheetah-medium-replay-v2,3,49.3069740028259,1000000,False,10,True,2,ext_csv,torch,hcmr_s3_te1_tb1_Tlr0p001__3f9ec528,30abcfcfbc62b892c6c0a7d0763c1c8323154d11,32edbe55c2befd86f645192b55d2156f2f8abffc,ablation/td3_amo/halfcheetah-medium-replay-v2/1e-3/seed_3/hcmr_s3_te1_tb1_Tlr0p001__3f9ec528,/raid/ext_csv/AMO_store/amo_adaptive_multiscale_loco9_te1_tb1_seeds1to3/runs/amo_ams_hc-mr_Te1_Tb1_1em3_s3-halfcheetah-medium-replay-v2-3f9ec528,eval.jsonl,200,d4rl_normalized_score,
td3_amo,2,0.0003,halfcheetah-medium-replay-v2,0,45.518779668295004,1000000,False,10,True,1,ext_csv,torch,hcmr_s0_te1_tb1_Tlr0p0003__7647448a,30abcfcfbc62b892c6c0a7d0763c1c8323154d11,32edbe55c2befd86f645192b55d2156f2f8abffc,ablation/td3_amo/halfcheetah-medium-replay-v2/3e-4/seed_0/hcmr_s0_te1_tb1_Tlr0p0003__7647448a,/raid/ext_csv/AMO_store/amo_adaptive_multiscale_loco9_te_tb_tlr_grid_seed0/runs/amo_ams_hc-mr_Te1_Tb1_Tlr0p0003_s0-halfcheetah-medium-replay-v2-7647448a,eval.jsonl,200,d4rl_normalized_score,
td3_amo,2,0.0003,halfcheetah-medium-replay-v2,1,45.92077445705115,1000000,True,50,False,2,ext_csv,jax,hcmr_s1_ae2_ab2_Tlr0p0003__e287bf19,1e34514ddf70bfc8a78757d9a78b82306627164c,32edbe55c2befd86f645192b55d2156f2f8abffc,ablation/td3_amo/halfcheetah-medium-replay-v2/3e-4/seed_1/hcmr_s1_ae2_ab2_Tlr0p0003__e287bf19,/raid/ext_csv/AMO_store/td3_amo_jax_loco9_alpha2_alr1em3_seeds0to3/runs/td3amo_jax_hc-mr_a2_alr3em4_s1,eval.jsonl,1,normalized_score,2026-09-16T04:53:09.471125+00:00
td3_amo,2,0.0003,halfcheetah-medium-replay-v2,1,46.17756357587163,1000000,True,50,True,2,svcho,jax,hcmr_s1_jax_ae2_ab2_alr0p0003__174e96d5,1e34514ddf70bfc8a78757d9a78b82306627164c,8428403b482c94dbcd95a5a0770b2bc1aa7c630f,ablation/td3_amo/halfcheetah-medium-replay-v2/3e-4/seed_1/hcmr_s1_jax_ae2_ab2_alr0p0003__174e96d5,/home/svcho/amo/results/td3_amo_loco9_alpha2_alr_no2e3_seeds03/jobs/hc-mr_alr3e4_s1/run,final_eval_50.json,1,normalized_score,2026-09-16T09:20:11.269407+00:00
td3_amo,2,0.0003,halfcheetah-medium-replay-v2,2,46.030952000609595,1000000,True,50,True,2,ext_csv,jax,hcmr_s2_ae2_ab2_Tlr0p0003__e5067052,1e34514ddf70bfc8a78757d9a78b82306627164c,32edbe55c2befd86f645192b55d2156f2f8abffc,ablation/td3_amo/halfcheetah-medium-replay-v2/3e-4/seed_2/hcmr_s2_ae2_ab2_Tlr0p0003__e5067052,/raid/ext_csv/AMO_store/td3_amo_jax_loco9_alpha2_alr1em3_seeds0to3/runs/td3amo_jax_hc-mr_a2_alr3em4_s2,eval.jsonl,1,normalized_score,2026-09-16T04:51:48.764900+00:00
td3_amo,2,0.0003,halfcheetah-medium-replay-v2,2,45.96401358721069,1000000,True,50,False,2,svcho,jax,hcmr_s2_jax_ae2_ab2_alr0p0003__9f4393a2,1e34514ddf70bfc8a78757d9a78b82306627164c,8428403b482c94dbcd95a5a0770b2bc1aa7c630f,ablation/td3_amo/halfcheetah-medium-replay-v2/3e-4/seed_2/hcmr_s2_jax_ae2_ab2_alr0p0003__9f4393a2,/home/svcho/amo/results/td3_amo_loco9_alpha2_alr_no2e3_seeds03/jobs/hc-mr_alr3e4_s2/run,final_eval_50.json,1,normalized_score,2026-09-16T09:20:11.532755+00:00
td3_amo,2,0.0003,halfcheetah-medium-replay-v2,3,45.819598136730306,1000000,True,50,True,2,ext_csv,jax,hcmr_s3_ae2_ab2_Tlr0p0003__201be1de,1e34514ddf70bfc8a78757d9a78b82306627164c,32edbe55c2befd86f645192b55d2156f2f8abffc,ablation/td3_amo/halfcheetah-medium-replay-v2/3e-4/seed_3/hcmr_s3_ae2_ab2_Tlr0p0003__201be1de,/raid/ext_csv/AMO_store/td3_amo_jax_loco9_alpha2_alr1em3_seeds0to3/runs/td3amo_jax_hc-mr_a2_alr3em4_s3,eval.jsonl,1,normalized_score,2026-09-16T04:56:30.263146+00:00
td3_amo,2,0.0003,halfcheetah-medium-replay-v2,3,45.636437612364475,1000000,True,50,False,2,svcho,jax,hcmr_s3_jax_ae2_ab2_alr0p0003__03c63795,1e34514ddf70bfc8a78757d9a78b82306627164c,8428403b482c94dbcd95a5a0770b2bc1aa7c630f,ablation/td3_amo/halfcheetah-medium-replay-v2/3e-4/seed_3/hcmr_s3_jax_ae2_ab2_alr0p0003__03c63795,/home/svcho/amo/results/td3_amo_loco9_alpha2_alr_no2e3_seeds03/jobs/hc-mr_alr3e4_s3/run,final_eval_50.json,1,normalized_score,2026-09-16T09:20:11.699265+00:00
td3_amo,2,0.002,halfcheetah-medium-expert-v2,0,99.25127219123459,1000000,False,10,False,3,ext_csh,torch,hme_s0_te1_tb1_Tlr0p002__547c91fe,,714cbefbac393aee6d75b154bd8b80daf36d1823,ablation/td3_amo/halfcheetah-medium-expert-v2/2e-3/seed_0/hme_s0_te1_tb1_Tlr0p002__547c91fe,/raid/ext_csh/artifacts/AMO/results/amo_loco9_s0_tlr2e-3_te1_tb1/runs/amo_adaptive_multiscale_hc-me_s0-halfcheetah-medium-expert-v2-547c91fe,eval.jsonl,200,d4rl_normalized_score,
td3_amo,2,0.002,halfcheetah-medium-expert-v2,0,101.8255673944826,1000000,True,50,True,3,ext_csv,jax,hme_s0_ae2_ab2_Tlr0p002__67772a1d,1e34514ddf70bfc8a78757d9a78b82306627164c,32edbe55c2befd86f645192b55d2156f2f8abffc,ablation/td3_amo/halfcheetah-medium-expert-v2/2e-3/seed_0/hme_s0_ae2_ab2_Tlr0p002__67772a1d,/raid/ext_csv/AMO_store/td3_amo_jax_loco9_alpha2_alr1em3_seeds0to3/runs/td3amo_jax_hc-me_a2_alr2em3_s0,eval.jsonl,1,normalized_score,2026-09-16T05:40:04.000401+00:00
td3_amo,2,0.002,halfcheetah-medium-expert-v2,0,97.67666658953735,450000,False,10,False,3,ext_csv,torch,hme_s0_te1_tb1_Tlr0p002__e7305f91,eee3d486fac0c9f5ecbbea411424e6691b715265,32edbe55c2befd86f645192b55d2156f2f8abffc,ablation/td3_amo/halfcheetah-medium-expert-v2/2e-3/seed_0/hme_s0_te1_tb1_Tlr0p002__e7305f91,/raid/ext_csv/AMO_store/amo_te1_tb1_tlr_gapfill_seeds0to3/runs/amo_ams_hc-me_Te1_Tb1_Tlr0p002_s0-halfcheetah-medium-expert-v2-e7305f91,eval.jsonl,90,d4rl_normalized_score,
td3_amo,2,0.002,halfcheetah-medium-expert-v2,1,98.53029632622545,1000000,True,50,True,2,ext_csv,jax,hme_s1_ae2_ab2_Tlr0p002__65f3ec1f,1e34514ddf70bfc8a78757d9a78b82306627164c,32edbe55c2befd86f645192b55d2156f2f8abffc,ablation/td3_amo/halfcheetah-medium-expert-v2/2e-3/seed_1/hme_s1_ae2_ab2_Tlr0p002__65f3ec1f,/raid/ext_csv/AMO_store/td3_amo_jax_loco9_alpha2_alr1em3_seeds0to3/runs/td3amo_jax_hc-me_a2_alr2em3_s1,eval.jsonl,1,normalized_score,2026-09-16T06:10:57.361710+00:00
td3_amo,2,0.002,halfcheetah-medium-expert-v2,1,86.07325314520958,445000,False,10,False,2,ext_csv,torch,hme_s1_te1_tb1_Tlr0p002__3ba6d257,eee3d486fac0c9f5ecbbea411424e6691b715265,32edbe55c2befd86f645192b55d2156f2f8abffc,ablation/td3_amo/halfcheetah-medium-expert-v2/2e-3/seed_1/hme_s1_te1_tb1_Tlr0p002__3ba6d257,/raid/ext_csv/AMO_store/amo_te1_tb1_tlr_gapfill_seeds0to3/runs/amo_ams_hc-me_Te1_Tb1_Tlr0p002_s1-halfcheetah-medium-expert-v2-3ba6d257,eval.jsonl,89,d4rl_normalized_score,
td3_amo,2,0.002,halfcheetah-medium-expert-v2,2,103.89399273385382,1000000,True,50,True,1,ext_csv,jax,hme_s2_ae2_ab2_Tlr0p002__a8ea6940,1e34514ddf70bfc8a78757d9a78b82306627164c,32edbe55c2befd86f645192b55d2156f2f8abffc,ablation/td3_amo/halfcheetah-medium-expert-v2/2e-3/seed_2/hme_s2_ae2_ab2_Tlr0p002__a8ea6940,/raid/ext_csv/AMO_store/td3_amo_jax_loco9_alpha2_alr1em3_seeds0to3/runs/td3amo_jax_hc-me_a2_alr2em3_s2,eval.jsonl,1,normalized_score,2026-09-16T06:11:19.931057+00:00
td3_amo,2,0.002,halfcheetah-medium-expert-v2,3,84.96350728194403,1000000,True,50,True,1,ext_csv,jax,hme_s3_ae2_ab2_Tlr0p002__85eef696,1e34514ddf70bfc8a78757d9a78b82306627164c,32edbe55c2befd86f645192b55d2156f2f8abffc,ablation/td3_amo/halfcheetah-medium-expert-v2/2e-3/seed_3/hme_s3_ae2_ab2_Tlr0p002__85eef696,/raid/ext_csv/AMO_store/td3_amo_jax_loco9_alpha2_alr1em3_seeds0to3/runs/td3amo_jax_hc-me_a2_alr2em3_s3,eval.jsonl,1,normalized_score,2026-09-16T06:14:59.247441+00:00
td3_amo,2,0.001,halfcheetah-medium-expert-v2,0,104.26642941658004,1000000,False,10,True,2,ext_csh,torch,hme_s0_te1_tb1_Tlr0p001__b43982f9,,714cbefbac393aee6d75b154bd8b80daf36d1823,ablation/td3_amo/halfcheetah-medium-expert-v2/1e-3/seed_0/hme_s0_te1_tb1_Tlr0p001__b43982f9,/raid/ext_csh/artifacts/AMO/results/amo_loco9_s0_tlr1e-3_te1_tb1/runs/amo_adaptive_multiscale_hc-me_s0-halfcheetah-medium-expert-v2-b43982f9,eval.jsonl,200,d4rl_normalized_score,
td3_amo,2,0.001,halfcheetah-medium-expert-v2,0,101.04054135795329,1000000,True,50,False,2,ext_csv,jax,hme_s0_ae2_ab2_Tlr0p001__74ea0043,1e34514ddf70bfc8a78757d9a78b82306627164c,32edbe55c2befd86f645192b55d2156f2f8abffc,ablation/td3_amo/halfcheetah-medium-expert-v2/1e-3/seed_0/hme_s0_ae2_ab2_Tlr0p001__74ea0043,/raid/ext_csv/AMO_store/td3_amo_jax_loco9_alpha2_alr1em3_seeds0to3/runs/td3amo_jax_hc-me_a2_alr1em3_s0,eval.jsonl,1,normalized_score,2026-09-16T05:34:45.965402+00:00
td3_amo,2,0.001,halfcheetah-medium-expert-v2,1,80.12890326749067,430000,False,10,False,2,ext_csh,torch,hme_s1_te1_tb1_Tlr0p001__a17f0efd,,714cbefbac393aee6d75b154bd8b80daf36d1823,ablation/td3_amo/halfcheetah-medium-expert-v2/1e-3/seed_1/hme_s1_te1_tb1_Tlr0p001__a17f0efd,/raid/ext_csh/artifacts/AMO/results/amo_loco9_te1_tb1_tlr1e-3_seeds0to3/runs/amo_adaptive_multiscale_hc-me_s1_tlr1e-3_te1_tb1-halfcheetah-medium-expert-v2-a17f0efd,eval.jsonl,86,d4rl_normalized_score,
td3_amo,2,0.001,halfcheetah-medium-expert-v2,1,95.63453666863505,1000000,False,10,True,2,ext_csv,torch,hme_s1_te1_tb1_Tlr0p001__a7a01a9b,30abcfcfbc62b892c6c0a7d0763c1c8323154d11,32edbe55c2befd86f645192b55d2156f2f8abffc,ablation/td3_amo/halfcheetah-medium-expert-v2/1e-3/seed_1/hme_s1_te1_tb1_Tlr0p001__a7a01a9b,/raid/ext_csv/AMO_store/amo_adaptive_multiscale_loco9_te1_tb1_seeds1to3/runs/amo_ams_hc-me_Te1_Tb1_1em3_s1-halfcheetah-medium-expert-v2-a7a01a9b,eval.jsonl,200,d4rl_normalized_score,
td3_amo,2,0.001,halfcheetah-medium-expert-v2,2,98.99345872852122,455000,False,10,False,2,ext_csh,torch,hme_s2_te1_tb1_Tlr0p001__a48aafe5,,714cbefbac393aee6d75b154bd8b80daf36d1823,ablation/td3_amo/halfcheetah-medium-expert-v2/1e-3/seed_2/hme_s2_te1_tb1_Tlr0p001__a48aafe5,/raid/ext_csh/artifacts/AMO/results/amo_loco9_te1_tb1_tlr1e-3_seeds0to3/runs/amo_adaptive_multiscale_hc-me_s2_tlr1e-3_te1_tb1-halfcheetah-medium-expert-v2-a48aafe5,eval.jsonl,91,d4rl_normalized_score,
td3_amo,2,0.001,halfcheetah-medium-expert-v2,2,100.22725455257648,1000000,False,10,True,2,ext_csv,torch,hme_s2_te1_tb1_Tlr0p001__acae0113,30abcfcfbc62b892c6c0a7d0763c1c8323154d11,32edbe55c2befd86f645192b55d2156f2f8abffc,ablation/td3_amo/halfcheetah-medium-expert-v2/1e-3/seed_2/hme_s2_te1_tb1_Tlr0p001__acae0113,/raid/ext_csv/AMO_store/amo_adaptive_multiscale_loco9_te1_tb1_seeds1to3/runs/amo_ams_hc-me_Te1_Tb1_1em3_s2-halfcheetah-medium-expert-v2-acae0113,eval.jsonl,200,d4rl_normalized_score,
td3_amo,2,0.001,halfcheetah-medium-expert-v2,3,100.76110032049827,1000000,False,10,True,1,ext_csv,torch,hme_s3_te1_tb1_Tlr0p001__749e57ed,30abcfcfbc62b892c6c0a7d0763c1c8323154d11,32edbe55c2befd86f645192b55d2156f2f8abffc,ablation/td3_amo/halfcheetah-medium-expert-v2/1e-3/seed_3/hme_s3_te1_tb1_Tlr0p001__749e57ed,/raid/ext_csv/AMO_store/amo_adaptive_multiscale_loco9_te1_tb1_seeds1to3/runs/amo_ams_hc-me_Te1_Tb1_1em3_s3-halfcheetah-medium-expert-v2-749e57ed,eval.jsonl,200,d4rl_normalized_score,
td3_amo,2,0.0003,halfcheetah-medium-expert-v2,0,100.73275492730396,1000000,True,50,True,1,ext_csv,torch,hme_s0_te1_tb1_Tlr0p0003__e19be219,30abcfcfbc62b892c6c0a7d0763c1c8323154d11,32edbe55c2befd86f645192b55d2156f2f8abffc,ablation/td3_amo/halfcheetah-medium-expert-v2/3e-4/seed_0/hme_s0_te1_tb1_Tlr0p0003__e19be219,/raid/ext_csv/AMO_store/amo_adaptive_multiscale_loco9_te_tb_tlr_grid_seed0/runs/amo_ams_hc-me_Te1_Tb1_Tlr0p0003_s0-halfcheetah-medium-expert-v2-e19be219,eval.jsonl,201,d4rl_normalized_score,2026-09-12T16:52:34.889395+00:00
td3_amo,2,0.0003,halfcheetah-medium-expert-v2,1,96.52980249858037,1000000,True,50,True,1,ext_csv,torch,hme_s1_te1_tb1_Tlr0p0003__ba58d9c4,30abcfcfbc62b892c6c0a7d0763c1c8323154d11,32edbe55c2befd86f645192b55d2156f2f8abffc,ablation/td3_amo/halfcheetah-medium-expert-v2/3e-4/seed_1/hme_s1_te1_tb1_Tlr0p0003__ba58d9c4,/raid/ext_csv/AMO_store/amo_adaptive_multiscale_loco9_tlr3e4_band95_seeds1to3/runs/amo_ams_hc-me_Te1_Tb1_Tlr0p0003_s1-halfcheetah-medium-expert-v2-ba58d9c4,eval.jsonl,55,d4rl_normalized_score,
td3_amo,2,0.0003,halfcheetah-medium-expert-v2,2,98.00693095697508,1000000,True,50,True,1,ext_csv,torch,hme_s2_te1_tb1_Tlr0p0003__e95efb67,30abcfcfbc62b892c6c0a7d0763c1c8323154d11,32edbe55c2befd86f645192b55d2156f2f8abffc,ablation/td3_amo/halfcheetah-medium-expert-v2/3e-4/seed_2/hme_s2_te1_tb1_Tlr0p0003__e95efb67,/raid/ext_csv/AMO_store/amo_adaptive_multiscale_loco9_tlr3e4_band95_seeds1to3/runs/amo_ams_hc-me_Te1_Tb1_Tlr0p0003_s2-halfcheetah-medium-expert-v2-e95efb67,eval.jsonl,55,d4rl_normalized_score,
td3_amo,2,0.0003,halfcheetah-medium-expert-v2,3,100.23272023312634,1000000,True,50,True,1,ext_csv,torch,hme_s3_te1_tb1_Tlr0p0003__bc9427d0,30abcfcfbc62b892c6c0a7d0763c1c8323154d11,32edbe55c2befd86f645192b55d2156f2f8abffc,ablation/td3_amo/halfcheetah-medium-expert-v2/3e-4/seed_3/hme_s3_te1_tb1_Tlr0p0003__bc9427d0,/raid/ext_csv/AMO_store/amo_adaptive_multiscale_loco9_tlr3e4_band95_seeds1to3/runs/amo_ams_hc-me_Te1_Tb1_Tlr0p0003_s3-halfcheetah-medium-expert-v2-bc9427d0,eval.jsonl,55,d4rl_normalized_score,
td3_amo,2,0.002,hopper-medium-v2,0,99.45017142879479,1000000,False,10,True,2,ext_csh,torch,hopm_s0_te1_tb1_Tlr0p002__6ee4d58b,,714cbefbac393aee6d75b154bd8b80daf36d1823,ablation/td3_amo/hopper-medium-v2/2e-3/seed_0/hopm_s0_te1_tb1_Tlr0p002__6ee4d58b,/raid/ext_csh/artifacts/AMO/results/amo_loco9_s0_tlr2e-3_te1_tb1/runs/amo_adaptive_multiscale_h-m_s0-hopper-medium-v2-6ee4d58b,eval.jsonl,200,d4rl_normalized_score,
td3_amo,2,0.002,hopper-medium-v2,0,97.07036847482125,1000000,True,50,False,2,ext_csv,jax,hopm_s0_ae2_ab2_Tlr0p002__e34a221c,1e34514ddf70bfc8a78757d9a78b82306627164c,32edbe55c2befd86f645192b55d2156f2f8abffc,ablation/td3_amo/hopper-medium-v2/2e-3/seed_0/hopm_s0_ae2_ab2_Tlr0p002__e34a221c,/raid/ext_csv/AMO_store/td3_amo_jax_loco9_alpha2_alr1em3_seeds0to3/runs/td3amo_jax_h-m_a2_alr2em3_s0,eval.jsonl,1,normalized_score,2026-09-16T06:52:17.001159+00:00
td3_amo,2,0.002,hopper-medium-v2,1,99.4202254435285,1000000,True,50,True,2,ext_csv,jax,hopm_s1_ae2_ab2_Tlr0p002__6d462f34,1e34514ddf70bfc8a78757d9a78b82306627164c,32edbe55c2befd86f645192b55d2156f2f8abffc,ablation/td3_amo/hopper-medium-v2/2e-3/seed_1/hopm_s1_ae2_ab2_Tlr0p002__6d462f34,/raid/ext_csv/AMO_store/td3_amo_jax_loco9_alpha2_alr1em3_seeds0to3/runs/td3amo_jax_h-m_a2_alr2em3_s1,eval.jsonl,1,normalized_score,2026-09-16T06:53:45.071723+00:00
td3_amo,2,0.002,hopper-medium-v2,1,99.23949165600965,455000,False,10,False,2,ext_csv,torch,hopm_s1_te1_tb1_Tlr0p002__c8cd479a,eee3d486fac0c9f5ecbbea411424e6691b715265,32edbe55c2befd86f645192b55d2156f2f8abffc,ablation/td3_amo/hopper-medium-v2/2e-3/seed_1/hopm_s1_te1_tb1_Tlr0p002__c8cd479a,/raid/ext_csv/AMO_store/amo_te1_tb1_tlr_gapfill_seeds0to3/runs/amo_ams_h-m_Te1_Tb1_Tlr0p002_s1-hopper-medium-v2-c8cd479a,eval.jsonl,91,d4rl_normalized_score,
td3_amo,2,0.002,hopper-medium-v2,2,101.24233674875313,1000000,True,50,True,1,ext_csv,jax,hopm_s2_ae2_ab2_Tlr0p002__71910583,1e34514ddf70bfc8a78757d9a78b82306627164c,32edbe55c2befd86f645192b55d2156f2f8abffc,ablation/td3_amo/hopper-medium-v2/2e-3/seed_2/hopm_s2_ae2_ab2_Tlr0p002__71910583,/raid/ext_csv/AMO_store/td3_amo_jax_loco9_alpha2_alr1em3_seeds0to3/runs/td3amo_jax_h-m_a2_alr2em3_s2,eval.jsonl,1,normalized_score,2026-09-16T06:57:11.015802+00:00
td3_amo,2,0.002,hopper-medium-v2,3,93.0267171785657,1000000,True,50,True,1,ext_csv,jax,hopm_s3_ae2_ab2_Tlr0p002__90eddfce,1e34514ddf70bfc8a78757d9a78b82306627164c,32edbe55c2befd86f645192b55d2156f2f8abffc,ablation/td3_amo/hopper-medium-v2/2e-3/seed_3/hopm_s3_ae2_ab2_Tlr0p002__90eddfce,/raid/ext_csv/AMO_store/td3_amo_jax_loco9_alpha2_alr1em3_seeds0to3/runs/td3amo_jax_h-m_a2_alr2em3_s3,eval.jsonl,1,normalized_score,2026-09-16T07:00:35.525882+00:00
td3_amo,2,0.001,hopper-medium-v2,0,100.8623000197632,1000000,False,10,True,2,ext_csh,torch,hopm_s0_te1_tb1_Tlr0p001__122e9726,,714cbefbac393aee6d75b154bd8b80daf36d1823,ablation/td3_amo/hopper-medium-v2/1e-3/seed_0/hopm_s0_te1_tb1_Tlr0p001__122e9726,/raid/ext_csh/artifacts/AMO/results/amo_loco9_s0_tlr1e-3_te1_tb1/runs/amo_adaptive_multiscale_h-m_s0-hopper-medium-v2-122e9726,eval.jsonl,200,d4rl_normalized_score,
td3_amo,2,0.001,hopper-medium-v2,0,83.03359865052275,1000000,True,50,False,2,ext_csv,jax,hopm_s0_ae2_ab2_Tlr0p001__b4a96508,1e34514ddf70bfc8a78757d9a78b82306627164c,32edbe55c2befd86f645192b55d2156f2f8abffc,ablation/td3_amo/hopper-medium-v2/1e-3/seed_0/hopm_s0_ae2_ab2_Tlr0p001__b4a96508,/raid/ext_csv/AMO_store/td3_amo_jax_loco9_alpha2_alr1em3_seeds0to3/runs/td3amo_jax_h-m_a2_alr1em3_s0,eval.jsonl,1,normalized_score,2026-09-16T06:51:54.976694+00:00
td3_amo,2,0.001,hopper-medium-v2,1,100.70724440767107,1000000,False,10,True,1,ext_csv,torch,hopm_s1_te1_tb1_Tlr0p001__85749f1c,30abcfcfbc62b892c6c0a7d0763c1c8323154d11,32edbe55c2befd86f645192b55d2156f2f8abffc,ablation/td3_amo/hopper-medium-v2/1e-3/seed_1/hopm_s1_te1_tb1_Tlr0p001__85749f1c,/raid/ext_csv/AMO_store/amo_adaptive_multiscale_loco9_te1_tb1_seeds1to3/runs/amo_ams_h-m_Te1_Tb1_1em3_s1-hopper-medium-v2-85749f1c,eval.jsonl,200,d4rl_normalized_score,
td3_amo,2,0.001,hopper-medium-v2,2,101.02667122596165,1000000,False,10,True,1,ext_csv,torch,hopm_s2_te1_tb1_Tlr0p001__3647d003,30abcfcfbc62b892c6c0a7d0763c1c8323154d11,32edbe55c2befd86f645192b55d2156f2f8abffc,ablation/td3_amo/hopper-medium-v2/1e-3/seed_2/hopm_s2_te1_tb1_Tlr0p001__3647d003,/raid/ext_csv/AMO_store/amo_adaptive_multiscale_loco9_te1_tb1_seeds1to3/runs/amo_ams_h-m_Te1_Tb1_1em3_s2-hopper-medium-v2-3647d003,eval.jsonl,200,d4rl_normalized_score,
td3_amo,2,0.001,hopper-medium-v2,3,100.50894147262002,1000000,False,10,True,1,ext_csv,torch,hopm_s3_te1_tb1_Tlr0p001__a821f10d,30abcfcfbc62b892c6c0a7d0763c1c8323154d11,32edbe55c2befd86f645192b55d2156f2f8abffc,ablation/td3_amo/hopper-medium-v2/1e-3/seed_3/hopm_s3_te1_tb1_Tlr0p001__a821f10d,/raid/ext_csv/AMO_store/amo_adaptive_multiscale_loco9_te1_tb1_seeds1to3/runs/amo_ams_h-m_Te1_Tb1_1em3_s3-hopper-medium-v2-a821f10d,eval.jsonl,200,d4rl_normalized_score,
td3_amo,2,0.0003,hopper-medium-v2,0,58.869481729317855,1000000,False,10,True,1,ext_csv,torch,hopm_s0_te1_tb1_Tlr0p0003__5b41f8ad,30abcfcfbc62b892c6c0a7d0763c1c8323154d11,32edbe55c2befd86f645192b55d2156f2f8abffc,ablation/td3_amo/hopper-medium-v2/3e-4/seed_0/hopm_s0_te1_tb1_Tlr0p0003__5b41f8ad,/raid/ext_csv/AMO_store/amo_adaptive_multiscale_loco9_te_tb_tlr_grid_seed0/runs/amo_ams_h-m_Te1_Tb1_Tlr0p0003_s0-hopper-medium-v2-5b41f8ad,eval.jsonl,200,d4rl_normalized_score,
td3_amo,2,0.0003,hopper-medium-v2,1,69.13887961895433,1000000,True,50,False,2,ext_csv,jax,hopm_s1_ae2_ab2_Tlr0p0003__1bcaec3b,1e34514ddf70bfc8a78757d9a78b82306627164c,32edbe55c2befd86f645192b55d2156f2f8abffc,ablation/td3_amo/hopper-medium-v2/3e-4/seed_1/hopm_s1_ae2_ab2_Tlr0p0003__1bcaec3b,/raid/ext_csv/AMO_store/td3_amo_jax_loco9_alpha2_alr1em3_seeds0to3/runs/td3amo_jax_h-m_a2_alr3em4_s1,eval.jsonl,1,normalized_score,2026-09-16T06:14:36.529462+00:00
td3_amo,2,0.0003,hopper-medium-v2,1,72.03484617481621,1000000,True,50,True,2,svcho,jax,hopm_s1_jax_ae2_ab2_alr0p0003__ce3761e2,1e34514ddf70bfc8a78757d9a78b82306627164c,8428403b482c94dbcd95a5a0770b2bc1aa7c630f,ablation/td3_amo/hopper-medium-v2/3e-4/seed_1/hopm_s1_jax_ae2_ab2_alr0p0003__ce3761e2,/home/svcho/amo/results/td3_amo_loco9_alpha2_alr_no2e3_seeds03/jobs/h-m_alr3e4_s1/run,final_eval_50.json,1,normalized_score,2026-09-16T09:19:30.883453+00:00
td3_amo,2,0.0003,hopper-medium-v2,2,58.2490434556682,1000000,True,50,True,2,ext_csv,jax,hopm_s2_ae2_ab2_Tlr0p0003__cd16a5c7,1e34514ddf70bfc8a78757d9a78b82306627164c,32edbe55c2befd86f645192b55d2156f2f8abffc,ablation/td3_amo/hopper-medium-v2/3e-4/seed_2/hopm_s2_ae2_ab2_Tlr0p0003__cd16a5c7,/raid/ext_csv/AMO_store/td3_amo_jax_loco9_alpha2_alr1em3_seeds0to3/runs/td3amo_jax_h-m_a2_alr3em4_s2,eval.jsonl,1,normalized_score,2026-09-16T06:19:13.895611+00:00
td3_amo,2,0.0003,hopper-medium-v2,2,56.958716821887634,1000000,True,50,False,2,svcho,jax,hopm_s2_jax_ae2_ab2_alr0p0003__18f5c301,1e34514ddf70bfc8a78757d9a78b82306627164c,8428403b482c94dbcd95a5a0770b2bc1aa7c630f,ablation/td3_amo/hopper-medium-v2/3e-4/seed_2/hopm_s2_jax_ae2_ab2_alr0p0003__18f5c301,/home/svcho/amo/results/td3_amo_loco9_alpha2_alr_no2e3_seeds03/jobs/h-m_alr3e4_s2/run,final_eval_50.json,1,normalized_score,2026-09-16T09:19:29.964986+00:00
td3_amo,2,0.0003,hopper-medium-v2,3,63.78199990965007,1000000,True,50,True,2,ext_csv,jax,hopm_s3_ae2_ab2_Tlr0p0003__a75816b8,1e34514ddf70bfc8a78757d9a78b82306627164c,32edbe55c2befd86f645192b55d2156f2f8abffc,ablation/td3_amo/hopper-medium-v2/3e-4/seed_3/hopm_s3_ae2_ab2_Tlr0p0003__a75816b8,/raid/ext_csv/AMO_store/td3_amo_jax_loco9_alpha2_alr1em3_seeds0to3/runs/td3amo_jax_h-m_a2_alr3em4_s3,eval.jsonl,1,normalized_score,2026-09-16T06:25:31.002683+00:00
td3_amo,2,0.0003,hopper-medium-v2,3,62.468979443525704,1000000,True,50,False,2,svcho,jax,hopm_s3_jax_ae2_ab2_alr0p0003__196b3f1d,1e34514ddf70bfc8a78757d9a78b82306627164c,8428403b482c94dbcd95a5a0770b2bc1aa7c630f,ablation/td3_amo/hopper-medium-v2/3e-4/seed_3/hopm_s3_jax_ae2_ab2_alr0p0003__196b3f1d,/home/svcho/amo/results/td3_amo_loco9_alpha2_alr_no2e3_seeds03/jobs/h-m_alr3e4_s3/run,final_eval_50.json,1,normalized_score,2026-09-16T09:19:30.227812+00:00
td3_amo,2,0.002,hopper-medium-replay-v2,0,102.66741327802916,1000000,False,10,True,2,ext_csh,torch,hopmr_s0_te1_tb1_Tlr0p002__7d09b0fb,,714cbefbac393aee6d75b154bd8b80daf36d1823,ablation/td3_amo/hopper-medium-replay-v2/2e-3/seed_0/hopmr_s0_te1_tb1_Tlr0p002__7d09b0fb,/raid/ext_csh/artifacts/AMO/results/amo_loco9_s0_tlr2e-3_te1_tb1/runs/amo_adaptive_multiscale_h-mr_s0-hopper-medium-replay-v2-7d09b0fb,eval.jsonl,200,d4rl_normalized_score,
td3_amo,2,0.002,hopper-medium-replay-v2,0,101.69770754882124,1000000,True,50,False,2,ext_csv,jax,hopmr_s0_ae2_ab2_Tlr0p002__451a8f3c,1e34514ddf70bfc8a78757d9a78b82306627164c,32edbe55c2befd86f645192b55d2156f2f8abffc,ablation/td3_amo/hopper-medium-replay-v2/2e-3/seed_0/hopmr_s0_ae2_ab2_Tlr0p002__451a8f3c,/raid/ext_csv/AMO_store/td3_amo_jax_loco9_alpha2_alr1em3_seeds0to3/runs/td3amo_jax_h-mr_a2_alr2em3_s0,eval.jsonl,1,normalized_score,2026-09-16T07:35:49.142759+00:00
td3_amo,2,0.002,hopper-medium-replay-v2,1,100.94289167333388,1000000,True,50,True,2,ext_csv,jax,hopmr_s1_ae2_ab2_Tlr0p002__4992167b,1e34514ddf70bfc8a78757d9a78b82306627164c,32edbe55c2befd86f645192b55d2156f2f8abffc,ablation/td3_amo/hopper-medium-replay-v2/2e-3/seed_1/hopmr_s1_ae2_ab2_Tlr0p002__4992167b,/raid/ext_csv/AMO_store/td3_amo_jax_loco9_alpha2_alr1em3_seeds0to3/runs/td3amo_jax_h-mr_a2_alr2em3_s1,eval.jsonl,1,normalized_score,2026-09-16T07:46:21.835254+00:00
td3_amo,2,0.002,hopper-medium-replay-v2,1,101.10838200262522,450000,False,10,False,2,ext_csv,torch,hopmr_s1_te1_tb1_Tlr0p002__5370c612,eee3d486fac0c9f5ecbbea411424e6691b715265,32edbe55c2befd86f645192b55d2156f2f8abffc,ablation/td3_amo/hopper-medium-replay-v2/2e-3/seed_1/hopmr_s1_te1_tb1_Tlr0p002__5370c612,/raid/ext_csv/AMO_store/amo_te1_tb1_tlr_gapfill_seeds0to3/runs/amo_ams_h-mr_Te1_Tb1_Tlr0p002_s1-hopper-medium-replay-v2-5370c612,eval.jsonl,90,d4rl_normalized_score,
td3_amo,2,0.002,hopper-medium-replay-v2,2,100.77917510406729,1000000,True,50,True,1,ext_csv,jax,hopmr_s2_ae2_ab2_Tlr0p002__fb94a3d5,1e34514ddf70bfc8a78757d9a78b82306627164c,32edbe55c2befd86f645192b55d2156f2f8abffc,ablation/td3_amo/hopper-medium-replay-v2/2e-3/seed_2/hopmr_s2_ae2_ab2_Tlr0p002__fb94a3d5,/raid/ext_csv/AMO_store/td3_amo_jax_loco9_alpha2_alr1em3_seeds0to3/runs/td3amo_jax_h-mr_a2_alr2em3_s2,eval.jsonl,1,normalized_score,2026-09-16T07:54:56.827948+00:00
td3_amo,2,0.002,hopper-medium-replay-v2,3,103.28832179856668,1000000,True,50,True,1,ext_csv,jax,hopmr_s3_ae2_ab2_Tlr0p002__af9ba9a5,1e34514ddf70bfc8a78757d9a78b82306627164c,32edbe55c2befd86f645192b55d2156f2f8abffc,ablation/td3_amo/hopper-medium-replay-v2/2e-3/seed_3/hopmr_s3_ae2_ab2_Tlr0p002__af9ba9a5,/raid/ext_csv/AMO_store/td3_amo_jax_loco9_alpha2_alr1em3_seeds0to3/runs/td3amo_jax_h-mr_a2_alr2em3_s3,eval.jsonl,1,normalized_score,2026-09-16T08:41:39.464067+00:00
td3_amo,2,0.001,hopper-medium-replay-v2,0,103.28053380419367,1000000,False,10,True,2,ext_csh,torch,hopmr_s0_te1_tb1_Tlr0p001__071aad91,,714cbefbac393aee6d75b154bd8b80daf36d1823,ablation/td3_amo/hopper-medium-replay-v2/1e-3/seed_0/hopmr_s0_te1_tb1_Tlr0p001__071aad91,/raid/ext_csh/artifacts/AMO/results/amo_loco9_s0_tlr1e-3_te1_tb1/runs/amo_adaptive_multiscale_h-mr_s0-hopper-medium-replay-v2-071aad91,eval.jsonl,200,d4rl_normalized_score,
td3_amo,2,0.001,hopper-medium-replay-v2,0,101.55916049362968,1000000,True,50,False,2,ext_csv,jax,hopmr_s0_ae2_ab2_Tlr0p001__c47acd1d,1e34514ddf70bfc8a78757d9a78b82306627164c,32edbe55c2befd86f645192b55d2156f2f8abffc,ablation/td3_amo/hopper-medium-replay-v2/1e-3/seed_0/hopmr_s0_ae2_ab2_Tlr0p001__c47acd1d,/raid/ext_csv/AMO_store/td3_amo_jax_loco9_alpha2_alr1em3_seeds0to3/runs/td3amo_jax_h-mr_a2_alr1em3_s0,eval.jsonl,1,normalized_score,2026-09-16T07:33:57.611029+00:00
td3_amo,2,0.001,hopper-medium-replay-v2,1,101.8376894604214,1000000,False,10,True,1,ext_csv,torch,hopmr_s1_te1_tb1_Tlr0p001__f080c915,30abcfcfbc62b892c6c0a7d0763c1c8323154d11,32edbe55c2befd86f645192b55d2156f2f8abffc,ablation/td3_amo/hopper-medium-replay-v2/1e-3/seed_1/hopmr_s1_te1_tb1_Tlr0p001__f080c915,/raid/ext_csv/AMO_store/amo_adaptive_multiscale_loco9_te1_tb1_seeds1to3/runs/amo_ams_h-mr_Te1_Tb1_1em3_s1-hopper-medium-replay-v2-f080c915,eval.jsonl,200,d4rl_normalized_score,
td3_amo,2,0.001,hopper-medium-replay-v2,2,98.96401970408706,1000000,False,10,True,1,ext_csv,torch,hopmr_s2_te1_tb1_Tlr0p001__b42f2154,30abcfcfbc62b892c6c0a7d0763c1c8323154d11,32edbe55c2befd86f645192b55d2156f2f8abffc,ablation/td3_amo/hopper-medium-replay-v2/1e-3/seed_2/hopmr_s2_te1_tb1_Tlr0p001__b42f2154,/raid/ext_csv/AMO_store/amo_adaptive_multiscale_loco9_te1_tb1_seeds1to3/runs/amo_ams_h-mr_Te1_Tb1_1em3_s2-hopper-medium-replay-v2-b42f2154,eval.jsonl,200,d4rl_normalized_score,
td3_amo,2,0.001,hopper-medium-replay-v2,3,101.24606919663064,1000000,False,10,True,1,ext_csv,torch,hopmr_s3_te1_tb1_Tlr0p001__d6f53a73,30abcfcfbc62b892c6c0a7d0763c1c8323154d11,32edbe55c2befd86f645192b55d2156f2f8abffc,ablation/td3_amo/hopper-medium-replay-v2/1e-3/seed_3/hopmr_s3_te1_tb1_Tlr0p001__d6f53a73,/raid/ext_csv/AMO_store/amo_adaptive_multiscale_loco9_te1_tb1_seeds1to3/runs/amo_ams_h-mr_Te1_Tb1_1em3_s3-hopper-medium-replay-v2-d6f53a73,eval.jsonl,200,d4rl_normalized_score,
td3_amo,2,0.0003,hopper-medium-replay-v2,0,101.1480596288405,1000000,True,50,True,1,ext_csv,torch,hopmr_s0_te1_tb1_Tlr0p0003__6a3b732e,30abcfcfbc62b892c6c0a7d0763c1c8323154d11,32edbe55c2befd86f645192b55d2156f2f8abffc,ablation/td3_amo/hopper-medium-replay-v2/3e-4/seed_0/hopmr_s0_te1_tb1_Tlr0p0003__6a3b732e,/raid/ext_csv/AMO_store/amo_adaptive_multiscale_loco9_te_tb_tlr_grid_seed0/runs/amo_ams_h-mr_Te1_Tb1_Tlr0p0003_s0-hopper-medium-replay-v2-6a3b732e,eval.jsonl,201,d4rl_normalized_score,2026-09-12T16:53:15.842042+00:00
td3_amo,2,0.0003,hopper-medium-replay-v2,1,93.66230226648167,1000000,True,50,True,2,ext_csv,jax,hopmr_s1_ae2_ab2_Tlr0p0003__af7fce14,1e34514ddf70bfc8a78757d9a78b82306627164c,32edbe55c2befd86f645192b55d2156f2f8abffc,ablation/td3_amo/hopper-medium-replay-v2/3e-4/seed_1/hopmr_s1_ae2_ab2_Tlr0p0003__af7fce14,/raid/ext_csv/AMO_store/td3_amo_jax_loco9_alpha2_alr1em3_seeds0to3/runs/td3amo_jax_h-mr_a2_alr3em4_s1,eval.jsonl,1,normalized_score,2026-09-16T07:07:01.014783+00:00
td3_amo,2,0.0003,hopper-medium-replay-v2,1,28.349919304354444,1000000,True,50,False,2,svcho,jax,hopmr_s1_jax_ae2_ab2_alr0p0003__2b6cdd31,1e34514ddf70bfc8a78757d9a78b82306627164c,8428403b482c94dbcd95a5a0770b2bc1aa7c630f,ablation/td3_amo/hopper-medium-replay-v2/3e-4/seed_1/hopmr_s1_jax_ae2_ab2_alr0p0003__2b6cdd31,/home/svcho/amo/results/td3_amo_loco9_alpha2_alr_no2e3_seeds03/jobs/h-mr_alr3e4_s1/run,final_eval_50.json,1,normalized_score,2026-09-16T09:19:28.778358+00:00
td3_amo,2,0.0003,hopper-medium-replay-v2,2,98.99610805543381,1000000,True,50,True,2,ext_csv,jax,hopmr_s2_ae2_ab2_Tlr0p0003__979d12c2,1e34514ddf70bfc8a78757d9a78b82306627164c,32edbe55c2befd86f645192b55d2156f2f8abffc,ablation/td3_amo/hopper-medium-replay-v2/3e-4/seed_2/hopmr_s2_ae2_ab2_Tlr0p0003__979d12c2,/raid/ext_csv/AMO_store/td3_amo_jax_loco9_alpha2_alr1em3_seeds0to3/runs/td3amo_jax_h-mr_a2_alr3em4_s2,eval.jsonl,1,normalized_score,2026-09-16T07:30:31.947276+00:00
td3_amo,2,0.0003,hopper-medium-replay-v2,2,98.91398865691848,1000000,True,50,False,2,svcho,jax,hopmr_s2_jax_ae2_ab2_alr0p0003__9420914d,1e34514ddf70bfc8a78757d9a78b82306627164c,8428403b482c94dbcd95a5a0770b2bc1aa7c630f,ablation/td3_amo/hopper-medium-replay-v2/3e-4/seed_2/hopmr_s2_jax_ae2_ab2_alr0p0003__9420914d,/home/svcho/amo/results/td3_amo_loco9_alpha2_alr_no2e3_seeds03/jobs/h-mr_alr3e4_s2/run,final_eval_50.json,1,normalized_score,2026-09-16T09:19:52.458033+00:00
td3_amo,2,0.0003,hopper-medium-replay-v2,3,100.4743575297424,1000000,True,50,False,2,ext_csv,jax,hopmr_s3_ae2_ab2_Tlr0p0003__b1952a7b,1e34514ddf70bfc8a78757d9a78b82306627164c,32edbe55c2befd86f645192b55d2156f2f8abffc,ablation/td3_amo/hopper-medium-replay-v2/3e-4/seed_3/hopmr_s3_ae2_ab2_Tlr0p0003__b1952a7b,/raid/ext_csv/AMO_store/td3_amo_jax_loco9_alpha2_alr1em3_seeds0to3/runs/td3amo_jax_h-mr_a2_alr3em4_s3,eval.jsonl,1,normalized_score,2026-09-16T07:34:17.828600+00:00
td3_amo,2,0.0003,hopper-medium-replay-v2,3,100.55468139656998,1000000,True,50,True,2,svcho,jax,hopmr_s3_jax_ae2_ab2_alr0p0003__e8ebf25c,1e34514ddf70bfc8a78757d9a78b82306627164c,8428403b482c94dbcd95a5a0770b2bc1aa7c630f,ablation/td3_amo/hopper-medium-replay-v2/3e-4/seed_3/hopmr_s3_jax_ae2_ab2_alr0p0003__e8ebf25c,/home/svcho/amo/results/td3_amo_loco9_alpha2_alr_no2e3_seeds03/jobs/h-mr_alr3e4_s3/run,final_eval_50.json,1,normalized_score,2026-09-16T09:19:52.173217+00:00
td3_amo,2,0.002,hopper-medium-expert-v2,0,115.07091498268758,1000000,False,10,True,2,ext_csh,torch,hopme_s0_te1_tb1_Tlr0p002__f84981dc,,714cbefbac393aee6d75b154bd8b80daf36d1823,ablation/td3_amo/hopper-medium-expert-v2/2e-3/seed_0/hopme_s0_te1_tb1_Tlr0p002__f84981dc,/raid/ext_csh/artifacts/AMO/results/amo_loco9_s0_tlr2e-3_te1_tb1/runs/amo_adaptive_multiscale_h-me_s0-hopper-medium-expert-v2-f84981dc,eval.jsonl,200,d4rl_normalized_score,
td3_amo,2,0.002,hopper-medium-expert-v2,0,111.96141012649579,1000000,True,50,False,2,ext_csv,jax,hopme_s0_ae2_ab2_Tlr0p002__880bb7db,1e34514ddf70bfc8a78757d9a78b82306627164c,32edbe55c2befd86f645192b55d2156f2f8abffc,ablation/td3_amo/hopper-medium-expert-v2/2e-3/seed_0/hopme_s0_ae2_ab2_Tlr0p002__880bb7db,/raid/ext_csv/AMO_store/td3_amo_jax_loco9_alpha2_alr1em3_seeds0to3/runs/td3amo_jax_h-me_a2_alr2em3_s0,eval.jsonl,1,normalized_score,2026-09-16T08:49:51.261436+00:00
td3_amo,2,0.002,hopper-medium-expert-v2,1,111.66667263490669,1000000,True,50,True,1,ext_csv,jax,hopme_s1_ae2_ab2_Tlr0p002__41c91e42,1e34514ddf70bfc8a78757d9a78b82306627164c,32edbe55c2befd86f645192b55d2156f2f8abffc,ablation/td3_amo/hopper-medium-expert-v2/2e-3/seed_1/hopme_s1_ae2_ab2_Tlr0p002__41c91e42,/raid/ext_csv/AMO_store/td3_amo_jax_loco9_alpha2_alr1em3_seeds0to3/runs/td3amo_jax_h-me_a2_alr2em3_s1,eval.jsonl,1,normalized_score,2026-09-16T09:39:39.629010+00:00
td3_amo,2,0.002,hopper-medium-expert-v2,2,110.87400967091041,1000000,True,50,True,1,ext_csv,jax,hopme_s2_ae2_ab2_Tlr0p002__60e3e9bb,1e34514ddf70bfc8a78757d9a78b82306627164c,32edbe55c2befd86f645192b55d2156f2f8abffc,ablation/td3_amo/hopper-medium-expert-v2/2e-3/seed_2/hopme_s2_ae2_ab2_Tlr0p002__60e3e9bb,/raid/ext_csv/AMO_store/td3_amo_jax_loco9_alpha2_alr1em3_seeds0to3/runs/td3amo_jax_h-me_a2_alr2em3_s2,eval.jsonl,1,normalized_score,2026-09-16T09:04:34.379473+00:00
td3_amo,2,0.002,hopper-medium-expert-v2,3,109.71072538395745,1000000,True,50,True,1,ext_csv,jax,hopme_s3_ae2_ab2_Tlr0p002__f2b0fc6b,1e34514ddf70bfc8a78757d9a78b82306627164c,32edbe55c2befd86f645192b55d2156f2f8abffc,ablation/td3_amo/hopper-medium-expert-v2/2e-3/seed_3/hopme_s3_ae2_ab2_Tlr0p002__f2b0fc6b,/raid/ext_csv/AMO_store/td3_amo_jax_loco9_alpha2_alr1em3_seeds0to3/runs/td3amo_jax_h-me_a2_alr2em3_s3,eval.jsonl,1,normalized_score,2026-09-16T09:08:58.211166+00:00
td3_amo,2,0.001,hopper-medium-expert-v2,0,111.73089567228165,1000000,False,10,False,2,ext_csh,torch,hopme_s0_te1_tb1_Tlr0p001__17137592,,714cbefbac393aee6d75b154bd8b80daf36d1823,ablation/td3_amo/hopper-medium-expert-v2/1e-3/seed_0/hopme_s0_te1_tb1_Tlr0p001__17137592,/raid/ext_csh/artifacts/AMO/results/amo_loco9_s0_tlr1e-3_te1_tb1/runs/amo_adaptive_multiscale_h-me_s0-hopper-medium-expert-v2-17137592,eval.jsonl,200,d4rl_normalized_score,
td3_amo,2,0.001,hopper-medium-expert-v2,0,111.80089278286528,1000000,True,50,True,2,ext_csv,jax,hopme_s0_ae2_ab2_Tlr0p001__7abc5835,1e34514ddf70bfc8a78757d9a78b82306627164c,32edbe55c2befd86f645192b55d2156f2f8abffc,ablation/td3_amo/hopper-medium-expert-v2/1e-3/seed_0/hopme_s0_ae2_ab2_Tlr0p001__7abc5835,/raid/ext_csv/AMO_store/td3_amo_jax_loco9_alpha2_alr1em3_seeds0to3/runs/td3amo_jax_h-me_a2_alr1em3_s0,eval.jsonl,1,normalized_score,2026-09-16T08:48:18.462195+00:00
td3_amo,2,0.001,hopper-medium-expert-v2,1,111.8606328447946,1000000,False,10,True,1,ext_csv,torch,hopme_s1_te1_tb1_Tlr0p001__0b611349,30abcfcfbc62b892c6c0a7d0763c1c8323154d11,32edbe55c2befd86f645192b55d2156f2f8abffc,ablation/td3_amo/hopper-medium-expert-v2/1e-3/seed_1/hopme_s1_te1_tb1_Tlr0p001__0b611349,/raid/ext_csv/AMO_store/amo_adaptive_multiscale_loco9_te1_tb1_seeds1to3/runs/amo_ams_h-me_Te1_Tb1_1em3_s1-hopper-medium-expert-v2-0b611349,eval.jsonl,200,d4rl_normalized_score,
td3_amo,2,0.001,hopper-medium-expert-v2,2,59.58479233741178,1000000,False,10,True,1,ext_csv,torch,hopme_s2_te1_tb1_Tlr0p001__21ee11d6,30abcfcfbc62b892c6c0a7d0763c1c8323154d11,32edbe55c2befd86f645192b55d2156f2f8abffc,ablation/td3_amo/hopper-medium-expert-v2/1e-3/seed_2/hopme_s2_te1_tb1_Tlr0p001__21ee11d6,/raid/ext_csv/AMO_store/amo_adaptive_multiscale_loco9_te1_tb1_seeds1to3/runs/amo_ams_h-me_Te1_Tb1_1em3_s2-hopper-medium-expert-v2-21ee11d6,eval.jsonl,200,d4rl_normalized_score,
td3_amo,2,0.001,hopper-medium-expert-v2,3,112.30830671871989,1000000,False,10,True,1,ext_csv,torch,hopme_s3_te1_tb1_Tlr0p001__ed518fc0,30abcfcfbc62b892c6c0a7d0763c1c8323154d11,32edbe55c2befd86f645192b55d2156f2f8abffc,ablation/td3_amo/hopper-medium-expert-v2/1e-3/seed_3/hopme_s3_te1_tb1_Tlr0p001__ed518fc0,/raid/ext_csv/AMO_store/amo_adaptive_multiscale_loco9_te1_tb1_seeds1to3/runs/amo_ams_h-me_Te1_Tb1_1em3_s3-hopper-medium-expert-v2-ed518fc0,eval.jsonl,200,d4rl_normalized_score,
td3_amo,2,0.0003,hopper-medium-expert-v2,0,108.23498633083423,1000000,True,50,True,1,ext_csv,torch,hopme_s0_te1_tb1_Tlr0p0003__4079d96d,30abcfcfbc62b892c6c0a7d0763c1c8323154d11,32edbe55c2befd86f645192b55d2156f2f8abffc,ablation/td3_amo/hopper-medium-expert-v2/3e-4/seed_0/hopme_s0_te1_tb1_Tlr0p0003__4079d96d,/raid/ext_csv/AMO_store/amo_adaptive_multiscale_loco9_te_tb_tlr_grid_seed0/runs/amo_ams_h-me_Te1_Tb1_Tlr0p0003_s0-hopper-medium-expert-v2-4079d96d,eval.jsonl,201,d4rl_normalized_score,2026-09-12T16:53:35.840631+00:00
td3_amo,2,0.0003,hopper-medium-expert-v2,1,112.28611569955895,1000000,True,50,True,1,ext_csv,torch,hopme_s1_te1_tb1_Tlr0p0003__f5736030,30abcfcfbc62b892c6c0a7d0763c1c8323154d11,32edbe55c2befd86f645192b55d2156f2f8abffc,ablation/td3_amo/hopper-medium-expert-v2/3e-4/seed_1/hopme_s1_te1_tb1_Tlr0p0003__f5736030,/raid/ext_csv/AMO_store/amo_adaptive_multiscale_loco9_tlr3e4_band95_seeds1to3/runs/amo_ams_h-me_Te1_Tb1_Tlr0p0003_s1-hopper-medium-expert-v2-f5736030,eval.jsonl,55,d4rl_normalized_score,
td3_amo,2,0.0003,hopper-medium-expert-v2,2,109.76788276304947,1000000,True,50,True,1,ext_csv,torch,hopme_s2_te1_tb1_Tlr0p0003__5afd4fd1,30abcfcfbc62b892c6c0a7d0763c1c8323154d11,32edbe55c2befd86f645192b55d2156f2f8abffc,ablation/td3_amo/hopper-medium-expert-v2/3e-4/seed_2/hopme_s2_te1_tb1_Tlr0p0003__5afd4fd1,/raid/ext_csv/AMO_store/amo_adaptive_multiscale_loco9_tlr3e4_band95_seeds1to3/runs/amo_ams_h-me_Te1_Tb1_Tlr0p0003_s2-hopper-medium-expert-v2-5afd4fd1,eval.jsonl,55,d4rl_normalized_score,
td3_amo,2,0.0003,hopper-medium-expert-v2,3,112.36004871221603,1000000,True,50,True,1,ext_csv,torch,hopme_s3_te1_tb1_Tlr0p0003__b568fe0e,30abcfcfbc62b892c6c0a7d0763c1c8323154d11,32edbe55c2befd86f645192b55d2156f2f8abffc,ablation/td3_amo/hopper-medium-expert-v2/3e-4/seed_3/hopme_s3_te1_tb1_Tlr0p0003__b568fe0e,/raid/ext_csv/AMO_store/amo_adaptive_multiscale_loco9_tlr3e4_band95_seeds1to3/runs/amo_ams_h-me_Te1_Tb1_Tlr0p0003_s3-hopper-medium-expert-v2-b568fe0e,eval.jsonl,55,d4rl_normalized_score,
td3_amo,2,0.002,walker2d-medium-v2,0,100.65233163896288,1000000,False,10,True,2,ext_csh,torch,wm_s0_te1_tb1_Tlr0p002__59e6cb49,,714cbefbac393aee6d75b154bd8b80daf36d1823,ablation/td3_amo/walker2d-medium-v2/2e-3/seed_0/wm_s0_te1_tb1_Tlr0p002__59e6cb49,/raid/ext_csh/artifacts/AMO/results/amo_loco9_s0_tlr2e-3_te1_tb1/runs/amo_adaptive_multiscale_w-m_s0-walker2d-medium-v2-59e6cb49,eval.jsonl,200,d4rl_normalized_score,
td3_amo,2,0.002,walker2d-medium-v2,0,81.56692544074642,1000000,True,50,False,2,ext_csv,jax,wm_s0_ae2_ab2_Tlr0p002__8b84bd62,1e34514ddf70bfc8a78757d9a78b82306627164c,32edbe55c2befd86f645192b55d2156f2f8abffc,ablation/td3_amo/walker2d-medium-v2/2e-3/seed_0/wm_s0_ae2_ab2_Tlr0p002__8b84bd62,/raid/ext_csv/AMO_store/td3_amo_jax_loco9_alpha2_alr1em3_seeds0to3/runs/td3amo_jax_w-m_a2_alr2em3_s0,eval.jsonl,1,normalized_score,2026-09-16T09:34:48.228180+00:00
td3_amo,2,0.002,walker2d-medium-v2,1,93.59346771540079,1000000,True,50,True,1,ext_csv,jax,wm_s1_ae2_ab2_Tlr0p002__c0ec28e7,1e34514ddf70bfc8a78757d9a78b82306627164c,32edbe55c2befd86f645192b55d2156f2f8abffc,ablation/td3_amo/walker2d-medium-v2/2e-3/seed_1/wm_s1_ae2_ab2_Tlr0p002__c0ec28e7,/raid/ext_csv/AMO_store/td3_amo_jax_loco9_alpha2_alr1em3_seeds0to3/runs/td3amo_jax_w-m_a2_alr2em3_s1,eval.jsonl,1,normalized_score,2026-09-16T09:36:12.918600+00:00
td3_amo,2,0.002,walker2d-medium-v2,2,92.06017302387056,1000000,True,50,True,1,ext_csv,jax,wm_s2_ae2_ab2_Tlr0p002__05a830e5,1e34514ddf70bfc8a78757d9a78b82306627164c,32edbe55c2befd86f645192b55d2156f2f8abffc,ablation/td3_amo/walker2d-medium-v2/2e-3/seed_2/wm_s2_ae2_ab2_Tlr0p002__05a830e5,/raid/ext_csv/AMO_store/td3_amo_jax_loco9_alpha2_alr1em3_seeds0to3/runs/td3amo_jax_w-m_a2_alr2em3_s2,eval.jsonl,1,normalized_score,2026-09-16T09:43:04.674979+00:00
td3_amo,2,0.002,walker2d-medium-v2,3,94.13126240933715,1000000,True,50,True,1,ext_csv,jax,wm_s3_ae2_ab2_Tlr0p002__ab0e2d9e,1e34514ddf70bfc8a78757d9a78b82306627164c,32edbe55c2befd86f645192b55d2156f2f8abffc,ablation/td3_amo/walker2d-medium-v2/2e-3/seed_3/wm_s3_ae2_ab2_Tlr0p002__ab0e2d9e,/raid/ext_csv/AMO_store/td3_amo_jax_loco9_alpha2_alr1em3_seeds0to3/runs/td3amo_jax_w-m_a2_alr2em3_s3,eval.jsonl,1,normalized_score,2026-09-16T09:46:32.743554+00:00
td3_amo,2,0.001,walker2d-medium-v2,0,88.16604193167993,1000000,False,10,True,2,ext_csh,torch,wm_s0_te1_tb1_Tlr0p001__a16a5044,,714cbefbac393aee6d75b154bd8b80daf36d1823,ablation/td3_amo/walker2d-medium-v2/1e-3/seed_0/wm_s0_te1_tb1_Tlr0p001__a16a5044,/raid/ext_csh/artifacts/AMO/results/amo_loco9_s0_tlr1e-3_te1_tb1/runs/amo_adaptive_multiscale_w-m_s0-walker2d-medium-v2-a16a5044,eval.jsonl,200,d4rl_normalized_score,
td3_amo,2,0.001,walker2d-medium-v2,0,84.03509109917168,1000000,True,50,False,2,ext_csv,jax,wm_s0_ae2_ab2_Tlr0p001__97487487,1e34514ddf70bfc8a78757d9a78b82306627164c,32edbe55c2befd86f645192b55d2156f2f8abffc,ablation/td3_amo/walker2d-medium-v2/1e-3/seed_0/wm_s0_ae2_ab2_Tlr0p001__97487487,/raid/ext_csv/AMO_store/td3_amo_jax_loco9_alpha2_alr1em3_seeds0to3/runs/td3amo_jax_w-m_a2_alr1em3_s0,eval.jsonl,1,normalized_score,2026-09-16T09:30:27.472098+00:00
td3_amo,2,0.001,walker2d-medium-v2,1,88.9077535935994,1000000,False,10,True,1,ext_csv,torch,wm_s1_te1_tb1_Tlr0p001__37cd42ba,30abcfcfbc62b892c6c0a7d0763c1c8323154d11,32edbe55c2befd86f645192b55d2156f2f8abffc,ablation/td3_amo/walker2d-medium-v2/1e-3/seed_1/wm_s1_te1_tb1_Tlr0p001__37cd42ba,/raid/ext_csv/AMO_store/amo_adaptive_multiscale_loco9_te1_tb1_seeds1to3/runs/amo_ams_w-m_Te1_Tb1_1em3_s1-walker2d-medium-v2-37cd42ba,eval.jsonl,200,d4rl_normalized_score,
td3_amo,2,0.001,walker2d-medium-v2,2,93.16744835534,1000000,False,10,True,1,ext_csv,torch,wm_s2_te1_tb1_Tlr0p001__2a2bf0ad,30abcfcfbc62b892c6c0a7d0763c1c8323154d11,32edbe55c2befd86f645192b55d2156f2f8abffc,ablation/td3_amo/walker2d-medium-v2/1e-3/seed_2/wm_s2_te1_tb1_Tlr0p001__2a2bf0ad,/raid/ext_csv/AMO_store/amo_adaptive_multiscale_loco9_te1_tb1_seeds1to3/runs/amo_ams_w-m_Te1_Tb1_1em3_s2-walker2d-medium-v2-2a2bf0ad,eval.jsonl,200,d4rl_normalized_score,
td3_amo,2,0.001,walker2d-medium-v2,3,93.78212412960121,1000000,False,10,True,1,ext_csv,torch,wm_s3_te1_tb1_Tlr0p001__61585211,30abcfcfbc62b892c6c0a7d0763c1c8323154d11,32edbe55c2befd86f645192b55d2156f2f8abffc,ablation/td3_amo/walker2d-medium-v2/1e-3/seed_3/wm_s3_te1_tb1_Tlr0p001__61585211,/raid/ext_csv/AMO_store/amo_adaptive_multiscale_loco9_te1_tb1_seeds1to3/runs/amo_ams_w-m_Te1_Tb1_1em3_s3-walker2d-medium-v2-61585211,eval.jsonl,200,d4rl_normalized_score,
td3_amo,2,0.0003,walker2d-medium-v2,0,88.28871898298264,1000000,True,50,True,1,ext_csv,torch,wm_s0_te1_tb1_Tlr0p0003__06068a10,30abcfcfbc62b892c6c0a7d0763c1c8323154d11,32edbe55c2befd86f645192b55d2156f2f8abffc,ablation/td3_amo/walker2d-medium-v2/3e-4/seed_0/wm_s0_te1_tb1_Tlr0p0003__06068a10,/raid/ext_csv/AMO_store/amo_adaptive_multiscale_loco9_te_tb_tlr_grid_seed0/runs/amo_ams_w-m_Te1_Tb1_Tlr0p0003_s0-walker2d-medium-v2-06068a10,eval.jsonl,201,d4rl_normalized_score,2026-09-12T16:53:49.790662+00:00
td3_amo,2,0.0003,walker2d-medium-v2,1,87.1062541550465,1000000,True,50,True,1,ext_csv,torch,wm_s1_te1_tb1_Tlr0p0003__4c3d21b0,30abcfcfbc62b892c6c0a7d0763c1c8323154d11,32edbe55c2befd86f645192b55d2156f2f8abffc,ablation/td3_amo/walker2d-medium-v2/3e-4/seed_1/wm_s1_te1_tb1_Tlr0p0003__4c3d21b0,/raid/ext_csv/AMO_store/amo_adaptive_multiscale_loco9_tlr3e4_band95_seeds1to3/runs/amo_ams_w-m_Te1_Tb1_Tlr0p0003_s1-walker2d-medium-v2-4c3d21b0,eval.jsonl,55,d4rl_normalized_score,
td3_amo,2,0.0003,walker2d-medium-v2,2,86.41615846110426,1000000,True,50,True,1,ext_csv,torch,wm_s2_te1_tb1_Tlr0p0003__fc36e71c,30abcfcfbc62b892c6c0a7d0763c1c8323154d11,32edbe55c2befd86f645192b55d2156f2f8abffc,ablation/td3_amo/walker2d-medium-v2/3e-4/seed_2/wm_s2_te1_tb1_Tlr0p0003__fc36e71c,/raid/ext_csv/AMO_store/amo_adaptive_multiscale_loco9_tlr3e4_band95_seeds1to3/runs/amo_ams_w-m_Te1_Tb1_Tlr0p0003_s2-walker2d-medium-v2-fc36e71c,eval.jsonl,55,d4rl_normalized_score,
td3_amo,2,0.0003,walker2d-medium-v2,3,87.4598235405451,1000000,True,50,True,1,ext_csv,torch,wm_s3_te1_tb1_Tlr0p0003__6451a151,30abcfcfbc62b892c6c0a7d0763c1c8323154d11,32edbe55c2befd86f645192b55d2156f2f8abffc,ablation/td3_amo/walker2d-medium-v2/3e-4/seed_3/wm_s3_te1_tb1_Tlr0p0003__6451a151,/raid/ext_csv/AMO_store/amo_adaptive_multiscale_loco9_tlr3e4_band95_seeds1to3/runs/amo_ams_w-m_Te1_Tb1_Tlr0p0003_s3-walker2d-medium-v2-6451a151,eval.jsonl,55,d4rl_normalized_score,
td3_amo,2,0.002,walker2d-medium-replay-v2,0,101.78585196512347,1000000,False,10,True,2,ext_csh,torch,wmr_s0_te1_tb1_Tlr0p002__ad44d48d,,714cbefbac393aee6d75b154bd8b80daf36d1823,ablation/td3_amo/walker2d-medium-replay-v2/2e-3/seed_0/wmr_s0_te1_tb1_Tlr0p002__ad44d48d,/raid/ext_csh/artifacts/AMO/results/amo_loco9_s0_tlr2e-3_te1_tb1/runs/amo_adaptive_multiscale_w-mr_s0-walker2d-medium-replay-v2-ad44d48d,eval.jsonl,200,d4rl_normalized_score,
td3_amo,2,0.002,walker2d-medium-replay-v2,0,91.73155947037735,1000000,True,50,False,2,ext_csv,jax,wmr_s0_ae2_ab2_Tlr0p002__7d0347d3,1e34514ddf70bfc8a78757d9a78b82306627164c,32edbe55c2befd86f645192b55d2156f2f8abffc,ablation/td3_amo/walker2d-medium-replay-v2/2e-3/seed_0/wmr_s0_ae2_ab2_Tlr0p002__7d0347d3,/raid/ext_csv/AMO_store/td3_amo_jax_loco9_alpha2_alr1em3_seeds0to3/runs/td3amo_jax_w-mr_a2_alr2em3_s0,eval.jsonl,1,normalized_score,2026-09-16T10:21:37.988642+00:00
td3_amo,2,0.002,walker2d-medium-replay-v2,1,97.16990678516521,1000000,True,50,True,1,ext_csv,jax,wmr_s1_ae2_ab2_Tlr0p002__736c06e6,1e34514ddf70bfc8a78757d9a78b82306627164c,32edbe55c2befd86f645192b55d2156f2f8abffc,ablation/td3_amo/walker2d-medium-replay-v2/2e-3/seed_1/wmr_s1_ae2_ab2_Tlr0p002__736c06e6,/raid/ext_csv/AMO_store/td3_amo_jax_loco9_alpha2_alr1em3_seeds0to3/runs/td3amo_jax_w-mr_a2_alr2em3_s1,eval.jsonl,1,normalized_score,2026-09-16T10:26:03.021973+00:00
td3_amo,2,0.002,walker2d-medium-replay-v2,2,53.82667480130854,1000000,True,50,True,1,ext_csv,jax,wmr_s2_ae2_ab2_Tlr0p002__d05c84f6,1e34514ddf70bfc8a78757d9a78b82306627164c,32edbe55c2befd86f645192b55d2156f2f8abffc,ablation/td3_amo/walker2d-medium-replay-v2/2e-3/seed_2/wmr_s2_ae2_ab2_Tlr0p002__d05c84f6,/raid/ext_csv/AMO_store/td3_amo_jax_loco9_alpha2_alr1em3_seeds0to3/runs/td3amo_jax_w-mr_a2_alr2em3_s2,eval.jsonl,1,normalized_score,2026-09-16T10:48:20.904253+00:00
td3_amo,2,0.002,walker2d-medium-replay-v2,3,94.16102405550456,1000000,True,50,True,1,ext_csv,jax,wmr_s3_ae2_ab2_Tlr0p002__15196787,1e34514ddf70bfc8a78757d9a78b82306627164c,32edbe55c2befd86f645192b55d2156f2f8abffc,ablation/td3_amo/walker2d-medium-replay-v2/2e-3/seed_3/wmr_s3_ae2_ab2_Tlr0p002__15196787,/raid/ext_csv/AMO_store/td3_amo_jax_loco9_alpha2_alr1em3_seeds0to3/runs/td3amo_jax_w-mr_a2_alr2em3_s3,eval.jsonl,1,normalized_score,2026-09-16T10:50:46.281686+00:00
td3_amo,2,0.001,walker2d-medium-replay-v2,0,97.57330691512058,1000000,False,10,True,2,ext_csh,torch,wmr_s0_te1_tb1_Tlr0p001__5ea19140,,714cbefbac393aee6d75b154bd8b80daf36d1823,ablation/td3_amo/walker2d-medium-replay-v2/1e-3/seed_0/wmr_s0_te1_tb1_Tlr0p001__5ea19140,/raid/ext_csh/artifacts/AMO/results/amo_loco9_s0_tlr1e-3_te1_tb1/runs/amo_adaptive_multiscale_w-mr_s0-walker2d-medium-replay-v2-5ea19140,eval.jsonl,200,d4rl_normalized_score,
td3_amo,2,0.001,walker2d-medium-replay-v2,0,89.93070572296197,1000000,True,50,False,2,ext_csv,jax,wmr_s0_ae2_ab2_Tlr0p001__d7bfcdf8,1e34514ddf70bfc8a78757d9a78b82306627164c,32edbe55c2befd86f645192b55d2156f2f8abffc,ablation/td3_amo/walker2d-medium-replay-v2/1e-3/seed_0/wmr_s0_ae2_ab2_Tlr0p001__d7bfcdf8,/raid/ext_csv/AMO_store/td3_amo_jax_loco9_alpha2_alr1em3_seeds0to3/runs/td3amo_jax_w-mr_a2_alr1em3_s0,eval.jsonl,1,normalized_score,2026-09-16T10:18:14.159848+00:00
td3_amo,2,0.001,walker2d-medium-replay-v2,1,91.61039931740362,1000000,False,10,True,1,ext_csv,torch,wmr_s1_te1_tb1_Tlr0p001__f0372dc0,30abcfcfbc62b892c6c0a7d0763c1c8323154d11,32edbe55c2befd86f645192b55d2156f2f8abffc,ablation/td3_amo/walker2d-medium-replay-v2/1e-3/seed_1/wmr_s1_te1_tb1_Tlr0p001__f0372dc0,/raid/ext_csv/AMO_store/amo_adaptive_multiscale_loco9_te1_tb1_seeds1to3/runs/amo_ams_w-mr_Te1_Tb1_1em3_s1-walker2d-medium-replay-v2-f0372dc0,eval.jsonl,200,d4rl_normalized_score,
td3_amo,2,0.001,walker2d-medium-replay-v2,2,90.2108957507884,1000000,False,10,True,1,ext_csv,torch,wmr_s2_te1_tb1_Tlr0p001__0700d3fe,30abcfcfbc62b892c6c0a7d0763c1c8323154d11,32edbe55c2befd86f645192b55d2156f2f8abffc,ablation/td3_amo/walker2d-medium-replay-v2/1e-3/seed_2/wmr_s2_te1_tb1_Tlr0p001__0700d3fe,/raid/ext_csv/AMO_store/amo_adaptive_multiscale_loco9_te1_tb1_seeds1to3/runs/amo_ams_w-mr_Te1_Tb1_1em3_s2-walker2d-medium-replay-v2-0700d3fe,eval.jsonl,200,d4rl_normalized_score,
td3_amo,2,0.001,walker2d-medium-replay-v2,3,100.80470702899777,1000000,False,10,True,1,ext_csv,torch,wmr_s3_te1_tb1_Tlr0p001__35b7e2b7,30abcfcfbc62b892c6c0a7d0763c1c8323154d11,32edbe55c2befd86f645192b55d2156f2f8abffc,ablation/td3_amo/walker2d-medium-replay-v2/1e-3/seed_3/wmr_s3_te1_tb1_Tlr0p001__35b7e2b7,/raid/ext_csv/AMO_store/amo_adaptive_multiscale_loco9_te1_tb1_seeds1to3/runs/amo_ams_w-mr_Te1_Tb1_1em3_s3-walker2d-medium-replay-v2-35b7e2b7,eval.jsonl,200,d4rl_normalized_score,
td3_amo,2,0.0003,walker2d-medium-replay-v2,0,94.33002057990788,1000000,False,10,True,1,ext_csv,torch,wmr_s0_te1_tb1_Tlr0p0003__1070611e,30abcfcfbc62b892c6c0a7d0763c1c8323154d11,32edbe55c2befd86f645192b55d2156f2f8abffc,ablation/td3_amo/walker2d-medium-replay-v2/3e-4/seed_0/wmr_s0_te1_tb1_Tlr0p0003__1070611e,/raid/ext_csv/AMO_store/amo_adaptive_multiscale_loco9_te_tb_tlr_grid_seed0/runs/amo_ams_w-mr_Te1_Tb1_Tlr0p0003_s0-walker2d-medium-replay-v2-1070611e,eval.jsonl,200,d4rl_normalized_score,
td3_amo,2,0.0003,walker2d-medium-replay-v2,1,94.89197854851203,1000000,True,50,True,2,ext_csv,jax,wmr_s1_ae2_ab2_Tlr0p0003__97000911,1e34514ddf70bfc8a78757d9a78b82306627164c,32edbe55c2befd86f645192b55d2156f2f8abffc,ablation/td3_amo/walker2d-medium-replay-v2/3e-4/seed_1/wmr_s1_ae2_ab2_Tlr0p0003__97000911,/raid/ext_csv/AMO_store/td3_amo_jax_loco9_alpha2_alr1em3_seeds0to3/runs/td3amo_jax_w-mr_a2_alr3em4_s1,eval.jsonl,1,normalized_score,2026-09-16T10:08:02.227410+00:00
td3_amo,2,0.0003,walker2d-medium-replay-v2,1,91.55506809733987,1000000,True,50,False,2,svcho,jax,wmr_s1_jax_ae2_ab2_alr0p0003__564702d9,1e34514ddf70bfc8a78757d9a78b82306627164c,8428403b482c94dbcd95a5a0770b2bc1aa7c630f,ablation/td3_amo/walker2d-medium-replay-v2/3e-4/seed_1/wmr_s1_jax_ae2_ab2_alr0p0003__564702d9,/home/svcho/amo/results/td3_amo_loco9_alpha2_alr_no2e3_seeds03/jobs/w-mr_alr3e4_s1/run,final_eval_50.json,1,normalized_score,2026-09-16T09:20:33.509116+00:00
td3_amo,2,0.0003,walker2d-medium-replay-v2,2,92.17632662574881,1000000,True,50,False,2,ext_csv,jax,wmr_s2_ae2_ab2_Tlr0p0003__c26788ad,1e34514ddf70bfc8a78757d9a78b82306627164c,32edbe55c2befd86f645192b55d2156f2f8abffc,ablation/td3_amo/walker2d-medium-replay-v2/3e-4/seed_2/wmr_s2_ae2_ab2_Tlr0p0003__c26788ad,/raid/ext_csv/AMO_store/td3_amo_jax_loco9_alpha2_alr1em3_seeds0to3/runs/td3amo_jax_w-mr_a2_alr3em4_s2,eval.jsonl,1,normalized_score,2026-09-16T10:12:28.443648+00:00
td3_amo,2,0.0003,walker2d-medium-replay-v2,2,92.43713807343978,1000000,True,50,True,2,svcho,jax,wmr_s2_jax_ae2_ab2_alr0p0003__b98253d9,1e34514ddf70bfc8a78757d9a78b82306627164c,8428403b482c94dbcd95a5a0770b2bc1aa7c630f,ablation/td3_amo/walker2d-medium-replay-v2/3e-4/seed_2/wmr_s2_jax_ae2_ab2_alr0p0003__b98253d9,/home/svcho/amo/results/td3_amo_loco9_alpha2_alr_no2e3_seeds03/jobs/w-mr_alr3e4_s2/run,final_eval_50.json,1,normalized_score,2026-09-16T09:20:53.882949+00:00
td3_amo,2,0.0003,walker2d-medium-replay-v2,3,90.97537828101106,1000000,True,50,False,2,ext_csv,jax,wmr_s3_ae2_ab2_Tlr0p0003__cc945363,1e34514ddf70bfc8a78757d9a78b82306627164c,32edbe55c2befd86f645192b55d2156f2f8abffc,ablation/td3_amo/walker2d-medium-replay-v2/3e-4/seed_3/wmr_s3_ae2_ab2_Tlr0p0003__cc945363,/raid/ext_csv/AMO_store/td3_amo_jax_loco9_alpha2_alr1em3_seeds0to3/runs/td3amo_jax_w-mr_a2_alr3em4_s3,eval.jsonl,1,normalized_score,2026-09-16T10:13:50.622487+00:00
td3_amo,2,0.0003,walker2d-medium-replay-v2,3,93.42833029374461,1000000,True,50,True,2,svcho,jax,wmr_s3_jax_ae2_ab2_alr0p0003__3508cb73,1e34514ddf70bfc8a78757d9a78b82306627164c,8428403b482c94dbcd95a5a0770b2bc1aa7c630f,ablation/td3_amo/walker2d-medium-replay-v2/3e-4/seed_3/wmr_s3_jax_ae2_ab2_alr0p0003__3508cb73,/home/svcho/amo/results/td3_amo_loco9_alpha2_alr_no2e3_seeds03/jobs/w-mr_alr3e4_s3/run,final_eval_50.json,1,normalized_score,2026-09-16T09:20:53.613204+00:00
td3_amo,2,0.002,walker2d-medium-expert-v2,0,111.79039056245752,1000000,False,10,True,2,ext_csh,torch,wme_s0_te1_tb1_Tlr0p002__7228755c,,714cbefbac393aee6d75b154bd8b80daf36d1823,ablation/td3_amo/walker2d-medium-expert-v2/2e-3/seed_0/wme_s0_te1_tb1_Tlr0p002__7228755c,/raid/ext_csh/artifacts/AMO/results/amo_loco9_s0_tlr2e-3_te1_tb1/runs/amo_adaptive_multiscale_w-me_s0-walker2d-medium-expert-v2-7228755c,eval.jsonl,200,d4rl_normalized_score,
td3_amo,2,0.002,walker2d-medium-expert-v2,0,110.46009074124905,1000000,True,50,False,2,ext_csv,jax,wme_s0_ae2_ab2_Tlr0p002__1785a2f3,1e34514ddf70bfc8a78757d9a78b82306627164c,32edbe55c2befd86f645192b55d2156f2f8abffc,ablation/td3_amo/walker2d-medium-expert-v2/2e-3/seed_0/wme_s0_ae2_ab2_Tlr0p002__1785a2f3,/raid/ext_csv/AMO_store/td3_amo_jax_loco9_alpha2_alr1em3_seeds0to3/runs/td3amo_jax_w-me_a2_alr2em3_s0,eval.jsonl,1,normalized_score,2026-09-16T11:26:58.379437+00:00
td3_amo,2,0.002,walker2d-medium-expert-v2,1,110.59043141590618,1000000,True,50,True,1,ext_csv,jax,wme_s1_ae2_ab2_Tlr0p002__385590b8,1e34514ddf70bfc8a78757d9a78b82306627164c,32edbe55c2befd86f645192b55d2156f2f8abffc,ablation/td3_amo/walker2d-medium-expert-v2/2e-3/seed_1/wme_s1_ae2_ab2_Tlr0p002__385590b8,/raid/ext_csv/AMO_store/td3_amo_jax_loco9_alpha2_alr1em3_seeds0to3/runs/td3amo_jax_w-me_a2_alr2em3_s1,eval.jsonl,1,normalized_score,2026-09-16T11:28:24.912358+00:00
td3_amo,2,0.002,walker2d-medium-expert-v2,2,111.34852052938675,1000000,True,50,True,1,ext_csv,jax,wme_s2_ae2_ab2_Tlr0p002__2deda86d,1e34514ddf70bfc8a78757d9a78b82306627164c,32edbe55c2befd86f645192b55d2156f2f8abffc,ablation/td3_amo/walker2d-medium-expert-v2/2e-3/seed_2/wme_s2_ae2_ab2_Tlr0p002__2deda86d,/raid/ext_csv/AMO_store/td3_amo_jax_loco9_alpha2_alr1em3_seeds0to3/runs/td3amo_jax_w-me_a2_alr2em3_s2,eval.jsonl,1,normalized_score,2026-09-16T11:30:52.535435+00:00
td3_amo,2,0.002,walker2d-medium-expert-v2,3,110.9915527571959,1000000,True,50,True,1,ext_csv,jax,wme_s3_ae2_ab2_Tlr0p002__5b29d8f9,1e34514ddf70bfc8a78757d9a78b82306627164c,32edbe55c2befd86f645192b55d2156f2f8abffc,ablation/td3_amo/walker2d-medium-expert-v2/2e-3/seed_3/wme_s3_ae2_ab2_Tlr0p002__5b29d8f9,/raid/ext_csv/AMO_store/td3_amo_jax_loco9_alpha2_alr1em3_seeds0to3/runs/td3amo_jax_w-me_a2_alr2em3_s3,eval.jsonl,1,normalized_score,2026-09-16T11:36:19.514371+00:00
td3_amo,2,0.001,walker2d-medium-expert-v2,0,110.95192468094169,1000000,False,10,True,2,ext_csh,torch,wme_s0_te1_tb1_Tlr0p001__edcbf303,,714cbefbac393aee6d75b154bd8b80daf36d1823,ablation/td3_amo/walker2d-medium-expert-v2/1e-3/seed_0/wme_s0_te1_tb1_Tlr0p001__edcbf303,/raid/ext_csh/artifacts/AMO/results/amo_loco9_s0_tlr1e-3_te1_tb1/runs/amo_adaptive_multiscale_w-me_s0-walker2d-medium-expert-v2-edcbf303,eval.jsonl,200,d4rl_normalized_score,
td3_amo,2,0.001,walker2d-medium-expert-v2,0,109.7701225023568,1000000,True,50,False,2,ext_csv,jax,wme_s0_ae2_ab2_Tlr0p001__0501cb4b,1e34514ddf70bfc8a78757d9a78b82306627164c,32edbe55c2befd86f645192b55d2156f2f8abffc,ablation/td3_amo/walker2d-medium-expert-v2/1e-3/seed_0/wme_s0_ae2_ab2_Tlr0p001__0501cb4b,/raid/ext_csv/AMO_store/td3_amo_jax_loco9_alpha2_alr1em3_seeds0to3/runs/td3amo_jax_w-me_a2_alr1em3_s0,eval.jsonl,1,normalized_score,2026-09-16T11:04:28.307976+00:00
td3_amo,2,0.001,walker2d-medium-expert-v2,1,111.00927010418648,1000000,False,10,True,1,ext_csv,torch,wme_s1_te1_tb1_Tlr0p001__e0307c97,30abcfcfbc62b892c6c0a7d0763c1c8323154d11,32edbe55c2befd86f645192b55d2156f2f8abffc,ablation/td3_amo/walker2d-medium-expert-v2/1e-3/seed_1/wme_s1_te1_tb1_Tlr0p001__e0307c97,/raid/ext_csv/AMO_store/amo_adaptive_multiscale_loco9_te1_tb1_seeds1to3/runs/amo_ams_w-me_Te1_Tb1_1em3_s1-walker2d-medium-expert-v2-e0307c97,eval.jsonl,200,d4rl_normalized_score,
td3_amo,2,0.001,walker2d-medium-expert-v2,2,111.338182503909,1000000,False,10,True,1,ext_csv,torch,wme_s2_te1_tb1_Tlr0p001__47a0d898,30abcfcfbc62b892c6c0a7d0763c1c8323154d11,32edbe55c2befd86f645192b55d2156f2f8abffc,ablation/td3_amo/walker2d-medium-expert-v2/1e-3/seed_2/wme_s2_te1_tb1_Tlr0p001__47a0d898,/raid/ext_csv/AMO_store/amo_adaptive_multiscale_loco9_te1_tb1_seeds1to3/runs/amo_ams_w-me_Te1_Tb1_1em3_s2-walker2d-medium-expert-v2-47a0d898,eval.jsonl,200,d4rl_normalized_score,
td3_amo,2,0.001,walker2d-medium-expert-v2,3,111.1129995135084,1000000,False,10,True,1,ext_csv,torch,wme_s3_te1_tb1_Tlr0p001__4c07cc8c,30abcfcfbc62b892c6c0a7d0763c1c8323154d11,32edbe55c2befd86f645192b55d2156f2f8abffc,ablation/td3_amo/walker2d-medium-expert-v2/1e-3/seed_3/wme_s3_te1_tb1_Tlr0p001__4c07cc8c,/raid/ext_csv/AMO_store/amo_adaptive_multiscale_loco9_te1_tb1_seeds1to3/runs/amo_ams_w-me_Te1_Tb1_1em3_s3-walker2d-medium-expert-v2-4c07cc8c,eval.jsonl,200,d4rl_normalized_score,
td3_amo,2,0.0003,walker2d-medium-expert-v2,0,109.63288114296273,1000000,True,50,True,1,ext_csv,torch,wme_s0_te1_tb1_Tlr0p0003__e1c0c7c2,30abcfcfbc62b892c6c0a7d0763c1c8323154d11,32edbe55c2befd86f645192b55d2156f2f8abffc,ablation/td3_amo/walker2d-medium-expert-v2/3e-4/seed_0/wme_s0_te1_tb1_Tlr0p0003__e1c0c7c2,/raid/ext_csv/AMO_store/amo_adaptive_multiscale_loco9_te_tb_tlr_grid_seed0/runs/amo_ams_w-me_Te1_Tb1_Tlr0p0003_s0-walker2d-medium-expert-v2-e1c0c7c2,eval.jsonl,201,d4rl_normalized_score,2026-09-12T16:55:15.203447+00:00
td3_amo,2,0.0003,walker2d-medium-expert-v2,1,109.07642237477792,1000000,True,50,False,2,ext_csv,jax,wme_s1_ae2_ab2_Tlr0p0003__f9261833,1e34514ddf70bfc8a78757d9a78b82306627164c,32edbe55c2befd86f645192b55d2156f2f8abffc,ablation/td3_amo/walker2d-medium-expert-v2/3e-4/seed_1/wme_s1_ae2_ab2_Tlr0p0003__f9261833,/raid/ext_csv/AMO_store/td3_amo_jax_loco9_alpha2_alr1em3_seeds0to3/runs/td3amo_jax_w-me_a2_alr3em4_s1,eval.jsonl,1,normalized_score,2026-09-16T10:53:15.321647+00:00
td3_amo,2,0.0003,walker2d-medium-expert-v2,1,109.1224450065611,1000000,True,50,True,2,svcho,jax,wme_s1_jax_ae2_ab2_alr0p0003__8d5f1d98,1e34514ddf70bfc8a78757d9a78b82306627164c,8428403b482c94dbcd95a5a0770b2bc1aa7c630f,ablation/td3_amo/walker2d-medium-expert-v2/3e-4/seed_1/wme_s1_jax_ae2_ab2_alr0p0003__8d5f1d98,/home/svcho/amo/results/td3_amo_loco9_alpha2_alr_no2e3_seeds03/jobs/w-me_alr3e4_s1/run,final_eval_50.json,1,normalized_score,2026-09-16T09:20:33.544595+00:00
td3_amo,2,0.0003,walker2d-medium-expert-v2,2,110.13109387603166,1000000,True,50,False,2,ext_csv,jax,wme_s2_ae2_ab2_Tlr0p0003__9c74f67f,1e34514ddf70bfc8a78757d9a78b82306627164c,32edbe55c2befd86f645192b55d2156f2f8abffc,ablation/td3_amo/walker2d-medium-expert-v2/3e-4/seed_2/wme_s2_ae2_ab2_Tlr0p0003__9c74f67f,/raid/ext_csv/AMO_store/td3_amo_jax_loco9_alpha2_alr1em3_seeds0to3/runs/td3amo_jax_w-me_a2_alr3em4_s2,eval.jsonl,1,normalized_score,2026-09-16T10:58:38.059957+00:00
td3_amo,2,0.0003,walker2d-medium-expert-v2,2,110.27659189524117,1000000,True,50,True,2,svcho,jax,wme_s2_jax_ae2_ab2_alr0p0003__ad26f7d2,1e34514ddf70bfc8a78757d9a78b82306627164c,8428403b482c94dbcd95a5a0770b2bc1aa7c630f,ablation/td3_amo/walker2d-medium-expert-v2/3e-4/seed_2/wme_s2_jax_ae2_ab2_alr0p0003__ad26f7d2,/home/svcho/amo/results/td3_amo_loco9_alpha2_alr_no2e3_seeds03/jobs/w-me_alr3e4_s2/run,final_eval_50.json,1,normalized_score,2026-09-16T09:20:33.682095+00:00
td3_amo,2,0.0003,walker2d-medium-expert-v2,3,109.79421969260062,1000000,True,50,True,2,ext_csv,jax,wme_s3_ae2_ab2_Tlr0p0003__7e10f2b7,1e34514ddf70bfc8a78757d9a78b82306627164c,32edbe55c2befd86f645192b55d2156f2f8abffc,ablation/td3_amo/walker2d-medium-expert-v2/3e-4/seed_3/wme_s3_ae2_ab2_Tlr0p0003__7e10f2b7,/raid/ext_csv/AMO_store/td3_amo_jax_loco9_alpha2_alr1em3_seeds0to3/runs/td3amo_jax_w-me_a2_alr3em4_s3,eval.jsonl,1,normalized_score,2026-09-16T11:00:02.348610+00:00
td3_amo,2,0.0003,walker2d-medium-expert-v2,3,109.5938947962485,1000000,True,50,False,2,svcho,jax,wme_s3_jax_ae2_ab2_alr0p0003__834ea4c9,1e34514ddf70bfc8a78757d9a78b82306627164c,8428403b482c94dbcd95a5a0770b2bc1aa7c630f,ablation/td3_amo/walker2d-medium-expert-v2/3e-4/seed_3/wme_s3_jax_ae2_ab2_alr0p0003__834ea4c9,/home/svcho/amo/results/td3_amo_loco9_alpha2_alr_no2e3_seeds03/jobs/w-me_alr3e4_s3/run,final_eval_50.json,1,normalized_score,2026-09-16T09:20:33.781315+00:00
td3_amo,2,0.002,antmaze-umaze-v2,0,80.0,1000000,False,10,False,5,ext_csh,torch,amu_s0_te1_tb1_Tlr0p002__e6bac3c7,,714cbefbac393aee6d75b154bd8b80daf36d1823,ablation/td3_amo/antmaze-umaze-v2/2e-3/seed_0/amu_s0_te1_tb1_Tlr0p002__e6bac3c7,/raid/ext_csh/artifacts/AMO/results/amo_antmaze6_s0_bpi_tlr_te_tb_init_sweep/cells/tlr2e-3_te1_tb1/runs/amo_adaptive_multiscale_am-u_s0_tlr2e-3_te1_tb1-antmaze-umaze-v2-e6bac3c7,eval.jsonl,200,d4rl_normalized_score,
td3_amo,2,0.002,antmaze-umaze-v2,0,90.0,1000000,False,10,True,5,ext_csv,torch,amu_s0_te1_tb1_Tlr0p002__9c6fdf8b,c45671c47cfae89154331e9c9dab59b9cdbc9c40,32edbe55c2befd86f645192b55d2156f2f8abffc,ablation/td3_amo/antmaze-umaze-v2/2e-3/seed_0/amu_s0_te1_tb1_Tlr0p002__9c6fdf8b,/raid/ext_csv/AMO_store/amo_adaptive_multiscale_antmaze6_scale_sweep_seed0/runs/amo_ams_umaze_Te1_Tb1_s0-antmaze-umaze-v2-9c6fdf8b,eval.jsonl,50,d4rl_normalized_score,
td3_amo,2,0.002,antmaze-umaze-v2,0,80.0,1000000,False,10,False,5,shchoi,torch,amu_s0_TE1_Tlr0p002__1bc3bc46,,aa9e29b18841961a07cba1afe3a44a6048ce24e6,ablation/td3_amo/antmaze-umaze-v2/2e-3/seed_0/amu_s0_TE1_Tlr0p002__1bc3bc46,/home/shchoi/amo/results/amo_adaptive_multiscale_antmaze6_sweep_seed0/runs/amo_ams_au_tlr2e-03_t1_s0-antmaze-umaze-v2-extcsh,eval.jsonl,200,d4rl_normalized_score,
td3_amo,2,0.002,antmaze-umaze-v2,0,80.0,1000000,True,50,False,5,shchoi,torch,amu_s0_TE1_Tlr0p002__95383ef4,,aa9e29b18841961a07cba1afe3a44a6048ce24e6,ablation/td3_amo/antmaze-umaze-v2/2e-3/seed_0/amu_s0_TE1_Tlr0p002__95383ef4,/home/shchoi/amo/results/amo_adaptive_multiscale_antmaze6_sweep_seed0/runs/amo_ams_au_tlr2e-03_t1_s0-antmaze-umaze-v2-95383ef4,final_eval_50.jsonl,1,d4rl_normalized_score,2026-09-12T16:29:51.721399+00:00
td3_amo,2,0.002,antmaze-umaze-v2,0,80.0,1000000,False,10,False,5,shchoi,torch,amu_s0_te1_tb1_Tlr0p002__e6bac3c7,,aa9e29b18841961a07cba1afe3a44a6048ce24e6,ablation/td3_amo/antmaze-umaze-v2/2e-3/seed_0/amu_s0_te1_tb1_Tlr0p002__e6bac3c7,/raid/ext_csh/artifacts/AMO/results/amo_antmaze6_s0_bpi_tlr_te_tb_init_sweep/cells/tlr2e-3_te1_tb1/runs/amo_adaptive_multiscale_am-u_s0_tlr2e-3_te1_tb1-antmaze-umaze-v2-e6bac3c7,eval.jsonl,200,d4rl_normalized_score,
td3_amo,2,0.002,antmaze-umaze-v2,1,86.0,1000000,True,50,True,1,shchoi,torch,amu_s1_TE1_Tlr0p002__16411245,,aa9e29b18841961a07cba1afe3a44a6048ce24e6,ablation/td3_amo/antmaze-umaze-v2/2e-3/seed_1/amu_s1_TE1_Tlr0p002__16411245,/home/shchoi/amo/results/amo_adaptive_multiscale_antmaze6_sweep_seeds1-2-3/runs/amo_ams_au_tlr2e-03_t1_s1-antmaze-umaze-v2-16411245,final_eval_50.jsonl,1,d4rl_normalized_score,2026-09-13T01:58:39.481768+00:00
td3_amo,2,0.002,antmaze-umaze-v2,2,88.2,1000000,True,500,True,1,choi,torch,amu_s2_te1_tb1_Tlr0p002__303bd668,eee3d486fac0c9f5ecbbea411424e6691b715265,77632f62205b32266edb06cf137e9830ea5b4236,ablation/td3_amo/antmaze-umaze-v2/2e-3/seed_2/amu_s2_te1_tb1_Tlr0p002__303bd668,/home/choi/AMO_store/td3_amo_antmaze_te1_tlr_main_fill_adaptive_critic/runs/td3amo_te1_tb1_tlr2e-3_amu_s2-antmaze-umaze-v2-303bd668,eval.jsonl,86,d4rl_normalized_score,
td3_amo,2,0.002,antmaze-umaze-v2,3,86.0,1000000,True,500,True,1,choi,torch,amu_s3_te1_tb1_Tlr0p002__9ddddb01,eee3d486fac0c9f5ecbbea411424e6691b715265,77632f62205b32266edb06cf137e9830ea5b4236,ablation/td3_amo/antmaze-umaze-v2/2e-3/seed_3/amu_s3_te1_tb1_Tlr0p002__9ddddb01,/home/choi/AMO_store/td3_amo_antmaze_te1_tlr_main_fill_adaptive_critic/runs/td3amo_te1_tb1_tlr2e-3_amu_s3-antmaze-umaze-v2-9ddddb01,eval.jsonl,84,d4rl_normalized_score,
td3_amo,2,0.001,antmaze-umaze-v2,0,90.0,1000000,False,10,False,3,ext_csv,torch,amu_s0_te1_tb1_Tlr0p001__435aa2a2,c45671c47cfae89154331e9c9dab59b9cdbc9c40,32edbe55c2befd86f645192b55d2156f2f8abffc,ablation/td3_amo/antmaze-umaze-v2/1e-3/seed_0/amu_s0_te1_tb1_Tlr0p001__435aa2a2,/raid/ext_csv/AMO_store/amo_adaptive_multiscale_antmaze6_tb_bc_qimprove_1em3_seed0/runs/amo_ams_umaze_Te1_Tb1_BCq_1em3_s0-antmaze-umaze-v2-435aa2a2,eval.jsonl,50,d4rl_normalized_score,
td3_amo,2,0.001,antmaze-umaze-v2,0,90.0,1000000,False,10,False,3,ext_csv,torch,amu_s0_te1_tb1_Tlr0p001__7f3e7a0e,c45671c47cfae89154331e9c9dab59b9cdbc9c40,32edbe55c2befd86f645192b55d2156f2f8abffc,ablation/td3_amo/antmaze-umaze-v2/1e-3/seed_0/amu_s0_te1_tb1_Tlr0p001__7f3e7a0e,/raid/ext_csv/AMO_store/amo_adaptive_multiscale_antmaze6_tlr_te1tb1_seed0/runs/amo_ams_umaze_Te1_Tb1_1em3_s0-antmaze-umaze-v2-7f3e7a0e,eval.jsonl,50,d4rl_normalized_score,
td3_amo,2,0.001,antmaze-umaze-v2,0,96.0,1000000,True,50,True,3,shchoi,torch,amu_s0_TE1_Tlr0p001__129d7e93,,aa9e29b18841961a07cba1afe3a44a6048ce24e6,ablation/td3_amo/antmaze-umaze-v2/1e-3/seed_0/amu_s0_TE1_Tlr0p001__129d7e93,/home/shchoi/amo/results/amo_adaptive_multiscale_antmaze6_sweep_seed0/runs/amo_ams_au_tlr1e-03_t1_s0-antmaze-umaze-v2-129d7e93,final_eval_50.jsonl,1,d4rl_normalized_score,2026-09-12T16:29:45.588971+00:00
td3_amo,2,0.001,antmaze-umaze-v2,1,94.0,1000000,True,50,False,2,ext_csv,torch,amu_s1_te1_tb1_Tlr0p001__8dca75a3,c45671c47cfae89154331e9c9dab59b9cdbc9c40,32edbe55c2befd86f645192b55d2156f2f8abffc,ablation/td3_amo/antmaze-umaze-v2/1e-3/seed_1/amu_s1_te1_tb1_Tlr0p001__8dca75a3,/raid/ext_csv/AMO_store/amo_adaptive_multiscale_antmaze6_tlr_te1tb1_1em3_seeds123/runs/amo_ams_umaze_Te1_Tb1_1em3_s1-antmaze-umaze-v2-8dca75a3,eval.jsonl,50,d4rl_normalized_score,
td3_amo,2,0.001,antmaze-umaze-v2,1,96.0,1000000,True,50,True,2,shchoi,torch,amu_s1_TE1_Tlr0p001__0386cef8,,aa9e29b18841961a07cba1afe3a44a6048ce24e6,ablation/td3_amo/antmaze-umaze-v2/1e-3/seed_1/amu_s1_TE1_Tlr0p001__0386cef8,/home/shchoi/amo/results/amo_adaptive_multiscale_antmaze6_sweep_seeds1-2-3/runs/amo_ams_au_tlr1e-03_t1_s1-antmaze-umaze-v2-0386cef8,final_eval_50.jsonl,1,d4rl_normalized_score,2026-09-13T01:58:33.250916+00:00
td3_amo,2,0.001,antmaze-umaze-v2,2,85.8,1000000,True,500,True,1,choi,torch,amu_s2_te1_tb1_Tlr0p001__9351425d,eee3d486fac0c9f5ecbbea411424e6691b715265,77632f62205b32266edb06cf137e9830ea5b4236,ablation/td3_amo/antmaze-umaze-v2/1e-3/seed_2/amu_s2_te1_tb1_Tlr0p001__9351425d,/home/choi/AMO_store/td3_amo_antmaze_te1_tlr_main_fill_adaptive_critic/runs/td3amo_te1_tb1_tlr1e-3_amu_s2-antmaze-umaze-v2-9351425d,eval.jsonl,205,d4rl_normalized_score,
td3_amo,2,0.001,antmaze-umaze-v2,3,94.8,1000000,True,500,True,1,choi,torch,amu_s3_te1_tb1_Tlr0p001__c3c92005,eee3d486fac0c9f5ecbbea411424e6691b715265,77632f62205b32266edb06cf137e9830ea5b4236,ablation/td3_amo/antmaze-umaze-v2/1e-3/seed_3/amu_s3_te1_tb1_Tlr0p001__c3c92005,/home/choi/AMO_store/td3_amo_antmaze_te1_tlr_main_fill_adaptive_critic/runs/td3amo_te1_tb1_tlr1e-3_amu_s3-antmaze-umaze-v2-c3c92005,eval.jsonl,205,d4rl_normalized_score,
td3_amo,2,0.0003,antmaze-umaze-v2,0,94.0,1000000,True,50,True,1,shchoi,torch,amu_s0_TE1_Tlr0p0003__82b63148,,aa9e29b18841961a07cba1afe3a44a6048ce24e6,ablation/td3_amo/antmaze-umaze-v2/3e-4/seed_0/amu_s0_TE1_Tlr0p0003__82b63148,/home/shchoi/amo/results/amo_adaptive_multiscale_antmaze6_sweep_seed0/runs/amo_ams_au_tlr3e-04_t1_s0-antmaze-umaze-v2-82b63148,final_eval_50.jsonl,1,d4rl_normalized_score,2026-09-12T16:29:45.541900+00:00
td3_amo,2,0.0003,antmaze-umaze-v2,1,74.0,1000000,True,50,True,1,shchoi,torch,amu_s1_TE1_Tlr0p0003__c9e3e15a,,aa9e29b18841961a07cba1afe3a44a6048ce24e6,ablation/td3_amo/antmaze-umaze-v2/3e-4/seed_1/amu_s1_TE1_Tlr0p0003__c9e3e15a,/home/shchoi/amo/results/amo_adaptive_multiscale_antmaze6_sweep_seeds1-2-3/runs/amo_ams_au_tlr3e-04_t1_s1-antmaze-umaze-v2-c9e3e15a,final_eval_50.jsonl,1,d4rl_normalized_score,2026-09-13T01:58:34.957026+00:00
td3_amo,2,0.0003,antmaze-umaze-v2,2,88.4,1000000,True,500,True,1,choi,torch,amu_s2_te1_tb1_Tlr0p0003__927f8ed3,eee3d486fac0c9f5ecbbea411424e6691b715265,77632f62205b32266edb06cf137e9830ea5b4236,ablation/td3_amo/antmaze-umaze-v2/3e-4/seed_2/amu_s2_te1_tb1_Tlr0p0003__927f8ed3,/home/choi/AMO_store/td3_amo_antmaze_te1_tlr_main_fill_adaptive_critic/runs/td3amo_te1_tb1_tlr3e-4_amu_s2-antmaze-umaze-v2-927f8ed3,eval.jsonl,205,d4rl_normalized_score,
td3_amo,2,0.0003,antmaze-umaze-v2,3,92.2,1000000,True,500,True,1,choi,torch,amu_s3_te1_tb1_Tlr0p0003__03979fb4,eee3d486fac0c9f5ecbbea411424e6691b715265,77632f62205b32266edb06cf137e9830ea5b4236,ablation/td3_amo/antmaze-umaze-v2/3e-4/seed_3/amu_s3_te1_tb1_Tlr0p0003__03979fb4,/home/choi/AMO_store/td3_amo_antmaze_te1_tlr_main_fill_adaptive_critic/runs/td3amo_te1_tb1_tlr3e-4_amu_s3-antmaze-umaze-v2-03979fb4,eval.jsonl,205,d4rl_normalized_score,
td3_amo,2,0.002,antmaze-umaze-diverse-v2,0,70.0,1000000,False,10,False,5,ext_csh,torch,amud_s0_te1_tb1_Tlr0p002__6e518fb0,,714cbefbac393aee6d75b154bd8b80daf36d1823,ablation/td3_amo/antmaze-umaze-diverse-v2/2e-3/seed_0/amud_s0_te1_tb1_Tlr0p002__6e518fb0,/raid/ext_csh/artifacts/AMO/results/amo_antmaze6_s0_bpi_tlr_te_tb_init_sweep/cells/tlr2e-3_te1_tb1/runs/amo_adaptive_multiscale_am-ud_s0_tlr2e-3_te1_tb1-antmaze-umaze-diverse-v2-6e518fb0,eval.jsonl,200,d4rl_normalized_score,
td3_amo,2,0.002,antmaze-umaze-diverse-v2,0,80.0,1000000,False,10,False,5,ext_csv,torch,amud_s0_te1_tb1_Tlr0p002__c6a40782,c45671c47cfae89154331e9c9dab59b9cdbc9c40,32edbe55c2befd86f645192b55d2156f2f8abffc,ablation/td3_amo/antmaze-umaze-diverse-v2/2e-3/seed_0/amud_s0_te1_tb1_Tlr0p002__c6a40782,/raid/ext_csv/AMO_store/amo_adaptive_multiscale_antmaze6_scale_sweep_seed0/runs/amo_ams_umaze-div_Te1_Tb1_s0-antmaze-umaze-diverse-v2-c6a40782,eval.jsonl,50,d4rl_normalized_score,
td3_amo,2,0.002,antmaze-umaze-diverse-v2,0,70.0,1000000,False,10,False,5,shchoi,torch,amud_s0_TE1_Tlr0p002__0f198887,,aa9e29b18841961a07cba1afe3a44a6048ce24e6,ablation/td3_amo/antmaze-umaze-diverse-v2/2e-3/seed_0/amud_s0_TE1_Tlr0p002__0f198887,/home/shchoi/amo/results/amo_adaptive_multiscale_antmaze6_sweep_seed0/runs/amo_ams_aud_tlr2e-03_t1_s0-antmaze-umaze-diverse-v2-extcsh,eval.jsonl,200,d4rl_normalized_score,
td3_amo,2,0.002,antmaze-umaze-diverse-v2,0,82.0,1000000,True,50,True,5,shchoi,torch,amud_s0_TE1_Tlr0p002__2c250b9e,,aa9e29b18841961a07cba1afe3a44a6048ce24e6,ablation/td3_amo/antmaze-umaze-diverse-v2/2e-3/seed_0/amud_s0_TE1_Tlr0p002__2c250b9e,/home/shchoi/amo/results/amo_adaptive_multiscale_antmaze6_sweep_seed0/runs/amo_ams_aud_tlr2e-03_t1_s0-antmaze-umaze-diverse-v2-2c250b9e,final_eval_50.jsonl,1,d4rl_normalized_score,2026-09-12T16:29:58.549740+00:00
td3_amo,2,0.002,antmaze-umaze-diverse-v2,0,70.0,1000000,False,10,False,5,shchoi,torch,amud_s0_te1_tb1_Tlr0p002__6e518fb0,,aa9e29b18841961a07cba1afe3a44a6048ce24e6,ablation/td3_amo/antmaze-umaze-diverse-v2/2e-3/seed_0/amud_s0_te1_tb1_Tlr0p002__6e518fb0,/raid/ext_csh/artifacts/AMO/results/amo_antmaze6_s0_bpi_tlr_te_tb_init_sweep/cells/tlr2e-3_te1_tb1/runs/amo_adaptive_multiscale_am-ud_s0_tlr2e-3_te1_tb1-antmaze-umaze-diverse-v2-6e518fb0,eval.jsonl,200,d4rl_normalized_score,
td3_amo,2,0.002,antmaze-umaze-diverse-v2,1,80.0,1000000,True,50,True,1,shchoi,torch,amud_s1_TE1_Tlr0p002__2a9eb413,,aa9e29b18841961a07cba1afe3a44a6048ce24e6,ablation/td3_amo/antmaze-umaze-diverse-v2/2e-3/seed_1/amud_s1_TE1_Tlr0p002__2a9eb413,/home/shchoi/amo/results/amo_adaptive_multiscale_antmaze6_sweep_seeds1-2-3/runs/amo_ams_aud_tlr2e-03_t1_s1-antmaze-umaze-diverse-v2-2a9eb413,final_eval_50.jsonl,1,d4rl_normalized_score,2026-09-13T03:28:46.995722+00:00
td3_amo,2,0.002,antmaze-umaze-diverse-v2,2,76.0,1000000,True,50,True,1,choi,jax,amud_s2_jax_ae2_ab2_Tlr0p002__880332d1,123f23478a0904e5102c037d6f7e176fcda1f147,77632f62205b32266edb06cf137e9830ea5b4236,ablation/td3_amo/antmaze-umaze-diverse-v2/2e-3/seed_2/amud_s2_jax_ae2_ab2_Tlr0p002__880332d1,/home/choi/AMO_store/td3_amo_jax_antmaze_te1_tlr_fill/runs/td3amo_jax_te1_tb1_tlr2e-3_amud_s2,eval.jsonl,50,normalized_score,2026-09-14T17:21:05.649772+00:00
td3_amo,2,0.002,antmaze-umaze-diverse-v2,3,62.0,1000000,True,50,True,1,choi,jax,amud_s3_jax_ae2_ab2_Tlr0p002__cfe195a3,123f23478a0904e5102c037d6f7e176fcda1f147,77632f62205b32266edb06cf137e9830ea5b4236,ablation/td3_amo/antmaze-umaze-diverse-v2/2e-3/seed_3/amud_s3_jax_ae2_ab2_Tlr0p002__cfe195a3,/home/choi/AMO_store/td3_amo_jax_antmaze_te1_tlr_fill/runs/td3amo_jax_te1_tb1_tlr2e-3_amud_s3,eval.jsonl,50,normalized_score,2026-09-14T17:21:17.094174+00:00
td3_amo,2,0.001,antmaze-umaze-diverse-v2,0,80.0,1000000,False,10,True,3,ext_csv,torch,amud_s0_te1_tb1_Tlr0p001__90f71451,c45671c47cfae89154331e9c9dab59b9cdbc9c40,32edbe55c2befd86f645192b55d2156f2f8abffc,ablation/td3_amo/antmaze-umaze-diverse-v2/1e-3/seed_0/amud_s0_te1_tb1_Tlr0p001__90f71451,/raid/ext_csv/AMO_store/amo_adaptive_multiscale_antmaze6_tb_bc_qimprove_1em3_seed0/runs/amo_ams_umaze-div_Te1_Tb1_BCq_1em3_s0-antmaze-umaze-diverse-v2-90f71451,eval.jsonl,50,d4rl_normalized_score,
td3_amo,2,0.001,antmaze-umaze-diverse-v2,0,70.0,1000000,False,10,False,3,ext_csv,torch,amud_s0_te1_tb1_Tlr0p001__9a179fb0,c45671c47cfae89154331e9c9dab59b9cdbc9c40,32edbe55c2befd86f645192b55d2156f2f8abffc,ablation/td3_amo/antmaze-umaze-diverse-v2/1e-3/seed_0/amud_s0_te1_tb1_Tlr0p001__9a179fb0,/raid/ext_csv/AMO_store/amo_adaptive_multiscale_antmaze6_tlr_te1tb1_seed0/runs/amo_ams_umaze-div_Te1_Tb1_1em3_s0-antmaze-umaze-diverse-v2-9a179fb0,eval.jsonl,50,d4rl_normalized_score,
td3_amo,2,0.001,antmaze-umaze-diverse-v2,0,78.0,1000000,True,50,False,3,shchoi,torch,amud_s0_TE1_Tlr0p001__e529fdff,,aa9e29b18841961a07cba1afe3a44a6048ce24e6,ablation/td3_amo/antmaze-umaze-diverse-v2/1e-3/seed_0/amud_s0_TE1_Tlr0p001__e529fdff,/home/shchoi/amo/results/amo_adaptive_multiscale_antmaze6_sweep_seed0/runs/amo_ams_aud_tlr1e-03_t1_s0-antmaze-umaze-diverse-v2-e529fdff,final_eval_50.jsonl,1,d4rl_normalized_score,2026-09-12T16:29:58.097769+00:00
td3_amo,2,0.001,antmaze-umaze-diverse-v2,1,22.0,1000000,True,50,False,2,ext_csv,torch,amud_s1_te1_tb1_Tlr0p001__009e3452,c45671c47cfae89154331e9c9dab59b9cdbc9c40,32edbe55c2befd86f645192b55d2156f2f8abffc,ablation/td3_amo/antmaze-umaze-diverse-v2/1e-3/seed_1/amud_s1_te1_tb1_Tlr0p001__009e3452,/raid/ext_csv/AMO_store/amo_adaptive_multiscale_antmaze6_tlr_te1tb1_1em3_seeds123/runs/amo_ams_umaze-div_Te1_Tb1_1em3_s1-antmaze-umaze-diverse-v2-009e3452,eval.jsonl,50,d4rl_normalized_score,
td3_amo,2,0.001,antmaze-umaze-diverse-v2,1,90.0,1000000,True,50,True,2,shchoi,torch,amud_s1_TE1_Tlr0p001__ef717d0a,,aa9e29b18841961a07cba1afe3a44a6048ce24e6,ablation/td3_amo/antmaze-umaze-diverse-v2/1e-3/seed_1/amud_s1_TE1_Tlr0p001__ef717d0a,/home/shchoi/amo/results/amo_adaptive_multiscale_antmaze6_sweep_seeds1-2-3/runs/amo_ams_aud_tlr1e-03_t1_s1-antmaze-umaze-diverse-v2-ef717d0a,final_eval_50.jsonl,1,d4rl_normalized_score,2026-09-13T01:58:50.157255+00:00
td3_amo,2,0.001,antmaze-umaze-diverse-v2,2,57.99999999999999,1000000,True,50,True,2,choi,jax,amud_s2_jax_ae2_ab2_Tlr0p001__9dcc9acf,123f23478a0904e5102c037d6f7e176fcda1f147,77632f62205b32266edb06cf137e9830ea5b4236,ablation/td3_amo/antmaze-umaze-diverse-v2/1e-3/seed_2/amud_s2_jax_ae2_ab2_Tlr0p001__9dcc9acf,/home/choi/AMO_store/td3_amo_jax_antmaze_te1_tlr_fill/runs/td3amo_jax_te1_tb1_tlr1e-3_amud_s2,eval.jsonl,50,normalized_score,2026-09-14T18:07:40.615991+00:00
td3_amo,2,0.001,antmaze-umaze-diverse-v2,2,40.8,1000000,True,500,False,2,choi,torch,amud_s2_te1_tb1_Tlr0p001__c07cb3c6,eee3d486fac0c9f5ecbbea411424e6691b715265,77632f62205b32266edb06cf137e9830ea5b4236,ablation/td3_amo/antmaze-umaze-diverse-v2/1e-3/seed_2/amud_s2_te1_tb1_Tlr0p001__c07cb3c6,/home/choi/AMO_store/td3_amo_antmaze_te1_tlr_main_fill_adaptive_critic/runs/td3amo_te1_tb1_tlr1e-3_amud_s2-antmaze-umaze-diverse-v2-c07cb3c6,eval.jsonl,55,d4rl_normalized_score,
td3_amo,2,0.001,antmaze-umaze-diverse-v2,3,94.0,1000000,True,50,True,2,choi,jax,amud_s3_jax_ae2_ab2_Tlr0p001__2d3ef55a,123f23478a0904e5102c037d6f7e176fcda1f147,77632f62205b32266edb06cf137e9830ea5b4236,ablation/td3_amo/antmaze-umaze-diverse-v2/1e-3/seed_3/amud_s3_jax_ae2_ab2_Tlr0p001__2d3ef55a,/home/choi/AMO_store/td3_amo_jax_antmaze_te1_tlr_fill/runs/td3amo_jax_te1_tb1_tlr1e-3_amud_s3,eval.jsonl,50,normalized_score,2026-09-14T18:07:46.163791+00:00
td3_amo,2,0.001,antmaze-umaze-diverse-v2,3,37.8,1000000,True,500,False,2,choi,torch,amud_s3_te1_tb1_Tlr0p001__a60a410f,eee3d486fac0c9f5ecbbea411424e6691b715265,77632f62205b32266edb06cf137e9830ea5b4236,ablation/td3_amo/antmaze-umaze-diverse-v2/1e-3/seed_3/amud_s3_te1_tb1_Tlr0p001__a60a410f,/home/choi/AMO_store/td3_amo_antmaze_te1_tlr_main_fill_adaptive_critic/runs/td3amo_te1_tb1_tlr1e-3_amud_s3-antmaze-umaze-diverse-v2-a60a410f,eval.jsonl,55,d4rl_normalized_score,
td3_amo,2,0.0003,antmaze-umaze-diverse-v2,0,76.0,1000000,True,50,True,1,shchoi,torch,amud_s0_TE1_Tlr0p0003__765ac073,,aa9e29b18841961a07cba1afe3a44a6048ce24e6,ablation/td3_amo/antmaze-umaze-diverse-v2/3e-4/seed_0/amud_s0_TE1_Tlr0p0003__765ac073,/home/shchoi/amo/results/amo_adaptive_multiscale_antmaze6_sweep_seed0/runs/amo_ams_aud_tlr3e-04_t1_s0-antmaze-umaze-diverse-v2-765ac073,final_eval_50.jsonl,1,d4rl_normalized_score,2026-09-12T16:29:52.666164+00:00
td3_amo,2,0.0003,antmaze-umaze-diverse-v2,1,76.0,1000000,True,50,True,1,shchoi,torch,amud_s1_TE1_Tlr0p0003__4b8de6fa,,aa9e29b18841961a07cba1afe3a44a6048ce24e6,ablation/td3_amo/antmaze-umaze-diverse-v2/3e-4/seed_1/amud_s1_TE1_Tlr0p0003__4b8de6fa,/home/shchoi/amo/results/amo_adaptive_multiscale_antmaze6_sweep_seeds1-2-3/runs/amo_ams_aud_tlr3e-04_t1_s1-antmaze-umaze-diverse-v2-4b8de6fa,final_eval_50.jsonl,1,d4rl_normalized_score,2026-09-13T01:58:45.862608+00:00
td3_amo,2,0.0003,antmaze-umaze-diverse-v2,2,84.0,1000000,True,50,True,2,choi,jax,amud_s2_jax_ae2_ab2_Tlr0p0003__72abd805,123f23478a0904e5102c037d6f7e176fcda1f147,77632f62205b32266edb06cf137e9830ea5b4236,ablation/td3_amo/antmaze-umaze-diverse-v2/3e-4/seed_2/amud_s2_jax_ae2_ab2_Tlr0p0003__72abd805,/home/choi/AMO_store/td3_amo_jax_antmaze_te1_tlr_fill/runs/td3amo_jax_te1_tb1_tlr3e-4_amud_s2,eval.jsonl,50,normalized_score,2026-09-14T17:44:56.735542+00:00
td3_amo,2,0.0003,antmaze-umaze-diverse-v2,2,38.4,1000000,True,500,False,2,choi,torch,amud_s2_te1_tb1_Tlr0p0003__eaef540a,eee3d486fac0c9f5ecbbea411424e6691b715265,77632f62205b32266edb06cf137e9830ea5b4236,ablation/td3_amo/antmaze-umaze-diverse-v2/3e-4/seed_2/amud_s2_te1_tb1_Tlr0p0003__eaef540a,/home/choi/AMO_store/td3_amo_antmaze_te1_tlr_main_fill_adaptive_critic/runs/td3amo_te1_tb1_tlr3e-4_amud_s2-antmaze-umaze-diverse-v2-eaef540a,eval.jsonl,55,d4rl_normalized_score,
td3_amo,2,0.0003,antmaze-umaze-diverse-v2,3,70.0,1000000,True,50,True,2,choi,jax,amud_s3_jax_ae2_ab2_Tlr0p0003__aa0e67a7,123f23478a0904e5102c037d6f7e176fcda1f147,77632f62205b32266edb06cf137e9830ea5b4236,ablation/td3_amo/antmaze-umaze-diverse-v2/3e-4/seed_3/amud_s3_jax_ae2_ab2_Tlr0p0003__aa0e67a7,/home/choi/AMO_store/td3_amo_jax_antmaze_te1_tlr_fill/runs/td3amo_jax_te1_tb1_tlr3e-4_amud_s3,eval.jsonl,50,normalized_score,2026-09-14T17:45:05.997396+00:00
td3_amo,2,0.0003,antmaze-umaze-diverse-v2,3,41.2,1000000,True,500,False,2,choi,torch,amud_s3_te1_tb1_Tlr0p0003__af43b6d4,eee3d486fac0c9f5ecbbea411424e6691b715265,77632f62205b32266edb06cf137e9830ea5b4236,ablation/td3_amo/antmaze-umaze-diverse-v2/3e-4/seed_3/amud_s3_te1_tb1_Tlr0p0003__af43b6d4,/home/choi/AMO_store/td3_amo_antmaze_te1_tlr_main_fill_adaptive_critic/runs/td3amo_te1_tb1_tlr3e-4_amud_s3-antmaze-umaze-diverse-v2-af43b6d4,eval.jsonl,55,d4rl_normalized_score,
td3_amo,2,0.002,antmaze-medium-play-v2,0,90.0,1000000,False,10,True,5,ext_csh,torch,ammp_s0_te1_tb1_Tlr0p002__b10fe66e,,714cbefbac393aee6d75b154bd8b80daf36d1823,ablation/td3_amo/antmaze-medium-play-v2/2e-3/seed_0/ammp_s0_te1_tb1_Tlr0p002__b10fe66e,/raid/ext_csh/artifacts/AMO/results/amo_antmaze6_s0_bpi_tlr_te_tb_init_sweep/cells/tlr2e-3_te1_tb1/runs/amo_adaptive_multiscale_am-mp_s0_tlr2e-3_te1_tb1-antmaze-medium-play-v2-b10fe66e,eval.jsonl,200,d4rl_normalized_score,
td3_amo,2,0.002,antmaze-medium-play-v2,0,60.0,1000000,False,10,False,5,ext_csv,torch,ammp_s0_te1_tb1_Tlr0p002__4780db25,c45671c47cfae89154331e9c9dab59b9cdbc9c40,32edbe55c2befd86f645192b55d2156f2f8abffc,ablation/td3_amo/antmaze-medium-play-v2/2e-3/seed_0/ammp_s0_te1_tb1_Tlr0p002__4780db25,/raid/ext_csv/AMO_store/amo_adaptive_multiscale_antmaze6_scale_sweep_seed0/runs/amo_ams_med-play_Te1_Tb1_s0-antmaze-medium-play-v2-4780db25,eval.jsonl,50,d4rl_normalized_score,
td3_amo,2,0.002,antmaze-medium-play-v2,0,66.0,1000000,True,50,False,5,shchoi,torch,ammp_s0_TE1_Tlr0p002__2feccd52,,aa9e29b18841961a07cba1afe3a44a6048ce24e6,ablation/td3_amo/antmaze-medium-play-v2/2e-3/seed_0/ammp_s0_TE1_Tlr0p002__2feccd52,/home/shchoi/amo/results/amo_adaptive_multiscale_antmaze6_sweep_seed0/runs/amo_ams_amp_tlr2e-03_t1_s0-antmaze-medium-play-v2-2feccd52,final_eval_50.jsonl,1,d4rl_normalized_score,2026-09-12T16:30:17.355504+00:00
td3_amo,2,0.002,antmaze-medium-play-v2,0,90.0,1000000,False,10,False,5,shchoi,torch,ammp_s0_TE1_Tlr0p002__f14bc558,,aa9e29b18841961a07cba1afe3a44a6048ce24e6,ablation/td3_amo/antmaze-medium-play-v2/2e-3/seed_0/ammp_s0_TE1_Tlr0p002__f14bc558,/home/shchoi/amo/results/amo_adaptive_multiscale_antmaze6_sweep_seed0/runs/amo_ams_amp_tlr2e-03_t1_s0-antmaze-medium-play-v2-extcsh,eval.jsonl,200,d4rl_normalized_score,
td3_amo,2,0.002,antmaze-medium-play-v2,0,90.0,1000000,False,10,False,5,shchoi,torch,ammp_s0_te1_tb1_Tlr0p002__b10fe66e,,aa9e29b18841961a07cba1afe3a44a6048ce24e6,ablation/td3_amo/antmaze-medium-play-v2/2e-3/seed_0/ammp_s0_te1_tb1_Tlr0p002__b10fe66e,/raid/ext_csh/artifacts/AMO/results/amo_antmaze6_s0_bpi_tlr_te_tb_init_sweep/cells/tlr2e-3_te1_tb1/runs/amo_adaptive_multiscale_am-mp_s0_tlr2e-3_te1_tb1-antmaze-medium-play-v2-b10fe66e,eval.jsonl,200,d4rl_normalized_score,
td3_amo,2,0.002,antmaze-medium-play-v2,1,74.0,1000000,True,50,True,1,choi,jax,ammp_s1_jax_ae2_ab2_Tlr0p002__48a5f6dc,123f23478a0904e5102c037d6f7e176fcda1f147,77632f62205b32266edb06cf137e9830ea5b4236,ablation/td3_amo/antmaze-medium-play-v2/2e-3/seed_1/ammp_s1_jax_ae2_ab2_Tlr0p002__48a5f6dc,/home/choi/AMO_store/td3_amo_jax_antmaze_te1_tlr_fill/runs/td3amo_jax_te1_tb1_tlr2e-3_ammp_s1,eval.jsonl,50,normalized_score,2026-09-14T19:13:32.848178+00:00
td3_amo,2,0.002,antmaze-medium-play-v2,2,48.0,1000000,True,50,True,1,choi,jax,ammp_s2_jax_ae2_ab2_Tlr0p002__7d9fc12c,123f23478a0904e5102c037d6f7e176fcda1f147,77632f62205b32266edb06cf137e9830ea5b4236,ablation/td3_amo/antmaze-medium-play-v2/2e-3/seed_2/ammp_s2_jax_ae2_ab2_Tlr0p002__7d9fc12c,/home/choi/AMO_store/td3_amo_jax_antmaze_te1_tlr_fill/runs/td3amo_jax_te1_tb1_tlr2e-3_ammp_s2,eval.jsonl,50,normalized_score,2026-09-14T19:32:55.110655+00:00
td3_amo,2,0.002,antmaze-medium-play-v2,3,68.0,1000000,True,50,True,1,choi,jax,ammp_s3_jax_ae2_ab2_Tlr0p002__350f301a,123f23478a0904e5102c037d6f7e176fcda1f147,77632f62205b32266edb06cf137e9830ea5b4236,ablation/td3_amo/antmaze-medium-play-v2/2e-3/seed_3/ammp_s3_jax_ae2_ab2_Tlr0p002__350f301a,/home/choi/AMO_store/td3_amo_jax_antmaze_te1_tlr_fill/runs/td3amo_jax_te1_tb1_tlr2e-3_ammp_s3,eval.jsonl,50,normalized_score,2026-09-14T19:33:09.903253+00:00
td3_amo,2,0.001,antmaze-medium-play-v2,0,60.0,1000000,False,10,False,3,ext_csv,torch,ammp_s0_te1_tb1_Tlr0p001__3655f7a4,c45671c47cfae89154331e9c9dab59b9cdbc9c40,32edbe55c2befd86f645192b55d2156f2f8abffc,ablation/td3_amo/antmaze-medium-play-v2/1e-3/seed_0/ammp_s0_te1_tb1_Tlr0p001__3655f7a4,/raid/ext_csv/AMO_store/amo_adaptive_multiscale_antmaze6_tlr_te1tb1_seed0/runs/amo_ams_med-play_Te1_Tb1_1em3_s0-antmaze-medium-play-v2-3655f7a4,eval.jsonl,50,d4rl_normalized_score,
td3_amo,2,0.001,antmaze-medium-play-v2,0,90.0,1000000,False,10,True,3,ext_csv,torch,ammp_s0_te1_tb1_Tlr0p001__79cedde3,c45671c47cfae89154331e9c9dab59b9cdbc9c40,32edbe55c2befd86f645192b55d2156f2f8abffc,ablation/td3_amo/antmaze-medium-play-v2/1e-3/seed_0/ammp_s0_te1_tb1_Tlr0p001__79cedde3,/raid/ext_csv/AMO_store/amo_adaptive_multiscale_antmaze6_tb_bc_qimprove_1em3_seed0/runs/amo_ams_med-play_Te1_Tb1_BCq_1em3_s0-antmaze-medium-play-v2-79cedde3,eval.jsonl,50,d4rl_normalized_score,
td3_amo,2,0.001,antmaze-medium-play-v2,0,70.0,1000000,True,50,False,3,shchoi,torch,ammp_s0_TE1_Tlr0p001__b57b7ebf,,aa9e29b18841961a07cba1afe3a44a6048ce24e6,ablation/td3_amo/antmaze-medium-play-v2/1e-3/seed_0/ammp_s0_TE1_Tlr0p001__b57b7ebf,/home/shchoi/amo/results/amo_adaptive_multiscale_antmaze6_sweep_seed0/runs/amo_ams_amp_tlr1e-03_t1_s0-antmaze-medium-play-v2-b57b7ebf,final_eval_50.jsonl,1,d4rl_normalized_score,2026-09-12T16:30:10.027920+00:00
td3_amo,2,0.001,antmaze-medium-play-v2,1,76.0,1000000,True,50,True,1,ext_csv,torch,ammp_s1_te1_tb1_Tlr0p001__c198b33f,c45671c47cfae89154331e9c9dab59b9cdbc9c40,32edbe55c2befd86f645192b55d2156f2f8abffc,ablation/td3_amo/antmaze-medium-play-v2/1e-3/seed_1/ammp_s1_te1_tb1_Tlr0p001__c198b33f,/raid/ext_csv/AMO_store/amo_adaptive_multiscale_antmaze6_tlr_te1tb1_1em3_seeds123/runs/amo_ams_med-play_Te1_Tb1_1em3_s1-antmaze-medium-play-v2-c198b33f,eval.jsonl,50,d4rl_normalized_score,
td3_amo,2,0.001,antmaze-medium-play-v2,2,20.0,1000000,True,50,True,1,choi,jax,ammp_s2_jax_ae2_ab2_Tlr0p001__08234cbb,123f23478a0904e5102c037d6f7e176fcda1f147,77632f62205b32266edb06cf137e9830ea5b4236,ablation/td3_amo/antmaze-medium-play-v2/1e-3/seed_2/ammp_s2_jax_ae2_ab2_Tlr0p001__08234cbb,/home/choi/AMO_store/td3_amo_jax_antmaze_te1_tlr_fill/runs/td3amo_jax_te1_tb1_tlr1e-3_ammp_s2,eval.jsonl,50,normalized_score,2026-09-14T18:54:07.185334+00:00
td3_amo,2,0.001,antmaze-medium-play-v2,3,74.0,1000000,True,50,True,1,choi,jax,ammp_s3_jax_ae2_ab2_Tlr0p001__91e8f097,123f23478a0904e5102c037d6f7e176fcda1f147,77632f62205b32266edb06cf137e9830ea5b4236,ablation/td3_amo/antmaze-medium-play-v2/1e-3/seed_3/ammp_s3_jax_ae2_ab2_Tlr0p001__91e8f097,/home/choi/AMO_store/td3_amo_jax_antmaze_te1_tlr_fill/runs/td3amo_jax_te1_tb1_tlr1e-3_ammp_s3,eval.jsonl,50,normalized_score,2026-09-14T19:13:10.275421+00:00
td3_amo,2,0.0003,antmaze-medium-play-v2,0,20.0,1000000,True,50,True,1,shchoi,torch,ammp_s0_TE1_Tlr0p0003__9e0e981f,,aa9e29b18841961a07cba1afe3a44a6048ce24e6,ablation/td3_amo/antmaze-medium-play-v2/3e-4/seed_0/ammp_s0_TE1_Tlr0p0003__9e0e981f,/home/shchoi/amo/results/amo_adaptive_multiscale_antmaze6_sweep_seed0/runs/amo_ams_amp_tlr3e-04_t1_s0-antmaze-medium-play-v2-9e0e981f,final_eval_50.jsonl,1,d4rl_normalized_score,2026-09-12T16:30:14.292189+00:00
td3_amo,2,0.0003,antmaze-medium-play-v2,1,26.0,1000000,True,50,True,1,choi,jax,ammp_s1_jax_ae2_ab2_Tlr0p0003__39308d35,123f23478a0904e5102c037d6f7e176fcda1f147,77632f62205b32266edb06cf137e9830ea5b4236,ablation/td3_amo/antmaze-medium-play-v2/3e-4/seed_1/ammp_s1_jax_ae2_ab2_Tlr0p0003__39308d35,/home/choi/AMO_store/td3_amo_jax_antmaze_te1_tlr_fill/runs/td3amo_jax_te1_tb1_tlr3e-4_ammp_s1,eval.jsonl,50,normalized_score,2026-09-14T18:32:40.390144+00:00
td3_amo,2,0.0003,antmaze-medium-play-v2,2,26.0,1000000,True,50,True,1,choi,jax,ammp_s2_jax_ae2_ab2_Tlr0p0003__4f2918b1,123f23478a0904e5102c037d6f7e176fcda1f147,77632f62205b32266edb06cf137e9830ea5b4236,ablation/td3_amo/antmaze-medium-play-v2/3e-4/seed_2/ammp_s2_jax_ae2_ab2_Tlr0p0003__4f2918b1,/home/choi/AMO_store/td3_amo_jax_antmaze_te1_tlr_fill/runs/td3amo_jax_te1_tb1_tlr3e-4_ammp_s2,eval.jsonl,50,normalized_score,2026-09-14T18:33:18.920030+00:00
td3_amo,2,0.0003,antmaze-medium-play-v2,3,40.0,1000000,True,50,True,1,choi,jax,ammp_s3_jax_ae2_ab2_Tlr0p0003__a03ca1dc,123f23478a0904e5102c037d6f7e176fcda1f147,77632f62205b32266edb06cf137e9830ea5b4236,ablation/td3_amo/antmaze-medium-play-v2/3e-4/seed_3/ammp_s3_jax_ae2_ab2_Tlr0p0003__a03ca1dc,/home/choi/AMO_store/td3_amo_jax_antmaze_te1_tlr_fill/runs/td3amo_jax_te1_tb1_tlr3e-4_ammp_s3,eval.jsonl,50,normalized_score,2026-09-14T18:55:18.060475+00:00
td3_amo,2,0.002,antmaze-medium-diverse-v2,0,70.0,1000000,False,10,True,5,ext_csh,torch,ammd_s0_te1_tb1_Tlr0p002__d9ea8773,,714cbefbac393aee6d75b154bd8b80daf36d1823,ablation/td3_amo/antmaze-medium-diverse-v2/2e-3/seed_0/ammd_s0_te1_tb1_Tlr0p002__d9ea8773,/raid/ext_csh/artifacts/AMO/results/amo_antmaze6_s0_bpi_tlr_te_tb_init_sweep/cells/tlr2e-3_te1_tb1/runs/amo_adaptive_multiscale_am-md_s0_tlr2e-3_te1_tb1-antmaze-medium-diverse-v2-d9ea8773,eval.jsonl,200,d4rl_normalized_score,
td3_amo,2,0.002,antmaze-medium-diverse-v2,0,20.0,1000000,False,10,False,5,ext_csv,torch,ammd_s0_te1_tb1_Tlr0p002__918083c0,c45671c47cfae89154331e9c9dab59b9cdbc9c40,32edbe55c2befd86f645192b55d2156f2f8abffc,ablation/td3_amo/antmaze-medium-diverse-v2/2e-3/seed_0/ammd_s0_te1_tb1_Tlr0p002__918083c0,/raid/ext_csv/AMO_store/amo_adaptive_multiscale_antmaze6_scale_sweep_seed0/runs/amo_ams_med-div_Te1_Tb1_s0-antmaze-medium-diverse-v2-918083c0,eval.jsonl,50,d4rl_normalized_score,
td3_amo,2,0.002,antmaze-medium-diverse-v2,0,28.000000000000004,1000000,True,50,False,5,shchoi,torch,ammd_s0_TE1_Tlr0p002__8ec281ac,,aa9e29b18841961a07cba1afe3a44a6048ce24e6,ablation/td3_amo/antmaze-medium-diverse-v2/2e-3/seed_0/ammd_s0_TE1_Tlr0p002__8ec281ac,/home/shchoi/amo/results/amo_adaptive_multiscale_antmaze6_sweep_seed0/runs/amo_ams_amd_tlr2e-03_t1_s0-antmaze-medium-diverse-v2-8ec281ac,final_eval_50.jsonl,1,d4rl_normalized_score,2026-09-12T16:30:35.594058+00:00
td3_amo,2,0.002,antmaze-medium-diverse-v2,0,70.0,1000000,False,10,False,5,shchoi,torch,ammd_s0_TE1_Tlr0p002__ca912b55,,aa9e29b18841961a07cba1afe3a44a6048ce24e6,ablation/td3_amo/antmaze-medium-diverse-v2/2e-3/seed_0/ammd_s0_TE1_Tlr0p002__ca912b55,/home/shchoi/amo/results/amo_adaptive_multiscale_antmaze6_sweep_seed0/runs/amo_ams_amd_tlr2e-03_t1_s0-antmaze-medium-diverse-v2-extcsh,eval.jsonl,200,d4rl_normalized_score,
td3_amo,2,0.002,antmaze-medium-diverse-v2,0,70.0,1000000,False,10,False,5,shchoi,torch,ammd_s0_te1_tb1_Tlr0p002__d9ea8773,,aa9e29b18841961a07cba1afe3a44a6048ce24e6,ablation/td3_amo/antmaze-medium-diverse-v2/2e-3/seed_0/ammd_s0_te1_tb1_Tlr0p002__d9ea8773,/raid/ext_csh/artifacts/AMO/results/amo_antmaze6_s0_bpi_tlr_te_tb_init_sweep/cells/tlr2e-3_te1_tb1/runs/amo_adaptive_multiscale_am-md_s0_tlr2e-3_te1_tb1-antmaze-medium-diverse-v2-d9ea8773,eval.jsonl,200,d4rl_normalized_score,
td3_amo,2,0.002,antmaze-medium-diverse-v2,1,4.0,1000000,True,50,True,1,choi,jax,ammd_s1_jax_ae2_ab2_Tlr0p002__5ae7a50f,123f23478a0904e5102c037d6f7e176fcda1f147,77632f62205b32266edb06cf137e9830ea5b4236,ablation/td3_amo/antmaze-medium-diverse-v2/2e-3/seed_1/ammd_s1_jax_ae2_ab2_Tlr0p002__5ae7a50f,/home/choi/AMO_store/td3_amo_jax_antmaze_te1_tlr_fill/runs/td3amo_jax_te1_tb1_tlr2e-3_ammd_s1,eval.jsonl,50,normalized_score,2026-09-14T20:37:33.350396+00:00
td3_amo,2,0.002,antmaze-medium-diverse-v2,2,14.000000000000002,1000000,True,50,True,1,choi,jax,ammd_s2_jax_ae2_ab2_Tlr0p002__2e1cee3d,123f23478a0904e5102c037d6f7e176fcda1f147,77632f62205b32266edb06cf137e9830ea5b4236,ablation/td3_amo/antmaze-medium-diverse-v2/2e-3/seed_2/ammd_s2_jax_ae2_ab2_Tlr0p002__2e1cee3d,/home/choi/AMO_store/td3_amo_jax_antmaze_te1_tlr_fill/runs/td3amo_jax_te1_tb1_tlr2e-3_ammd_s2,eval.jsonl,50,normalized_score,2026-09-14T21:00:34.414985+00:00
td3_amo,2,0.002,antmaze-medium-diverse-v2,3,20.0,1000000,True,50,True,1,choi,jax,ammd_s3_jax_ae2_ab2_Tlr0p002__b637c713,123f23478a0904e5102c037d6f7e176fcda1f147,77632f62205b32266edb06cf137e9830ea5b4236,ablation/td3_amo/antmaze-medium-diverse-v2/2e-3/seed_3/ammd_s3_jax_ae2_ab2_Tlr0p002__b637c713,/home/choi/AMO_store/td3_amo_jax_antmaze_te1_tlr_fill/runs/td3amo_jax_te1_tb1_tlr2e-3_ammd_s3,eval.jsonl,15,normalized_score,2026-09-15T00:51:39.532247+00:00
td3_amo,2,0.001,antmaze-medium-diverse-v2,0,40.0,1000000,False,10,True,3,ext_csv,torch,ammd_s0_te1_tb1_Tlr0p001__a96c2874,c45671c47cfae89154331e9c9dab59b9cdbc9c40,32edbe55c2befd86f645192b55d2156f2f8abffc,ablation/td3_amo/antmaze-medium-diverse-v2/1e-3/seed_0/ammd_s0_te1_tb1_Tlr0p001__a96c2874,/raid/ext_csv/AMO_store/amo_adaptive_multiscale_antmaze6_tb_bc_qimprove_1em3_seed0/runs/amo_ams_med-div_Te1_Tb1_BCq_1em3_s0-antmaze-medium-diverse-v2-a96c2874,eval.jsonl,50,d4rl_normalized_score,
td3_amo,2,0.001,antmaze-medium-diverse-v2,0,10.0,1000000,False,10,False,3,ext_csv,torch,ammd_s0_te1_tb1_Tlr0p001__c136d997,c45671c47cfae89154331e9c9dab59b9cdbc9c40,32edbe55c2befd86f645192b55d2156f2f8abffc,ablation/td3_amo/antmaze-medium-diverse-v2/1e-3/seed_0/ammd_s0_te1_tb1_Tlr0p001__c136d997,/raid/ext_csv/AMO_store/amo_adaptive_multiscale_antmaze6_tlr_te1tb1_seed0/runs/amo_ams_med-div_Te1_Tb1_1em3_s0-antmaze-medium-diverse-v2-c136d997,eval.jsonl,50,d4rl_normalized_score,
td3_amo,2,0.001,antmaze-medium-diverse-v2,0,20.0,1000000,False,10,False,3,shchoi,torch,ammd_s0_TE1_Tlr0p001__de8f2591,,aa9e29b18841961a07cba1afe3a44a6048ce24e6,ablation/td3_amo/antmaze-medium-diverse-v2/1e-3/seed_0/ammd_s0_TE1_Tlr0p001__de8f2591,/home/shchoi/amo/results/amo_adaptive_multiscale_antmaze6_sweep_seed0/runs/amo_ams_amd_tlr1e-03_t1_s0-antmaze-medium-diverse-v2-extcsh,eval.jsonl,200,d4rl_normalized_score,
td3_amo,2,0.001,antmaze-medium-diverse-v2,1,34.0,1000000,True,50,True,2,choi,jax,ammd_s1_jax_ae2_ab2_Tlr0p001__e5f9e301,123f23478a0904e5102c037d6f7e176fcda1f147,77632f62205b32266edb06cf137e9830ea5b4236,ablation/td3_amo/antmaze-medium-diverse-v2/1e-3/seed_1/ammd_s1_jax_ae2_ab2_Tlr0p001__e5f9e301,/home/choi/AMO_store/td3_amo_jax_antmaze_te1_tlr_fill/runs/td3amo_jax_te1_tb1_tlr1e-3_ammd_s1,eval.jsonl,50,normalized_score,2026-09-14T23:38:35.860873+00:00
td3_amo,2,0.001,antmaze-medium-diverse-v2,1,,,False,,False,2,ext_csv,torch,ammd_s1_te1_tb1_Tlr0p001__d32e0ec2,c45671c47cfae89154331e9c9dab59b9cdbc9c40,32edbe55c2befd86f645192b55d2156f2f8abffc,ablation/td3_amo/antmaze-medium-diverse-v2/1e-3/seed_1/ammd_s1_te1_tb1_Tlr0p001__d32e0ec2,/raid/ext_csv/AMO_store/amo_adaptive_multiscale_antmaze6_tlr_te1tb1_1em3_seeds123/runs/amo_ams_med-div_Te1_Tb1_1em3_s1-antmaze-medium-diverse-v2-d32e0ec2,,,,
td3_amo,2,0.001,antmaze-medium-diverse-v2,2,40.0,1000000,True,50,True,1,choi,jax,ammd_s2_jax_ae2_ab2_Tlr0p001__a5efd250,123f23478a0904e5102c037d6f7e176fcda1f147,77632f62205b32266edb06cf137e9830ea5b4236,ablation/td3_amo/antmaze-medium-diverse-v2/1e-3/seed_2/ammd_s2_jax_ae2_ab2_Tlr0p001__a5efd250,/home/choi/AMO_store/td3_amo_jax_antmaze_te1_tlr_fill/runs/td3amo_jax_te1_tb1_tlr1e-3_ammd_s2,eval.jsonl,50,normalized_score,2026-09-14T20:14:30.047756+00:00
td3_amo,2,0.001,antmaze-medium-diverse-v2,3,2.0,1000000,True,50,True,1,choi,jax,ammd_s3_jax_ae2_ab2_Tlr0p001__d0ee756e,123f23478a0904e5102c037d6f7e176fcda1f147,77632f62205b32266edb06cf137e9830ea5b4236,ablation/td3_amo/antmaze-medium-diverse-v2/1e-3/seed_3/ammd_s3_jax_ae2_ab2_Tlr0p001__d0ee756e,/home/choi/AMO_store/td3_amo_jax_antmaze_te1_tlr_fill/runs/td3amo_jax_te1_tb1_tlr1e-3_ammd_s3,eval.jsonl,15,normalized_score,2026-09-15T00:51:18.612590+00:00
td3_amo,2,0.0003,antmaze-medium-diverse-v2,0,8.0,1000000,True,50,True,1,shchoi,torch,ammd_s0_TE1_Tlr0p0003__4f177ed5,,aa9e29b18841961a07cba1afe3a44a6048ce24e6,ablation/td3_amo/antmaze-medium-diverse-v2/3e-4/seed_0/ammd_s0_TE1_Tlr0p0003__4f177ed5,/home/shchoi/amo/results/amo_adaptive_multiscale_antmaze6_sweep_seed0/runs/amo_ams_amd_tlr3e-04_t1_s0-antmaze-medium-diverse-v2-4f177ed5,final_eval_50.jsonl,1,d4rl_normalized_score,2026-09-12T16:30:28.698726+00:00
td3_amo,2,0.0003,antmaze-medium-diverse-v2,1,14.000000000000002,1000000,True,50,True,1,choi,jax,ammd_s1_jax_ae2_ab2_Tlr0p0003__156d9f09,123f23478a0904e5102c037d6f7e176fcda1f147,77632f62205b32266edb06cf137e9830ea5b4236,ablation/td3_amo/antmaze-medium-diverse-v2/3e-4/seed_1/ammd_s1_jax_ae2_ab2_Tlr0p0003__156d9f09,/home/choi/AMO_store/td3_amo_jax_antmaze_te1_tlr_fill/runs/td3amo_jax_te1_tb1_tlr3e-4_ammd_s1,eval.jsonl,50,normalized_score,2026-09-14T19:54:03.720069+00:00
td3_amo,2,0.0003,antmaze-medium-diverse-v2,2,26.0,1000000,True,50,True,1,choi,jax,ammd_s2_jax_ae2_ab2_Tlr0p0003__79392f16,123f23478a0904e5102c037d6f7e176fcda1f147,77632f62205b32266edb06cf137e9830ea5b4236,ablation/td3_amo/antmaze-medium-diverse-v2/3e-4/seed_2/ammd_s2_jax_ae2_ab2_Tlr0p0003__79392f16,/home/choi/AMO_store/td3_amo_jax_antmaze_te1_tlr_fill/runs/td3amo_jax_te1_tb1_tlr3e-4_ammd_s2,eval.jsonl,50,normalized_score,2026-09-14T19:54:29.116641+00:00
td3_amo,2,0.0003,antmaze-medium-diverse-v2,3,12.0,1000000,True,50,True,1,choi,jax,ammd_s3_jax_ae2_ab2_Tlr0p0003__63784262,123f23478a0904e5102c037d6f7e176fcda1f147,77632f62205b32266edb06cf137e9830ea5b4236,ablation/td3_amo/antmaze-medium-diverse-v2/3e-4/seed_3/ammd_s3_jax_ae2_ab2_Tlr0p0003__63784262,/home/choi/AMO_store/td3_amo_jax_antmaze_te1_tlr_fill/runs/td3amo_jax_te1_tb1_tlr3e-4_ammd_s3,eval.jsonl,15,normalized_score,2026-09-15T00:52:29.044365+00:00
td3_amo,2,0.002,antmaze-large-play-v2,0,28.000000000000004,1000000,True,50,False,4,ext_csh,torch,amlp_s0_te1_tb1_Tlr0p002__e58298ee,,714cbefbac393aee6d75b154bd8b80daf36d1823,ablation/td3_amo/antmaze-large-play-v2/2e-3/seed_0/amlp_s0_te1_tb1_Tlr0p002__e58298ee,/raid/ext_csh/artifacts/AMO/results/amo_antmaze6_s0_bpi_tlr_te_tb_init_sweep/cells/tlr2e-3_te1_tb1/runs/amo_adaptive_multiscale_am-lp_s0_tlr2e-3_te1_tb1-antmaze-large-play-v2-e58298ee,eval.jsonl,201,d4rl_normalized_score,2026-09-12T16:53:25.206334+00:00
td3_amo,2,0.002,antmaze-large-play-v2,0,30.0,1000000,False,10,False,4,ext_csv,torch,amlp_s0_te1_tb1_Tlr0p002__03774c0e,c45671c47cfae89154331e9c9dab59b9cdbc9c40,32edbe55c2befd86f645192b55d2156f2f8abffc,ablation/td3_amo/antmaze-large-play-v2/2e-3/seed_0/amlp_s0_te1_tb1_Tlr0p002__03774c0e,/raid/ext_csv/AMO_store/amo_adaptive_multiscale_antmaze6_scale_sweep_seed0/runs/amo_ams_large-play_Te1_Tb1_s0-antmaze-large-play-v2-03774c0e,eval.jsonl,50,d4rl_normalized_score,
td3_amo,2,0.002,antmaze-large-play-v2,0,40.0,1000000,False,10,True,4,shchoi,torch,amlp_s0_TE1_Tlr0p002__8bdcbcfe,,aa9e29b18841961a07cba1afe3a44a6048ce24e6,ablation/td3_amo/antmaze-large-play-v2/2e-3/seed_0/amlp_s0_TE1_Tlr0p002__8bdcbcfe,/home/shchoi/amo/results/amo_adaptive_multiscale_antmaze6_sweep_seed0/runs/amo_ams_alp_tlr2e-03_t1_s0-antmaze-large-play-v2-extcsh,eval.jsonl,200,d4rl_normalized_score,
td3_amo,2,0.002,antmaze-large-play-v2,0,40.0,1000000,False,10,False,4,shchoi,torch,amlp_s0_te1_tb1_Tlr0p002__e58298ee,,aa9e29b18841961a07cba1afe3a44a6048ce24e6,ablation/td3_amo/antmaze-large-play-v2/2e-3/seed_0/amlp_s0_te1_tb1_Tlr0p002__e58298ee,/raid/ext_csh/artifacts/AMO/results/amo_antmaze6_s0_bpi_tlr_te_tb_init_sweep/cells/tlr2e-3_te1_tb1/runs/amo_adaptive_multiscale_am-lp_s0_tlr2e-3_te1_tb1-antmaze-large-play-v2-e58298ee,eval.jsonl,200,d4rl_normalized_score,
td3_amo,2,0.002,antmaze-large-play-v2,1,14.000000000000002,1000000,True,50,True,1,choi,jax,amlp_s1_jax_ae2_ab2_Tlr0p002__d91cd5c5,123f23478a0904e5102c037d6f7e176fcda1f147,77632f62205b32266edb06cf137e9830ea5b4236,ablation/td3_amo/antmaze-large-play-v2/2e-3/seed_1/amlp_s1_jax_ae2_ab2_Tlr0p002__d91cd5c5,/home/choi/AMO_store/td3_amo_jax_antmaze_te1_tlr_fill/runs/td3amo_jax_te1_tb1_tlr2e-3_amlp_s1,eval.jsonl,50,normalized_score,2026-09-14T22:00:36.422477+00:00
td3_amo,2,0.002,antmaze-large-play-v2,2,60.0,1000000,True,50,True,1,choi,jax,amlp_s2_jax_ae2_ab2_Tlr0p002__bdb6b84b,123f23478a0904e5102c037d6f7e176fcda1f147,77632f62205b32266edb06cf137e9830ea5b4236,ablation/td3_amo/antmaze-large-play-v2/2e-3/seed_2/amlp_s2_jax_ae2_ab2_Tlr0p002__bdb6b84b,/home/choi/AMO_store/td3_amo_jax_antmaze_te1_tlr_fill/runs/td3amo_jax_te1_tb1_tlr2e-3_amlp_s2,eval.jsonl,9,normalized_score,2026-09-15T01:08:16.737632+00:00
td3_amo,2,0.002,antmaze-large-play-v2,3,30.0,1000000,True,50,True,2,choi,jax,amlp_s3_jax_ae2_ab2_Alr0p002__fb97df71,123f23478a0904e5102c037d6f7e176fcda1f147,77632f62205b32266edb06cf137e9830ea5b4236,ablation/td3_amo/antmaze-large-play-v2/2e-3/seed_3/amlp_s3_jax_ae2_ab2_Alr0p002__fb97df71,/home/choi/AMO_store/td3_amo_jax_antmaze_te1_tlr_fill/runs/td3amo_jax_te1_tb1_tlr2e-3_amlp_s3,eval.jsonl,1,normalized_score,2026-09-15T02:21:13.106764+00:00
td3_amo,2,0.002,antmaze-large-play-v2,3,0.0,1000000,True,50,False,2,choi,jax,amlp_s3_jax_ae2_ab2_Tlr0p002__1c374836,123f23478a0904e5102c037d6f7e176fcda1f147,77632f62205b32266edb06cf137e9830ea5b4236,ablation/td3_amo/antmaze-large-play-v2/2e-3/seed_3/amlp_s3_jax_ae2_ab2_Tlr0p002__1c374836,/home/choi/AMO_store/td3_amo_jax_antmaze_te1_tlr_fill/runs/td3amo_jax_te1_tb1_tlr2e-3_amlp_s3__prev_20260915T014932Z,eval.jsonl,50,normalized_score,2026-09-14T22:21:53.331892+00:00
td3_amo,2,0.001,antmaze-large-play-v2,0,40.0,1000000,False,10,False,2,ext_csv,torch,amlp_s0_te1_tb1_Tlr0p001__41af8157,c45671c47cfae89154331e9c9dab59b9cdbc9c40,32edbe55c2befd86f645192b55d2156f2f8abffc,ablation/td3_amo/antmaze-large-play-v2/1e-3/seed_0/amlp_s0_te1_tb1_Tlr0p001__41af8157,/raid/ext_csv/AMO_store/amo_adaptive_multiscale_antmaze6_tb_bc_qimprove_1em3_seed0/runs/amo_ams_large-play_Te1_Tb1_BCq_1em3_s0-antmaze-large-play-v2-41af8157,eval.jsonl,50,d4rl_normalized_score,
td3_amo,2,0.001,antmaze-large-play-v2,0,60.0,1000000,False,10,True,2,ext_csv,torch,amlp_s0_te1_tb1_Tlr0p001__da0b4ffa,c45671c47cfae89154331e9c9dab59b9cdbc9c40,32edbe55c2befd86f645192b55d2156f2f8abffc,ablation/td3_amo/antmaze-large-play-v2/1e-3/seed_0/amlp_s0_te1_tb1_Tlr0p001__da0b4ffa,/raid/ext_csv/AMO_store/amo_adaptive_multiscale_antmaze6_tlr_te1tb1_seed0/runs/amo_ams_large-play_Te1_Tb1_1em3_s0-antmaze-large-play-v2-da0b4ffa,eval.jsonl,50,d4rl_normalized_score,
td3_amo,2,0.001,antmaze-large-play-v2,1,56.00000000000001,1000000,True,50,True,2,choi,jax,amlp_s1_jax_ae2_ab2_Tlr0p001__408a36e3,123f23478a0904e5102c037d6f7e176fcda1f147,77632f62205b32266edb06cf137e9830ea5b4236,ablation/td3_amo/antmaze-large-play-v2/1e-3/seed_1/amlp_s1_jax_ae2_ab2_Tlr0p001__408a36e3,/home/choi/AMO_store/td3_amo_jax_antmaze_te1_tlr_fill/runs/td3amo_jax_te1_tb1_tlr1e-3_amlp_s1,eval.jsonl,50,normalized_score,2026-09-14T23:38:15.190225+00:00
td3_amo,2,0.001,antmaze-large-play-v2,1,,,False,,False,2,ext_csv,torch,amlp_s1_te1_tb1_Tlr0p001__6e0e2162,c45671c47cfae89154331e9c9dab59b9cdbc9c40,32edbe55c2befd86f645192b55d2156f2f8abffc,ablation/td3_amo/antmaze-large-play-v2/1e-3/seed_1/amlp_s1_te1_tb1_Tlr0p001__6e0e2162,/raid/ext_csv/AMO_store/amo_adaptive_multiscale_antmaze6_tlr_te1tb1_1em3_seeds123/runs/amo_ams_large-play_Te1_Tb1_1em3_s1-antmaze-large-play-v2-6e0e2162,,,,
td3_amo,2,0.001,antmaze-large-play-v2,2,22.0,1000000,True,50,True,1,choi,jax,amlp_s2_jax_ae2_ab2_Tlr0p001__abdadc1e,123f23478a0904e5102c037d6f7e176fcda1f147,77632f62205b32266edb06cf137e9830ea5b4236,ablation/td3_amo/antmaze-large-play-v2/1e-3/seed_2/amlp_s2_jax_ae2_ab2_Tlr0p001__abdadc1e,/home/choi/AMO_store/td3_amo_jax_antmaze_te1_tlr_fill/runs/td3amo_jax_te1_tb1_tlr1e-3_amlp_s2,eval.jsonl,9,normalized_score,2026-09-15T01:07:54.482628+00:00
td3_amo,2,0.001,antmaze-large-play-v2,3,52.0,1000000,True,50,True,1,choi,jax,amlp_s3_jax_ae2_ab2_Tlr0p001__366f7e12,123f23478a0904e5102c037d6f7e176fcda1f147,77632f62205b32266edb06cf137e9830ea5b4236,ablation/td3_amo/antmaze-large-play-v2/1e-3/seed_3/amlp_s3_jax_ae2_ab2_Tlr0p001__366f7e12,/home/choi/AMO_store/td3_amo_jax_antmaze_te1_tlr_fill/runs/td3amo_jax_te1_tb1_tlr1e-3_amlp_s3,eval.jsonl,50,normalized_score,2026-09-14T21:59:29.892759+00:00
td3_amo,2,0.0003,antmaze-large-play-v2,0,2.0,1000000,True,50,True,1,shchoi,torch,amlp_s0_TE1_Tlr0p0003__cdabceae,,aa9e29b18841961a07cba1afe3a44a6048ce24e6,ablation/td3_amo/antmaze-large-play-v2/3e-4/seed_0/amlp_s0_TE1_Tlr0p0003__cdabceae,/home/shchoi/amo/results/amo_adaptive_multiscale_antmaze6_sweep_seed0/runs/amo_ams_alp_tlr3e-04_t1_s0-antmaze-large-play-v2-cdabceae,final_eval_50.jsonl,1,d4rl_normalized_score,2026-09-12T16:30:50.019302+00:00
td3_amo,2,0.0003,antmaze-large-play-v2,1,28.000000000000004,1000000,True,50,True,1,choi,jax,amlp_s1_jax_ae2_ab2_Tlr0p0003__bdefa928,123f23478a0904e5102c037d6f7e176fcda1f147,77632f62205b32266edb06cf137e9830ea5b4236,ablation/td3_amo/antmaze-large-play-v2/3e-4/seed_1/amlp_s1_jax_ae2_ab2_Tlr0p0003__bdefa928,/home/choi/AMO_store/td3_amo_jax_antmaze_te1_tlr_fill/runs/td3amo_jax_te1_tb1_tlr3e-4_amlp_s1,eval.jsonl,50,normalized_score,2026-09-14T21:20:23.495449+00:00
td3_amo,2,0.0003,antmaze-large-play-v2,2,14.000000000000002,1000000,True,50,True,1,choi,jax,amlp_s2_jax_ae2_ab2_Tlr0p0003__578e6259,123f23478a0904e5102c037d6f7e176fcda1f147,77632f62205b32266edb06cf137e9830ea5b4236,ablation/td3_amo/antmaze-large-play-v2/3e-4/seed_2/amlp_s2_jax_ae2_ab2_Tlr0p0003__578e6259,/home/choi/AMO_store/td3_amo_jax_antmaze_te1_tlr_fill/runs/td3amo_jax_te1_tb1_tlr3e-4_amlp_s2,eval.jsonl,15,normalized_score,2026-09-15T00:52:06.646514+00:00
td3_amo,2,0.0003,antmaze-large-play-v2,3,4.0,1000000,True,50,False,2,choi,jax,amlp_s3_jax_ae2_ab2_Alr0p0003__77edeca7,123f23478a0904e5102c037d6f7e176fcda1f147,77632f62205b32266edb06cf137e9830ea5b4236,ablation/td3_amo/antmaze-large-play-v2/3e-4/seed_3/amlp_s3_jax_ae2_ab2_Alr0p0003__77edeca7,/home/choi/AMO_store/td3_amo_jax_antmaze_te1_tlr_fill/runs/td3amo_jax_te1_tb1_tlr3e-4_amlp_s3,eval.jsonl,1,normalized_score,2026-09-15T02:21:59.710955+00:00
td3_amo,2,0.0003,antmaze-large-play-v2,3,10.0,1000000,True,50,True,2,choi,jax,amlp_s3_jax_ae2_ab2_Tlr0p0003__59040326,123f23478a0904e5102c037d6f7e176fcda1f147,77632f62205b32266edb06cf137e9830ea5b4236,ablation/td3_amo/antmaze-large-play-v2/3e-4/seed_3/amlp_s3_jax_ae2_ab2_Tlr0p0003__59040326,/home/choi/AMO_store/td3_amo_jax_antmaze_te1_tlr_fill/runs/td3amo_jax_te1_tb1_tlr3e-4_amlp_s3__prev_20260915T014932Z,eval.jsonl,50,normalized_score,2026-09-14T21:41:19.059469+00:00
td3_amo,2,0.002,antmaze-large-diverse-v2,0,18.0,1000000,True,50,False,4,ext_csh,torch,amld_s0_te1_tb1_Tlr0p002__1576d8fa,,714cbefbac393aee6d75b154bd8b80daf36d1823,ablation/td3_amo/antmaze-large-diverse-v2/2e-3/seed_0/amld_s0_te1_tb1_Tlr0p002__1576d8fa,/raid/ext_csh/artifacts/AMO/results/amo_antmaze6_s0_bpi_tlr_te_tb_init_sweep/cells/tlr2e-3_te1_tb1/runs/amo_adaptive_multiscale_am-ld_s0_tlr2e-3_te1_tb1-antmaze-large-diverse-v2-1576d8fa,eval.jsonl,201,d4rl_normalized_score,2026-09-12T16:55:57.846705+00:00
td3_amo,2,0.002,antmaze-large-diverse-v2,0,40.0,1000000,False,10,True,4,ext_csv,torch,amld_s0_te1_tb1_Tlr0p002__e7595ffa,c45671c47cfae89154331e9c9dab59b9cdbc9c40,32edbe55c2befd86f645192b55d2156f2f8abffc,ablation/td3_amo/antmaze-large-diverse-v2/2e-3/seed_0/amld_s0_te1_tb1_Tlr0p002__e7595ffa,/raid/ext_csv/AMO_store/amo_adaptive_multiscale_antmaze6_scale_sweep_seed0/runs/amo_ams_large-div_Te1_Tb1_s0-antmaze-large-diverse-v2-e7595ffa,eval.jsonl,50,d4rl_normalized_score,
td3_amo,2,0.002,antmaze-large-diverse-v2,0,30.0,1000000,False,10,False,4,shchoi,torch,amld_s0_TE1_Tlr0p002__211e9fa7,,aa9e29b18841961a07cba1afe3a44a6048ce24e6,ablation/td3_amo/antmaze-large-diverse-v2/2e-3/seed_0/amld_s0_TE1_Tlr0p002__211e9fa7,/home/shchoi/amo/results/amo_adaptive_multiscale_antmaze6_sweep_seed0/runs/amo_ams_ald_tlr2e-03_t1_s0-antmaze-large-diverse-v2-extcsh,eval.jsonl,200,d4rl_normalized_score,
td3_amo,2,0.002,antmaze-large-diverse-v2,0,30.0,1000000,False,10,False,4,shchoi,torch,amld_s0_te1_tb1_Tlr0p002__1576d8fa,,aa9e29b18841961a07cba1afe3a44a6048ce24e6,ablation/td3_amo/antmaze-large-diverse-v2/2e-3/seed_0/amld_s0_te1_tb1_Tlr0p002__1576d8fa,/raid/ext_csh/artifacts/AMO/results/amo_antmaze6_s0_bpi_tlr_te_tb_init_sweep/cells/tlr2e-3_te1_tb1/runs/amo_adaptive_multiscale_am-ld_s0_tlr2e-3_te1_tb1-antmaze-large-diverse-v2-1576d8fa,eval.jsonl,200,d4rl_normalized_score,
td3_amo,2,0.002,antmaze-large-diverse-v2,1,16.0,1000000,True,50,True,1,choi,jax,amld_s1_jax_ae2_ab2_Tlr0p002__5fdccb74,123f23478a0904e5102c037d6f7e176fcda1f147,77632f62205b32266edb06cf137e9830ea5b4236,ablation/td3_amo/antmaze-large-diverse-v2/2e-3/seed_1/amld_s1_jax_ae2_ab2_Tlr0p002__5fdccb74,/home/choi/AMO_store/td3_amo_jax_antmaze_te1_tlr_fill/runs/td3amo_jax_te1_tb1_tlr2e-3_amld_s1,eval.jsonl,1,normalized_score,2026-09-15T02:25:15.227809+00:00
td3_amo,2,0.002,antmaze-large-diverse-v2,2,14.000000000000002,1000000,True,50,True,1,choi,jax,amld_s2_jax_ae2_ab2_Tlr0p002__d1e17317,123f23478a0904e5102c037d6f7e176fcda1f147,77632f62205b32266edb06cf137e9830ea5b4236,ablation/td3_amo/antmaze-large-diverse-v2/2e-3/seed_2/amld_s2_jax_ae2_ab2_Tlr0p002__d1e17317,/home/choi/AMO_store/td3_amo_jax_antmaze_te1_tlr_fill/runs/td3amo_jax_te1_tb1_tlr2e-3_amld_s2,eval.jsonl,1,normalized_score,2026-09-15T02:25:42.350619+00:00
td3_amo,2,0.002,antmaze-large-diverse-v2,3,6.0,1000000,True,50,True,1,choi,jax,amld_s3_jax_ae2_ab2_Tlr0p002__8022b659,123f23478a0904e5102c037d6f7e176fcda1f147,77632f62205b32266edb06cf137e9830ea5b4236,ablation/td3_amo/antmaze-large-diverse-v2/2e-3/seed_3/amld_s3_jax_ae2_ab2_Tlr0p002__8022b659,/home/choi/AMO_store/td3_amo_jax_antmaze_te1_tlr_fill/runs/td3amo_jax_te1_tb1_tlr2e-3_amld_s3,eval.jsonl,50,normalized_score,2026-09-14T23:28:26.551144+00:00
td3_amo,2,0.001,antmaze-large-diverse-v2,0,50.0,1000000,False,10,True,2,ext_csv,torch,amld_s0_te1_tb1_Tlr0p001__d3ec830d,c45671c47cfae89154331e9c9dab59b9cdbc9c40,32edbe55c2befd86f645192b55d2156f2f8abffc,ablation/td3_amo/antmaze-large-diverse-v2/1e-3/seed_0/amld_s0_te1_tb1_Tlr0p001__d3ec830d,/raid/ext_csv/AMO_store/amo_adaptive_multiscale_antmaze6_tlr_te1tb1_seed0/runs/amo_ams_large-div_Te1_Tb1_1em3_s0-antmaze-large-diverse-v2-d3ec830d,eval.jsonl,50,d4rl_normalized_score,
td3_amo,2,0.001,antmaze-large-diverse-v2,0,40.0,1000000,False,10,False,2,ext_csv,torch,amld_s0_te1_tb1_Tlr0p001__f1b9ca2e,c45671c47cfae89154331e9c9dab59b9cdbc9c40,32edbe55c2befd86f645192b55d2156f2f8abffc,ablation/td3_amo/antmaze-large-diverse-v2/1e-3/seed_0/amld_s0_te1_tb1_Tlr0p001__f1b9ca2e,/raid/ext_csv/AMO_store/amo_adaptive_multiscale_antmaze6_tb_bc_qimprove_1em3_seed0/runs/amo_ams_large-div_Te1_Tb1_BCq_1em3_s0-antmaze-large-diverse-v2-f1b9ca2e,eval.jsonl,50,d4rl_normalized_score,
td3_amo,2,0.001,antmaze-large-diverse-v2,1,14.000000000000002,1000000,True,50,True,2,choi,jax,amld_s1_jax_ae2_ab2_Tlr0p001__3443e9ca,123f23478a0904e5102c037d6f7e176fcda1f147,77632f62205b32266edb06cf137e9830ea5b4236,ablation/td3_amo/antmaze-large-diverse-v2/1e-3/seed_1/amld_s1_jax_ae2_ab2_Tlr0p001__3443e9ca,/home/choi/AMO_store/td3_amo_jax_antmaze_te1_tlr_fill/runs/td3amo_jax_te1_tb1_tlr1e-3_amld_s1,eval.jsonl,1,normalized_score,2026-09-15T02:24:22.794787+00:00
td3_amo,2,0.001,antmaze-large-diverse-v2,1,,,False,,False,2,ext_csv,torch,amld_s1_te1_tb1_Tlr0p001__363a73f8,c45671c47cfae89154331e9c9dab59b9cdbc9c40,32edbe55c2befd86f645192b55d2156f2f8abffc,ablation/td3_amo/antmaze-large-diverse-v2/1e-3/seed_1/amld_s1_te1_tb1_Tlr0p001__363a73f8,/raid/ext_csv/AMO_store/amo_adaptive_multiscale_antmaze6_tlr_te1tb1_1em3_seeds123/runs/amo_ams_large-div_Te1_Tb1_1em3_s1-antmaze-large-diverse-v2-363a73f8,,,,
td3_amo,2,0.001,antmaze-large-diverse-v2,2,26.0,1000000,True,50,True,1,choi,jax,amld_s2_jax_ae2_ab2_Tlr0p001__c3fa2eee,123f23478a0904e5102c037d6f7e176fcda1f147,77632f62205b32266edb06cf137e9830ea5b4236,ablation/td3_amo/antmaze-large-diverse-v2/1e-3/seed_2/amld_s2_jax_ae2_ab2_Tlr0p001__c3fa2eee,/home/choi/AMO_store/td3_amo_jax_antmaze_te1_tlr_fill/runs/td3amo_jax_te1_tb1_tlr1e-3_amld_s2,eval.jsonl,1,normalized_score,2026-09-15T02:24:48.370410+00:00
td3_amo,2,0.001,antmaze-large-diverse-v2,3,42.0,1000000,True,50,True,1,choi,jax,amld_s3_jax_ae2_ab2_Tlr0p001__026a6caf,123f23478a0904e5102c037d6f7e176fcda1f147,77632f62205b32266edb06cf137e9830ea5b4236,ablation/td3_amo/antmaze-large-diverse-v2/1e-3/seed_3/amld_s3_jax_ae2_ab2_Tlr0p001__026a6caf,/home/choi/AMO_store/td3_amo_jax_antmaze_te1_tlr_fill/runs/td3amo_jax_te1_tb1_tlr1e-3_amld_s3,eval.jsonl,50,normalized_score,2026-09-14T23:12:45.101340+00:00
td3_amo,2,0.0003,antmaze-large-diverse-v2,0,2.0,1000000,True,50,True,1,shchoi,torch,amld_s0_TE1_Tlr0p0003__9f8d7f20,,aa9e29b18841961a07cba1afe3a44a6048ce24e6,ablation/td3_amo/antmaze-large-diverse-v2/3e-4/seed_0/amld_s0_TE1_Tlr0p0003__9f8d7f20,/home/shchoi/amo/results/amo_adaptive_multiscale_antmaze6_sweep_seed0/runs/amo_ams_ald_tlr3e-04_t1_s0-antmaze-large-diverse-v2-9f8d7f20,final_eval_50.jsonl,1,d4rl_normalized_score,2026-09-12T16:31:09.832123+00:00
td3_amo,2,0.0003,antmaze-large-diverse-v2,1,8.0,1000000,True,50,True,1,choi,jax,amld_s1_jax_ae2_ab2_Tlr0p0003__24578011,123f23478a0904e5102c037d6f7e176fcda1f147,77632f62205b32266edb06cf137e9830ea5b4236,ablation/td3_amo/antmaze-large-diverse-v2/3e-4/seed_1/amld_s1_jax_ae2_ab2_Tlr0p0003__24578011,/home/choi/AMO_store/td3_amo_jax_antmaze_te1_tlr_fill/runs/td3amo_jax_te1_tb1_tlr3e-4_amld_s1,eval.jsonl,1,normalized_score,2026-09-15T02:26:10.233561+00:00
td3_amo,2,0.0003,antmaze-large-diverse-v2,2,6.0,1000000,True,50,True,1,choi,jax,amld_s2_jax_ae2_ab2_Tlr0p0003__18da8ead,123f23478a0904e5102c037d6f7e176fcda1f147,77632f62205b32266edb06cf137e9830ea5b4236,ablation/td3_amo/antmaze-large-diverse-v2/3e-4/seed_2/amld_s2_jax_ae2_ab2_Tlr0p0003__18da8ead,/home/choi/AMO_store/td3_amo_jax_antmaze_te1_tlr_fill/runs/td3amo_jax_te1_tb1_tlr3e-4_amld_s2,eval.jsonl,1,normalized_score,2026-09-15T02:26:38.342414+00:00
td3_amo,2,0.0003,antmaze-large-diverse-v2,3,22.0,1000000,True,50,True,1,choi,jax,amld_s3_jax_ae2_ab2_Tlr0p0003__66a5276b,123f23478a0904e5102c037d6f7e176fcda1f147,77632f62205b32266edb06cf137e9830ea5b4236,ablation/td3_amo/antmaze-large-diverse-v2/3e-4/seed_3/amld_s3_jax_ae2_ab2_Tlr0p0003__66a5276b,/home/choi/AMO_store/td3_amo_jax_antmaze_te1_tlr_fill/runs/td3amo_jax_te1_tb1_tlr3e-4_amld_s3,eval.jsonl,50,normalized_score,2026-09-14T23:00:43.867778+00:00
td3_amo,5,0.002,halfcheetah-medium-v2,0,57.63187973374853,1000000,True,50,True,1,svcho,jax,hcm_s0_jax_ae5_ab5_alr0p002__ae584138,1e34514ddf70bfc8a78757d9a78b82306627164c,8428403b482c94dbcd95a5a0770b2bc1aa7c630f,ablation/td3_amo/halfcheetah-medium-v2/2e-3/seed_0/hcm_s0_jax_ae5_ab5_alr0p002__ae584138,/home/svcho/amo/results/td3_amo_loco9_alpha5_alr_seeds03/jobs/hc-m_alr2e3_s0/run,final_eval_50.json,1,normalized_score,2026-09-15T03:54:38.212090+00:00
td3_amo,5,0.002,halfcheetah-medium-v2,1,58.212380259789896,1000000,True,50,True,1,svcho,jax,hcm_s1_jax_ae5_ab5_alr0p002__610ef825,1e34514ddf70bfc8a78757d9a78b82306627164c,8428403b482c94dbcd95a5a0770b2bc1aa7c630f,ablation/td3_amo/halfcheetah-medium-v2/2e-3/seed_1/hcm_s1_jax_ae5_ab5_alr0p002__610ef825,/home/svcho/amo/results/td3_amo_loco9_alpha5_alr_seeds03/jobs/hc-m_alr2e3_s1/run,final_eval_50.json,1,normalized_score,2026-09-15T03:55:08.328297+00:00
td3_amo,5,0.002,halfcheetah-medium-v2,2,58.26272539504753,1000000,True,50,True,1,svcho,jax,hcm_s2_jax_ae5_ab5_alr0p002__3c5945ea,1e34514ddf70bfc8a78757d9a78b82306627164c,8428403b482c94dbcd95a5a0770b2bc1aa7c630f,ablation/td3_amo/halfcheetah-medium-v2/2e-3/seed_2/hcm_s2_jax_ae5_ab5_alr0p002__3c5945ea,/home/svcho/amo/results/td3_amo_loco9_alpha5_alr_seeds03/jobs/hc-m_alr2e3_s2/run,final_eval_50.json,1,normalized_score,2026-09-15T04:10:12.383847+00:00
td3_amo,5,0.002,halfcheetah-medium-v2,3,58.98657505266366,1000000,True,50,True,1,svcho,jax,hcm_s3_jax_ae5_ab5_alr0p002__df084cb8,1e34514ddf70bfc8a78757d9a78b82306627164c,8428403b482c94dbcd95a5a0770b2bc1aa7c630f,ablation/td3_amo/halfcheetah-medium-v2/2e-3/seed_3/hcm_s3_jax_ae5_ab5_alr0p002__df084cb8,/home/svcho/amo/results/td3_amo_loco9_alpha5_alr_seeds03/jobs/hc-m_alr2e3_s3/run,final_eval_50.json,1,normalized_score,2026-09-15T04:10:42.422467+00:00
td3_amo,5,0.001,halfcheetah-medium-v2,0,57.28386448935608,1000000,True,50,True,1,svcho,jax,hcm_s0_jax_ae5_ab5_alr0p001__2e4612d4,1e34514ddf70bfc8a78757d9a78b82306627164c,8428403b482c94dbcd95a5a0770b2bc1aa7c630f,ablation/td3_amo/halfcheetah-medium-v2/1e-3/seed_0/hcm_s0_jax_ae5_ab5_alr0p001__2e4612d4,/home/svcho/amo/results/td3_amo_loco9_alpha5_alr_seeds03/jobs/hc-m_alr1e3_s0/run,final_eval_50.json,1,normalized_score,2026-09-15T03:23:31.994481+00:00
td3_amo,5,0.001,halfcheetah-medium-v2,1,55.719207909782206,1000000,True,50,True,1,svcho,jax,hcm_s1_jax_ae5_ab5_alr0p001__d3e47f16,1e34514ddf70bfc8a78757d9a78b82306627164c,8428403b482c94dbcd95a5a0770b2bc1aa7c630f,ablation/td3_amo/halfcheetah-medium-v2/1e-3/seed_1/hcm_s1_jax_ae5_ab5_alr0p001__d3e47f16,/home/svcho/amo/results/td3_amo_loco9_alpha5_alr_seeds03/jobs/hc-m_alr1e3_s1/run,final_eval_50.json,1,normalized_score,2026-09-15T03:23:31.998391+00:00
td3_amo,5,0.001,halfcheetah-medium-v2,2,55.83531586538005,1000000,True,50,True,1,svcho,jax,hcm_s2_jax_ae5_ab5_alr0p001__5b1ffe52,1e34514ddf70bfc8a78757d9a78b82306627164c,8428403b482c94dbcd95a5a0770b2bc1aa7c630f,ablation/td3_amo/halfcheetah-medium-v2/1e-3/seed_2/hcm_s2_jax_ae5_ab5_alr0p001__5b1ffe52,/home/svcho/amo/results/td3_amo_loco9_alpha5_alr_seeds03/jobs/hc-m_alr1e3_s2/run,final_eval_50.json,1,normalized_score,2026-09-15T03:39:35.179859+00:00
td3_amo,5,0.001,halfcheetah-medium-v2,3,57.56839005386236,1000000,True,50,True,1,svcho,jax,hcm_s3_jax_ae5_ab5_alr0p001__e9cd4b49,1e34514ddf70bfc8a78757d9a78b82306627164c,8428403b482c94dbcd95a5a0770b2bc1aa7c630f,ablation/td3_amo/halfcheetah-medium-v2/1e-3/seed_3/hcm_s3_jax_ae5_ab5_alr0p001__e9cd4b49,/home/svcho/amo/results/td3_amo_loco9_alpha5_alr_seeds03/jobs/hc-m_alr1e3_s3/run,final_eval_50.json,1,normalized_score,2026-09-15T03:39:35.017958+00:00
td3_amo,5,0.0003,halfcheetah-medium-v2,0,53.56300562449391,1000000,True,50,True,1,svcho,jax,hcm_s0_jax_ae5_ab5_alr0p0003__0573b1ca,1e34514ddf70bfc8a78757d9a78b82306627164c,8428403b482c94dbcd95a5a0770b2bc1aa7c630f,ablation/td3_amo/halfcheetah-medium-v2/3e-4/seed_0/hcm_s0_jax_ae5_ab5_alr0p0003__0573b1ca,/home/svcho/amo/results/td3_amo_loco9_alpha5_alr_seeds03/jobs/hc-m_alr3e4_s0/run,final_eval_50.json,1,normalized_score,2026-09-15T02:29:09.611314+00:00
td3_amo,5,0.0003,halfcheetah-medium-v2,1,53.4080002799743,1000000,True,50,True,1,svcho,jax,hcm_s1_jax_ae5_ab5_alr0p0003__abcc9057,1e34514ddf70bfc8a78757d9a78b82306627164c,8428403b482c94dbcd95a5a0770b2bc1aa7c630f,ablation/td3_amo/halfcheetah-medium-v2/3e-4/seed_1/hcm_s1_jax_ae5_ab5_alr0p0003__abcc9057,/home/svcho/amo/results/td3_amo_loco9_alpha5_alr_seeds03/jobs/hc-m_alr3e4_s1/run,final_eval_50.json,1,normalized_score,2026-09-15T02:28:39.460312+00:00
td3_amo,5,0.0003,halfcheetah-medium-v2,2,53.749793308504536,1000000,True,50,True,1,svcho,jax,hcm_s2_jax_ae5_ab5_alr0p0003__3c2e6dc4,1e34514ddf70bfc8a78757d9a78b82306627164c,8428403b482c94dbcd95a5a0770b2bc1aa7c630f,ablation/td3_amo/halfcheetah-medium-v2/3e-4/seed_2/hcm_s2_jax_ae5_ab5_alr0p0003__3c2e6dc4,/home/svcho/amo/results/td3_amo_loco9_alpha5_alr_seeds03/jobs/hc-m_alr3e4_s2/run,final_eval_50.json,1,normalized_score,2026-09-15T02:45:11.419856+00:00
td3_amo,5,0.0003,halfcheetah-medium-v2,3,55.19253879350947,1000000,True,50,True,1,svcho,jax,hcm_s3_jax_ae5_ab5_alr0p0003__d2e5ccce,1e34514ddf70bfc8a78757d9a78b82306627164c,8428403b482c94dbcd95a5a0770b2bc1aa7c630f,ablation/td3_amo/halfcheetah-medium-v2/3e-4/seed_3/hcm_s3_jax_ae5_ab5_alr0p0003__d2e5ccce,/home/svcho/amo/results/td3_amo_loco9_alpha5_alr_seeds03/jobs/hc-m_alr3e4_s3/run,final_eval_50.json,1,normalized_score,2026-09-15T02:44:40.914845+00:00
td3_amo,5,0.002,halfcheetah-medium-replay-v2,0,50.44655677178517,1000000,True,50,True,1,svcho,jax,hcmr_s0_jax_ae5_ab5_alr0p002__d5824942,1e34514ddf70bfc8a78757d9a78b82306627164c,8428403b482c94dbcd95a5a0770b2bc1aa7c630f,ablation/td3_amo/halfcheetah-medium-replay-v2/2e-3/seed_0/hcmr_s0_jax_ae5_ab5_alr0p002__d5824942,/home/svcho/amo/results/td3_amo_loco9_alpha5_alr_seeds03/jobs/hc-mr_alr2e3_s0/run,final_eval_50.json,1,normalized_score,2026-09-15T05:27:43.333775+00:00
td3_amo,5,0.002,halfcheetah-medium-replay-v2,1,48.89408998296018,1000000,True,50,True,1,svcho,jax,hcmr_s1_jax_ae5_ab5_alr0p002__a53a21c5,1e34514ddf70bfc8a78757d9a78b82306627164c,8428403b482c94dbcd95a5a0770b2bc1aa7c630f,ablation/td3_amo/halfcheetah-medium-replay-v2/2e-3/seed_1/hcmr_s1_jax_ae5_ab5_alr0p002__a53a21c5,/home/svcho/amo/results/td3_amo_loco9_alpha5_alr_seeds03/jobs/hc-mr_alr2e3_s1/run,final_eval_50.json,1,normalized_score,2026-09-15T05:28:43.841178+00:00
td3_amo,5,0.002,halfcheetah-medium-replay-v2,2,49.939597296863056,1000000,True,50,True,1,svcho,jax,hcmr_s2_jax_ae5_ab5_alr0p002__d92cc0b4,1e34514ddf70bfc8a78757d9a78b82306627164c,8428403b482c94dbcd95a5a0770b2bc1aa7c630f,ablation/td3_amo/halfcheetah-medium-replay-v2/2e-3/seed_2/hcmr_s2_jax_ae5_ab5_alr0p002__d92cc0b4,/home/svcho/amo/results/td3_amo_loco9_alpha5_alr_seeds03/jobs/hc-mr_alr2e3_s2/run,final_eval_50.json,1,normalized_score,2026-09-15T05:42:51.485643+00:00
td3_amo,5,0.002,halfcheetah-medium-replay-v2,3,49.67794742101505,1000000,True,50,True,1,svcho,jax,hcmr_s3_jax_ae5_ab5_alr0p002__1d34970a,1e34514ddf70bfc8a78757d9a78b82306627164c,8428403b482c94dbcd95a5a0770b2bc1aa7c630f,ablation/td3_amo/halfcheetah-medium-replay-v2/2e-3/seed_3/hcmr_s3_jax_ae5_ab5_alr0p002__1d34970a,/home/svcho/amo/results/td3_amo_loco9_alpha5_alr_seeds03/jobs/hc-mr_alr2e3_s3/run,final_eval_50.json,1,normalized_score,2026-09-15T05:43:52.178513+00:00
td3_amo,5,0.001,halfcheetah-medium-replay-v2,0,49.52692913510488,1000000,True,50,True,1,svcho,jax,hcmr_s0_jax_ae5_ab5_alr0p001__78b5c707,1e34514ddf70bfc8a78757d9a78b82306627164c,8428403b482c94dbcd95a5a0770b2bc1aa7c630f,ablation/td3_amo/halfcheetah-medium-replay-v2/1e-3/seed_0/hcmr_s0_jax_ae5_ab5_alr0p001__78b5c707,/home/svcho/amo/results/td3_amo_loco9_alpha5_alr_seeds03/jobs/hc-mr_alr1e3_s0/run,final_eval_50.json,1,normalized_score,2026-09-15T04:56:58.910880+00:00
td3_amo,5,0.001,halfcheetah-medium-replay-v2,1,48.6949514284696,1000000,True,50,True,1,svcho,jax,hcmr_s1_jax_ae5_ab5_alr0p001__76ae5e67,1e34514ddf70bfc8a78757d9a78b82306627164c,8428403b482c94dbcd95a5a0770b2bc1aa7c630f,ablation/td3_amo/halfcheetah-medium-replay-v2/1e-3/seed_1/hcmr_s1_jax_ae5_ab5_alr0p001__76ae5e67,/home/svcho/amo/results/td3_amo_loco9_alpha5_alr_seeds03/jobs/hc-mr_alr1e3_s1/run,final_eval_50.json,1,normalized_score,2026-09-15T04:57:29.002593+00:00
td3_amo,5,0.001,halfcheetah-medium-replay-v2,2,49.829170269615084,1000000,True,50,True,1,svcho,jax,hcmr_s2_jax_ae5_ab5_alr0p001__a78d566c,1e34514ddf70bfc8a78757d9a78b82306627164c,8428403b482c94dbcd95a5a0770b2bc1aa7c630f,ablation/td3_amo/halfcheetah-medium-replay-v2/1e-3/seed_2/hcmr_s2_jax_ae5_ab5_alr0p001__a78d566c,/home/svcho/amo/results/td3_amo_loco9_alpha5_alr_seeds03/jobs/hc-mr_alr1e3_s2/run,final_eval_50.json,1,normalized_score,2026-09-15T05:12:05.675688+00:00
td3_amo,5,0.001,halfcheetah-medium-replay-v2,3,49.173820647469235,1000000,True,50,True,1,svcho,jax,hcmr_s3_jax_ae5_ab5_alr0p001__896723b1,1e34514ddf70bfc8a78757d9a78b82306627164c,8428403b482c94dbcd95a5a0770b2bc1aa7c630f,ablation/td3_amo/halfcheetah-medium-replay-v2/1e-3/seed_3/hcmr_s3_jax_ae5_ab5_alr0p001__896723b1,/home/svcho/amo/results/td3_amo_loco9_alpha5_alr_seeds03/jobs/hc-mr_alr1e3_s3/run,final_eval_50.json,1,normalized_score,2026-09-15T05:13:06.122395+00:00
td3_amo,5,0.0003,halfcheetah-medium-replay-v2,0,48.3710271072805,1000000,True,50,True,1,svcho,jax,hcmr_s0_jax_ae5_ab5_alr0p0003__df68e852,1e34514ddf70bfc8a78757d9a78b82306627164c,8428403b482c94dbcd95a5a0770b2bc1aa7c630f,ablation/td3_amo/halfcheetah-medium-replay-v2/3e-4/seed_0/hcmr_s0_jax_ae5_ab5_alr0p0003__df68e852,/home/svcho/amo/results/td3_amo_loco9_alpha5_alr_seeds03/jobs/hc-mr_alr3e4_s0/run,final_eval_50.json,1,normalized_score,2026-09-15T04:26:17.411812+00:00
td3_amo,5,0.0003,halfcheetah-medium-replay-v2,1,48.05365117748891,1000000,True,50,True,1,svcho,jax,hcmr_s1_jax_ae5_ab5_alr0p0003__e4713be8,1e34514ddf70bfc8a78757d9a78b82306627164c,8428403b482c94dbcd95a5a0770b2bc1aa7c630f,ablation/td3_amo/halfcheetah-medium-replay-v2/3e-4/seed_1/hcmr_s1_jax_ae5_ab5_alr0p0003__e4713be8,/home/svcho/amo/results/td3_amo_loco9_alpha5_alr_seeds03/jobs/hc-mr_alr3e4_s1/run,final_eval_50.json,1,normalized_score,2026-09-15T04:26:17.311947+00:00
td3_amo,5,0.0003,halfcheetah-medium-replay-v2,2,47.57558319017556,1000000,True,50,True,1,svcho,jax,hcmr_s2_jax_ae5_ab5_alr0p0003__76c24b17,1e34514ddf70bfc8a78757d9a78b82306627164c,8428403b482c94dbcd95a5a0770b2bc1aa7c630f,ablation/td3_amo/halfcheetah-medium-replay-v2/3e-4/seed_2/hcmr_s2_jax_ae5_ab5_alr0p0003__76c24b17,/home/svcho/amo/results/td3_amo_loco9_alpha5_alr_seeds03/jobs/hc-mr_alr3e4_s2/run,final_eval_50.json,1,normalized_score,2026-09-15T04:41:53.133884+00:00
td3_amo,5,0.0003,halfcheetah-medium-replay-v2,3,47.25802109189958,1000000,True,50,True,1,svcho,jax,hcmr_s3_jax_ae5_ab5_alr0p0003__feabdd12,1e34514ddf70bfc8a78757d9a78b82306627164c,8428403b482c94dbcd95a5a0770b2bc1aa7c630f,ablation/td3_amo/halfcheetah-medium-replay-v2/3e-4/seed_3/hcmr_s3_jax_ae5_ab5_alr0p0003__feabdd12,/home/svcho/amo/results/td3_amo_loco9_alpha5_alr_seeds03/jobs/hc-mr_alr3e4_s3/run,final_eval_50.json,1,normalized_score,2026-09-15T04:41:53.394908+00:00
td3_amo,5,0.002,halfcheetah-medium-expert-v2,0,98.22476087516652,1000000,True,50,True,1,svcho,jax,hme_s0_jax_ae5_ab5_alr0p002__c5d2bce2,1e34514ddf70bfc8a78757d9a78b82306627164c,8428403b482c94dbcd95a5a0770b2bc1aa7c630f,ablation/td3_amo/halfcheetah-medium-expert-v2/2e-3/seed_0/hme_s0_jax_ae5_ab5_alr0p002__c5d2bce2,/home/svcho/amo/results/td3_amo_loco9_alpha5_alr_seeds03/jobs/hc-me_alr2e3_s0/run,final_eval_50.json,1,normalized_score,2026-09-15T07:00:44.027240+00:00
td3_amo,5,0.002,halfcheetah-medium-expert-v2,1,101.28247004771687,1000000,True,50,True,1,svcho,jax,hme_s1_jax_ae5_ab5_alr0p002__625325fa,1e34514ddf70bfc8a78757d9a78b82306627164c,8428403b482c94dbcd95a5a0770b2bc1aa7c630f,ablation/td3_amo/halfcheetah-medium-expert-v2/2e-3/seed_1/hme_s1_jax_ae5_ab5_alr0p002__625325fa,/home/svcho/amo/results/td3_amo_loco9_alpha5_alr_seeds03/jobs/hc-me_alr2e3_s1/run,final_eval_50.json,1,normalized_score,2026-09-15T07:01:14.446051+00:00
td3_amo,5,0.002,halfcheetah-medium-expert-v2,2,72.38238752873661,1000000,True,50,True,1,svcho,jax,hme_s2_jax_ae5_ab5_alr0p002__761cf41f,1e34514ddf70bfc8a78757d9a78b82306627164c,8428403b482c94dbcd95a5a0770b2bc1aa7c630f,ablation/td3_amo/halfcheetah-medium-expert-v2/2e-3/seed_2/hme_s2_jax_ae5_ab5_alr0p002__761cf41f,/home/svcho/amo/results/td3_amo_loco9_alpha5_alr_seeds03/jobs/hc-me_alr2e3_s2/run,final_eval_50.json,1,normalized_score,2026-09-15T07:15:56.103015+00:00
td3_amo,5,0.002,halfcheetah-medium-expert-v2,3,89.50119077455959,1000000,True,50,True,1,svcho,jax,hme_s3_jax_ae5_ab5_alr0p002__1d7bce70,1e34514ddf70bfc8a78757d9a78b82306627164c,8428403b482c94dbcd95a5a0770b2bc1aa7c630f,ablation/td3_amo/halfcheetah-medium-expert-v2/2e-3/seed_3/hme_s3_jax_ae5_ab5_alr0p002__1d7bce70,/home/svcho/amo/results/td3_amo_loco9_alpha5_alr_seeds03/jobs/hc-me_alr2e3_s3/run,final_eval_50.json,1,normalized_score,2026-09-15T07:16:57.456902+00:00
td3_amo,5,0.001,halfcheetah-medium-expert-v2,0,100.86790346992827,1000000,True,50,True,1,svcho,jax,hme_s0_jax_ae5_ab5_alr0p001__dc79e540,1e34514ddf70bfc8a78757d9a78b82306627164c,8428403b482c94dbcd95a5a0770b2bc1aa7c630f,ablation/td3_amo/halfcheetah-medium-expert-v2/1e-3/seed_0/hme_s0_jax_ae5_ab5_alr0p001__dc79e540,/home/svcho/amo/results/td3_amo_loco9_alpha5_alr_seeds03/jobs/hc-me_alr1e3_s0/run,final_eval_50.json,1,normalized_score,2026-09-15T06:29:50.625592+00:00
td3_amo,5,0.001,halfcheetah-medium-expert-v2,1,83.82485001444343,1000000,True,50,True,1,svcho,jax,hme_s1_jax_ae5_ab5_alr0p001__9bad988e,1e34514ddf70bfc8a78757d9a78b82306627164c,8428403b482c94dbcd95a5a0770b2bc1aa7c630f,ablation/td3_amo/halfcheetah-medium-expert-v2/1e-3/seed_1/hme_s1_jax_ae5_ab5_alr0p001__9bad988e,/home/svcho/amo/results/td3_amo_loco9_alpha5_alr_seeds03/jobs/hc-me_alr1e3_s1/run,final_eval_50.json,1,normalized_score,2026-09-15T06:29:50.992266+00:00
td3_amo,5,0.001,halfcheetah-medium-expert-v2,2,102.28908567876887,1000000,True,50,True,1,svcho,jax,hme_s2_jax_ae5_ab5_alr0p001__f323c70b,1e34514ddf70bfc8a78757d9a78b82306627164c,8428403b482c94dbcd95a5a0770b2bc1aa7c630f,ablation/td3_amo/halfcheetah-medium-expert-v2/1e-3/seed_2/hme_s2_jax_ae5_ab5_alr0p001__f323c70b,/home/svcho/amo/results/td3_amo_loco9_alpha5_alr_seeds03/jobs/hc-me_alr1e3_s2/run,final_eval_50.json,1,normalized_score,2026-09-15T06:45:32.067504+00:00
td3_amo,5,0.001,halfcheetah-medium-expert-v2,3,100.29829642097161,1000000,True,50,True,1,svcho,jax,hme_s3_jax_ae5_ab5_alr0p001__01b463d5,1e34514ddf70bfc8a78757d9a78b82306627164c,8428403b482c94dbcd95a5a0770b2bc1aa7c630f,ablation/td3_amo/halfcheetah-medium-expert-v2/1e-3/seed_3/hme_s3_jax_ae5_ab5_alr0p001__01b463d5,/home/svcho/amo/results/td3_amo_loco9_alpha5_alr_seeds03/jobs/hc-me_alr1e3_s3/run,final_eval_50.json,1,normalized_score,2026-09-15T06:45:32.133085+00:00
td3_amo,5,0.0003,halfcheetah-medium-expert-v2,0,99.34142181149484,1000000,True,50,True,1,svcho,jax,hme_s0_jax_ae5_ab5_alr0p0003__e5bab07e,1e34514ddf70bfc8a78757d9a78b82306627164c,8428403b482c94dbcd95a5a0770b2bc1aa7c630f,ablation/td3_amo/halfcheetah-medium-expert-v2/3e-4/seed_0/hme_s0_jax_ae5_ab5_alr0p0003__e5bab07e,/home/svcho/amo/results/td3_amo_loco9_alpha5_alr_seeds03/jobs/hc-me_alr3e4_s0/run,final_eval_50.json,1,normalized_score,2026-09-15T05:59:01.189131+00:00
td3_amo,5,0.0003,halfcheetah-medium-expert-v2,1,101.15515544301314,1000000,True,50,True,1,svcho,jax,hme_s1_jax_ae5_ab5_alr0p0003__85103dcd,1e34514ddf70bfc8a78757d9a78b82306627164c,8428403b482c94dbcd95a5a0770b2bc1aa7c630f,ablation/td3_amo/halfcheetah-medium-expert-v2/3e-4/seed_1/hme_s1_jax_ae5_ab5_alr0p0003__85103dcd,/home/svcho/amo/results/td3_amo_loco9_alpha5_alr_seeds03/jobs/hc-me_alr3e4_s1/run,final_eval_50.json,1,normalized_score,2026-09-15T05:59:31.419416+00:00
td3_amo,5,0.0003,halfcheetah-medium-expert-v2,2,97.51329684601244,1000000,True,50,True,1,svcho,jax,hme_s2_jax_ae5_ab5_alr0p0003__9c75f103,1e34514ddf70bfc8a78757d9a78b82306627164c,8428403b482c94dbcd95a5a0770b2bc1aa7c630f,ablation/td3_amo/halfcheetah-medium-expert-v2/3e-4/seed_2/hme_s2_jax_ae5_ab5_alr0p0003__9c75f103,/home/svcho/amo/results/td3_amo_loco9_alpha5_alr_seeds03/jobs/hc-me_alr3e4_s2/run,final_eval_50.json,1,normalized_score,2026-09-15T06:14:10.321006+00:00
td3_amo,5,0.0003,halfcheetah-medium-expert-v2,3,99.35921274657184,1000000,True,50,True,1,svcho,jax,hme_s3_jax_ae5_ab5_alr0p0003__dbb3d0d7,1e34514ddf70bfc8a78757d9a78b82306627164c,8428403b482c94dbcd95a5a0770b2bc1aa7c630f,ablation/td3_amo/halfcheetah-medium-expert-v2/3e-4/seed_3/hme_s3_jax_ae5_ab5_alr0p0003__dbb3d0d7,/home/svcho/amo/results/td3_amo_loco9_alpha5_alr_seeds03/jobs/hc-me_alr3e4_s3/run,final_eval_50.json,1,normalized_score,2026-09-15T06:14:41.143757+00:00
td3_amo,5,0.002,hopper-medium-v2,0,101.2875332108654,1000000,True,50,True,1,svcho,jax,hopm_s0_jax_ae5_ab5_alr0p002__a1dfb666,1e34514ddf70bfc8a78757d9a78b82306627164c,8428403b482c94dbcd95a5a0770b2bc1aa7c630f,ablation/td3_amo/hopper-medium-v2/2e-3/seed_0/hopm_s0_jax_ae5_ab5_alr0p002__a1dfb666,/home/svcho/amo/results/td3_amo_loco9_alpha5_alr_seeds03/jobs/h-m_alr2e3_s0/run,final_eval_50.json,1,normalized_score,2026-09-15T08:32:39.771993+00:00
td3_amo,5,0.002,hopper-medium-v2,1,101.90844120113371,1000000,True,50,True,1,svcho,jax,hopm_s1_jax_ae5_ab5_alr0p002__277fceac,1e34514ddf70bfc8a78757d9a78b82306627164c,8428403b482c94dbcd95a5a0770b2bc1aa7c630f,ablation/td3_amo/hopper-medium-v2/2e-3/seed_1/hopm_s1_jax_ae5_ab5_alr0p002__277fceac,/home/svcho/amo/results/td3_amo_loco9_alpha5_alr_seeds03/jobs/h-m_alr2e3_s1/run,final_eval_50.json,1,normalized_score,2026-09-15T08:32:39.880006+00:00
td3_amo,5,0.002,hopper-medium-v2,2,102.33513593311517,1000000,True,50,True,1,svcho,jax,hopm_s2_jax_ae5_ab5_alr0p002__3d44fcbe,1e34514ddf70bfc8a78757d9a78b82306627164c,8428403b482c94dbcd95a5a0770b2bc1aa7c630f,ablation/td3_amo/hopper-medium-v2/2e-3/seed_2/hopm_s2_jax_ae5_ab5_alr0p002__3d44fcbe,/home/svcho/amo/results/td3_amo_loco9_alpha5_alr_seeds03/jobs/h-m_alr2e3_s2/run,final_eval_50.json,1,normalized_score,2026-09-15T08:48:28.466784+00:00
td3_amo,5,0.002,hopper-medium-v2,3,101.73866562866812,1000000,True,50,True,1,svcho,jax,hopm_s3_jax_ae5_ab5_alr0p002__f9b0daa5,1e34514ddf70bfc8a78757d9a78b82306627164c,8428403b482c94dbcd95a5a0770b2bc1aa7c630f,ablation/td3_amo/hopper-medium-v2/2e-3/seed_3/hopm_s3_jax_ae5_ab5_alr0p002__f9b0daa5,/home/svcho/amo/results/td3_amo_loco9_alpha5_alr_seeds03/jobs/h-m_alr2e3_s3/run,final_eval_50.json,1,normalized_score,2026-09-15T08:48:28.439655+00:00
td3_amo,5,0.001,hopper-medium-v2,0,96.28495254854312,1000000,True,50,True,1,svcho,jax,hopm_s0_jax_ae5_ab5_alr0p001__b058d39e,1e34514ddf70bfc8a78757d9a78b82306627164c,8428403b482c94dbcd95a5a0770b2bc1aa7c630f,ablation/td3_amo/hopper-medium-v2/1e-3/seed_0/hopm_s0_jax_ae5_ab5_alr0p001__b058d39e,/home/svcho/amo/results/td3_amo_loco9_alpha5_alr_seeds03/jobs/h-m_alr1e3_s0/run,final_eval_50.json,1,normalized_score,2026-09-15T08:02:09.283598+00:00
td3_amo,5,0.001,hopper-medium-v2,1,100.74741935639389,1000000,True,50,True,1,svcho,jax,hopm_s1_jax_ae5_ab5_alr0p001__6f97c6e8,1e34514ddf70bfc8a78757d9a78b82306627164c,8428403b482c94dbcd95a5a0770b2bc1aa7c630f,ablation/td3_amo/hopper-medium-v2/1e-3/seed_1/hopm_s1_jax_ae5_ab5_alr0p001__6f97c6e8,/home/svcho/amo/results/td3_amo_loco9_alpha5_alr_seeds03/jobs/h-m_alr1e3_s1/run,final_eval_50.json,1,normalized_score,2026-09-15T08:02:09.618002+00:00
td3_amo,5,0.001,hopper-medium-v2,2,88.12248823224054,1000000,True,50,True,1,svcho,jax,hopm_s2_jax_ae5_ab5_alr0p001__16c5e186,1e34514ddf70bfc8a78757d9a78b82306627164c,8428403b482c94dbcd95a5a0770b2bc1aa7c630f,ablation/td3_amo/hopper-medium-v2/1e-3/seed_2/hopm_s2_jax_ae5_ab5_alr0p001__16c5e186,/home/svcho/amo/results/td3_amo_loco9_alpha5_alr_seeds03/jobs/h-m_alr1e3_s2/run,final_eval_50.json,1,normalized_score,2026-09-15T08:17:23.740780+00:00
td3_amo,5,0.001,hopper-medium-v2,3,96.55360906837866,1000000,True,50,True,1,svcho,jax,hopm_s3_jax_ae5_ab5_alr0p001__a8dc9ad3,1e34514ddf70bfc8a78757d9a78b82306627164c,8428403b482c94dbcd95a5a0770b2bc1aa7c630f,ablation/td3_amo/hopper-medium-v2/1e-3/seed_3/hopm_s3_jax_ae5_ab5_alr0p001__a8dc9ad3,/home/svcho/amo/results/td3_amo_loco9_alpha5_alr_seeds03/jobs/h-m_alr1e3_s3/run,final_eval_50.json,1,normalized_score,2026-09-15T08:17:24.206083+00:00
td3_amo,5,0.0003,hopper-medium-v2,0,74.82949993213835,1000000,True,50,True,1,svcho,jax,hopm_s0_jax_ae5_ab5_alr0p0003__1e742ec9,1e34514ddf70bfc8a78757d9a78b82306627164c,8428403b482c94dbcd95a5a0770b2bc1aa7c630f,ablation/td3_amo/hopper-medium-v2/3e-4/seed_0/hopm_s0_jax_ae5_ab5_alr0p0003__1e742ec9,/home/svcho/amo/results/td3_amo_loco9_alpha5_alr_seeds03/jobs/h-m_alr3e4_s0/run,final_eval_50.json,1,normalized_score,2026-09-15T07:32:10.116436+00:00
td3_amo,5,0.0003,hopper-medium-v2,1,95.92448460578873,1000000,True,50,True,1,svcho,jax,hopm_s1_jax_ae5_ab5_alr0p0003__8ca9ce45,1e34514ddf70bfc8a78757d9a78b82306627164c,8428403b482c94dbcd95a5a0770b2bc1aa7c630f,ablation/td3_amo/hopper-medium-v2/3e-4/seed_1/hopm_s1_jax_ae5_ab5_alr0p0003__8ca9ce45,/home/svcho/amo/results/td3_amo_loco9_alpha5_alr_seeds03/jobs/h-m_alr3e4_s1/run,final_eval_50.json,1,normalized_score,2026-09-15T07:32:11.152468+00:00
td3_amo,5,0.0003,hopper-medium-v2,2,70.77608724812976,1000000,True,50,True,1,svcho,jax,hopm_s2_jax_ae5_ab5_alr0p0003__03716b54,1e34514ddf70bfc8a78757d9a78b82306627164c,8428403b482c94dbcd95a5a0770b2bc1aa7c630f,ablation/td3_amo/hopper-medium-v2/3e-4/seed_2/hopm_s2_jax_ae5_ab5_alr0p0003__03716b54,/home/svcho/amo/results/td3_amo_loco9_alpha5_alr_seeds03/jobs/h-m_alr3e4_s2/run,final_eval_50.json,1,normalized_score,2026-09-15T07:46:52.759938+00:00
td3_amo,5,0.0003,hopper-medium-v2,3,92.47059842213174,1000000,True,50,True,1,svcho,jax,hopm_s3_jax_ae5_ab5_alr0p0003__10df3ec4,1e34514ddf70bfc8a78757d9a78b82306627164c,8428403b482c94dbcd95a5a0770b2bc1aa7c630f,ablation/td3_amo/hopper-medium-v2/3e-4/seed_3/hopm_s3_jax_ae5_ab5_alr0p0003__10df3ec4,/home/svcho/amo/results/td3_amo_loco9_alpha5_alr_seeds03/jobs/h-m_alr3e4_s3/run,final_eval_50.json,1,normalized_score,2026-09-15T07:47:24.491468+00:00
td3_amo,5,0.002,hopper-medium-replay-v2,0,101.97246700081064,1000000,True,50,True,1,svcho,jax,hopmr_s0_jax_ae5_ab5_alr0p002__1e03de96,1e34514ddf70bfc8a78757d9a78b82306627164c,8428403b482c94dbcd95a5a0770b2bc1aa7c630f,ablation/td3_amo/hopper-medium-replay-v2/2e-3/seed_0/hopmr_s0_jax_ae5_ab5_alr0p002__1e03de96,/home/svcho/amo/results/td3_amo_loco9_alpha5_alr_seeds03/jobs/h-mr_alr2e3_s0/run,final_eval_50.json,1,normalized_score,2026-09-15T10:04:00.495497+00:00
td3_amo,5,0.002,hopper-medium-replay-v2,1,100.9781199242564,1000000,True,50,True,1,svcho,jax,hopmr_s1_jax_ae5_ab5_alr0p002__e5a9b550,1e34514ddf70bfc8a78757d9a78b82306627164c,8428403b482c94dbcd95a5a0770b2bc1aa7c630f,ablation/td3_amo/hopper-medium-replay-v2/2e-3/seed_1/hopmr_s1_jax_ae5_ab5_alr0p002__e5a9b550,/home/svcho/amo/results/td3_amo_loco9_alpha5_alr_seeds03/jobs/h-mr_alr2e3_s1/run,final_eval_50.json,1,normalized_score,2026-09-15T10:04:00.482106+00:00
td3_amo,5,0.002,hopper-medium-replay-v2,2,100.91758644588865,1000000,True,50,True,1,svcho,jax,hopmr_s2_jax_ae5_ab5_alr0p002__2a8f42bd,1e34514ddf70bfc8a78757d9a78b82306627164c,8428403b482c94dbcd95a5a0770b2bc1aa7c630f,ablation/td3_amo/hopper-medium-replay-v2/2e-3/seed_2/hopmr_s2_jax_ae5_ab5_alr0p002__2a8f42bd,/home/svcho/amo/results/td3_amo_loco9_alpha5_alr_seeds03/jobs/h-mr_alr2e3_s2/run,final_eval_50.json,1,normalized_score,2026-09-15T10:18:50.307230+00:00
td3_amo,5,0.002,hopper-medium-replay-v2,3,101.56818402702005,1000000,True,50,True,1,svcho,jax,hopmr_s3_jax_ae5_ab5_alr0p002__fbfb7b1f,1e34514ddf70bfc8a78757d9a78b82306627164c,8428403b482c94dbcd95a5a0770b2bc1aa7c630f,ablation/td3_amo/hopper-medium-replay-v2/2e-3/seed_3/hopmr_s3_jax_ae5_ab5_alr0p002__fbfb7b1f,/home/svcho/amo/results/td3_amo_loco9_alpha5_alr_seeds03/jobs/h-mr_alr2e3_s3/run,final_eval_50.json,1,normalized_score,2026-09-15T10:19:21.751366+00:00
td3_amo,5,0.001,hopper-medium-replay-v2,0,100.81645754051686,1000000,True,50,True,1,svcho,jax,hopmr_s0_jax_ae5_ab5_alr0p001__dbc2b2a4,1e34514ddf70bfc8a78757d9a78b82306627164c,8428403b482c94dbcd95a5a0770b2bc1aa7c630f,ablation/td3_amo/hopper-medium-replay-v2/1e-3/seed_0/hopmr_s0_jax_ae5_ab5_alr0p001__dbc2b2a4,/home/svcho/amo/results/td3_amo_loco9_alpha5_alr_seeds03/jobs/h-mr_alr1e3_s0/run,final_eval_50.json,1,normalized_score,2026-09-15T09:33:51.407350+00:00
td3_amo,5,0.001,hopper-medium-replay-v2,1,98.55649585736262,1000000,True,50,True,1,svcho,jax,hopmr_s1_jax_ae5_ab5_alr0p001__2838af2b,1e34514ddf70bfc8a78757d9a78b82306627164c,8428403b482c94dbcd95a5a0770b2bc1aa7c630f,ablation/td3_amo/hopper-medium-replay-v2/1e-3/seed_1/hopmr_s1_jax_ae5_ab5_alr0p001__2838af2b,/home/svcho/amo/results/td3_amo_loco9_alpha5_alr_seeds03/jobs/h-mr_alr1e3_s1/run,final_eval_50.json,1,normalized_score,2026-09-15T09:33:51.532253+00:00
td3_amo,5,0.001,hopper-medium-replay-v2,2,99.82638630870697,1000000,True,50,True,1,svcho,jax,hopmr_s2_jax_ae5_ab5_alr0p001__12cf191d,1e34514ddf70bfc8a78757d9a78b82306627164c,8428403b482c94dbcd95a5a0770b2bc1aa7c630f,ablation/td3_amo/hopper-medium-replay-v2/1e-3/seed_2/hopmr_s2_jax_ae5_ab5_alr0p001__12cf191d,/home/svcho/amo/results/td3_amo_loco9_alpha5_alr_seeds03/jobs/h-mr_alr1e3_s2/run,final_eval_50.json,1,normalized_score,2026-09-15T09:48:40.834079+00:00
td3_amo,5,0.001,hopper-medium-replay-v2,3,101.79187342327909,1000000,True,50,True,1,svcho,jax,hopmr_s3_jax_ae5_ab5_alr0p001__aab9de5b,1e34514ddf70bfc8a78757d9a78b82306627164c,8428403b482c94dbcd95a5a0770b2bc1aa7c630f,ablation/td3_amo/hopper-medium-replay-v2/1e-3/seed_3/hopmr_s3_jax_ae5_ab5_alr0p001__aab9de5b,/home/svcho/amo/results/td3_amo_loco9_alpha5_alr_seeds03/jobs/h-mr_alr1e3_s3/run,final_eval_50.json,1,normalized_score,2026-09-15T09:48:40.928539+00:00
td3_amo,5,0.0003,hopper-medium-replay-v2,0,98.36303811028645,1000000,True,50,True,1,svcho,jax,hopmr_s0_jax_ae5_ab5_alr0p0003__75d4a8c7,1e34514ddf70bfc8a78757d9a78b82306627164c,8428403b482c94dbcd95a5a0770b2bc1aa7c630f,ablation/td3_amo/hopper-medium-replay-v2/3e-4/seed_0/hopmr_s0_jax_ae5_ab5_alr0p0003__75d4a8c7,/home/svcho/amo/results/td3_amo_loco9_alpha5_alr_seeds03/jobs/h-mr_alr3e4_s0/run,final_eval_50.json,1,normalized_score,2026-09-15T09:03:14.047271+00:00
td3_amo,5,0.0003,hopper-medium-replay-v2,1,95.97558900337509,1000000,True,50,True,1,svcho,jax,hopmr_s1_jax_ae5_ab5_alr0p0003__27acb9c6,1e34514ddf70bfc8a78757d9a78b82306627164c,8428403b482c94dbcd95a5a0770b2bc1aa7c630f,ablation/td3_amo/hopper-medium-replay-v2/3e-4/seed_1/hopmr_s1_jax_ae5_ab5_alr0p0003__27acb9c6,/home/svcho/amo/results/td3_amo_loco9_alpha5_alr_seeds03/jobs/h-mr_alr3e4_s1/run,final_eval_50.json,1,normalized_score,2026-09-15T09:03:44.698034+00:00
td3_amo,5,0.0003,hopper-medium-replay-v2,2,100.57638197122567,1000000,True,50,True,1,svcho,jax,hopmr_s2_jax_ae5_ab5_alr0p0003__07f14d80,1e34514ddf70bfc8a78757d9a78b82306627164c,8428403b482c94dbcd95a5a0770b2bc1aa7c630f,ablation/td3_amo/hopper-medium-replay-v2/3e-4/seed_2/hopmr_s2_jax_ae5_ab5_alr0p0003__07f14d80,/home/svcho/amo/results/td3_amo_loco9_alpha5_alr_seeds03/jobs/h-mr_alr3e4_s2/run,final_eval_50.json,1,normalized_score,2026-09-15T09:18:33.076921+00:00
td3_amo,5,0.0003,hopper-medium-replay-v2,3,102.09681671026884,1000000,True,50,True,1,svcho,jax,hopmr_s3_jax_ae5_ab5_alr0p0003__cd102855,1e34514ddf70bfc8a78757d9a78b82306627164c,8428403b482c94dbcd95a5a0770b2bc1aa7c630f,ablation/td3_amo/hopper-medium-replay-v2/3e-4/seed_3/hopmr_s3_jax_ae5_ab5_alr0p0003__cd102855,/home/svcho/amo/results/td3_amo_loco9_alpha5_alr_seeds03/jobs/h-mr_alr3e4_s3/run,final_eval_50.json,1,normalized_score,2026-09-15T09:18:33.036995+00:00
td3_amo,5,0.002,hopper-medium-expert-v2,0,68.79976293013954,1000000,True,50,True,1,svcho,jax,hopme_s0_jax_ae5_ab5_alr0p002__032f4e86,1e34514ddf70bfc8a78757d9a78b82306627164c,8428403b482c94dbcd95a5a0770b2bc1aa7c630f,ablation/td3_amo/hopper-medium-expert-v2/2e-3/seed_0/hopme_s0_jax_ae5_ab5_alr0p002__032f4e86,/home/svcho/amo/results/td3_amo_loco9_alpha5_alr_seeds03/jobs/h-me_alr2e3_s0/run,final_eval_50.json,1,normalized_score,2026-09-15T11:35:45.438835+00:00
td3_amo,5,0.002,hopper-medium-expert-v2,1,58.017823583663976,1000000,True,50,True,1,svcho,jax,hopme_s1_jax_ae5_ab5_alr0p002__95e0cd35,1e34514ddf70bfc8a78757d9a78b82306627164c,8428403b482c94dbcd95a5a0770b2bc1aa7c630f,ablation/td3_amo/hopper-medium-expert-v2/2e-3/seed_1/hopme_s1_jax_ae5_ab5_alr0p002__95e0cd35,/home/svcho/amo/results/td3_amo_loco9_alpha5_alr_seeds03/jobs/h-me_alr2e3_s1/run,final_eval_50.json,1,normalized_score,2026-09-15T11:37:48.389569+00:00
td3_amo,5,0.002,hopper-medium-expert-v2,2,53.28716877842346,1000000,True,50,True,1,svcho,jax,hopme_s2_jax_ae5_ab5_alr0p002__5ec084ca,1e34514ddf70bfc8a78757d9a78b82306627164c,8428403b482c94dbcd95a5a0770b2bc1aa7c630f,ablation/td3_amo/hopper-medium-expert-v2/2e-3/seed_2/hopme_s2_jax_ae5_ab5_alr0p002__5ec084ca,/home/svcho/amo/results/td3_amo_loco9_alpha5_alr_seeds03/jobs/h-me_alr2e3_s2/run,final_eval_50.json,1,normalized_score,2026-09-15T11:51:40.876089+00:00
td3_amo,5,0.002,hopper-medium-expert-v2,3,49.59200732423855,1000000,True,50,True,1,svcho,jax,hopme_s3_jax_ae5_ab5_alr0p002__04ec5220,1e34514ddf70bfc8a78757d9a78b82306627164c,8428403b482c94dbcd95a5a0770b2bc1aa7c630f,ablation/td3_amo/hopper-medium-expert-v2/2e-3/seed_3/hopme_s3_jax_ae5_ab5_alr0p002__04ec5220,/home/svcho/amo/results/td3_amo_loco9_alpha5_alr_seeds03/jobs/h-me_alr2e3_s3/run,final_eval_50.json,1,normalized_score,2026-09-15T11:53:13.256104+00:00
td3_amo,5,0.001,hopper-medium-expert-v2,0,76.86834602721311,1000000,True,50,True,1,svcho,jax,hopme_s0_jax_ae5_ab5_alr0p001__1c05ed51,1e34514ddf70bfc8a78757d9a78b82306627164c,8428403b482c94dbcd95a5a0770b2bc1aa7c630f,ablation/td3_amo/hopper-medium-expert-v2/1e-3/seed_0/hopme_s0_jax_ae5_ab5_alr0p001__1c05ed51,/home/svcho/amo/results/td3_amo_loco9_alpha5_alr_seeds03/jobs/h-me_alr1e3_s0/run,final_eval_50.json,1,normalized_score,2026-09-15T11:05:28.623211+00:00
td3_amo,5,0.001,hopper-medium-expert-v2,1,112.51932974922414,1000000,True,50,True,1,svcho,jax,hopme_s1_jax_ae5_ab5_alr0p001__4f2a39c2,1e34514ddf70bfc8a78757d9a78b82306627164c,8428403b482c94dbcd95a5a0770b2bc1aa7c630f,ablation/td3_amo/hopper-medium-expert-v2/1e-3/seed_1/hopme_s1_jax_ae5_ab5_alr0p001__4f2a39c2,/home/svcho/amo/results/td3_amo_loco9_alpha5_alr_seeds03/jobs/h-me_alr1e3_s1/run,final_eval_50.json,1,normalized_score,2026-09-15T11:07:02.380070+00:00
td3_amo,5,0.001,hopper-medium-expert-v2,2,111.03174134587219,1000000,True,50,True,1,svcho,jax,hopme_s2_jax_ae5_ab5_alr0p001__bec2fdb2,1e34514ddf70bfc8a78757d9a78b82306627164c,8428403b482c94dbcd95a5a0770b2bc1aa7c630f,ablation/td3_amo/hopper-medium-expert-v2/1e-3/seed_2/hopme_s2_jax_ae5_ab5_alr0p001__bec2fdb2,/home/svcho/amo/results/td3_amo_loco9_alpha5_alr_seeds03/jobs/h-me_alr1e3_s2/run,final_eval_50.json,1,normalized_score,2026-09-15T11:20:53.765283+00:00
td3_amo,5,0.001,hopper-medium-expert-v2,3,112.90491670785217,1000000,True,50,True,1,svcho,jax,hopme_s3_jax_ae5_ab5_alr0p001__f5dfa8be,1e34514ddf70bfc8a78757d9a78b82306627164c,8428403b482c94dbcd95a5a0770b2bc1aa7c630f,ablation/td3_amo/hopper-medium-expert-v2/1e-3/seed_3/hopme_s3_jax_ae5_ab5_alr0p001__f5dfa8be,/home/svcho/amo/results/td3_amo_loco9_alpha5_alr_seeds03/jobs/h-me_alr1e3_s3/run,final_eval_50.json,1,normalized_score,2026-09-15T11:22:25.993868+00:00
td3_amo,5,0.0003,hopper-medium-expert-v2,0,111.781911075637,1000000,True,50,True,1,svcho,jax,hopme_s0_jax_ae5_ab5_alr0p0003__3d2f8ff1,1e34514ddf70bfc8a78757d9a78b82306627164c,8428403b482c94dbcd95a5a0770b2bc1aa7c630f,ablation/td3_amo/hopper-medium-expert-v2/3e-4/seed_0/hopme_s0_jax_ae5_ab5_alr0p0003__3d2f8ff1,/home/svcho/amo/results/td3_amo_loco9_alpha5_alr_seeds03/jobs/h-me_alr3e4_s0/run,final_eval_50.json,1,normalized_score,2026-09-15T10:34:42.800731+00:00
td3_amo,5,0.0003,hopper-medium-expert-v2,1,104.19937328252655,1000000,True,50,True,1,svcho,jax,hopme_s1_jax_ae5_ab5_alr0p0003__da069511,1e34514ddf70bfc8a78757d9a78b82306627164c,8428403b482c94dbcd95a5a0770b2bc1aa7c630f,ablation/td3_amo/hopper-medium-expert-v2/3e-4/seed_1/hopme_s1_jax_ae5_ab5_alr0p0003__da069511,/home/svcho/amo/results/td3_amo_loco9_alpha5_alr_seeds03/jobs/h-me_alr3e4_s1/run,final_eval_50.json,1,normalized_score,2026-09-15T10:34:42.293111+00:00
td3_amo,5,0.0003,hopper-medium-expert-v2,2,111.82979415993681,1000000,True,50,True,1,svcho,jax,hopme_s2_jax_ae5_ab5_alr0p0003__3d9dc9fa,1e34514ddf70bfc8a78757d9a78b82306627164c,8428403b482c94dbcd95a5a0770b2bc1aa7c630f,ablation/td3_amo/hopper-medium-expert-v2/3e-4/seed_2/hopme_s2_jax_ae5_ab5_alr0p0003__3d9dc9fa,/home/svcho/amo/results/td3_amo_loco9_alpha5_alr_seeds03/jobs/h-me_alr3e4_s2/run,final_eval_50.json,1,normalized_score,2026-09-15T10:49:35.035365+00:00
td3_amo,5,0.0003,hopper-medium-expert-v2,3,90.22138693917947,1000000,True,50,True,1,svcho,jax,hopme_s3_jax_ae5_ab5_alr0p0003__91bb24e3,1e34514ddf70bfc8a78757d9a78b82306627164c,8428403b482c94dbcd95a5a0770b2bc1aa7c630f,ablation/td3_amo/hopper-medium-expert-v2/3e-4/seed_3/hopme_s3_jax_ae5_ab5_alr0p0003__91bb24e3,/home/svcho/amo/results/td3_amo_loco9_alpha5_alr_seeds03/jobs/h-me_alr3e4_s3/run,final_eval_50.json,1,normalized_score,2026-09-15T10:50:35.119158+00:00
td3_amo,5,0.002,walker2d-medium-v2,0,98.81799256509008,1000000,True,50,True,1,svcho,jax,wm_s0_jax_ae5_ab5_alr0p002__abd903f3,1e34514ddf70bfc8a78757d9a78b82306627164c,8428403b482c94dbcd95a5a0770b2bc1aa7c630f,ablation/td3_amo/walker2d-medium-v2/2e-3/seed_0/wm_s0_jax_ae5_ab5_alr0p002__abd903f3,/home/svcho/amo/results/td3_amo_loco9_alpha5_alr_seeds03/jobs/w-m_alr2e3_s0/run,final_eval_50.json,1,normalized_score,2026-09-15T13:11:04.618811+00:00
td3_amo,5,0.002,walker2d-medium-v2,1,96.7001112210663,1000000,True,50,True,1,svcho,jax,wm_s1_jax_ae5_ab5_alr0p002__0a41c84e,1e34514ddf70bfc8a78757d9a78b82306627164c,8428403b482c94dbcd95a5a0770b2bc1aa7c630f,ablation/td3_amo/walker2d-medium-v2/2e-3/seed_1/wm_s1_jax_ae5_ab5_alr0p002__0a41c84e,/home/svcho/amo/results/td3_amo_loco9_alpha5_alr_seeds03/jobs/w-m_alr2e3_s1/run,final_eval_50.json,1,normalized_score,2026-09-15T13:11:35.595177+00:00
td3_amo,5,0.002,walker2d-medium-v2,2,95.3137701737282,1000000,True,50,True,1,svcho,jax,wm_s2_jax_ae5_ab5_alr0p002__0c20a6b6,1e34514ddf70bfc8a78757d9a78b82306627164c,8428403b482c94dbcd95a5a0770b2bc1aa7c630f,ablation/td3_amo/walker2d-medium-v2/2e-3/seed_2/wm_s2_jax_ae5_ab5_alr0p002__0c20a6b6,/home/svcho/amo/results/td3_amo_loco9_alpha5_alr_seeds03/jobs/w-m_alr2e3_s2/run,final_eval_50.json,1,normalized_score,2026-09-15T13:27:05.278238+00:00
td3_amo,5,0.002,walker2d-medium-v2,3,78.99749431329903,1000000,True,50,True,1,svcho,jax,wm_s3_jax_ae5_ab5_alr0p002__89aabe0b,1e34514ddf70bfc8a78757d9a78b82306627164c,8428403b482c94dbcd95a5a0770b2bc1aa7c630f,ablation/td3_amo/walker2d-medium-v2/2e-3/seed_3/wm_s3_jax_ae5_ab5_alr0p002__89aabe0b,/home/svcho/amo/results/td3_amo_loco9_alpha5_alr_seeds03/jobs/w-m_alr2e3_s3/run,final_eval_50.json,1,normalized_score,2026-09-15T13:27:04.374248+00:00
td3_amo,5,0.001,walker2d-medium-v2,0,94.89498515668221,1000000,True,50,True,1,svcho,jax,wm_s0_jax_ae5_ab5_alr0p001__4b568e6a,1e34514ddf70bfc8a78757d9a78b82306627164c,8428403b482c94dbcd95a5a0770b2bc1aa7c630f,ablation/td3_amo/walker2d-medium-v2/1e-3/seed_0/wm_s0_jax_ae5_ab5_alr0p001__4b568e6a,/home/svcho/amo/results/td3_amo_loco9_alpha5_alr_seeds03/jobs/w-m_alr1e3_s0/run,final_eval_50.json,1,normalized_score,2026-09-15T12:40:08.596685+00:00
td3_amo,5,0.001,walker2d-medium-v2,1,94.30796479826326,1000000,True,50,True,1,svcho,jax,wm_s1_jax_ae5_ab5_alr0p001__a8776ed8,1e34514ddf70bfc8a78757d9a78b82306627164c,8428403b482c94dbcd95a5a0770b2bc1aa7c630f,ablation/td3_amo/walker2d-medium-v2/1e-3/seed_1/wm_s1_jax_ae5_ab5_alr0p001__a8776ed8,/home/svcho/amo/results/td3_amo_loco9_alpha5_alr_seeds03/jobs/w-m_alr1e3_s1/run,final_eval_50.json,1,normalized_score,2026-09-15T12:40:08.752758+00:00
td3_amo,5,0.001,walker2d-medium-v2,2,95.73794297742215,1000000,True,50,True,1,svcho,jax,wm_s2_jax_ae5_ab5_alr0p001__dcef7d5a,1e34514ddf70bfc8a78757d9a78b82306627164c,8428403b482c94dbcd95a5a0770b2bc1aa7c630f,ablation/td3_amo/walker2d-medium-v2/1e-3/seed_2/wm_s2_jax_ae5_ab5_alr0p001__dcef7d5a,/home/svcho/amo/results/td3_amo_loco9_alpha5_alr_seeds03/jobs/w-m_alr1e3_s2/run,final_eval_50.json,1,normalized_score,2026-09-15T12:55:36.094828+00:00
td3_amo,5,0.001,walker2d-medium-v2,3,93.68138123305397,1000000,True,50,True,1,svcho,jax,wm_s3_jax_ae5_ab5_alr0p001__9ac47191,1e34514ddf70bfc8a78757d9a78b82306627164c,8428403b482c94dbcd95a5a0770b2bc1aa7c630f,ablation/td3_amo/walker2d-medium-v2/1e-3/seed_3/wm_s3_jax_ae5_ab5_alr0p001__9ac47191,/home/svcho/amo/results/td3_amo_loco9_alpha5_alr_seeds03/jobs/w-m_alr1e3_s3/run,final_eval_50.json,1,normalized_score,2026-09-15T12:55:35.904084+00:00
td3_amo,5,0.0003,walker2d-medium-v2,0,89.1186657192051,1000000,True,50,True,1,svcho,jax,wm_s0_jax_ae5_ab5_alr0p0003__1f1034e5,1e34514ddf70bfc8a78757d9a78b82306627164c,8428403b482c94dbcd95a5a0770b2bc1aa7c630f,ablation/td3_amo/walker2d-medium-v2/3e-4/seed_0/wm_s0_jax_ae5_ab5_alr0p0003__1f1034e5,/home/svcho/amo/results/td3_amo_loco9_alpha5_alr_seeds03/jobs/w-m_alr3e4_s0/run,final_eval_50.json,1,normalized_score,2026-09-15T12:08:42.748044+00:00
td3_amo,5,0.0003,walker2d-medium-v2,1,90.15877814562185,1000000,True,50,True,1,svcho,jax,wm_s1_jax_ae5_ab5_alr0p0003__85160c80,1e34514ddf70bfc8a78757d9a78b82306627164c,8428403b482c94dbcd95a5a0770b2bc1aa7c630f,ablation/td3_amo/walker2d-medium-v2/3e-4/seed_1/wm_s1_jax_ae5_ab5_alr0p0003__85160c80,/home/svcho/amo/results/td3_amo_loco9_alpha5_alr_seeds03/jobs/w-m_alr3e4_s1/run,final_eval_50.json,1,normalized_score,2026-09-15T12:08:42.842166+00:00
td3_amo,5,0.0003,walker2d-medium-v2,2,90.83095439125579,1000000,True,50,True,1,svcho,jax,wm_s2_jax_ae5_ab5_alr0p0003__9bcdabb9,1e34514ddf70bfc8a78757d9a78b82306627164c,8428403b482c94dbcd95a5a0770b2bc1aa7c630f,ablation/td3_amo/walker2d-medium-v2/3e-4/seed_2/wm_s2_jax_ae5_ab5_alr0p0003__9bcdabb9,/home/svcho/amo/results/td3_amo_loco9_alpha5_alr_seeds03/jobs/w-m_alr3e4_s2/run,final_eval_50.json,1,normalized_score,2026-09-15T12:24:09.458633+00:00
td3_amo,5,0.0003,walker2d-medium-v2,3,90.87844466209361,1000000,True,50,True,1,svcho,jax,wm_s3_jax_ae5_ab5_alr0p0003__5d09cb3b,1e34514ddf70bfc8a78757d9a78b82306627164c,8428403b482c94dbcd95a5a0770b2bc1aa7c630f,ablation/td3_amo/walker2d-medium-v2/3e-4/seed_3/wm_s3_jax_ae5_ab5_alr0p0003__5d09cb3b,/home/svcho/amo/results/td3_amo_loco9_alpha5_alr_seeds03/jobs/w-m_alr3e4_s3/run,final_eval_50.json,1,normalized_score,2026-09-15T12:24:41.113613+00:00
td3_amo,5,0.002,walker2d-medium-replay-v2,0,99.18826640635803,1000000,True,50,True,1,svcho,jax,wmr_s0_jax_ae5_ab5_alr0p002__56e8b924,1e34514ddf70bfc8a78757d9a78b82306627164c,8428403b482c94dbcd95a5a0770b2bc1aa7c630f,ablation/td3_amo/walker2d-medium-replay-v2/2e-3/seed_0/wmr_s0_jax_ae5_ab5_alr0p002__56e8b924,/home/svcho/amo/results/td3_amo_loco9_alpha5_alr_seeds03/jobs/w-mr_alr2e3_s0/run,final_eval_50.json,1,normalized_score,2026-09-15T14:44:14.329707+00:00
td3_amo,5,0.002,walker2d-medium-replay-v2,1,95.6912944919626,1000000,True,50,True,1,svcho,jax,wmr_s1_jax_ae5_ab5_alr0p002__de00260c,1e34514ddf70bfc8a78757d9a78b82306627164c,8428403b482c94dbcd95a5a0770b2bc1aa7c630f,ablation/td3_amo/walker2d-medium-replay-v2/2e-3/seed_1/wmr_s1_jax_ae5_ab5_alr0p002__de00260c,/home/svcho/amo/results/td3_amo_loco9_alpha5_alr_seeds03/jobs/w-mr_alr2e3_s1/run,final_eval_50.json,1,normalized_score,2026-09-15T14:45:47.598324+00:00
td3_amo,5,0.002,walker2d-medium-replay-v2,2,97.01516656304034,1000000,True,50,True,1,svcho,jax,wmr_s2_jax_ae5_ab5_alr0p002__9fce96cb,1e34514ddf70bfc8a78757d9a78b82306627164c,8428403b482c94dbcd95a5a0770b2bc1aa7c630f,ablation/td3_amo/walker2d-medium-replay-v2/2e-3/seed_2/wmr_s2_jax_ae5_ab5_alr0p002__9fce96cb,/home/svcho/amo/results/td3_amo_loco9_alpha5_alr_seeds03/jobs/w-mr_alr2e3_s2/run,final_eval_50.json,1,normalized_score,2026-09-15T14:59:16.905578+00:00
td3_amo,5,0.002,walker2d-medium-replay-v2,3,89.63247729904494,1000000,True,50,True,1,svcho,jax,wmr_s3_jax_ae5_ab5_alr0p002__97c8ee3e,1e34514ddf70bfc8a78757d9a78b82306627164c,8428403b482c94dbcd95a5a0770b2bc1aa7c630f,ablation/td3_amo/walker2d-medium-replay-v2/2e-3/seed_3/wmr_s3_jax_ae5_ab5_alr0p002__97c8ee3e,/home/svcho/amo/results/td3_amo_loco9_alpha5_alr_seeds03/jobs/w-mr_alr2e3_s3/run,final_eval_50.json,1,normalized_score,2026-09-15T15:00:50.245612+00:00
td3_amo,5,0.001,walker2d-medium-replay-v2,0,86.02239273097449,1000000,True,50,True,1,svcho,jax,wmr_s0_jax_ae5_ab5_alr0p001__41f220c5,1e34514ddf70bfc8a78757d9a78b82306627164c,8428403b482c94dbcd95a5a0770b2bc1aa7c630f,ablation/td3_amo/walker2d-medium-replay-v2/1e-3/seed_0/wmr_s0_jax_ae5_ab5_alr0p001__41f220c5,/home/svcho/amo/results/td3_amo_loco9_alpha5_alr_seeds03/jobs/w-mr_alr1e3_s0/run,final_eval_50.json,1,normalized_score,2026-09-15T14:13:39.098329+00:00
td3_amo,5,0.001,walker2d-medium-replay-v2,1,82.68494300566732,1000000,True,50,True,1,svcho,jax,wmr_s1_jax_ae5_ab5_alr0p001__86c9a898,1e34514ddf70bfc8a78757d9a78b82306627164c,8428403b482c94dbcd95a5a0770b2bc1aa7c630f,ablation/td3_amo/walker2d-medium-replay-v2/1e-3/seed_1/wmr_s1_jax_ae5_ab5_alr0p001__86c9a898,/home/svcho/amo/results/td3_amo_loco9_alpha5_alr_seeds03/jobs/w-mr_alr1e3_s1/run,final_eval_50.json,1,normalized_score,2026-09-15T14:14:09.693025+00:00
td3_amo,5,0.001,walker2d-medium-replay-v2,2,94.94916363131703,1000000,True,50,True,1,svcho,jax,wmr_s2_jax_ae5_ab5_alr0p001__732925b0,1e34514ddf70bfc8a78757d9a78b82306627164c,8428403b482c94dbcd95a5a0770b2bc1aa7c630f,ablation/td3_amo/walker2d-medium-replay-v2/1e-3/seed_2/wmr_s2_jax_ae5_ab5_alr0p001__732925b0,/home/svcho/amo/results/td3_amo_loco9_alpha5_alr_seeds03/jobs/w-mr_alr1e3_s2/run,final_eval_50.json,1,normalized_score,2026-09-15T14:28:40.581382+00:00
td3_amo,5,0.001,walker2d-medium-replay-v2,3,92.30631133169632,1000000,True,50,True,1,svcho,jax,wmr_s3_jax_ae5_ab5_alr0p001__d4f91f93,1e34514ddf70bfc8a78757d9a78b82306627164c,8428403b482c94dbcd95a5a0770b2bc1aa7c630f,ablation/td3_amo/walker2d-medium-replay-v2/1e-3/seed_3/wmr_s3_jax_ae5_ab5_alr0p001__d4f91f93,/home/svcho/amo/results/td3_amo_loco9_alpha5_alr_seeds03/jobs/w-mr_alr1e3_s3/run,final_eval_50.json,1,normalized_score,2026-09-15T14:29:42.919279+00:00
td3_amo,5,0.0003,walker2d-medium-replay-v2,0,89.71555208570976,1000000,True,50,True,1,svcho,jax,wmr_s0_jax_ae5_ab5_alr0p0003__8dd5e512,1e34514ddf70bfc8a78757d9a78b82306627164c,8428403b482c94dbcd95a5a0770b2bc1aa7c630f,ablation/td3_amo/walker2d-medium-replay-v2/3e-4/seed_0/wmr_s0_jax_ae5_ab5_alr0p0003__8dd5e512,/home/svcho/amo/results/td3_amo_loco9_alpha5_alr_seeds03/jobs/w-mr_alr3e4_s0/run,final_eval_50.json,1,normalized_score,2026-09-15T13:42:35.416554+00:00
td3_amo,5,0.0003,walker2d-medium-replay-v2,1,87.44767158406475,1000000,True,50,True,1,svcho,jax,wmr_s1_jax_ae5_ab5_alr0p0003__914b9e08,1e34514ddf70bfc8a78757d9a78b82306627164c,8428403b482c94dbcd95a5a0770b2bc1aa7c630f,ablation/td3_amo/walker2d-medium-replay-v2/3e-4/seed_1/wmr_s1_jax_ae5_ab5_alr0p0003__914b9e08,/home/svcho/amo/results/td3_amo_loco9_alpha5_alr_seeds03/jobs/w-mr_alr3e4_s1/run,final_eval_50.json,1,normalized_score,2026-09-15T13:42:35.488689+00:00
td3_amo,5,0.0003,walker2d-medium-replay-v2,2,95.36596228103821,1000000,True,50,True,1,svcho,jax,wmr_s2_jax_ae5_ab5_alr0p0003__46423d88,1e34514ddf70bfc8a78757d9a78b82306627164c,8428403b482c94dbcd95a5a0770b2bc1aa7c630f,ablation/td3_amo/walker2d-medium-replay-v2/3e-4/seed_2/wmr_s2_jax_ae5_ab5_alr0p0003__46423d88,/home/svcho/amo/results/td3_amo_loco9_alpha5_alr_seeds03/jobs/w-mr_alr3e4_s2/run,final_eval_50.json,1,normalized_score,2026-09-15T13:58:06.631504+00:00
td3_amo,5,0.0003,walker2d-medium-replay-v2,3,93.43440579106938,1000000,True,50,True,1,svcho,jax,wmr_s3_jax_ae5_ab5_alr0p0003__eae70c8f,1e34514ddf70bfc8a78757d9a78b82306627164c,8428403b482c94dbcd95a5a0770b2bc1aa7c630f,ablation/td3_amo/walker2d-medium-replay-v2/3e-4/seed_3/wmr_s3_jax_ae5_ab5_alr0p0003__eae70c8f,/home/svcho/amo/results/td3_amo_loco9_alpha5_alr_seeds03/jobs/w-mr_alr3e4_s3/run,final_eval_50.json,1,normalized_score,2026-09-15T13:58:06.632799+00:00
td3_amo,5,0.002,walker2d-medium-expert-v2,0,110.15481020464858,1000000,True,50,True,1,svcho,jax,wme_s0_jax_ae5_ab5_alr0p002__1f8442a5,1e34514ddf70bfc8a78757d9a78b82306627164c,8428403b482c94dbcd95a5a0770b2bc1aa7c630f,ablation/td3_amo/walker2d-medium-expert-v2/2e-3/seed_0/wme_s0_jax_ae5_ab5_alr0p002__1f8442a5,/home/svcho/amo/results/td3_amo_loco9_alpha5_alr_seeds03/jobs/w-me_alr2e3_s0/run,final_eval_50.json,1,normalized_score,2026-09-15T16:18:51.726300+00:00
td3_amo,5,0.002,walker2d-medium-expert-v2,1,110.28407903116526,1000000,True,50,True,1,svcho,jax,wme_s1_jax_ae5_ab5_alr0p002__38be4931,1e34514ddf70bfc8a78757d9a78b82306627164c,8428403b482c94dbcd95a5a0770b2bc1aa7c630f,ablation/td3_amo/walker2d-medium-expert-v2/2e-3/seed_1/wme_s1_jax_ae5_ab5_alr0p002__38be4931,/home/svcho/amo/results/td3_amo_loco9_alpha5_alr_seeds03/jobs/w-me_alr2e3_s1/run,final_eval_50.json,1,normalized_score,2026-09-15T16:19:22.892911+00:00
td3_amo,5,0.002,walker2d-medium-expert-v2,2,111.91517015768726,1000000,True,50,True,1,svcho,jax,wme_s2_jax_ae5_ab5_alr0p002__32a28b01,1e34514ddf70bfc8a78757d9a78b82306627164c,8428403b482c94dbcd95a5a0770b2bc1aa7c630f,ablation/td3_amo/walker2d-medium-expert-v2/2e-3/seed_2/wme_s2_jax_ae5_ab5_alr0p002__32a28b01,/home/svcho/amo/results/td3_amo_loco9_alpha5_alr_seeds03/jobs/w-me_alr2e3_s2/run,final_eval_50.json,1,normalized_score,2026-09-15T16:34:29.232241+00:00
td3_amo,5,0.002,walker2d-medium-expert-v2,3,112.19137682811515,1000000,True,50,True,1,svcho,jax,wme_s3_jax_ae5_ab5_alr0p002__0e8ce88d,1e34514ddf70bfc8a78757d9a78b82306627164c,8428403b482c94dbcd95a5a0770b2bc1aa7c630f,ablation/td3_amo/walker2d-medium-expert-v2/2e-3/seed_3/wme_s3_jax_ae5_ab5_alr0p002__0e8ce88d,/home/svcho/amo/results/td3_amo_loco9_alpha5_alr_seeds03/jobs/w-me_alr2e3_s3/run,final_eval_50.json,1,normalized_score,2026-09-15T16:35:00.863446+00:00
td3_amo,5,0.001,walker2d-medium-expert-v2,0,110.05731069643237,1000000,True,50,True,1,svcho,jax,wme_s0_jax_ae5_ab5_alr0p001__1df5339d,1e34514ddf70bfc8a78757d9a78b82306627164c,8428403b482c94dbcd95a5a0770b2bc1aa7c630f,ablation/td3_amo/walker2d-medium-expert-v2/1e-3/seed_0/wme_s0_jax_ae5_ab5_alr0p001__1df5339d,/home/svcho/amo/results/td3_amo_loco9_alpha5_alr_seeds03/jobs/w-me_alr1e3_s0/run,final_eval_50.json,1,normalized_score,2026-09-15T15:47:36.581591+00:00
td3_amo,5,0.001,walker2d-medium-expert-v2,1,109.7528704050941,1000000,True,50,True,1,svcho,jax,wme_s1_jax_ae5_ab5_alr0p001__7b1028a8,1e34514ddf70bfc8a78757d9a78b82306627164c,8428403b482c94dbcd95a5a0770b2bc1aa7c630f,ablation/td3_amo/walker2d-medium-expert-v2/1e-3/seed_1/wme_s1_jax_ae5_ab5_alr0p001__7b1028a8,/home/svcho/amo/results/td3_amo_loco9_alpha5_alr_seeds03/jobs/w-me_alr1e3_s1/run,final_eval_50.json,1,normalized_score,2026-09-15T15:47:36.625912+00:00
td3_amo,5,0.001,walker2d-medium-expert-v2,2,111.63267168268153,1000000,True,50,True,1,svcho,jax,wme_s2_jax_ae5_ab5_alr0p001__85d008b4,1e34514ddf70bfc8a78757d9a78b82306627164c,8428403b482c94dbcd95a5a0770b2bc1aa7c630f,ablation/td3_amo/walker2d-medium-expert-v2/1e-3/seed_2/wme_s2_jax_ae5_ab5_alr0p001__85d008b4,/home/svcho/amo/results/td3_amo_loco9_alpha5_alr_seeds03/jobs/w-me_alr1e3_s2/run,final_eval_50.json,1,normalized_score,2026-09-15T16:03:14.005304+00:00
td3_amo,5,0.001,walker2d-medium-expert-v2,3,111.13387821935923,1000000,True,50,True,1,svcho,jax,wme_s3_jax_ae5_ab5_alr0p001__44fde0e2,1e34514ddf70bfc8a78757d9a78b82306627164c,8428403b482c94dbcd95a5a0770b2bc1aa7c630f,ablation/td3_amo/walker2d-medium-expert-v2/1e-3/seed_3/wme_s3_jax_ae5_ab5_alr0p001__44fde0e2,/home/svcho/amo/results/td3_amo_loco9_alpha5_alr_seeds03/jobs/w-me_alr1e3_s3/run,final_eval_50.json,1,normalized_score,2026-09-15T16:03:45.477881+00:00
td3_amo,5,0.0003,walker2d-medium-expert-v2,0,109.87696332502917,1000000,True,50,True,1,svcho,jax,wme_s0_jax_ae5_ab5_alr0p0003__f38e6c4b,1e34514ddf70bfc8a78757d9a78b82306627164c,8428403b482c94dbcd95a5a0770b2bc1aa7c630f,ablation/td3_amo/walker2d-medium-expert-v2/3e-4/seed_0/wme_s0_jax_ae5_ab5_alr0p0003__f38e6c4b,/home/svcho/amo/results/td3_amo_loco9_alpha5_alr_seeds03/jobs/w-me_alr3e4_s0/run,final_eval_50.json,1,normalized_score,2026-09-15T15:16:25.464475+00:00
td3_amo,5,0.0003,walker2d-medium-expert-v2,1,109.71890634308208,1000000,True,50,True,1,svcho,jax,wme_s1_jax_ae5_ab5_alr0p0003__1727f426,1e34514ddf70bfc8a78757d9a78b82306627164c,8428403b482c94dbcd95a5a0770b2bc1aa7c630f,ablation/td3_amo/walker2d-medium-expert-v2/3e-4/seed_1/wme_s1_jax_ae5_ab5_alr0p0003__1727f426,/home/svcho/amo/results/td3_amo_loco9_alpha5_alr_seeds03/jobs/w-me_alr3e4_s1/run,final_eval_50.json,1,normalized_score,2026-09-15T15:16:25.644094+00:00
td3_amo,5,0.0003,walker2d-medium-expert-v2,2,110.90191311804531,1000000,True,50,True,1,svcho,jax,wme_s2_jax_ae5_ab5_alr0p0003__32a7f973,1e34514ddf70bfc8a78757d9a78b82306627164c,8428403b482c94dbcd95a5a0770b2bc1aa7c630f,ablation/td3_amo/walker2d-medium-expert-v2/3e-4/seed_2/wme_s2_jax_ae5_ab5_alr0p0003__32a7f973,/home/svcho/amo/results/td3_amo_loco9_alpha5_alr_seeds03/jobs/w-me_alr3e4_s2/run,final_eval_50.json,1,normalized_score,2026-09-15T15:32:00.860192+00:00
td3_amo,5,0.0003,walker2d-medium-expert-v2,3,110.09436679179798,1000000,True,50,True,1,svcho,jax,wme_s3_jax_ae5_ab5_alr0p0003__8bd10cd3,1e34514ddf70bfc8a78757d9a78b82306627164c,8428403b482c94dbcd95a5a0770b2bc1aa7c630f,ablation/td3_amo/walker2d-medium-expert-v2/3e-4/seed_3/wme_s3_jax_ae5_ab5_alr0p0003__8bd10cd3,/home/svcho/amo/results/td3_amo_loco9_alpha5_alr_seeds03/jobs/w-me_alr3e4_s3/run,final_eval_50.json,1,normalized_score,2026-09-15T15:32:01.050241+00:00
td3_amo,5,0.002,antmaze-umaze-v2,0,78.0,1000000,True,50,True,1,choi,jax,amu_s0_jax_ae5_ab5_Alr0p002__c2f0d5ba,1e34514ddf70bfc8a78757d9a78b82306627164c,77632f62205b32266edb06cf137e9830ea5b4236,ablation/td3_amo/antmaze-umaze-v2/2e-3/seed_0/amu_s0_jax_ae5_ab5_Alr0p002__c2f0d5ba,/home/choi/AMO_store/td3_amo_jax_antmaze_tinit25_tlr/runs/td3amo_jax_te25_tb25_tlr2e-3_amu_s0,eval.jsonl,1,normalized_score,2026-09-15T05:55:05.054958+00:00
td3_amo,5,0.002,antmaze-umaze-v2,1,82.0,1000000,True,50,True,1,choi,jax,amu_s1_jax_ae5_ab5_Alr0p002__c3a7fc05,1e34514ddf70bfc8a78757d9a78b82306627164c,77632f62205b32266edb06cf137e9830ea5b4236,ablation/td3_amo/antmaze-umaze-v2/2e-3/seed_1/amu_s1_jax_ae5_ab5_Alr0p002__c3a7fc05,/home/choi/AMO_store/td3_amo_jax_antmaze_tinit25_tlr/runs/td3amo_jax_te25_tb25_tlr2e-3_amu_s1,eval.jsonl,1,normalized_score,2026-09-15T05:55:10.300159+00:00
td3_amo,5,0.002,antmaze-umaze-v2,2,90.0,1000000,True,50,True,1,choi,jax,amu_s2_jax_ae5_ab5_Alr0p002__ca43fa0f,1e34514ddf70bfc8a78757d9a78b82306627164c,77632f62205b32266edb06cf137e9830ea5b4236,ablation/td3_amo/antmaze-umaze-v2/2e-3/seed_2/amu_s2_jax_ae5_ab5_Alr0p002__ca43fa0f,/home/choi/AMO_store/td3_amo_jax_antmaze_tinit25_tlr/runs/td3amo_jax_te25_tb25_tlr2e-3_amu_s2,eval.jsonl,1,normalized_score,2026-09-15T05:55:14.281467+00:00
td3_amo,5,0.002,antmaze-umaze-v2,3,84.0,1000000,True,50,True,1,choi,jax,amu_s3_jax_ae5_ab5_Alr0p002__845281e6,1e34514ddf70bfc8a78757d9a78b82306627164c,77632f62205b32266edb06cf137e9830ea5b4236,ablation/td3_amo/antmaze-umaze-v2/2e-3/seed_3/amu_s3_jax_ae5_ab5_Alr0p002__845281e6,/home/choi/AMO_store/td3_amo_jax_antmaze_tinit25_tlr/runs/td3amo_jax_te25_tb25_tlr2e-3_amu_s3,eval.jsonl,1,normalized_score,2026-09-15T05:55:19.092736+00:00
td3_amo,5,0.001,antmaze-umaze-v2,0,98.0,1000000,True,50,True,1,choi,jax,amu_s0_jax_ae5_ab5_Alr0p001__ecc7972e,1e34514ddf70bfc8a78757d9a78b82306627164c,77632f62205b32266edb06cf137e9830ea5b4236,ablation/td3_amo/antmaze-umaze-v2/1e-3/seed_0/amu_s0_jax_ae5_ab5_Alr0p001__ecc7972e,/home/choi/AMO_store/td3_amo_jax_antmaze_tinit25_tlr/runs/td3amo_jax_te25_tb25_tlr1e-3_amu_s0,eval.jsonl,1,normalized_score,2026-09-15T03:32:06.050133+00:00
td3_amo,5,0.001,antmaze-umaze-v2,1,84.0,1000000,True,50,True,1,choi,jax,amu_s1_jax_ae5_ab5_Alr0p001__035bd3e6,1e34514ddf70bfc8a78757d9a78b82306627164c,77632f62205b32266edb06cf137e9830ea5b4236,ablation/td3_amo/antmaze-umaze-v2/1e-3/seed_1/amu_s1_jax_ae5_ab5_Alr0p001__035bd3e6,/home/choi/AMO_store/td3_amo_jax_antmaze_tinit25_tlr/runs/td3amo_jax_te25_tb25_tlr1e-3_amu_s1,eval.jsonl,1,normalized_score,2026-09-15T03:32:10.745839+00:00
td3_amo,5,0.001,antmaze-umaze-v2,2,98.0,1000000,True,50,True,1,choi,jax,amu_s2_jax_ae5_ab5_Alr0p001__2ed0587b,1e34514ddf70bfc8a78757d9a78b82306627164c,77632f62205b32266edb06cf137e9830ea5b4236,ablation/td3_amo/antmaze-umaze-v2/1e-3/seed_2/amu_s2_jax_ae5_ab5_Alr0p001__2ed0587b,/home/choi/AMO_store/td3_amo_jax_antmaze_tinit25_tlr/runs/td3amo_jax_te25_tb25_tlr1e-3_amu_s2,eval.jsonl,1,normalized_score,2026-09-15T03:34:28.152481+00:00
td3_amo,5,0.001,antmaze-umaze-v2,3,96.0,1000000,True,50,True,1,choi,jax,amu_s3_jax_ae5_ab5_Alr0p001__dc57dfed,1e34514ddf70bfc8a78757d9a78b82306627164c,77632f62205b32266edb06cf137e9830ea5b4236,ablation/td3_amo/antmaze-umaze-v2/1e-3/seed_3/amu_s3_jax_ae5_ab5_Alr0p001__dc57dfed,/home/choi/AMO_store/td3_amo_jax_antmaze_tinit25_tlr/runs/td3amo_jax_te25_tb25_tlr1e-3_amu_s3,eval.jsonl,1,normalized_score,2026-09-15T03:34:32.204187+00:00
td3_amo,5,0.0003,antmaze-umaze-v2,0,84.0,1000000,True,50,True,1,choi,jax,amu_s0_jax_ae5_ab5_Alr0p0003__4b129ccf,1e34514ddf70bfc8a78757d9a78b82306627164c,77632f62205b32266edb06cf137e9830ea5b4236,ablation/td3_amo/antmaze-umaze-v2/3e-4/seed_0/amu_s0_jax_ae5_ab5_Alr0p0003__4b129ccf,/home/choi/AMO_store/td3_amo_jax_antmaze_tinit25_tlr/runs/td3amo_jax_te25_tb25_tlr3e-4_amu_s0,eval.jsonl,1,normalized_score,2026-09-15T02:39:23.991067+00:00
td3_amo,5,0.0003,antmaze-umaze-v2,1,98.0,1000000,True,50,True,1,choi,jax,amu_s1_jax_ae5_ab5_Alr0p0003__e7fe3fa7,1e34514ddf70bfc8a78757d9a78b82306627164c,77632f62205b32266edb06cf137e9830ea5b4236,ablation/td3_amo/antmaze-umaze-v2/3e-4/seed_1/amu_s1_jax_ae5_ab5_Alr0p0003__e7fe3fa7,/home/choi/AMO_store/td3_amo_jax_antmaze_tinit25_tlr/runs/td3amo_jax_te25_tb25_tlr3e-4_amu_s1,eval.jsonl,1,normalized_score,2026-09-15T02:39:28.781824+00:00
td3_amo,5,0.0003,antmaze-umaze-v2,2,92.0,1000000,True,50,True,1,choi,jax,amu_s2_jax_ae5_ab5_Alr0p0003__712d1f5c,1e34514ddf70bfc8a78757d9a78b82306627164c,77632f62205b32266edb06cf137e9830ea5b4236,ablation/td3_amo/antmaze-umaze-v2/3e-4/seed_2/amu_s2_jax_ae5_ab5_Alr0p0003__712d1f5c,/home/choi/AMO_store/td3_amo_jax_antmaze_tinit25_tlr/runs/td3amo_jax_te25_tb25_tlr3e-4_amu_s2,eval.jsonl,1,normalized_score,2026-09-15T03:32:14.463014+00:00
td3_amo,5,0.0003,antmaze-umaze-v2,3,92.0,1000000,True,50,True,1,choi,jax,amu_s3_jax_ae5_ab5_Alr0p0003__d818d774,1e34514ddf70bfc8a78757d9a78b82306627164c,77632f62205b32266edb06cf137e9830ea5b4236,ablation/td3_amo/antmaze-umaze-v2/3e-4/seed_3/amu_s3_jax_ae5_ab5_Alr0p0003__d818d774,/home/choi/AMO_store/td3_amo_jax_antmaze_tinit25_tlr/runs/td3amo_jax_te25_tb25_tlr3e-4_amu_s3,eval.jsonl,1,normalized_score,2026-09-15T03:32:18.565820+00:00
td3_amo,5,0.002,antmaze-umaze-diverse-v2,0,82.0,1000000,True,50,True,1,choi,jax,amud_s0_jax_ae5_ab5_Alr0p002__8b1928c7,1e34514ddf70bfc8a78757d9a78b82306627164c,77632f62205b32266edb06cf137e9830ea5b4236,ablation/td3_amo/antmaze-umaze-diverse-v2/2e-3/seed_0/amud_s0_jax_ae5_ab5_Alr0p002__8b1928c7,/home/choi/AMO_store/td3_amo_jax_antmaze_tinit25_tlr/runs/td3amo_jax_te25_tb25_tlr2e-3_amud_s0,eval.jsonl,1,normalized_score,2026-09-15T05:55:24.713371+00:00
td3_amo,5,0.002,antmaze-umaze-diverse-v2,1,72.0,1000000,True,50,True,1,choi,jax,amud_s1_jax_ae5_ab5_Alr0p002__b95b8a57,1e34514ddf70bfc8a78757d9a78b82306627164c,77632f62205b32266edb06cf137e9830ea5b4236,ablation/td3_amo/antmaze-umaze-diverse-v2/2e-3/seed_1/amud_s1_jax_ae5_ab5_Alr0p002__b95b8a57,/home/choi/AMO_store/td3_amo_jax_antmaze_tinit25_tlr/runs/td3amo_jax_te25_tb25_tlr2e-3_amud_s1,eval.jsonl,1,normalized_score,2026-09-15T05:55:32.048805+00:00
td3_amo,5,0.002,antmaze-umaze-diverse-v2,2,94.0,1000000,True,50,True,1,choi,jax,amud_s2_jax_ae5_ab5_Alr0p002__4eaabb98,1e34514ddf70bfc8a78757d9a78b82306627164c,77632f62205b32266edb06cf137e9830ea5b4236,ablation/td3_amo/antmaze-umaze-diverse-v2/2e-3/seed_2/amud_s2_jax_ae5_ab5_Alr0p002__4eaabb98,/home/choi/AMO_store/td3_amo_jax_antmaze_tinit25_tlr/runs/td3amo_jax_te25_tb25_tlr2e-3_amud_s2,eval.jsonl,1,normalized_score,2026-09-15T05:55:36.205683+00:00
td3_amo,5,0.002,antmaze-umaze-diverse-v2,3,82.0,1000000,True,50,True,1,choi,jax,amud_s3_jax_ae5_ab5_Alr0p002__b3562e9c,1e34514ddf70bfc8a78757d9a78b82306627164c,77632f62205b32266edb06cf137e9830ea5b4236,ablation/td3_amo/antmaze-umaze-diverse-v2/2e-3/seed_3/amud_s3_jax_ae5_ab5_Alr0p002__b3562e9c,/home/choi/AMO_store/td3_amo_jax_antmaze_tinit25_tlr/runs/td3amo_jax_te25_tb25_tlr2e-3_amud_s3,eval.jsonl,1,normalized_score,2026-09-15T05:55:41.474075+00:00
td3_amo,5,0.001,antmaze-umaze-diverse-v2,0,76.0,1000000,True,50,True,1,choi,jax,amud_s0_jax_ae5_ab5_Alr0p001__334d550b,1e34514ddf70bfc8a78757d9a78b82306627164c,77632f62205b32266edb06cf137e9830ea5b4236,ablation/td3_amo/antmaze-umaze-diverse-v2/1e-3/seed_0/amud_s0_jax_ae5_ab5_Alr0p001__334d550b,/home/choi/AMO_store/td3_amo_jax_antmaze_tinit25_tlr/runs/td3amo_jax_te25_tb25_tlr1e-3_amud_s0,eval.jsonl,1,normalized_score,2026-09-15T05:54:33.395960+00:00
td3_amo,5,0.001,antmaze-umaze-diverse-v2,1,86.0,1000000,True,50,True,1,choi,jax,amud_s1_jax_ae5_ab5_Alr0p001__47c702f2,1e34514ddf70bfc8a78757d9a78b82306627164c,77632f62205b32266edb06cf137e9830ea5b4236,ablation/td3_amo/antmaze-umaze-diverse-v2/1e-3/seed_1/amud_s1_jax_ae5_ab5_Alr0p001__47c702f2,/home/choi/AMO_store/td3_amo_jax_antmaze_tinit25_tlr/runs/td3amo_jax_te25_tb25_tlr1e-3_amud_s1,eval.jsonl,1,normalized_score,2026-09-15T05:54:38.314677+00:00
td3_amo,5,0.001,antmaze-umaze-diverse-v2,2,86.0,1000000,True,50,True,1,choi,jax,amud_s2_jax_ae5_ab5_Alr0p001__cd196db0,1e34514ddf70bfc8a78757d9a78b82306627164c,77632f62205b32266edb06cf137e9830ea5b4236,ablation/td3_amo/antmaze-umaze-diverse-v2/1e-3/seed_2/amud_s2_jax_ae5_ab5_Alr0p001__cd196db0,/home/choi/AMO_store/td3_amo_jax_antmaze_tinit25_tlr/runs/td3amo_jax_te25_tb25_tlr1e-3_amud_s2,eval.jsonl,1,normalized_score,2026-09-15T05:54:42.948023+00:00
td3_amo,5,0.001,antmaze-umaze-diverse-v2,3,2.0,1000000,True,50,True,1,choi,jax,amud_s3_jax_ae5_ab5_Alr0p001__0344161c,1e34514ddf70bfc8a78757d9a78b82306627164c,77632f62205b32266edb06cf137e9830ea5b4236,ablation/td3_amo/antmaze-umaze-diverse-v2/1e-3/seed_3/amud_s3_jax_ae5_ab5_Alr0p001__0344161c,/home/choi/AMO_store/td3_amo_jax_antmaze_tinit25_tlr/runs/td3amo_jax_te25_tb25_tlr1e-3_amud_s3,eval.jsonl,1,normalized_score,2026-09-15T05:54:59.536165+00:00
td3_amo,5,0.0003,antmaze-umaze-diverse-v2,0,70.0,1000000,True,50,True,1,choi,jax,amud_s0_jax_ae5_ab5_Alr0p0003__390422ca,1e34514ddf70bfc8a78757d9a78b82306627164c,77632f62205b32266edb06cf137e9830ea5b4236,ablation/td3_amo/antmaze-umaze-diverse-v2/3e-4/seed_0/amud_s0_jax_ae5_ab5_Alr0p0003__390422ca,/home/choi/AMO_store/td3_amo_jax_antmaze_tinit25_tlr/runs/td3amo_jax_te25_tb25_tlr3e-4_amud_s0,eval.jsonl,1,normalized_score,2026-09-15T05:54:56.508048+00:00
td3_amo,5,0.0003,antmaze-umaze-diverse-v2,1,76.0,1000000,True,50,True,1,choi,jax,amud_s1_jax_ae5_ab5_Alr0p0003__f9142745,1e34514ddf70bfc8a78757d9a78b82306627164c,77632f62205b32266edb06cf137e9830ea5b4236,ablation/td3_amo/antmaze-umaze-diverse-v2/3e-4/seed_1/amud_s1_jax_ae5_ab5_Alr0p0003__f9142745,/home/choi/AMO_store/td3_amo_jax_antmaze_tinit25_tlr/runs/td3amo_jax_te25_tb25_tlr3e-4_amud_s1,eval.jsonl,1,normalized_score,2026-09-15T05:54:55.673857+00:00
td3_amo,5,0.0003,antmaze-umaze-diverse-v2,2,84.0,1000000,True,50,True,1,choi,jax,amud_s2_jax_ae5_ab5_Alr0p0003__635f6a2b,1e34514ddf70bfc8a78757d9a78b82306627164c,77632f62205b32266edb06cf137e9830ea5b4236,ablation/td3_amo/antmaze-umaze-diverse-v2/3e-4/seed_2/amud_s2_jax_ae5_ab5_Alr0p0003__635f6a2b,/home/choi/AMO_store/td3_amo_jax_antmaze_tinit25_tlr/runs/td3amo_jax_te25_tb25_tlr3e-4_amud_s2,eval.jsonl,1,normalized_score,2026-09-15T05:56:11.615393+00:00
td3_amo,5,0.0003,antmaze-umaze-diverse-v2,3,72.0,1000000,True,50,True,1,choi,jax,amud_s3_jax_ae5_ab5_Alr0p0003__8adedea6,1e34514ddf70bfc8a78757d9a78b82306627164c,77632f62205b32266edb06cf137e9830ea5b4236,ablation/td3_amo/antmaze-umaze-diverse-v2/3e-4/seed_3/amud_s3_jax_ae5_ab5_Alr0p0003__8adedea6,/home/choi/AMO_store/td3_amo_jax_antmaze_tinit25_tlr/runs/td3amo_jax_te25_tb25_tlr3e-4_amud_s3,eval.jsonl,1,normalized_score,2026-09-15T05:56:18.279370+00:00
td3_amo,5,0.002,antmaze-medium-play-v2,0,70.0,1000000,True,50,True,1,choi,jax,ammp_s0_jax_ae5_ab5_Alr0p002__c098b9f7,1e34514ddf70bfc8a78757d9a78b82306627164c,77632f62205b32266edb06cf137e9830ea5b4236,ablation/td3_amo/antmaze-medium-play-v2/2e-3/seed_0/ammp_s0_jax_ae5_ab5_Alr0p002__c098b9f7,/home/choi/AMO_store/td3_amo_jax_antmaze_tinit25_tlr/runs/td3amo_jax_te25_tb25_tlr2e-3_ammp_s0,eval.jsonl,1,normalized_score,2026-09-15T09:18:22.753635+00:00
td3_amo,5,0.002,antmaze-medium-play-v2,1,82.0,1000000,True,50,True,1,choi,jax,ammp_s1_jax_ae5_ab5_Alr0p002__79af7e2b,1e34514ddf70bfc8a78757d9a78b82306627164c,77632f62205b32266edb06cf137e9830ea5b4236,ablation/td3_amo/antmaze-medium-play-v2/2e-3/seed_1/ammp_s1_jax_ae5_ab5_Alr0p002__79af7e2b,/home/choi/AMO_store/td3_amo_jax_antmaze_tinit25_tlr/runs/td3amo_jax_te25_tb25_tlr2e-3_ammp_s1,eval.jsonl,1,normalized_score,2026-09-15T09:18:20.074687+00:00
td3_amo,5,0.002,antmaze-medium-play-v2,2,50.0,1000000,True,50,True,1,choi,jax,ammp_s2_jax_ae5_ab5_Alr0p002__29a62077,1e34514ddf70bfc8a78757d9a78b82306627164c,77632f62205b32266edb06cf137e9830ea5b4236,ablation/td3_amo/antmaze-medium-play-v2/2e-3/seed_2/ammp_s2_jax_ae5_ab5_Alr0p002__29a62077,/home/choi/AMO_store/td3_amo_jax_antmaze_tinit25_tlr/runs/td3amo_jax_te25_tb25_tlr2e-3_ammp_s2,eval.jsonl,1,normalized_score,2026-09-15T09:18:31.758052+00:00
td3_amo,5,0.002,antmaze-medium-play-v2,3,62.0,1000000,True,50,True,1,choi,jax,ammp_s3_jax_ae5_ab5_Alr0p002__2a1a6ebd,1e34514ddf70bfc8a78757d9a78b82306627164c,77632f62205b32266edb06cf137e9830ea5b4236,ablation/td3_amo/antmaze-medium-play-v2/2e-3/seed_3/ammp_s3_jax_ae5_ab5_Alr0p002__2a1a6ebd,/home/choi/AMO_store/td3_amo_jax_antmaze_tinit25_tlr/runs/td3amo_jax_te25_tb25_tlr2e-3_ammp_s3,eval.jsonl,1,normalized_score,2026-09-15T09:18:29.384261+00:00
td3_amo,5,0.001,antmaze-medium-play-v2,0,80.0,1000000,True,50,True,1,choi,jax,ammp_s0_jax_ae5_ab5_Alr0p001__6481adbd,1e34514ddf70bfc8a78757d9a78b82306627164c,77632f62205b32266edb06cf137e9830ea5b4236,ablation/td3_amo/antmaze-medium-play-v2/1e-3/seed_0/ammp_s0_jax_ae5_ab5_Alr0p001__6481adbd,/home/choi/AMO_store/td3_amo_jax_antmaze_tinit25_tlr/runs/td3amo_jax_te25_tb25_tlr1e-3_ammp_s0,eval.jsonl,1,normalized_score,2026-09-15T09:17:39.049263+00:00
td3_amo,5,0.001,antmaze-medium-play-v2,1,64.0,1000000,True,50,True,1,choi,jax,ammp_s1_jax_ae5_ab5_Alr0p001__499e2481,1e34514ddf70bfc8a78757d9a78b82306627164c,77632f62205b32266edb06cf137e9830ea5b4236,ablation/td3_amo/antmaze-medium-play-v2/1e-3/seed_1/ammp_s1_jax_ae5_ab5_Alr0p001__499e2481,/home/choi/AMO_store/td3_amo_jax_antmaze_tinit25_tlr/runs/td3amo_jax_te25_tb25_tlr1e-3_ammp_s1,eval.jsonl,1,normalized_score,2026-09-15T09:17:45.161756+00:00
td3_amo,5,0.001,antmaze-medium-play-v2,2,78.0,1000000,True,50,True,1,choi,jax,ammp_s2_jax_ae5_ab5_Alr0p001__137b7836,1e34514ddf70bfc8a78757d9a78b82306627164c,77632f62205b32266edb06cf137e9830ea5b4236,ablation/td3_amo/antmaze-medium-play-v2/1e-3/seed_2/ammp_s2_jax_ae5_ab5_Alr0p001__137b7836,/home/choi/AMO_store/td3_amo_jax_antmaze_tinit25_tlr/runs/td3amo_jax_te25_tb25_tlr1e-3_ammp_s2,eval.jsonl,1,normalized_score,2026-09-15T09:17:59.398786+00:00
td3_amo,5,0.001,antmaze-medium-play-v2,3,84.0,1000000,True,50,True,1,choi,jax,ammp_s3_jax_ae5_ab5_Alr0p001__6eb14fea,1e34514ddf70bfc8a78757d9a78b82306627164c,77632f62205b32266edb06cf137e9830ea5b4236,ablation/td3_amo/antmaze-medium-play-v2/1e-3/seed_3/ammp_s3_jax_ae5_ab5_Alr0p001__6eb14fea,/home/choi/AMO_store/td3_amo_jax_antmaze_tinit25_tlr/runs/td3amo_jax_te25_tb25_tlr1e-3_ammp_s3,eval.jsonl,1,normalized_score,2026-09-15T09:18:01.873755+00:00
td3_amo,5,0.0003,antmaze-medium-play-v2,0,78.0,1000000,True,50,True,1,choi,jax,ammp_s0_jax_ae5_ab5_Alr0p0003__f6f057f4,1e34514ddf70bfc8a78757d9a78b82306627164c,77632f62205b32266edb06cf137e9830ea5b4236,ablation/td3_amo/antmaze-medium-play-v2/3e-4/seed_0/ammp_s0_jax_ae5_ab5_Alr0p0003__f6f057f4,/home/choi/AMO_store/td3_amo_jax_antmaze_tinit25_tlr/runs/td3amo_jax_te25_tb25_tlr3e-4_ammp_s0,eval.jsonl,1,normalized_score,2026-09-15T05:55:53.443505+00:00
td3_amo,5,0.0003,antmaze-medium-play-v2,1,72.0,1000000,True,50,True,1,choi,jax,ammp_s1_jax_ae5_ab5_Alr0p0003__8b56d0c8,1e34514ddf70bfc8a78757d9a78b82306627164c,77632f62205b32266edb06cf137e9830ea5b4236,ablation/td3_amo/antmaze-medium-play-v2/3e-4/seed_1/ammp_s1_jax_ae5_ab5_Alr0p0003__8b56d0c8,/home/choi/AMO_store/td3_amo_jax_antmaze_tinit25_tlr/runs/td3amo_jax_te25_tb25_tlr3e-4_ammp_s1,eval.jsonl,1,normalized_score,2026-09-15T05:56:06.316402+00:00
td3_amo,5,0.0003,antmaze-medium-play-v2,2,82.0,1000000,True,50,True,1,choi,jax,ammp_s2_jax_ae5_ab5_Alr0p0003__e4023cfd,1e34514ddf70bfc8a78757d9a78b82306627164c,77632f62205b32266edb06cf137e9830ea5b4236,ablation/td3_amo/antmaze-medium-play-v2/3e-4/seed_2/ammp_s2_jax_ae5_ab5_Alr0p0003__e4023cfd,/home/choi/AMO_store/td3_amo_jax_antmaze_tinit25_tlr/runs/td3amo_jax_te25_tb25_tlr3e-4_ammp_s2,eval.jsonl,1,normalized_score,2026-09-15T09:19:07.504790+00:00
td3_amo,5,0.0003,antmaze-medium-play-v2,3,76.0,1000000,True,50,True,1,choi,jax,ammp_s3_jax_ae5_ab5_Alr0p0003__d0b944b9,1e34514ddf70bfc8a78757d9a78b82306627164c,77632f62205b32266edb06cf137e9830ea5b4236,ablation/td3_amo/antmaze-medium-play-v2/3e-4/seed_3/ammp_s3_jax_ae5_ab5_Alr0p0003__d0b944b9,/home/choi/AMO_store/td3_amo_jax_antmaze_tinit25_tlr/runs/td3amo_jax_te25_tb25_tlr3e-4_ammp_s3,eval.jsonl,1,normalized_score,2026-09-15T09:19:14.809596+00:00
td3_amo,5,0.002,antmaze-medium-diverse-v2,0,57.99999999999999,1000000,True,50,True,1,choi,jax,ammd_s0_jax_ae5_ab5_Alr0p002__c4f47da3,1e34514ddf70bfc8a78757d9a78b82306627164c,77632f62205b32266edb06cf137e9830ea5b4236,ablation/td3_amo/antmaze-medium-diverse-v2/2e-3/seed_0/ammd_s0_jax_ae5_ab5_Alr0p002__c4f47da3,/home/choi/AMO_store/td3_amo_jax_antmaze_tinit25_tlr/runs/td3amo_jax_te25_tb25_tlr2e-3_ammd_s0,eval.jsonl,1,normalized_score,2026-09-15T09:18:12.898450+00:00
td3_amo,5,0.002,antmaze-medium-diverse-v2,1,4.0,1000000,True,50,True,1,choi,jax,ammd_s1_jax_ae5_ab5_Alr0p002__2c8dba6e,1e34514ddf70bfc8a78757d9a78b82306627164c,77632f62205b32266edb06cf137e9830ea5b4236,ablation/td3_amo/antmaze-medium-diverse-v2/2e-3/seed_1/ammd_s1_jax_ae5_ab5_Alr0p002__2c8dba6e,/home/choi/AMO_store/td3_amo_jax_antmaze_tinit25_tlr/runs/td3amo_jax_te25_tb25_tlr2e-3_ammd_s1,eval.jsonl,1,normalized_score,2026-09-15T09:18:27.073063+00:00
td3_amo,5,0.002,antmaze-medium-diverse-v2,2,42.0,1000000,True,50,True,1,choi,jax,ammd_s2_jax_ae5_ab5_Alr0p002__f57ca343,1e34514ddf70bfc8a78757d9a78b82306627164c,77632f62205b32266edb06cf137e9830ea5b4236,ablation/td3_amo/antmaze-medium-diverse-v2/2e-3/seed_2/ammd_s2_jax_ae5_ab5_Alr0p002__f57ca343,/home/choi/AMO_store/td3_amo_jax_antmaze_tinit25_tlr/runs/td3amo_jax_te25_tb25_tlr2e-3_ammd_s2,eval.jsonl,1,normalized_score,2026-09-15T09:18:30.888500+00:00
td3_amo,5,0.002,antmaze-medium-diverse-v2,3,22.0,1000000,True,50,True,1,choi,jax,ammd_s3_jax_ae5_ab5_Alr0p002__935008c2,1e34514ddf70bfc8a78757d9a78b82306627164c,77632f62205b32266edb06cf137e9830ea5b4236,ablation/td3_amo/antmaze-medium-diverse-v2/2e-3/seed_3/ammd_s3_jax_ae5_ab5_Alr0p002__935008c2,/home/choi/AMO_store/td3_amo_jax_antmaze_tinit25_tlr/runs/td3amo_jax_te25_tb25_tlr2e-3_ammd_s3,eval.jsonl,1,normalized_score,2026-09-15T09:18:36.234013+00:00
td3_amo,5,0.001,antmaze-medium-diverse-v2,0,72.0,1000000,True,50,True,1,choi,jax,ammd_s0_jax_ae5_ab5_Alr0p001__0c72108a,1e34514ddf70bfc8a78757d9a78b82306627164c,77632f62205b32266edb06cf137e9830ea5b4236,ablation/td3_amo/antmaze-medium-diverse-v2/1e-3/seed_0/ammd_s0_jax_ae5_ab5_Alr0p001__0c72108a,/home/choi/AMO_store/td3_amo_jax_antmaze_tinit25_tlr/runs/td3amo_jax_te25_tb25_tlr1e-3_ammd_s0,eval.jsonl,1,normalized_score,2026-09-15T09:17:43.897358+00:00
td3_amo,5,0.001,antmaze-medium-diverse-v2,1,82.0,1000000,True,50,True,1,choi,jax,ammd_s1_jax_ae5_ab5_Alr0p001__7470a205,1e34514ddf70bfc8a78757d9a78b82306627164c,77632f62205b32266edb06cf137e9830ea5b4236,ablation/td3_amo/antmaze-medium-diverse-v2/1e-3/seed_1/ammd_s1_jax_ae5_ab5_Alr0p001__7470a205,/home/choi/AMO_store/td3_amo_jax_antmaze_tinit25_tlr/runs/td3amo_jax_te25_tb25_tlr1e-3_ammd_s1,eval.jsonl,1,normalized_score,2026-09-15T09:17:42.362625+00:00
td3_amo,5,0.001,antmaze-medium-diverse-v2,2,24.0,1000000,True,50,True,1,choi,jax,ammd_s2_jax_ae5_ab5_Alr0p001__adddad69,1e34514ddf70bfc8a78757d9a78b82306627164c,77632f62205b32266edb06cf137e9830ea5b4236,ablation/td3_amo/antmaze-medium-diverse-v2/1e-3/seed_2/ammd_s2_jax_ae5_ab5_Alr0p001__adddad69,/home/choi/AMO_store/td3_amo_jax_antmaze_tinit25_tlr/runs/td3amo_jax_te25_tb25_tlr1e-3_ammd_s2,eval.jsonl,1,normalized_score,2026-09-15T09:17:58.581643+00:00
td3_amo,5,0.001,antmaze-medium-diverse-v2,3,16.0,1000000,True,50,True,1,choi,jax,ammd_s3_jax_ae5_ab5_Alr0p001__78052ea3,1e34514ddf70bfc8a78757d9a78b82306627164c,77632f62205b32266edb06cf137e9830ea5b4236,ablation/td3_amo/antmaze-medium-diverse-v2/1e-3/seed_3/ammd_s3_jax_ae5_ab5_Alr0p001__78052ea3,/home/choi/AMO_store/td3_amo_jax_antmaze_tinit25_tlr/runs/td3amo_jax_te25_tb25_tlr1e-3_ammd_s3,eval.jsonl,1,normalized_score,2026-09-15T09:18:00.747044+00:00
td3_amo,5,0.0003,antmaze-medium-diverse-v2,0,82.0,1000000,True,50,True,1,choi,jax,ammd_s0_jax_ae5_ab5_Alr0p0003__0b37ca98,1e34514ddf70bfc8a78757d9a78b82306627164c,77632f62205b32266edb06cf137e9830ea5b4236,ablation/td3_amo/antmaze-medium-diverse-v2/3e-4/seed_0/ammd_s0_jax_ae5_ab5_Alr0p0003__0b37ca98,/home/choi/AMO_store/td3_amo_jax_antmaze_tinit25_tlr/runs/td3amo_jax_te25_tb25_tlr3e-4_ammd_s0,eval.jsonl,1,normalized_score,2026-09-15T09:18:49.101206+00:00
td3_amo,5,0.0003,antmaze-medium-diverse-v2,1,24.0,1000000,True,50,True,1,choi,jax,ammd_s1_jax_ae5_ab5_Alr0p0003__218a3ca7,1e34514ddf70bfc8a78757d9a78b82306627164c,77632f62205b32266edb06cf137e9830ea5b4236,ablation/td3_amo/antmaze-medium-diverse-v2/3e-4/seed_1/ammd_s1_jax_ae5_ab5_Alr0p0003__218a3ca7,/home/choi/AMO_store/td3_amo_jax_antmaze_tinit25_tlr/runs/td3amo_jax_te25_tb25_tlr3e-4_ammd_s1,eval.jsonl,1,normalized_score,2026-09-15T09:19:07.022280+00:00
td3_amo,5,0.0003,antmaze-medium-diverse-v2,2,52.0,1000000,True,50,True,1,choi,jax,ammd_s2_jax_ae5_ab5_Alr0p0003__318563b2,1e34514ddf70bfc8a78757d9a78b82306627164c,77632f62205b32266edb06cf137e9830ea5b4236,ablation/td3_amo/antmaze-medium-diverse-v2/3e-4/seed_2/ammd_s2_jax_ae5_ab5_Alr0p0003__318563b2,/home/choi/AMO_store/td3_amo_jax_antmaze_tinit25_tlr/runs/td3amo_jax_te25_tb25_tlr3e-4_ammd_s2,eval.jsonl,1,normalized_score,2026-09-15T09:19:00.644903+00:00
td3_amo,5,0.0003,antmaze-medium-diverse-v2,3,68.0,1000000,True,50,True,1,choi,jax,ammd_s3_jax_ae5_ab5_Alr0p0003__4aa733f1,1e34514ddf70bfc8a78757d9a78b82306627164c,77632f62205b32266edb06cf137e9830ea5b4236,ablation/td3_amo/antmaze-medium-diverse-v2/3e-4/seed_3/ammd_s3_jax_ae5_ab5_Alr0p0003__4aa733f1,/home/choi/AMO_store/td3_amo_jax_antmaze_tinit25_tlr/runs/td3amo_jax_te25_tb25_tlr3e-4_ammd_s3,eval.jsonl,1,normalized_score,2026-09-15T09:19:00.944382+00:00
td3_amo,5,0.002,antmaze-large-play-v2,0,30.0,1000000,True,50,True,1,choi,jax,amlp_s0_jax_ae5_ab5_Alr0p002__b40f27f9,1e34514ddf70bfc8a78757d9a78b82306627164c,77632f62205b32266edb06cf137e9830ea5b4236,ablation/td3_amo/antmaze-large-play-v2/2e-3/seed_0/amlp_s0_jax_ae5_ab5_Alr0p002__b40f27f9,/home/choi/AMO_store/td3_amo_jax_antmaze_tinit25_tlr/runs/td3amo_jax_te25_tb25_tlr2e-3_amlp_s0,eval.jsonl,1,normalized_score,2026-09-15T09:34:56.444512+00:00
td3_amo,5,0.002,antmaze-large-play-v2,1,40.0,1000000,True,50,True,1,choi,jax,amlp_s1_jax_ae5_ab5_Alr0p002__14c7a25a,1e34514ddf70bfc8a78757d9a78b82306627164c,77632f62205b32266edb06cf137e9830ea5b4236,ablation/td3_amo/antmaze-large-play-v2/2e-3/seed_1/amlp_s1_jax_ae5_ab5_Alr0p002__14c7a25a,/home/choi/AMO_store/td3_amo_jax_antmaze_tinit25_tlr/runs/td3amo_jax_te25_tb25_tlr2e-3_amlp_s1,eval.jsonl,1,normalized_score,2026-09-15T10:58:12.293041+00:00
td3_amo,5,0.002,antmaze-large-play-v2,2,54.0,1000000,True,50,True,1,choi,jax,amlp_s2_jax_ae5_ab5_Alr0p002__5dd4e698,1e34514ddf70bfc8a78757d9a78b82306627164c,77632f62205b32266edb06cf137e9830ea5b4236,ablation/td3_amo/antmaze-large-play-v2/2e-3/seed_2/amlp_s2_jax_ae5_ab5_Alr0p002__5dd4e698,/home/choi/AMO_store/td3_amo_jax_antmaze_tinit25_tlr/runs/td3amo_jax_te25_tb25_tlr2e-3_amlp_s2,eval.jsonl,1,normalized_score,2026-09-15T10:58:34.830487+00:00
td3_amo,5,0.002,antmaze-large-play-v2,3,26.0,1000000,True,50,True,1,choi,jax,amlp_s3_jax_ae5_ab5_Alr0p002__67ea4b6e,1e34514ddf70bfc8a78757d9a78b82306627164c,77632f62205b32266edb06cf137e9830ea5b4236,ablation/td3_amo/antmaze-large-play-v2/2e-3/seed_3/amlp_s3_jax_ae5_ab5_Alr0p002__67ea4b6e,/home/choi/AMO_store/td3_amo_jax_antmaze_tinit25_tlr/runs/td3amo_jax_te25_tb25_tlr2e-3_amlp_s3,eval.jsonl,1,normalized_score,2026-09-15T10:59:01.199948+00:00
td3_amo,5,0.001,antmaze-large-play-v2,0,30.0,1000000,True,50,True,1,choi,jax,amlp_s0_jax_ae5_ab5_Alr0p001__f6583ba6,1e34514ddf70bfc8a78757d9a78b82306627164c,77632f62205b32266edb06cf137e9830ea5b4236,ablation/td3_amo/antmaze-large-play-v2/1e-3/seed_0/amlp_s0_jax_ae5_ab5_Alr0p001__f6583ba6,/home/choi/AMO_store/td3_amo_jax_antmaze_tinit25_tlr/runs/td3amo_jax_te25_tb25_tlr1e-3_amlp_s0,eval.jsonl,1,normalized_score,2026-09-15T09:18:05.895541+00:00
td3_amo,5,0.001,antmaze-large-play-v2,1,48.0,1000000,True,50,True,1,choi,jax,amlp_s1_jax_ae5_ab5_Alr0p001__a6dedf44,1e34514ddf70bfc8a78757d9a78b82306627164c,77632f62205b32266edb06cf137e9830ea5b4236,ablation/td3_amo/antmaze-large-play-v2/1e-3/seed_1/amlp_s1_jax_ae5_ab5_Alr0p001__a6dedf44,/home/choi/AMO_store/td3_amo_jax_antmaze_tinit25_tlr/runs/td3amo_jax_te25_tb25_tlr1e-3_amlp_s1,eval.jsonl,1,normalized_score,2026-09-15T09:18:02.096320+00:00
td3_amo,5,0.001,antmaze-large-play-v2,2,26.0,1000000,True,50,True,1,choi,jax,amlp_s2_jax_ae5_ab5_Alr0p001__35449d5e,1e34514ddf70bfc8a78757d9a78b82306627164c,77632f62205b32266edb06cf137e9830ea5b4236,ablation/td3_amo/antmaze-large-play-v2/1e-3/seed_2/amlp_s2_jax_ae5_ab5_Alr0p001__35449d5e,/home/choi/AMO_store/td3_amo_jax_antmaze_tinit25_tlr/runs/td3amo_jax_te25_tb25_tlr1e-3_amlp_s2,eval.jsonl,1,normalized_score,2026-09-15T09:34:06.186947+00:00
td3_amo,5,0.001,antmaze-large-play-v2,3,40.0,1000000,True,50,True,1,choi,jax,amlp_s3_jax_ae5_ab5_Alr0p001__b0f06f10,1e34514ddf70bfc8a78757d9a78b82306627164c,77632f62205b32266edb06cf137e9830ea5b4236,ablation/td3_amo/antmaze-large-play-v2/1e-3/seed_3/amlp_s3_jax_ae5_ab5_Alr0p001__b0f06f10,/home/choi/AMO_store/td3_amo_jax_antmaze_tinit25_tlr/runs/td3amo_jax_te25_tb25_tlr1e-3_amlp_s3,eval.jsonl,1,normalized_score,2026-09-15T09:34:30.829593+00:00
td3_amo,5,0.0003,antmaze-large-play-v2,0,22.0,1000000,True,50,True,1,choi,jax,amlp_s0_jax_ae5_ab5_Alr0p0003__2f91db07,1e34514ddf70bfc8a78757d9a78b82306627164c,77632f62205b32266edb06cf137e9830ea5b4236,ablation/td3_amo/antmaze-large-play-v2/3e-4/seed_0/amlp_s0_jax_ae5_ab5_Alr0p0003__2f91db07,/home/choi/AMO_store/td3_amo_jax_antmaze_tinit25_tlr/runs/td3amo_jax_te25_tb25_tlr3e-4_amlp_s0,eval.jsonl,1,normalized_score,2026-09-15T09:18:59.030951+00:00
td3_amo,5,0.0003,antmaze-large-play-v2,1,42.0,1000000,True,50,True,1,choi,jax,amlp_s1_jax_ae5_ab5_Alr0p0003__ec8c6d04,1e34514ddf70bfc8a78757d9a78b82306627164c,77632f62205b32266edb06cf137e9830ea5b4236,ablation/td3_amo/antmaze-large-play-v2/3e-4/seed_1/amlp_s1_jax_ae5_ab5_Alr0p0003__ec8c6d04,/home/choi/AMO_store/td3_amo_jax_antmaze_tinit25_tlr/runs/td3amo_jax_te25_tb25_tlr3e-4_amlp_s1,eval.jsonl,1,normalized_score,2026-09-15T09:19:04.114435+00:00
td3_amo,5,0.0003,antmaze-large-play-v2,2,34.0,1000000,True,50,True,1,choi,jax,amlp_s2_jax_ae5_ab5_Alr0p0003__11589d7a,1e34514ddf70bfc8a78757d9a78b82306627164c,77632f62205b32266edb06cf137e9830ea5b4236,ablation/td3_amo/antmaze-large-play-v2/3e-4/seed_2/amlp_s2_jax_ae5_ab5_Alr0p0003__11589d7a,/home/choi/AMO_store/td3_amo_jax_antmaze_tinit25_tlr/runs/td3amo_jax_te25_tb25_tlr3e-4_amlp_s2,eval.jsonl,1,normalized_score,2026-09-15T09:19:06.578287+00:00
td3_amo,5,0.0003,antmaze-large-play-v2,3,44.0,1000000,True,50,True,1,choi,jax,amlp_s3_jax_ae5_ab5_Alr0p0003__d393cd07,1e34514ddf70bfc8a78757d9a78b82306627164c,77632f62205b32266edb06cf137e9830ea5b4236,ablation/td3_amo/antmaze-large-play-v2/3e-4/seed_3/amlp_s3_jax_ae5_ab5_Alr0p0003__d393cd07,/home/choi/AMO_store/td3_amo_jax_antmaze_tinit25_tlr/runs/td3amo_jax_te25_tb25_tlr3e-4_amlp_s3,eval.jsonl,1,normalized_score,2026-09-15T09:19:06.637386+00:00
td3_amo,5,0.002,antmaze-large-diverse-v2,0,28.000000000000004,1000000,True,50,True,1,choi,jax,amld_s0_jax_ae5_ab5_Alr0p002__92244a42,1e34514ddf70bfc8a78757d9a78b82306627164c,77632f62205b32266edb06cf137e9830ea5b4236,ablation/td3_amo/antmaze-large-diverse-v2/2e-3/seed_0/amld_s0_jax_ae5_ab5_Alr0p002__92244a42,/home/choi/AMO_store/td3_amo_jax_antmaze_tinit25_tlr/runs/td3amo_jax_te25_tb25_tlr2e-3_amld_s0,eval.jsonl,1,normalized_score,2026-09-15T10:57:47.669344+00:00
td3_amo,5,0.002,antmaze-large-diverse-v2,1,10.0,1000000,True,50,True,1,choi,jax,amld_s1_jax_ae5_ab5_Alr0p002__316f6059,1e34514ddf70bfc8a78757d9a78b82306627164c,77632f62205b32266edb06cf137e9830ea5b4236,ablation/td3_amo/antmaze-large-diverse-v2/2e-3/seed_1/amld_s1_jax_ae5_ab5_Alr0p002__316f6059,/home/choi/AMO_store/td3_amo_jax_antmaze_tinit25_tlr/runs/td3amo_jax_te25_tb25_tlr2e-3_amld_s1,eval.jsonl,1,normalized_score,2026-09-15T11:16:28.886017+00:00
td3_amo,5,0.002,antmaze-large-diverse-v2,2,50.0,1000000,True,50,True,1,choi,jax,amld_s2_jax_ae5_ab5_Alr0p002__d6ab44e5,1e34514ddf70bfc8a78757d9a78b82306627164c,77632f62205b32266edb06cf137e9830ea5b4236,ablation/td3_amo/antmaze-large-diverse-v2/2e-3/seed_2/amld_s2_jax_ae5_ab5_Alr0p002__d6ab44e5,/home/choi/AMO_store/td3_amo_jax_antmaze_tinit25_tlr/runs/td3amo_jax_te25_tb25_tlr2e-3_amld_s2,eval.jsonl,1,normalized_score,2026-09-15T11:16:23.435713+00:00
td3_amo,5,0.002,antmaze-large-diverse-v2,3,30.0,1000000,True,50,True,1,choi,jax,amld_s3_jax_ae5_ab5_Alr0p002__3da2dee4,1e34514ddf70bfc8a78757d9a78b82306627164c,77632f62205b32266edb06cf137e9830ea5b4236,ablation/td3_amo/antmaze-large-diverse-v2/2e-3/seed_3/amld_s3_jax_ae5_ab5_Alr0p002__3da2dee4,/home/choi/AMO_store/td3_amo_jax_antmaze_tinit25_tlr/runs/td3amo_jax_te25_tb25_tlr2e-3_amld_s3,eval.jsonl,1,normalized_score,2026-09-15T11:16:25.666412+00:00
td3_amo,5,0.001,antmaze-large-diverse-v2,0,42.0,1000000,True,50,True,1,choi,jax,amld_s0_jax_ae5_ab5_Alr0p001__006267f0,1e34514ddf70bfc8a78757d9a78b82306627164c,77632f62205b32266edb06cf137e9830ea5b4236,ablation/td3_amo/antmaze-large-diverse-v2/1e-3/seed_0/amld_s0_jax_ae5_ab5_Alr0p001__006267f0,/home/choi/AMO_store/td3_amo_jax_antmaze_tinit25_tlr/runs/td3amo_jax_te25_tb25_tlr1e-3_amld_s0,eval.jsonl,1,normalized_score,2026-09-15T10:56:03.106769+00:00
td3_amo,5,0.001,antmaze-large-diverse-v2,1,36.0,1000000,True,50,True,1,choi,jax,amld_s1_jax_ae5_ab5_Alr0p001__09025c43,1e34514ddf70bfc8a78757d9a78b82306627164c,77632f62205b32266edb06cf137e9830ea5b4236,ablation/td3_amo/antmaze-large-diverse-v2/1e-3/seed_1/amld_s1_jax_ae5_ab5_Alr0p001__09025c43,/home/choi/AMO_store/td3_amo_jax_antmaze_tinit25_tlr/runs/td3amo_jax_te25_tb25_tlr1e-3_amld_s1,eval.jsonl,1,normalized_score,2026-09-15T10:56:27.890435+00:00
td3_amo,5,0.001,antmaze-large-diverse-v2,2,44.0,1000000,True,50,True,1,choi,jax,amld_s2_jax_ae5_ab5_Alr0p001__5a6be9da,1e34514ddf70bfc8a78757d9a78b82306627164c,77632f62205b32266edb06cf137e9830ea5b4236,ablation/td3_amo/antmaze-large-diverse-v2/1e-3/seed_2/amld_s2_jax_ae5_ab5_Alr0p001__5a6be9da,/home/choi/AMO_store/td3_amo_jax_antmaze_tinit25_tlr/runs/td3amo_jax_te25_tb25_tlr1e-3_amld_s2,eval.jsonl,1,normalized_score,2026-09-15T10:56:52.697366+00:00
td3_amo,5,0.001,antmaze-large-diverse-v2,3,8.0,1000000,True,50,True,1,choi,jax,amld_s3_jax_ae5_ab5_Alr0p001__36757f6b,1e34514ddf70bfc8a78757d9a78b82306627164c,77632f62205b32266edb06cf137e9830ea5b4236,ablation/td3_amo/antmaze-large-diverse-v2/1e-3/seed_3/amld_s3_jax_ae5_ab5_Alr0p001__36757f6b,/home/choi/AMO_store/td3_amo_jax_antmaze_tinit25_tlr/runs/td3amo_jax_te25_tb25_tlr1e-3_amld_s3,eval.jsonl,1,normalized_score,2026-09-15T10:57:21.599365+00:00
td3_amo,5,0.0003,antmaze-large-diverse-v2,0,44.0,1000000,True,50,True,1,choi,jax,amld_s0_jax_ae5_ab5_Alr0p0003__c0f25e9e,1e34514ddf70bfc8a78757d9a78b82306627164c,77632f62205b32266edb06cf137e9830ea5b4236,ablation/td3_amo/antmaze-large-diverse-v2/3e-4/seed_0/amld_s0_jax_ae5_ab5_Alr0p0003__c0f25e9e,/home/choi/AMO_store/td3_amo_jax_antmaze_tinit25_tlr/runs/td3amo_jax_te25_tb25_tlr3e-4_amld_s0,eval.jsonl,1,normalized_score,2026-09-15T10:59:26.581990+00:00
td3_amo,5,0.0003,antmaze-large-diverse-v2,1,24.0,1000000,True,50,True,1,choi,jax,amld_s1_jax_ae5_ab5_Alr0p0003__bd958e87,1e34514ddf70bfc8a78757d9a78b82306627164c,77632f62205b32266edb06cf137e9830ea5b4236,ablation/td3_amo/antmaze-large-diverse-v2/3e-4/seed_1/amld_s1_jax_ae5_ab5_Alr0p0003__bd958e87,/home/choi/AMO_store/td3_amo_jax_antmaze_tinit25_tlr/runs/td3amo_jax_te25_tb25_tlr3e-4_amld_s1,eval.jsonl,1,normalized_score,2026-09-15T10:59:53.304029+00:00
td3_amo,5,0.0003,antmaze-large-diverse-v2,2,28.000000000000004,1000000,True,50,True,1,choi,jax,amld_s2_jax_ae5_ab5_Alr0p0003__1d24581d,1e34514ddf70bfc8a78757d9a78b82306627164c,77632f62205b32266edb06cf137e9830ea5b4236,ablation/td3_amo/antmaze-large-diverse-v2/3e-4/seed_2/amld_s2_jax_ae5_ab5_Alr0p0003__1d24581d,/home/choi/AMO_store/td3_amo_jax_antmaze_tinit25_tlr/runs/td3amo_jax_te25_tb25_tlr3e-4_amld_s2,eval.jsonl,1,normalized_score,2026-09-15T11:00:20.900836+00:00
td3_amo,5,0.0003,antmaze-large-diverse-v2,3,34.0,1000000,True,50,True,1,choi,jax,amld_s3_jax_ae5_ab5_Alr0p0003__741c50e7,1e34514ddf70bfc8a78757d9a78b82306627164c,77632f62205b32266edb06cf137e9830ea5b4236,ablation/td3_amo/antmaze-large-diverse-v2/3e-4/seed_3/amld_s3_jax_ae5_ab5_Alr0p0003__741c50e7,/home/choi/AMO_store/td3_amo_jax_antmaze_tinit25_tlr/runs/td3amo_jax_te25_tb25_tlr3e-4_amld_s3,eval.jsonl,1,normalized_score,2026-09-15T11:00:47.324481+00:00
